#usda 1.0
(
    defaultPrim = "root"
    doc = "Blender v4.2.10 LTS"
    metersPerUnit = 1
    upAxis = "Z"
)

def Xform "root" (
    customData = {
        dictionary Blender = {
            bool generated = 1
        }
    }
)
{
    def Xform "weed_plant_02_c_LOD0"
    {
        custom string userProperties:blender:object_name = "weed_plant_02_c_LOD0"

        def Mesh "Plane_033" (
            active = true
            prepend apiSchemas = ["MaterialBindingAPI"]
        )
        {
            int[] creaseIndices = [5, 79, 79, 0, 6, 80, 80, 5, 15, 81, 81, 6, 9, 87, 87, 7, 11, 90, 90, 9, 13, 93, 93, 11, 7, 95, 95, 15, 0, 142, 142, 40, 266, 334, 334, 261, 267, 335, 335, 266, 276, 336, 336, 267, 270, 342, 342, 268, 272, 345, 345, 270, 274, 348, 348, 272, 268, 350, 350, 276, 261, 397, 397, 301, 504, 544, 544, 506, 504, 545, 545, 508, 527, 582, 582, 528, 583, 527, 605, 606, 606, 583, 612, 605, 613, 612, 506, 616, 616, 613, 684, 745, 745, 686, 708, 771, 771, 707, 709, 772, 772, 708, 726, 802, 802, 709, 699, 804, 804, 726, 696, 825, 825, 699, 693, 826, 826, 696, 686, 828, 828, 693, 891, 934, 934, 892, 903, 948, 948, 902, 902, 949, 949, 904, 915, 986, 986, 904, 892, 988, 988, 903]
            int[] creaseLengths = [2, 2, 2, 2, 2, 2, 2, 2, 2, 2, 2, 2, 2, 2, 2, 2, 2, 2, 2, 2, 2, 2, 2, 2, 2, 2, 2, 2, 2, 2, 2, 2, 2, 2, 2, 2, 2, 2, 2, 2, 2, 2, 2, 2, 2, 2, 2, 2, 2, 2, 2, 2, 2, 2, 2, 2, 2, 2, 2, 2, 2, 2, 2, 2, 2, 2, 2, 2, 2, 2, 2]
            float[] creaseSharpnesses = [10, 10, 10, 10, 10, 10, 10, 10, 10, 10, 10, 10, 10, 10, 10, 10, 10, 10, 10, 10, 10, 10, 10, 10, 10, 10, 10, 10, 10, 10, 10, 10, 10, 10, 10, 10, 10, 10, 10, 10, 10, 10, 10, 10, 10, 10, 10, 10, 10, 10, 10, 10, 10, 10, 10, 10, 10, 10, 10, 10, 10, 10, 10, 10, 10, 10, 10, 10, 10, 10, 10]
            uniform bool doubleSided = 1
            float3[] extent = [(-0.06205625, -0.07560799, -0.0015672353), (0.080320075, 0.06784348, 0.05335656)]
            int[] faceVertexCounts = [4, 4, 4, 4, 4, 4, 4, 4, 4, 4, 4, 4, 4, 4, 4, 4, 4, 4, 4, 4, 4, 4, 4, 4, 4, 4, 4, 4, 4, 4, 4, 4, 4, 4, 4, 4, 4, 4, 4, 4, 4, 4, 4, 4, 4, 4, 4, 4, 4, 4, 4, 4, 4, 4, 4, 4, 4, 4, 4, 4, 4, 4, 4, 4, 4, 4, 4, 4, 4, 4, 4, 4, 4, 4, 4, 4, 4, 4, 4, 4, 4, 4, 4, 4, 4, 4, 4, 4, 4, 4, 4, 4, 4, 4, 4, 4, 4, 4, 4, 4, 4, 4, 4, 4, 4, 4, 4, 4, 4, 4, 4, 4, 4, 4, 4, 4, 4, 4, 4, 4, 4, 4, 4, 4, 4, 4, 4, 4, 4, 4, 4, 4, 4, 4, 4, 4, 4, 4, 4, 4, 4, 4, 4, 4, 4, 4, 4, 4, 4, 4, 4, 4, 4, 4, 4, 4, 4, 4, 4, 4, 4, 4, 4, 4, 4, 4, 4, 4, 4, 4, 4, 4, 4, 4, 4, 4, 4, 4, 4, 4, 4, 4, 4, 4, 4, 4, 4, 4, 4, 4, 4, 4, 4, 4, 4, 4, 4, 4, 4, 4, 4, 4, 4, 4, 4, 4, 4, 4, 4, 4, 4, 4, 4, 4, 4, 4, 4, 4, 4, 4, 4, 4, 4, 4, 4, 4, 4, 4, 4, 4, 4, 4, 4, 4, 4, 4, 4, 4, 4, 4, 4, 4, 4, 4, 4, 4, 4, 4, 4, 4, 4, 4, 4, 4, 4, 4, 4, 4, 4, 4, 4, 4, 4, 4, 4, 4, 4, 4, 4, 4, 4, 4, 4, 4, 4, 4, 4, 4, 4, 4, 4, 4, 4, 4, 4, 4, 4, 4, 4, 4, 4, 4, 4, 4, 4, 4, 4, 4, 4, 4, 4, 4, 4, 4, 4, 4, 4, 4, 4, 4, 4, 4, 4, 4, 4, 4, 4, 4, 4, 4, 4, 4, 4, 4, 4, 4, 4, 4, 4, 4, 4, 4, 4, 4, 4, 4, 4, 4, 4, 4, 4, 4, 4, 4, 4, 4, 4, 4, 4, 4, 4, 4, 4, 4, 4, 4, 4, 4, 4, 4, 4, 4, 4, 4, 4, 4, 4, 4, 4, 4, 4, 4, 4, 4, 4, 4, 4, 4, 4, 4, 4, 4, 4, 4, 4, 4, 4, 4, 4, 4, 4, 4, 4, 4, 4, 4, 4, 4, 4, 4, 4, 4, 4, 4, 4, 4, 4, 4, 4, 4, 4, 4, 4, 4, 4, 4, 4, 4, 4, 4, 4, 4, 4, 4, 4, 4, 4, 4, 4, 4, 4, 4, 4, 4, 4, 4, 4, 4, 4, 4, 4, 4, 4, 4, 4, 4, 4, 4, 4, 4, 4, 4, 4, 4, 4, 4, 4, 4, 4, 4, 4, 4, 4, 4, 4, 4, 4, 4, 4, 4, 4, 4, 4, 4, 4, 4, 4, 4, 4, 4, 4, 4, 4, 4, 4, 4, 4, 4, 4, 4, 4, 4, 4, 4, 4, 4, 4, 4, 4, 4, 4, 4, 4, 4, 4, 4, 4, 4, 4, 4, 4, 4, 4, 4, 4, 4, 4, 4, 4, 4, 4, 4, 4, 4, 4, 4, 4, 4, 4, 4, 4, 4, 4, 4, 4, 4, 4, 4, 4, 4, 4, 4, 4, 4, 4, 4, 4, 4, 4, 4, 4, 4, 4, 4, 4, 4, 4, 4, 4, 4, 4, 4, 4, 4, 4, 4, 4, 4, 4, 4, 4, 4, 4, 4, 4, 4, 4, 4, 4, 4, 4, 4, 4, 4, 4, 4, 4, 4, 4, 4, 4, 4, 4, 4, 4, 4, 4, 4, 4, 4, 4, 4, 4, 4, 4, 4, 4, 4, 4, 4, 4, 4, 4, 4, 4, 4, 4, 4, 4, 4, 4, 4, 4, 4, 4, 4, 4, 4, 4, 4, 4, 4, 4, 4, 4, 4, 4, 4, 4, 4, 4, 4, 4, 4, 4, 4, 4, 4, 4, 4, 4, 4, 4, 4, 4, 4, 4, 4, 4, 4, 4, 4, 4, 4, 4, 4, 4, 4, 4, 4, 4, 4, 4, 4, 4, 4, 4, 4, 4, 4, 4, 4, 4, 4, 4, 4, 4, 4, 4, 4, 4, 4, 4, 4, 4, 4, 4, 4, 4, 4, 4, 4, 4, 4, 4, 4, 4, 4, 4, 4, 4, 4, 4, 4, 4, 4, 4, 4, 4, 4, 4, 4, 4, 4, 4, 4, 4, 4, 4, 4, 4, 4, 4, 4, 4, 4, 4, 4, 4, 4, 4, 4, 4, 4, 4, 4, 4, 4, 4, 4, 4, 4, 4, 4, 4, 4, 4, 4, 4, 4, 4, 4, 4, 4, 4, 4, 4, 4, 4, 4, 4, 4, 4, 4, 4, 4, 4, 4, 4, 4, 4, 4, 4, 4, 4, 4, 4, 4, 4, 4, 4, 4, 4, 4, 4, 4, 4, 4, 4, 4, 4, 4, 4, 4, 4, 4, 4, 4, 4, 4, 4, 4, 4, 4, 4, 4, 4, 4, 4, 4, 4, 4, 4, 4, 4, 4, 4, 4, 4, 4, 4, 4, 4, 4, 4, 4, 4, 4, 4, 4, 4, 4, 4, 4, 4, 4, 4, 4, 4, 4, 4, 4, 4, 4, 4, 4, 4, 4, 4, 4, 4, 4, 4, 4, 4, 4, 4, 4, 4, 4, 4, 4, 4, 4, 4, 4, 4, 4, 4, 4, 4, 4, 4]
            int[] faceVertexIndices = [25, 124, 205, 111, 124, 24, 78, 205, 205, 78, 3, 75, 111, 205, 75, 2, 26, 123, 206, 112, 123, 25, 111, 206, 206, 111, 2, 77, 112, 206, 77, 1, 31, 122, 207, 96, 122, 26, 112, 207, 207, 112, 1, 94, 96, 207, 94, 14, 27, 113, 208, 121, 113, 4, 86, 208, 208, 86, 8, 114, 121, 208, 114, 28, 28, 114, 209, 120, 114, 8, 89, 209, 209, 89, 10, 115, 120, 209, 115, 29, 29, 115, 210, 119, 115, 10, 92, 210, 210, 92, 12, 116, 119, 210, 116, 30, 27, 118, 211, 113, 118, 31, 96, 211, 211, 96, 14, 76, 113, 211, 76, 4, 33, 139, 212, 126, 139, 32, 104, 212, 212, 104, 22, 102, 126, 212, 102, 21, 35, 138, 213, 128, 138, 34, 106, 213, 213, 106, 18, 98, 128, 213, 98, 17, 37, 137, 214, 130, 137, 36, 108, 214, 214, 108, 20, 100, 130, 214, 100, 19, 34, 136, 215, 106, 136, 38, 110, 215, 215, 110, 23, 99, 106, 215, 99, 18, 36, 135, 216, 108, 135, 33, 126, 216, 216, 126, 21, 101, 108, 216, 101, 20, 39, 134, 217, 132, 134, 35, 128, 217, 217, 128, 17, 97, 132, 217, 97, 16, 38, 133, 218, 110, 133, 37, 130, 218, 218, 130, 19, 103, 110, 218, 103, 23, 7, 95, 219, 84, 95, 15, 117, 219, 219, 117, 31, 118, 84, 219, 118, 27, 11, 88, 220, 93, 88, 29, 119, 220, 220, 119, 30, 91, 93, 220, 91, 13, 9, 85, 221, 90, 85, 28, 120, 221, 221, 120, 29, 88, 90, 221, 88, 11, 7, 84, 222, 87, 84, 27, 121, 222, 222, 121, 28, 85, 87, 222, 85, 9, 15, 81, 223, 117, 81, 6, 83, 223, 223, 83, 26, 122, 117, 223, 122, 31, 6, 80, 224, 83, 80, 5, 82, 224, 224, 82, 25, 123, 83, 224, 123, 26, 5, 79, 225, 82, 79, 0, 202, 225, 225, 202, 24, 124, 82, 225, 124, 25, 15, 95, 226, 131, 95, 7, 109, 226, 226, 109, 37, 133, 131, 226, 133, 38, 0, 79, 227, 203, 79, 5, 107, 227, 227, 107, 35, 134, 203, 227, 134, 39, 9, 90, 228, 129, 90, 11, 105, 228, 228, 105, 33, 135, 129, 228, 135, 36, 6, 81, 229, 127, 81, 15, 131, 229, 229, 131, 38, 136, 127, 229, 136, 34, 7, 87, 230, 109, 87, 9, 129, 230, 230, 129, 36, 137, 109, 230, 137, 37, 5, 80, 231, 107, 80, 6, 127, 231, 231, 127, 34, 138, 107, 231, 138, 35, 11, 93, 232, 105, 93, 13, 125, 232, 232, 125, 32, 139, 105, 232, 139, 33, 0, 142, 233, 188, 40, 175, 233, 142, 61, 188, 233, 175, 0, 203, 234, 204, 203, 39, 144, 234, 234, 144, 42, 189, 204, 234, 189, 68, 243, 169, 149, 236, 183, 244, 235, 187, 235, 147, 43, 176, 187, 235, 176, 62, 197, 243, 236, 201, 236, 149, 45, 190, 201, 236, 190, 69, 64, 178, 237, 186, 178, 49, 152, 237, 237, 152, 46, 177, 186, 237, 177, 63, 71, 192, 238, 200, 192, 51, 153, 238, 238, 153, 48, 191, 200, 238, 191, 70, 43, 49, 178, 176, 190, 192, 71, 69, 62, 64, 156, 146, 176, 178, 64, 62, 63, 177, 239, 185, 177, 46, 159, 239, 239, 159, 52, 179, 185, 239, 179, 65, 70, 191, 240, 199, 191, 48, 161, 240, 240, 161, 54, 193, 199, 240, 193, 72, 65, 179, 241, 184, 179, 52, 164, 241, 241, 164, 55, 180, 184, 241, 180, 66, 72, 193, 242, 198, 193, 54, 166, 242, 242, 166, 57, 194, 198, 242, 194, 73, 74, 195, 243, 197, 195, 60, 169, 243, 67, 181, 244, 183, 181, 59, 167, 244, 61, 175, 245, 182, 175, 40, 171, 245, 245, 171, 59, 181, 182, 245, 181, 67, 68, 189, 246, 196, 189, 42, 172, 246, 246, 172, 60, 195, 196, 246, 195, 74, 41, 141, 247, 148, 141, 61, 182, 247, 247, 182, 67, 173, 148, 247, 173, 58, 58, 173, 248, 170, 173, 67, 183, 248, 248, 252, 168, 170, 244, 167, 147, 235, 53, 158, 249, 165, 158, 65, 184, 249, 249, 184, 66, 163, 165, 249, 163, 56, 47, 151, 250, 160, 151, 63, 185, 250, 250, 185, 65, 158, 160, 250, 158, 53, 69, 71, 155, 145, 146, 156, 50, 44, 50, 156, 251, 154, 156, 64, 186, 251, 251, 186, 63, 151, 154, 251, 151, 47, 252, 187, 62, 146, 168, 252, 146, 44, 24, 202, 253, 143, 202, 0, 188, 253, 253, 188, 61, 141, 143, 253, 141, 41, 40, 140, 254, 171, 140, 68, 196, 254, 254, 196, 74, 174, 171, 254, 174, 59, 59, 174, 255, 167, 174, 74, 197, 255, 255, 259, 147, 167, 183, 187, 252, 248, 52, 157, 256, 164, 157, 72, 198, 256, 256, 198, 73, 162, 164, 256, 162, 55, 46, 150, 257, 159, 150, 70, 199, 257, 257, 199, 72, 157, 159, 257, 157, 52, 145, 155, 49, 43, 49, 155, 258, 152, 155, 71, 200, 258, 258, 200, 70, 150, 152, 258, 150, 46, 259, 201, 69, 145, 147, 259, 145, 43, 0, 204, 260, 142, 68, 140, 260, 204, 40, 142, 260, 140, 197, 201, 259, 255, 45, 51, 192, 190, 286, 379, 449, 366, 379, 285, 333, 449, 449, 333, 264, 330, 366, 449, 330, 263, 287, 378, 450, 367, 378, 286, 366, 450, 450, 366, 263, 332, 367, 450, 332, 262, 292, 377, 451, 351, 377, 287, 367, 451, 451, 367, 262, 349, 351, 451, 349, 275, 288, 368, 452, 376, 368, 265, 341, 452, 452, 341, 269, 369, 376, 452, 369, 289, 289, 369, 453, 375, 369, 269, 344, 453, 453, 344, 271, 370, 375, 453, 370, 290, 290, 370, 454, 374, 370, 271, 347, 454, 454, 347, 273, 371, 374, 454, 371, 291, 288, 373, 455, 368, 373, 292, 351, 455, 455, 351, 275, 331, 368, 455, 331, 265, 294, 394, 456, 381, 394, 293, 359, 456, 456, 359, 283, 357, 381, 456, 357, 282, 296, 393, 457, 383, 393, 295, 361, 457, 457, 361, 279, 353, 383, 457, 353, 278, 298, 392, 458, 385, 392, 297, 363, 458, 458, 363, 281, 355, 385, 458, 355, 280, 295, 391, 459, 361, 391, 299, 365, 459, 459, 365, 284, 354, 361, 459, 354, 279, 297, 390, 460, 363, 390, 294, 381, 460, 460, 381, 282, 356, 363, 460, 356, 281, 300, 389, 461, 387, 389, 296, 383, 461, 461, 383, 278, 352, 387, 461, 352, 277, 299, 388, 462, 365, 388, 298, 385, 462, 462, 385, 280, 358, 365, 462, 358, 284, 268, 350, 463, 339, 350, 276, 372, 463, 463, 372, 292, 373, 339, 463, 373, 288, 272, 343, 464, 348, 343, 290, 374, 464, 464, 374, 291, 346, 348, 464, 346, 274, 270, 340, 465, 345, 340, 289, 375, 465, 465, 375, 290, 343, 345, 465, 343, 272, 268, 339, 466, 342, 339, 288, 376, 466, 466, 376, 289, 340, 342, 466, 340, 270, 276, 336, 467, 372, 336, 267, 338, 467, 467, 338, 287, 377, 372, 467, 377, 292, 267, 335, 468, 338, 335, 266, 337, 468, 468, 337, 286, 378, 338, 468, 378, 287, 266, 334, 469, 337, 334, 261, 446, 469, 469, 446, 285, 379, 337, 469, 379, 286, 276, 350, 470, 386, 350, 268, 364, 470, 470, 364, 298, 388, 386, 470, 388, 299, 261, 334, 471, 447, 334, 266, 362, 471, 471, 362, 296, 389, 447, 471, 389, 300, 270, 345, 472, 384, 345, 272, 360, 472, 472, 360, 294, 390, 384, 472, 390, 297, 267, 336, 473, 382, 336, 276, 386, 473, 473, 386, 299, 391, 382, 473, 391, 295, 268, 342, 474, 364, 342, 270, 384, 474, 474, 384, 297, 392, 364, 474, 392, 298, 266, 335, 475, 362, 335, 267, 382, 475, 475, 382, 295, 393, 362, 475, 393, 296, 272, 348, 476, 360, 348, 274, 380, 476, 476, 380, 293, 394, 360, 476, 394, 294, 261, 397, 477, 435, 301, 425, 477, 397, 318, 435, 477, 425, 261, 447, 478, 448, 447, 300, 399, 478, 478, 399, 303, 436, 448, 478, 436, 324, 322, 428, 479, 434, 428, 312, 402, 479, 479, 402, 304, 426, 434, 479, 426, 319, 328, 439, 480, 445, 439, 314, 404, 480, 480, 404, 306, 437, 445, 480, 437, 325, 321, 427, 481, 433, 427, 309, 407, 481, 481, 407, 307, 501, 433, 481, 501, 320, 327, 438, 482, 444, 438, 311, 409, 482, 482, 409, 502, 503, 444, 482, 503, 326, 325, 437, 483, 443, 437, 306, 412, 483, 483, 412, 311, 438, 443, 483, 438, 327, 319, 426, 484, 432, 426, 304, 410, 484, 484, 410, 309, 427, 432, 484, 427, 321, 329, 440, 485, 442, 440, 317, 417, 485, 485, 417, 314, 439, 442, 485, 439, 328, 323, 429, 486, 431, 429, 316, 415, 486, 486, 415, 312, 428, 431, 486, 428, 322, 318, 425, 487, 430, 425, 301, 421, 487, 487, 421, 316, 429, 430, 487, 429, 323, 324, 436, 488, 441, 436, 303, 422, 488, 488, 422, 317, 440, 441, 488, 440, 329, 302, 396, 489, 403, 396, 318, 430, 489, 489, 430, 323, 423, 403, 489, 423, 315, 315, 423, 490, 420, 423, 323, 431, 490, 490, 431, 322, 419, 420, 490, 419, 313, 305, 401, 491, 408, 401, 319, 432, 491, 491, 432, 321, 414, 408, 491, 414, 310, 310, 414, 492, 411, 414, 321, 433, 492, 492, 433, 320, 406, 411, 492, 406, 308, 313, 419, 493, 416, 419, 322, 434, 493, 493, 434, 319, 401, 416, 493, 401, 305, 285, 446, 494, 398, 446, 261, 435, 494, 494, 435, 318, 396, 398, 494, 396, 302, 301, 395, 495, 421, 395, 324, 441, 495, 495, 441, 329, 424, 421, 495, 424, 316, 316, 424, 496, 415, 424, 329, 442, 496, 496, 442, 328, 418, 415, 496, 418, 312, 304, 400, 497, 410, 400, 325, 443, 497, 497, 443, 327, 413, 410, 497, 413, 309, 309, 413, 498, 407, 413, 327, 444, 498, 498, 444, 326, 405, 407, 498, 405, 307, 312, 418, 499, 402, 418, 328, 445, 499, 499, 445, 325, 400, 402, 499, 400, 304, 261, 448, 500, 397, 324, 395, 500, 448, 301, 397, 500, 395, 504, 626, 636, 618, 626, 505, 564, 636, 636, 564, 509, 627, 618, 636, 627, 540, 504, 544, 637, 626, 544, 506, 598, 637, 637, 598, 533, 597, 626, 637, 597, 505, 506, 544, 638, 568, 544, 504, 634, 638, 638, 634, 507, 566, 568, 638, 566, 521, 504, 545, 639, 635, 508, 619, 639, 545, 536, 635, 639, 619, 540, 627, 640, 633, 627, 509, 562, 640, 640, 562, 513, 628, 633, 640, 628, 541, 536, 619, 641, 625, 619, 508, 548, 641, 641, 548, 511, 620, 625, 641, 620, 537, 541, 628, 642, 632, 628, 513, 561, 642, 642, 561, 519, 630, 632, 642, 630, 543, 537, 620, 643, 624, 620, 511, 549, 643, 643, 549, 512, 621, 624, 643, 621, 538, 538, 621, 644, 623, 621, 512, 558, 644, 644, 558, 517, 622, 623, 644, 622, 539, 543, 630, 645, 631, 630, 519, 559, 645, 645, 559, 518, 629, 631, 645, 629, 542, 521, 566, 646, 567, 566, 507, 565, 646, 646, 565, 520, 617, 567, 646, 617, 522, 571, 570, 650, 651, 569, 521, 567, 647, 647, 567, 522, 615, 570, 569, 647, 650, 650, 647, 615, 614, 616, 506, 568, 648, 648, 568, 521, 569, 613, 616, 648, 649, 652, 649, 570, 571, 670, 669, 594, 595, 651, 650, 614, 574, 612, 613, 649, 652, 653, 651, 574, 573, 655, 653, 573, 575, 654, 652, 571, 572, 572, 571, 651, 653, 580, 611, 655, 656, 611, 572, 653, 655, 667, 661, 585, 592, 606, 605, 654, 675, 656, 655, 575, 576, 664, 662, 589, 590, 525, 580, 656, 578, 578, 656, 576, 523, 526, 579, 657, 610, 579, 525, 578, 657, 657, 578, 523, 577, 610, 657, 577, 524, 528, 582, 658, 609, 582, 527, 581, 658, 658, 581, 525, 579, 609, 658, 579, 526, 527, 583, 659, 581, 659, 675, 611, 580, 581, 659, 580, 525, 527, 582, 660, 584, 582, 528, 608, 660, 660, 608, 530, 586, 584, 660, 586, 529, 583, 606, 675, 659, 583, 527, 584, 661, 661, 584, 529, 585, 606, 583, 661, 667, 593, 592, 664, 665, 585, 529, 587, 662, 662, 587, 531, 589, 592, 585, 662, 664, 529, 586, 663, 587, 586, 530, 607, 663, 663, 607, 532, 588, 587, 663, 588, 531, 665, 664, 590, 591, 605, 606, 667, 666, 668, 665, 591, 604, 675, 654, 572, 611, 669, 666, 593, 594, 666, 667, 592, 593, 612, 605, 666, 669, 594, 593, 665, 668, 596, 595, 671, 672, 595, 594, 668, 671, 671, 668, 604, 603, 613, 612, 669, 670, 673, 670, 595, 596, 672, 671, 603, 600, 616, 613, 670, 673, 533, 596, 672, 599, 599, 672, 600, 534, 506, 616, 673, 598, 598, 673, 596, 533, 505, 597, 674, 602, 597, 533, 599, 674, 674, 599, 534, 601, 602, 674, 601, 535, 515, 554, 676, 555, 554, 538, 623, 676, 676, 623, 539, 556, 555, 676, 556, 516, 514, 551, 677, 553, 551, 537, 624, 677, 677, 624, 538, 554, 553, 677, 554, 515, 510, 547, 678, 552, 547, 536, 625, 678, 678, 625, 537, 551, 552, 678, 551, 514, 507, 634, 679, 563, 634, 504, 635, 679, 679, 635, 536, 547, 563, 679, 547, 510, 512, 560, 680, 558, 560, 543, 631, 680, 680, 631, 542, 557, 558, 680, 557, 517, 511, 550, 681, 549, 550, 541, 632, 681, 681, 632, 543, 560, 549, 681, 560, 512, 508, 546, 682, 548, 546, 540, 633, 682, 682, 633, 541, 550, 548, 682, 550, 511, 504, 618, 683, 545, 540, 546, 683, 618, 508, 545, 683, 546, 605, 612, 652, 654, 649, 648, 569, 570, 684, 745, 847, 744, 745, 686, 794, 847, 847, 794, 723, 795, 744, 847, 795, 685, 686, 745, 848, 750, 745, 684, 746, 848, 848, 746, 687, 748, 750, 848, 748, 689, 689, 748, 849, 749, 748, 687, 747, 849, 849, 747, 688, 830, 749, 849, 830, 690, 691, 751, 850, 752, 751, 689, 749, 850, 850, 749, 690, 829, 752, 850, 829, 692, 693, 828, 851, 753, 828, 686, 750, 851, 851, 750, 689, 751, 753, 851, 751, 691, 694, 754, 852, 755, 754, 691, 752, 852, 852, 752, 692, 827, 755, 852, 827, 695, 696, 826, 853, 756, 826, 693, 753, 853, 853, 753, 691, 754, 756, 853, 754, 694, 697, 757, 854, 760, 757, 694, 755, 854, 854, 755, 695, 761, 760, 854, 761, 700, 699, 825, 855, 759, 825, 696, 756, 855, 855, 756, 694, 757, 759, 855, 757, 697, 726, 804, 856, 803, 804, 699, 759, 856, 856, 759, 697, 758, 803, 856, 758, 698, 698, 758, 857, 764, 758, 697, 760, 857, 857, 760, 700, 762, 764, 857, 762, 701, 703, 824, 858, 765, 824, 698, 764, 858, 858, 764, 701, 763, 765, 858, 763, 702, 706, 769, 859, 768, 769, 703, 765, 859, 859, 765, 702, 766, 768, 859, 766, 704, 706, 768, 860, 845, 768, 704, 767, 860, 860, 767, 705, 823, 845, 860, 823, 739, 708, 772, 861, 770, 772, 709, 822, 861, 861, 822, 703, 769, 770, 861, 769, 706, 709, 772, 862, 821, 772, 708, 773, 862, 862, 773, 710, 774, 821, 862, 774, 711, 711, 774, 863, 779, 774, 710, 775, 863, 863, 775, 712, 777, 779, 863, 777, 714, 716, 800, 864, 780, 800, 711, 779, 864, 864, 779, 714, 778, 780, 864, 778, 715, 719, 785, 865, 783, 785, 716, 780, 865, 865, 780, 715, 781, 783, 865, 781, 717, 720, 786, 866, 787, 786, 719, 783, 866, 866, 783, 717, 782, 787, 866, 782, 718, 696, 825, 867, 788, 825, 699, 784, 867, 867, 784, 719, 786, 788, 867, 786, 720, 699, 804, 868, 784, 804, 726, 801, 868, 868, 801, 716, 785, 784, 868, 785, 719, 721, 789, 869, 791, 789, 720, 787, 869, 869, 787, 718, 799, 791, 869, 799, 722, 693, 826, 870, 790, 826, 696, 788, 870, 870, 788, 720, 789, 790, 870, 789, 721, 686, 828, 871, 794, 828, 693, 790, 871, 871, 790, 721, 792, 794, 871, 792, 723, 723, 792, 872, 793, 792, 721, 791, 872, 872, 791, 722, 796, 793, 872, 796, 724, 685, 795, 873, 798, 795, 723, 793, 873, 873, 793, 724, 797, 798, 873, 797, 725, 726, 802, 874, 801, 802, 709, 821, 874, 874, 821, 711, 800, 801, 874, 800, 716, 709, 802, 875, 822, 802, 726, 803, 875, 875, 803, 698, 824, 822, 875, 824, 703, 740, 838, 876, 844, 838, 707, 809, 876, 876, 809, 729, 839, 844, 876, 839, 741, 741, 839, 877, 843, 839, 729, 810, 877, 877, 810, 730, 841, 843, 877, 841, 743, 736, 837, 878, 811, 837, 739, 823, 878, 878, 823, 705, 812, 811, 878, 812, 731, 737, 836, 879, 815, 836, 736, 811, 879, 879, 811, 731, 813, 815, 879, 813, 732, 738, 835, 880, 833, 835, 737, 815, 880, 880, 815, 732, 814, 833, 880, 814, 733, 743, 841, 881, 842, 841, 730, 817, 881, 881, 817, 734, 840, 842, 881, 840, 742, 734, 817, 882, 816, 817, 730, 832, 882, 882, 832, 737, 835, 816, 882, 835, 738, 730, 810, 883, 832, 810, 729, 831, 883, 883, 831, 736, 836, 832, 883, 836, 737, 729, 809, 884, 831, 809, 707, 834, 884, 884, 834, 739, 837, 831, 884, 837, 736, 728, 820, 885, 819, 820, 743, 842, 885, 885, 842, 742, 818, 819, 885, 818, 735, 727, 808, 886, 807, 808, 741, 843, 886, 886, 843, 743, 820, 807, 886, 820, 728, 713, 806, 887, 805, 806, 740, 844, 887, 887, 844, 741, 808, 805, 887, 808, 727, 707, 838, 888, 771, 838, 740, 846, 888, 888, 846, 710, 773, 771, 888, 773, 708, 712, 775, 889, 776, 775, 710, 846, 889, 889, 846, 740, 806, 776, 889, 806, 713, 707, 771, 890, 834, 771, 708, 770, 890, 890, 770, 706, 845, 834, 890, 845, 739, 892, 934, 1009, 938, 891, 936, 1009, 934, 894, 938, 1009, 936, 891, 934, 1010, 935, 934, 892, 963, 1010, 1010, 963, 913, 961, 935, 1010, 961, 893, 895, 937, 1011, 941, 937, 894, 939, 1011, 1011, 939, 896, 940, 941, 1011, 940, 897, 903, 988, 1012, 989, 988, 892, 938, 1012, 1012, 938, 894, 937, 989, 1012, 937, 895, 895, 941, 1013, 945, 941, 897, 942, 1013, 1013, 942, 898, 944, 945, 1013, 944, 900, 901, 946, 1014, 990, 946, 900, 944, 1014, 1014, 944, 898, 943, 990, 1014, 943, 899, 902, 948, 1015, 947, 948, 903, 989, 1015, 1015, 989, 895, 945, 947, 1015, 945, 900, 904, 949, 1016, 999, 949, 902, 947, 1016, 1016, 947, 900, 946, 999, 1016, 946, 901, 903, 948, 1017, 987, 948, 902, 950, 1017, 1017, 950, 905, 951, 987, 1017, 951, 906, 902, 949, 1018, 950, 949, 904, 1007, 1018, 1018, 1007, 907, 952, 950, 1018, 952, 905, 906, 951, 1019, 958, 951, 905, 953, 1019, 1019, 953, 908, 954, 958, 1019, 954, 909, 905, 952, 1020, 953, 952, 907, 956, 1020, 1020, 956, 910, 955, 953, 1020, 955, 908, 913, 962, 1021, 960, 962, 906, 958, 1021, 1021, 958, 909, 957, 960, 1021, 957, 911, 893, 961, 1022, 964, 961, 913, 960, 1022, 1022, 960, 911, 959, 964, 1022, 959, 912, 892, 988, 1023, 963, 988, 903, 987, 1023, 1023, 987, 906, 962, 963, 1023, 962, 913, 904, 986, 1024, 1008, 915, 992, 1024, 986, 926, 1008, 1024, 992, 926, 992, 1025, 998, 992, 915, 970, 1025, 1025, 970, 918, 993, 998, 1025, 993, 927, 927, 993, 1026, 997, 993, 918, 971, 1026, 1026, 971, 919, 995, 997, 1026, 995, 929, 931, 1001, 1027, 1006, 1001, 922, 974, 1027, 1027, 974, 920, 1000, 1006, 1027, 1000, 930, 930, 1000, 1028, 1005, 1000, 920, 973, 1028, 1028, 973, 921, 1002, 1005, 1028, 1002, 932, 904, 999, 1029, 991, 999, 901, 976, 1029, 1029, 976, 922, 1001, 991, 1029, 1001, 931, 932, 1002, 1030, 1004, 1002, 921, 978, 1030, 1030, 978, 923, 1003, 1004, 1030, 1003, 933, 933, 1003, 1041, 1042, 1003, 923, 1040, 1041, 929, 995, 1031, 996, 995, 919, 980, 1031, 1031, 980, 924, 994, 996, 1031, 994, 928, 928, 994, 1043, 1044, 994, 924, 981, 1043, 925, 982, 1045, 984, 982, 928, 1044, 1045, 917, 985, 1032, 983, 985, 929, 996, 1032, 1032, 996, 928, 982, 983, 1032, 982, 925, 916, 969, 1033, 968, 969, 927, 997, 1033, 1033, 997, 929, 985, 968, 1033, 985, 917, 914, 966, 1034, 967, 966, 926, 998, 1034, 1034, 998, 927, 969, 967, 1034, 969, 916, 907, 1007, 1035, 965, 1007, 904, 1008, 1035, 1035, 1008, 926, 966, 965, 1035, 966, 914, 924, 979, 1046, 981, 979, 933, 1042, 1046, 919, 977, 1036, 980, 977, 932, 1004, 1036, 1036, 1004, 933, 979, 980, 1036, 979, 924, 904, 991, 1037, 986, 931, 975, 1037, 991, 915, 986, 1037, 975, 918, 972, 1038, 971, 972, 930, 1005, 1038, 1038, 1005, 932, 977, 971, 1038, 977, 919, 915, 975, 1039, 970, 975, 931, 1006, 1039, 1039, 1006, 930, 972, 970, 1039, 972, 918]
            rel material:binding = </root/_materials/weed_plant_02>
            normal3f[] normals = [(-0.23339432, -0.12279122, 0.9645981), (-0.3078972, -0.06081563, 0.9494739), (-0.30982682, -0.037905645, 0.9500371), (-0.18590103, -0.043947138, 0.98158514), (-0.3078972, -0.06081563, 0.9494739), (-0.28087914, 0.09529199, 0.9550007), (-0.36046994, -0.042919658, 0.93178296), (-0.30982682, -0.037905645, 0.9500371), (-0.30982682, -0.037905645, 0.9500371), (-0.36046994, -0.042919658, 0.93178296), (-0.34068853, -0.022867935, 0.939898), (-0.25037116, 0.034709897, 0.9675275), (-0.18590103, -0.043947138, 0.98158514), (-0.30982682, -0.037905645, 0.9500371), (-0.25037116, 0.034709897, 0.9675275), (-0.11561935, -0.036788695, 0.9926121), (-0.058486387, -0.26634878, 0.9621006), (-0.15625623, -0.16624187, 0.973626), (-0.083694816, -0.16188516, 0.9832539), (-0.009286028, -0.33975026, 0.94046986), (-0.15625623, -0.16624187, 0.973626), (-0.23339432, -0.12279122, 0.9645981), (-0.18590103, -0.043947138, 0.98158514), (-0.083694816, -0.16188516, 0.9832539), (-0.083694816, -0.16188516, 0.9832539), (-0.18590103, -0.043947138, 0.98158514), (-0.11561935, -0.036788695, 0.9926121), (-0.0321124, -0.17586762, 0.9838899), (-0.009286028, -0.33975026, 0.94046986), (-0.083694816, -0.16188516, 0.9832539), (-0.0321124, -0.17586762, 0.9838899), (0.034568015, -0.36535802, 0.930225), (0.16954, -0.40588868, 0.89805937), (-0.0043935576, -0.3374062, 0.9413489), (-0.0064624595, -0.4651363, 0.88521546), (0.10021369, -0.51376283, 0.8520593), (-0.0043935576, -0.3374062, 0.9413489), (-0.058486387, -0.26634878, 0.9621006), (-0.009286028, -0.33975026, 0.94046986), (-0.0064624595, -0.4651363, 0.88521546), (-0.0064624595, -0.4651363, 0.88521546), (-0.009286028, -0.33975026, 0.94046986), (0.034568015, -0.36535802, 0.930225), (0.016805569, -0.5102732, 0.85984814), (0.10021369, -0.51376283, 0.8520593), (-0.0064624595, -0.4651363, 0.88521546), (0.016805569, -0.5102732, 0.85984814), (0.051062174, -0.5607827, 0.826387), (0.628372, -0.4578909, 0.62887573), (0.62248904, -0.4221628, 0.6590038), (0.72994936, -0.38856927, 0.5623058), (0.7298053, -0.4362473, 0.52637684), (0.62248904, -0.4221628, 0.6590038), (0.5905971, -0.44302118, 0.67448294), (0.72058684, -0.4015224, 0.56527376), (0.72994936, -0.38856927, 0.5623058), (0.72994936, -0.38856927, 0.5623058), (0.72058684, -0.4015224, 0.56527376), (0.7921299, -0.37283438, 0.48324388), (0.80057395, -0.36958084, 0.47168985), (0.7298053, -0.4362473, 0.52637684), (0.72994936, -0.38856927, 0.5623058), (0.80057395, -0.36958084, 0.47168985), (0.77857107, -0.44145268, 0.4460345), (0.77857107, -0.44145268, 0.4460345), (0.80057395, -0.36958084, 0.47168985), (0.8593671, -0.38800755, 0.33307397), (0.82143486, -0.4801164, 0.30778715), (0.80057395, -0.36958084, 0.47168985), (0.7921299, -0.37283438, 0.48324388), (0.86131465, -0.34954166, 0.36872438), (0.8593671, -0.38800755, 0.33307397), (0.8593671, -0.38800755, 0.33307397), (0.86131465, -0.34954166, 0.36872438), (0.8833751, -0.39122412, 0.2580548), (0.8611485, -0.45819584, 0.22018161), (0.82143486, -0.4801164, 0.30778715), (0.8593671, -0.38800755, 0.33307397), (0.8611485, -0.45819584, 0.22018161), (0.85310566, -0.482961, 0.197381), (0.85310566, -0.482961, 0.197381), (0.8611485, -0.45819584, 0.22018161), (0.8082929, -0.46602362, 0.35983938), (0.84919447, -0.39303192, 0.35269624), (0.8611485, -0.45819584, 0.22018161), (0.8833751, -0.39122412, 0.2580548), (0.8276101, -0.47535053, 0.29850203), (0.8082929, -0.46602362, 0.35983938), (0.8082929, -0.46602362, 0.35983938), (0.8276101, -0.47535053, 0.29850203), (0.7335277, -0.4393774, 0.5185409), (0.78918964, -0.36469895, 0.49414012), (0.84919447, -0.39303192, 0.35269624), (0.8082929, -0.46602362, 0.35983938), (0.78918964, -0.36469895, 0.49414012), (0.81398016, -0.2908505, 0.50283426), (0.628372, -0.4578909, 0.62887573), (0.4641876, -0.45905265, 0.7574962), (0.40379775, -0.49038437, 0.772315), (0.62248904, -0.4221628, 0.6590038), (0.4641876, -0.45905265, 0.7574962), (0.16954, -0.40588868, 0.89805937), (0.10021369, -0.51376283, 0.8520593), (0.40379775, -0.49038437, 0.772315), (0.40379775, -0.49038437, 0.772315), (0.10021369, -0.51376283, 0.8520593), (0.051062174, -0.5607827, 0.826387), (0.33080423, -0.52981186, 0.7809404), (0.62248904, -0.4221628, 0.6590038), (0.40379775, -0.49038437, 0.772315), (0.33080423, -0.52981186, 0.7809404), (0.5905971, -0.44302118, 0.67448294), (0.8363365, -0.53956985, -0.09698261), (0.8407379, -0.5413686, -0.00894353), (0.84754175, -0.5303575, -0.019846609), (0.84286314, -0.5241207, -0.12198042), (0.8407379, -0.5413686, -0.00894353), (0.79905444, -0.59247285, 0.102410346), (0.80781424, -0.5812792, 0.09772684), (0.84754175, -0.5303575, -0.019846609), (0.84754175, -0.5303575, -0.019846609), (0.80781424, -0.5812792, 0.09772684), (0.8107808, -0.5803969, 0.07598552), (0.84607893, -0.52493155, -0.09272173), (0.84286314, -0.5241207, -0.12198042), (0.84754175, -0.5303575, -0.019846609), (0.84607893, -0.52493155, -0.09272173), (0.81996804, -0.55390686, -0.14435916), (-0.46386006, -0.5226695, 0.7152975), (-0.37252817, -0.6303784, 0.68106234), (-0.31495667, -0.5288518, 0.7881105), (-0.50945026, -0.4024245, 0.7606017), (-0.37252817, -0.6303784, 0.68106234), (-0.2554591, -0.69311255, 0.67404425), (-0.17560199, -0.571318, 0.801723), (-0.31495667, -0.5288518, 0.7881105), (-0.31495667, -0.5288518, 0.7881105), (-0.17560199, -0.571318, 0.801723), (-0.12943582, -0.50171757, 0.85529286), (-0.24615695, -0.49423754, 0.83374816), (-0.50945026, -0.4024245, 0.7606017), (-0.31495667, -0.5288518, 0.7881105), (-0.24615695, -0.49423754, 0.83374816), (-0.42720392, -0.42923117, 0.7957747), (0.3761779, -0.8148802, 0.44097674), (0.44787395, -0.82730347, 0.33908394), (0.48417267, -0.7910616, 0.37389615), (0.38662562, -0.76836044, 0.5100421), (0.44787395, -0.82730347, 0.33908394), (0.58534086, -0.7918467, 0.17422624), (0.6432794, -0.744729, 0.17768094), (0.48417267, -0.7910616, 0.37389615), (0.48417267, -0.7910616, 0.37389615), (0.6432794, -0.744729, 0.17768094), (0.67667043, -0.7073234, 0.20447662), (0.5162942, -0.74439895, 0.42345065), (0.38662562, -0.76836044, 0.5100421), (0.48417267, -0.7910616, 0.37389615), (0.5162942, -0.74439895, 0.42345065), (0.4036842, -0.71469, 0.5711893), (-0.2554591, -0.69311255, 0.67404425), (-0.07180271, -0.7711552, 0.6325852), (-0.029552873, -0.6487322, 0.76044273), (-0.17560199, -0.571318, 0.801723), (-0.07180271, -0.7711552, 0.6325852), (0.08248891, -0.805183, 0.5872613), (0.16976845, -0.7262093, 0.6661822), (-0.029552873, -0.6487322, 0.76044273), (-0.029552873, -0.6487322, 0.76044273), (0.16976845, -0.7262093, 0.6661822), (0.22708647, -0.6543176, 0.72131836), (-0.005072285, -0.55814457, 0.82972825), (-0.17560199, -0.571318, 0.801723), (-0.029552873, -0.6487322, 0.76044273), (-0.005072285, -0.55814457, 0.82972825), (-0.12943582, -0.50171757, 0.85529286), (0.58534086, -0.7918467, 0.17422624), (0.7392286, -0.67345303, -0.00147015), (0.7702195, -0.63723785, -0.02626359), (0.6432794, -0.744729, 0.17768094), (0.7392286, -0.67345303, -0.00147015), (0.8363365, -0.53956985, -0.09698261), (0.84286314, -0.5241207, -0.12198042), (0.7702195, -0.63723785, -0.02626359), (0.7702195, -0.63723785, -0.02626359), (0.84286314, -0.5241207, -0.12198042), (0.81996804, -0.55390686, -0.14435916), (0.7697919, -0.6381969, -0.011193864), (0.6432794, -0.744729, 0.17768094), (0.7702195, -0.63723785, -0.02626359), (0.7697919, -0.6381969, -0.011193864), (0.67667043, -0.7073234, 0.20447662), (-0.703675, -0.3614197, 0.6117331), (-0.6012709, -0.3413815, 0.7224485), (-0.6324182, -0.20914008, 0.74586034), (-0.65609676, -0.14249878, 0.74110126), (-0.6012709, -0.3413815, 0.7224485), (-0.46386006, -0.5226695, 0.7152975), (-0.50945026, -0.4024245, 0.7606017), (-0.6324182, -0.20914008, 0.74586034), (-0.6324182, -0.20914008, 0.74586034), (-0.50945026, -0.4024245, 0.7606017), (-0.42720392, -0.42923117, 0.7957747), (-0.6332465, -0.23798573, 0.7364521), (-0.65609676, -0.14249878, 0.74110126), (-0.6324182, -0.20914008, 0.74586034), (-0.6332465, -0.23798573, 0.7364521), (-0.6769117, -0.11179198, 0.7275253), (0.08248891, -0.805183, 0.5872613), (0.2534077, -0.8093564, 0.5298366), (0.32723498, -0.7428401, 0.58404267), (0.16976845, -0.7262093, 0.6661822), (0.2534077, -0.8093564, 0.5298366), (0.3761779, -0.8148802, 0.44097674), (0.38662562, -0.76836044, 0.5100421), (0.32723498, -0.7428401, 0.58404267), (0.32723498, -0.7428401, 0.58404267), (0.38662562, -0.76836044, 0.5100421), (0.4036842, -0.71469, 0.5711893), (0.37318504, -0.6824939, 0.6284386), (0.16976845, -0.7262093, 0.6661822), (0.32723498, -0.7428401, 0.58404267), (0.37318504, -0.6824939, 0.6284386), (0.22708647, -0.6543176, 0.72131836), (0.5228689, -0.624487, 0.5801932), (0.35583258, -0.5582122, 0.7495214), (0.4586796, -0.39931527, 0.7938264), (0.6121904, -0.4774081, 0.6303208), (0.35583258, -0.5582122, 0.7495214), (0.11076368, -0.49995142, 0.85894114), (0.19908948, -0.28147298, 0.93868864), (0.4586796, -0.39931527, 0.7938264), (0.4586796, -0.39931527, 0.7938264), (0.19908948, -0.28147298, 0.93868864), (0.16954, -0.40588868, 0.89805937), (0.4641876, -0.45905265, 0.7574962), (0.6121904, -0.4774081, 0.6303208), (0.4586796, -0.39931527, 0.7938264), (0.4641876, -0.45905265, 0.7574962), (0.628372, -0.4578909, 0.62887573), (0.8433597, -0.531919, 0.07620092), (0.8729832, -0.4248837, 0.23952897), (0.8764778, -0.3046062, 0.37282938), (0.87400794, -0.44882724, 0.18618338), (0.8729832, -0.4248837, 0.23952897), (0.85310566, -0.482961, 0.197381), (0.84919447, -0.39303192, 0.35269624), (0.8764778, -0.3046062, 0.37282938), (0.8764778, -0.3046062, 0.37282938), (0.84919447, -0.39303192, 0.35269624), (0.81398016, -0.2908505, 0.50283426), (0.8275828, -0.23527372, 0.5096598), (0.87400794, -0.44882724, 0.18618338), (0.8764778, -0.3046062, 0.37282938), (0.8275828, -0.23527372, 0.5096598), (0.8370588, -0.4664366, 0.2859534), (0.6533297, -0.70389944, 0.2787218), (0.7457636, -0.5271874, 0.40732068), (0.7959596, -0.51317346, 0.32109398), (0.7319039, -0.65897804, 0.17339109), (0.7457636, -0.5271874, 0.40732068), (0.77857107, -0.44145268, 0.4460345), (0.82143486, -0.4801164, 0.30778715), (0.7959596, -0.51317346, 0.32109398), (0.7959596, -0.51317346, 0.32109398), (0.82143486, -0.4801164, 0.30778715), (0.85310566, -0.482961, 0.197381), (0.8729832, -0.4248837, 0.23952897), (0.7319039, -0.65897804, 0.17339109), (0.7959596, -0.51317346, 0.32109398), (0.8729832, -0.4248837, 0.23952897), (0.8433597, -0.531919, 0.07620092), (0.5228689, -0.624487, 0.5801932), (0.6121904, -0.4774081, 0.6303208), (0.70967114, -0.5096555, 0.48643407), (0.6104915, -0.6782023, 0.40907428), (0.6121904, -0.4774081, 0.6303208), (0.628372, -0.4578909, 0.62887573), (0.7298053, -0.4362473, 0.52637684), (0.70967114, -0.5096555, 0.48643407), (0.70967114, -0.5096555, 0.48643407), (0.7298053, -0.4362473, 0.52637684), (0.77857107, -0.44145268, 0.4460345), (0.7457636, -0.5271874, 0.40732068), (0.6104915, -0.6782023, 0.40907428), (0.70967114, -0.5096555, 0.48643407), (0.7457636, -0.5271874, 0.40732068), (0.6533297, -0.70389944, 0.2787218), (0.11076368, -0.49995142, 0.85894114), (-0.054973237, -0.48867175, 0.87073404), (0.034344673, -0.20724544, 0.97768587), (0.19908948, -0.28147298, 0.93868864), (-0.054973237, -0.48867175, 0.87073404), (-0.17670411, -0.44059524, 0.88014287), (-0.03586283, -0.16824237, 0.98509306), (0.034344673, -0.20724544, 0.97768587), (0.034344673, -0.20724544, 0.97768587), (-0.03586283, -0.16824237, 0.98509306), (-0.058486387, -0.26634878, 0.9621006), (-0.0043935576, -0.3374062, 0.9413489), (0.19908948, -0.28147298, 0.93868864), (0.034344673, -0.20724544, 0.97768587), (-0.0043935576, -0.3374062, 0.9413489), (0.16954, -0.40588868, 0.89805937), (-0.17670411, -0.44059524, 0.88014287), (-0.22678715, -0.41777304, 0.87979156), (-0.12666474, -0.13021676, 0.9833614), (-0.03586283, -0.16824237, 0.98509306), (-0.22678715, -0.41777304, 0.87979156), (-0.3177028, -0.3806834, 0.86841536), (-0.18609767, -0.1045092, 0.9769572), (-0.12666474, -0.13021676, 0.9833614), (-0.12666474, -0.13021676, 0.9833614), (-0.18609767, -0.1045092, 0.9769572), (-0.23339432, -0.12279122, 0.9645981), (-0.15625623, -0.16624187, 0.973626), (-0.03586283, -0.16824237, 0.98509306), (-0.12666474, -0.13021676, 0.9833614), (-0.15625623, -0.16624187, 0.973626), (-0.058486387, -0.26634878, 0.9621006), (-0.3177028, -0.3806834, 0.86841536), (-0.5260393, -0.20508939, 0.82536113), (-0.2617382, 0.038042255, 0.9643889), (-0.18609767, -0.1045092, 0.9769572), (-0.5260393, -0.20508939, 0.82536113), (-0.6063634, -0.10299922, 0.78848875), (-0.2588877, 0.22086726, 0.9403163), (-0.2617382, 0.038042255, 0.9643889), (-0.2617382, 0.038042255, 0.9643889), (-0.2588877, 0.22086726, 0.9403163), (-0.28087914, 0.09529199, 0.9550007), (-0.3078972, -0.06081563, 0.9494739), (-0.18609767, -0.1045092, 0.9769572), (-0.2617382, 0.038042255, 0.9643889), (-0.3078972, -0.06081563, 0.9494739), (-0.23339432, -0.12279122, 0.9645981), (0.11076368, -0.49995142, 0.85894114), (0.35583258, -0.5582122, 0.7495214), (0.23597412, -0.7902015, 0.5655951), (0.03809694, -0.7813064, 0.62298393), (0.35583258, -0.5582122, 0.7495214), (0.5228689, -0.624487, 0.5801932), (0.4027191, -0.7953868, 0.45296484), (0.23597412, -0.7902015, 0.5655951), (0.23597412, -0.7902015, 0.5655951), (0.4027191, -0.7953868, 0.45296484), (0.3761779, -0.8148802, 0.44097674), (0.2534077, -0.8093564, 0.5298366), (0.03809694, -0.7813064, 0.62298393), (0.23597412, -0.7902015, 0.5655951), (0.2534077, -0.8093564, 0.5298366), (0.08248891, -0.805183, 0.5872613), (-0.6063634, -0.10299922, 0.78848875), (-0.5260393, -0.20508939, 0.82536113), (-0.6296413, -0.4906741, 0.602321), (-0.75742036, -0.4258832, 0.49491197), (-0.5260393, -0.20508939, 0.82536113), (-0.3177028, -0.3806834, 0.86841536), (-0.42388415, -0.64015436, 0.6407219), (-0.6296413, -0.4906741, 0.602321), (-0.6296413, -0.4906741, 0.602321), (-0.42388415, -0.64015436, 0.6407219), (-0.46386006, -0.5226695, 0.7152975), (-0.6012709, -0.3413815, 0.7224485), (-0.75742036, -0.4258832, 0.49491197), (-0.6296413, -0.4906741, 0.602321), (-0.6012709, -0.3413815, 0.7224485), (-0.703675, -0.3614197, 0.6117331), (0.6533297, -0.70389944, 0.2787218), (0.7319039, -0.65897804, 0.17339109), (0.6690425, -0.74322253, -0.0015531157), (0.5543892, -0.8167582, 0.1598709), (0.7319039, -0.65897804, 0.17339109), (0.8433597, -0.531919, 0.07620092), (0.7823046, -0.61287063, -0.11130621), (0.6690425, -0.74322253, -0.0015531157), (0.6690425, -0.74322253, -0.0015531157), (0.7823046, -0.61287063, -0.11130621), (0.8363365, -0.53956985, -0.09698261), (0.7392286, -0.67345303, -0.00147015), (0.5543892, -0.8167582, 0.1598709), (0.6690425, -0.74322253, -0.0015531157), (0.7392286, -0.67345303, -0.00147015), (0.58534086, -0.7918467, 0.17422624), (-0.17670411, -0.44059524, 0.88014287), (-0.054973237, -0.48867175, 0.87073404), (-0.120893575, -0.7816411, 0.6119003), (-0.29862937, -0.73174113, 0.6126787), (-0.054973237, -0.48867175, 0.87073404), (0.11076368, -0.49995142, 0.85894114), (0.03809694, -0.7813064, 0.62298393), (-0.120893575, -0.7816411, 0.6119003), (-0.120893575, -0.7816411, 0.6119003), (0.03809694, -0.7813064, 0.62298393), (0.08248891, -0.805183, 0.5872613), (-0.07180271, -0.7711552, 0.6325852), (-0.29862937, -0.73174113, 0.6126787), (-0.120893575, -0.7816411, 0.6119003), (-0.07180271, -0.7711552, 0.6325852), (-0.2554591, -0.69311255, 0.67404425), (0.5228689, -0.624487, 0.5801932), (0.6104915, -0.6782023, 0.40907428), (0.48150507, -0.8137559, 0.32550618), (0.4027191, -0.7953868, 0.45296484), (0.6104915, -0.6782023, 0.40907428), (0.6533297, -0.70389944, 0.2787218), (0.5543892, -0.8167582, 0.1598709), (0.48150507, -0.8137559, 0.32550618), (0.48150507, -0.8137559, 0.32550618), (0.5543892, -0.8167582, 0.1598709), (0.58534086, -0.7918467, 0.17422624), (0.44787395, -0.82730347, 0.33908394), (0.4027191, -0.7953868, 0.45296484), (0.48150507, -0.8137559, 0.32550618), (0.44787395, -0.82730347, 0.33908394), (0.3761779, -0.8148802, 0.44097674), (-0.3177028, -0.3806834, 0.86841536), (-0.22678715, -0.41777304, 0.87979156), (-0.36094883, -0.6951985, 0.6216229), (-0.42388415, -0.64015436, 0.6407219), (-0.22678715, -0.41777304, 0.87979156), (-0.17670411, -0.44059524, 0.88014287), (-0.29862937, -0.73174113, 0.6126787), (-0.36094883, -0.6951985, 0.6216229), (-0.36094883, -0.6951985, 0.6216229), (-0.29862937, -0.73174113, 0.6126787), (-0.2554591, -0.69311255, 0.67404425), (-0.37252817, -0.6303784, 0.68106234), (-0.42388415, -0.64015436, 0.6407219), (-0.36094883, -0.6951985, 0.6216229), (-0.37252817, -0.6303784, 0.68106234), (-0.46386006, -0.5226695, 0.7152975), (0.8433597, -0.531919, 0.07620092), (0.87400794, -0.44882724, 0.18618338), (0.813971, -0.58039176, -0.024425939), (0.7823046, -0.61287063, -0.11130621), (0.87400794, -0.44882724, 0.18618338), (0.8370588, -0.4664366, 0.2859534), (0.78517133, -0.61197424, 0.094833426), (0.813971, -0.58039176, -0.024425939), (0.813971, -0.58039176, -0.024425939), (0.78517133, -0.61197424, 0.094833426), (0.79905444, -0.59247285, 0.102410346), (0.8407379, -0.5413686, -0.00894353), (0.7823046, -0.61287063, -0.11130621), (0.813971, -0.58039176, -0.024425939), (0.8407379, -0.5413686, -0.00894353), (0.8363365, -0.53956985, -0.09698261), (-0.6063634, -0.10299922, 0.78848875), (-0.63324684, -0.02383118, 0.773583), (-0.13796037, 0.5014296, 0.8541283), (-0.17557421, 0.4451022, 0.8780989), (-0.5108557, -0.18097152, 0.8404021), (-0.11574084, 0.41128337, 0.90412945), (-0.13796037, 0.5014296, 0.8541283), (-0.63324684, -0.02383118, 0.773583), (-0.16269776, 0.4199367, 0.8928508), (-0.17557421, 0.4451022, 0.8780989), (-0.13796037, 0.5014296, 0.8541283), (-0.11574084, 0.41128337, 0.90412945), (-0.6063634, -0.10299922, 0.78848875), (-0.75742036, -0.4258832, 0.49491197), (-0.7929853, -0.4256535, 0.43588224), (-0.80250543, -0.4961291, 0.3314227), (-0.75742036, -0.4258832, 0.49491197), (-0.703675, -0.3614197, 0.6117331), (-0.7829111, -0.41411954, 0.4642792), (-0.7929853, -0.4256535, 0.43588224), (-0.7929853, -0.4256535, 0.43588224), (-0.7829111, -0.41411954, 0.4642792), (-0.75389206, -0.43175346, 0.49521285), (-0.7120738, -0.50008124, 0.49281803), (-0.80250543, -0.4961291, 0.3314227), (-0.7929853, -0.4256535, 0.43588224), (-0.7120738, -0.50008124, 0.49281803), (-0.70392704, -0.6112187, 0.36179882), (-0.63052416, -0.54022163, 0.5573149), (-0.597232, -0.47498202, 0.6463018), (-0.7431801, -0.36362624, 0.5616575), (-0.7693911, -0.43273866, 0.46986637), (-0.14925593, 0.3352397, 0.93023485), (-0.17487364, 0.3099374, 0.9345363), (-0.32389724, 0.469084, 0.82161474), (-0.28406504, 0.49801746, 0.8193203), (-0.32389724, 0.469084, 0.82161474), (-0.7122563, -0.103352204, 0.6942689), (-0.806317, 0.031121459, 0.5906643), (-0.37995055, 0.56024164, 0.7360481), (-0.28406504, 0.49801746, 0.8193203), (-0.32389724, 0.469084, 0.82161474), (-0.37995055, 0.56024164, 0.7360481), (-0.32656792, 0.5953106, 0.7341381), (-0.6489897, -0.6676074, 0.36484605), (-0.63052416, -0.54022163, 0.5573149), (-0.7693911, -0.43273866, 0.46986637), (-0.75840753, -0.58034766, 0.2966725), (-0.7693911, -0.43273866, 0.46986637), (-0.7431801, -0.36362624, 0.5616575), (-0.86480546, -0.28304747, 0.41472363), (-0.8689269, -0.37169358, 0.32681814), (-0.75840753, -0.58034766, 0.2966725), (-0.7693911, -0.43273866, 0.46986637), (-0.8689269, -0.37169358, 0.32681814), (-0.8376967, -0.519251, 0.16924135), (-0.3942059, 0.6487134, 0.6509782), (-0.46834114, 0.5915532, 0.6562936), (-0.57904303, 0.6317513, 0.5153635), (-0.5315269, 0.6702122, 0.5179717), (-0.46834114, 0.5915532, 0.6562936), (-0.91032845, 0.030893745, 0.41273186), (-0.96264297, 0.115451135, 0.2449276), (-0.57904303, 0.6317513, 0.5153635), (-0.57904303, 0.6317513, 0.5153635), (-0.96264297, 0.115451135, 0.2449276), (-0.99267113, 0.08330949, 0.08754208), (-0.6648981, 0.6151814, 0.42362994), (-0.5315269, 0.6702122, 0.5179717), (-0.57904303, 0.6317513, 0.5153635), (-0.6648981, 0.6151814, 0.42362994), (-0.6027831, 0.66336745, 0.44339168), (-0.8918709, -0.45028973, 0.04249081), (-0.93923384, -0.2947083, 0.17603092), (-0.96890855, -0.2461416, -0.02511016), (-0.89871436, -0.41402364, -0.14455763), (-0.93923384, -0.2947083, 0.17603092), (-0.9567491, -0.20602036, 0.20539433), (-0.98743093, -0.15771954, 0.010230307), (-0.96890855, -0.2461416, -0.02511016), (-0.96890855, -0.2461416, -0.02511016), (-0.98743093, -0.15771954, 0.010230307), (-0.97769165, -0.20279418, -0.054713793), (-0.9579064, -0.26818436, -0.10243326), (-0.89871436, -0.41402364, -0.14455763), (-0.96890855, -0.2461416, -0.02511016), (-0.9579064, -0.26818436, -0.10243326), (-0.87708956, -0.42665255, -0.22063872), (-0.806317, 0.031121459, 0.5906643), (-0.91032845, 0.030893745, 0.41273186), (-0.46834114, 0.5915532, 0.6562936), (-0.37995055, 0.56024164, 0.7360481), (-0.8689269, -0.37169358, 0.32681814), (-0.93923384, -0.2947083, 0.17603092), (-0.8918709, -0.45028973, 0.04249081), (-0.8376967, -0.519251, 0.16924135), (-0.32656792, 0.5953106, 0.7341381), (-0.3942059, 0.6487134, 0.6509782), (-0.5796279, 0.52080494, 0.6267326), (-0.508689, 0.43988377, 0.74009305), (-0.37995055, 0.56024164, 0.7360481), (-0.46834114, 0.5915532, 0.6562936), (-0.3942059, 0.6487134, 0.6509782), (-0.32656792, 0.5953106, 0.7341381), (-0.6027831, 0.66336745, 0.44339168), (-0.6648981, 0.6151814, 0.42362994), (-0.7283376, 0.6510797, 0.21358708), (-0.6731365, 0.70573413, 0.2209676), (-0.6648981, 0.6151814, 0.42362994), (-0.99267113, 0.08330949, 0.08754208), (-0.99713624, 0.07280689, -0.020459019), (-0.7283376, 0.6510797, 0.21358708), (-0.7283376, 0.6510797, 0.21358708), (-0.99713624, 0.07280689, -0.020459019), (-0.9833828, 0.14293042, -0.11193354), (-0.7294677, 0.6837595, 0.018705808), (-0.6731365, 0.70573413, 0.2209676), (-0.7283376, 0.6510797, 0.21358708), (-0.7294677, 0.6837595, 0.018705808), (-0.68195814, 0.7305609, 0.03483951), (-0.87708956, -0.42665255, -0.22063872), (-0.9579064, -0.26818436, -0.10243326), (-0.9421909, -0.29890162, -0.15144014), (-0.8678978, -0.45269048, -0.2045107), (-0.9579064, -0.26818436, -0.10243326), (-0.97769165, -0.20279418, -0.054713793), (-0.96392816, -0.22508197, -0.14205888), (-0.9421909, -0.29890162, -0.15144014), (-0.9421909, -0.29890162, -0.15144014), (-0.96392816, -0.22508197, -0.14205888), (-0.9596844, -0.21524373, -0.18076552), (-0.93529403, -0.2975183, -0.191593), (-0.8678978, -0.45269048, -0.2045107), (-0.9421909, -0.29890162, -0.15144014), (-0.93529403, -0.2975183, -0.191593), (-0.8688714, -0.44960147, -0.20717387), (-0.68195814, 0.7305609, 0.03483951), (-0.7294677, 0.6837595, 0.018705808), (-0.72284245, 0.69069767, 0.020871658), (-0.671213, 0.7403722, 0.036361217), (-0.7294677, 0.6837595, 0.018705808), (-0.9833828, 0.14293042, -0.11193354), (-0.9838268, 0.16496648, -0.069791816), (-0.72284245, 0.69069767, 0.020871658), (-0.72284245, 0.69069767, 0.020871658), (-0.9838268, 0.16496648, -0.069791816), (-0.9830396, 0.18270223, -0.01591039), (-0.710491, 0.7022242, 0.045648754), (-0.671213, 0.7403722, 0.036361217), (-0.72284245, 0.69069767, 0.020871658), (-0.710491, 0.7022242, 0.045648754), (-0.6694119, 0.7410619, 0.052105125), (-0.8688714, -0.44960147, -0.20717387), (-0.93529403, -0.2975183, -0.191593), (-0.9474733, -0.2924056, -0.12958945), (-0.88504714, -0.44164622, -0.14710593), (-0.93529403, -0.2975183, -0.191593), (-0.9596844, -0.21524373, -0.18076552), (-0.9688176, -0.21403894, -0.124819234), (-0.9474733, -0.2924056, -0.12958945), (-0.9474733, -0.2924056, -0.12958945), (-0.9688176, -0.21403894, -0.124819234), (-0.97213113, -0.22272158, -0.07318639), (-0.9420646, -0.3234794, -0.088743664), (-0.88504714, -0.44164622, -0.14710593), (-0.9474733, -0.2924056, -0.12958945), (-0.9420646, -0.3234794, -0.088743664), (-0.8909458, -0.44273242, -0.10101303), (-0.5783195, -0.71884453, 0.3857577), (-0.55514044, -0.5984477, 0.57765), (-0.63052416, -0.54022163, 0.5573149), (-0.6489897, -0.6676074, 0.36484605), (-0.55514044, -0.5984477, 0.57765), (-0.5336013, -0.52668947, 0.6617158), (-0.597232, -0.47498202, 0.6463018), (-0.63052416, -0.54022163, 0.5573149), (-0.09851555, 0.30214402, 0.948158), (-0.10928893, 0.27558073, 0.95504516), (-0.17487364, 0.3099374, 0.9345363), (-0.14925593, 0.3352397, 0.93023485), (-0.10928893, 0.27558073, 0.95504516), (-0.43461177, -0.2767281, 0.85704964), (-0.5336131, -0.22769894, 0.8145), (-0.17487364, 0.3099374, 0.9345363), (-0.16269776, 0.4199367, 0.8928508), (-0.11574084, 0.41128337, 0.90412945), (-0.09830258, 0.3167778, 0.943392), (-0.09612656, 0.34548795, 0.9334868), (-0.11574084, 0.41128337, 0.90412945), (-0.5108557, -0.18097152, 0.8404021), (-0.4276925, -0.27001545, 0.86265326), (-0.09830258, 0.3167778, 0.943392), (-0.09830258, 0.3167778, 0.943392), (-0.4276925, -0.27001545, 0.86265326), (-0.43461177, -0.2767281, 0.85704964), (-0.10928893, 0.27558073, 0.95504516), (-0.09612656, 0.34548795, 0.9334868), (-0.09830258, 0.3167778, 0.943392), (-0.10928893, 0.27558073, 0.95504516), (-0.09851555, 0.30214402, 0.948158), (-0.70392704, -0.6112187, 0.36179882), (-0.7120738, -0.50008124, 0.49281803), (-0.5671942, -0.6083543, 0.5551539), (-0.57708406, -0.72153896, 0.38256416), (-0.7120738, -0.50008124, 0.49281803), (-0.75389206, -0.43175346, 0.49521285), (-0.56618536, -0.5439752, 0.6192941), (-0.5671942, -0.6083543, 0.5551539), (-0.5671942, -0.6083543, 0.5551539), (-0.56618536, -0.5439752, 0.6192941), (-0.5336013, -0.52668947, 0.6617158), (-0.55514044, -0.5984477, 0.57765), (-0.57708406, -0.72153896, 0.38256416), (-0.5671942, -0.6083543, 0.5551539), (-0.55514044, -0.5984477, 0.57765), (-0.5783195, -0.71884453, 0.3857577), (-0.30729493, 0.32150275, 0.89565945), (-0.26863974, 0.3200006, 0.908533), (-0.21494226, 0.19274963, 0.9574171), (-0.27179205, 0.12704179, 0.9539337), (-0.26863974, 0.3200006, 0.908533), (-0.16269776, 0.4199367, 0.8928508), (-0.09612656, 0.34548795, 0.9334868), (-0.21494226, 0.19274963, 0.9574171), (-0.21494226, 0.19274963, 0.9574171), (-0.09612656, 0.34548795, 0.9334868), (-0.09851555, 0.30214402, 0.948158), (-0.22515512, 0.124773614, 0.96630055), (-0.27179205, 0.12704179, 0.9539337), (-0.21494226, 0.19274963, 0.9574171), (-0.22515512, 0.124773614, 0.96630055), (-0.28341264, 0.038431443, 0.9582277), (-0.28341264, 0.038431443, 0.9582277), (-0.22515512, 0.124773614, 0.96630055), (-0.2872961, 0.15592897, 0.9450646), (-0.34154522, 0.051963463, 0.93842775), (-0.22515512, 0.124773614, 0.96630055), (-0.09851555, 0.30214402, 0.948158), (-0.14925593, 0.3352397, 0.93023485), (-0.2872961, 0.15592897, 0.9450646), (-0.2872961, 0.15592897, 0.9450646), (-0.44020295, 0.31393975, 0.84122723), (-0.5040514, 0.19099408, 0.8422906), (-0.34154522, 0.051963463, 0.93842775), (-0.17487364, 0.3099374, 0.9345363), (-0.5336131, -0.22769894, 0.8145), (-0.7122563, -0.103352204, 0.6942689), (-0.32389724, 0.469084, 0.82161474), (-0.8537333, 0.52055776, -0.01261472), (-0.8011351, 0.5984735, 0.0034646436), (-0.78364563, 0.6205043, 0.029561875), (-0.83647496, 0.54757875, 0.021615878), (-0.8011351, 0.5984735, 0.0034646436), (-0.68195814, 0.7305609, 0.03483951), (-0.671213, 0.7403722, 0.036361217), (-0.78364563, 0.6205043, 0.029561875), (-0.78364563, 0.6205043, 0.029561875), (-0.671213, 0.7403722, 0.036361217), (-0.6694119, 0.7410619, 0.052105125), (-0.757459, 0.6506816, 0.053567164), (-0.83647496, 0.54757875, 0.021615878), (-0.78364563, 0.6205043, 0.029561875), (-0.757459, 0.6506816, 0.053567164), (-0.82089627, 0.5678904, 0.060247093), (-0.8392147, 0.43882123, 0.3211771), (-0.76294357, 0.53144455, 0.36808127), (-0.8050625, 0.5695135, 0.16591796), (-0.8644622, 0.479383, 0.15131778), (-0.76294357, 0.53144455, 0.36808127), (-0.6027831, 0.66336745, 0.44339168), (-0.6731365, 0.70573413, 0.2209676), (-0.8050625, 0.5695135, 0.16591796), (-0.8050625, 0.5695135, 0.16591796), (-0.6731365, 0.70573413, 0.2209676), (-0.68195814, 0.7305609, 0.03483951), (-0.8011351, 0.5984735, 0.0034646436), (-0.8644622, 0.479383, 0.15131778), (-0.8050625, 0.5695135, 0.16591796), (-0.8011351, 0.5984735, 0.0034646436), (-0.8537333, 0.52055776, -0.01261472), (-0.8376967, -0.519251, 0.16924135), (-0.8918709, -0.45028973, 0.04249081), (-0.8860476, -0.4628956, 0.025441762), (-0.8450526, -0.5048995, 0.17596196), (-0.508689, 0.43988377, 0.74009305), (-0.5796279, 0.52080494, 0.6267326), (-0.66165227, 0.42022777, 0.62098706), (-0.59506476, 0.33830285, 0.7290056), (-0.66165227, 0.42022777, 0.62098706), (-0.5796279, 0.52080494, 0.6267326), (-0.7111104, 0.5370503, 0.45376095), (-0.7829562, 0.4509564, 0.42850658), (-0.5796279, 0.52080494, 0.6267326), (-0.3942059, 0.6487134, 0.6509782), (-0.5315269, 0.6702122, 0.5179717), (-0.7111104, 0.5370503, 0.45376095), (-0.7111104, 0.5370503, 0.45376095), (-0.5315269, 0.6702122, 0.5179717), (-0.6027831, 0.66336745, 0.44339168), (-0.76294357, 0.53144455, 0.36808127), (-0.7829562, 0.4509564, 0.42850658), (-0.7111104, 0.5370503, 0.45376095), (-0.76294357, 0.53144455, 0.36808127), (-0.8392147, 0.43882123, 0.3211771), (-0.44020295, 0.31393975, 0.84122723), (-0.28406504, 0.49801746, 0.8193203), (-0.32656792, 0.5953106, 0.7341381), (-0.508689, 0.43988377, 0.74009305), (-0.5040514, 0.19099408, 0.8422906), (-0.44020295, 0.31393975, 0.84122723), (-0.508689, 0.43988377, 0.74009305), (-0.59506476, 0.33830285, 0.7290056), (-0.28087914, 0.09529199, 0.9550007), (-0.2588877, 0.22086726, 0.9403163), (-0.26281354, 0.34305602, 0.9017991), (-0.2328806, 0.3183357, 0.9189282), (-0.2588877, 0.22086726, 0.9403163), (-0.6063634, -0.10299922, 0.78848875), (-0.17557421, 0.4451022, 0.8780989), (-0.26281354, 0.34305602, 0.9017991), (-0.26281354, 0.34305602, 0.9017991), (-0.17557421, 0.4451022, 0.8780989), (-0.16269776, 0.4199367, 0.8928508), (-0.26863974, 0.3200006, 0.908533), (-0.2328806, 0.3183357, 0.9189282), (-0.26281354, 0.34305602, 0.9017991), (-0.26863974, 0.3200006, 0.908533), (-0.30729493, 0.32150275, 0.89565945), (-0.5108557, -0.18097152, 0.8404021), (-0.67144775, -0.6534893, 0.34944174), (-0.57234013, -0.72052383, 0.39149967), (-0.4276925, -0.27001545, 0.86265326), (-0.67144775, -0.6534893, 0.34944174), (-0.70392704, -0.6112187, 0.36179882), (-0.57708406, -0.72153896, 0.38256416), (-0.57234013, -0.72052383, 0.39149967), (-0.57234013, -0.72052383, 0.39149967), (-0.57708406, -0.72153896, 0.38256416), (-0.5783195, -0.71884453, 0.3857577), (-0.57894534, -0.71070516, 0.39965042), (-0.4276925, -0.27001545, 0.86265326), (-0.57234013, -0.72052383, 0.39149967), (-0.57894534, -0.71070516, 0.39965042), (-0.43461177, -0.2767281, 0.85704964), (-0.43461177, -0.2767281, 0.85704964), (-0.57894534, -0.71070516, 0.39965042), (-0.651197, -0.6619346, 0.37119412), (-0.5336131, -0.22769894, 0.8145), (-0.57894534, -0.71070516, 0.39965042), (-0.5783195, -0.71884453, 0.3857577), (-0.6489897, -0.6676074, 0.36484605), (-0.651197, -0.6619346, 0.37119412), (-0.651197, -0.6619346, 0.37119412), (-0.75875133, -0.58073926, 0.29502258), (-0.7122563, -0.103352204, 0.6942689), (-0.5336131, -0.22769894, 0.8145), (-0.14925593, 0.3352397, 0.93023485), (-0.28406504, 0.49801746, 0.8193203), (-0.44020295, 0.31393975, 0.84122723), (-0.2872961, 0.15592897, 0.9450646), (-0.9833828, 0.14293042, -0.11193354), (-0.888345, -0.41316915, -0.20033573), (-0.90796596, -0.39528564, -0.13909364), (-0.9838268, 0.16496648, -0.069791816), (-0.888345, -0.41316915, -0.20033573), (-0.8688714, -0.44960147, -0.20717387), (-0.88504714, -0.44164622, -0.14710593), (-0.90796596, -0.39528564, -0.13909364), (-0.90796596, -0.39528564, -0.13909364), (-0.88504714, -0.44164622, -0.14710593), (-0.8909458, -0.44273242, -0.10101303), (-0.9146248, -0.39488754, -0.08674872), (-0.9838268, 0.16496648, -0.069791816), (-0.90796596, -0.39528564, -0.13909364), (-0.9146248, -0.39488754, -0.08674872), (-0.9830396, 0.18270223, -0.01591039), (-0.99267113, 0.08330949, 0.08754208), (-0.8756161, -0.4237174, -0.23186219), (-0.8713411, -0.44408008, -0.20870435), (-0.99713624, 0.07280689, -0.020459019), (-0.8756161, -0.4237174, -0.23186219), (-0.87708956, -0.42665255, -0.22063872), (-0.8678978, -0.45269048, -0.2045107), (-0.8713411, -0.44408008, -0.20870435), (-0.8713411, -0.44408008, -0.20870435), (-0.8678978, -0.45269048, -0.2045107), (-0.8688714, -0.44960147, -0.20717387), (-0.888345, -0.41316915, -0.20033573), (-0.99713624, 0.07280689, -0.020459019), (-0.8713411, -0.44408008, -0.20870435), (-0.888345, -0.41316915, -0.20033573), (-0.9833828, 0.14293042, -0.11193354), (-0.8450526, -0.5048995, 0.17596196), (-0.8860476, -0.4628956, 0.025441762), (-0.91032845, 0.030893745, 0.41273186), (-0.806317, 0.031121459, 0.5906643), (-0.91032845, 0.030893745, 0.41273186), (-0.8860476, -0.4628956, 0.025441762), (-0.8962386, -0.41864258, -0.14661074), (-0.96264297, 0.115451135, 0.2449276), (-0.8860476, -0.4628956, 0.025441762), (-0.8918709, -0.45028973, 0.04249081), (-0.89871436, -0.41402364, -0.14455763), (-0.8962386, -0.41864258, -0.14661074), (-0.8962386, -0.41864258, -0.14661074), (-0.89871436, -0.41402364, -0.14455763), (-0.87708956, -0.42665255, -0.22063872), (-0.8756161, -0.4237174, -0.23186219), (-0.96264297, 0.115451135, 0.2449276), (-0.8962386, -0.41864258, -0.14661074), (-0.8756161, -0.4237174, -0.23186219), (-0.99267113, 0.08330949, 0.08754208), (-0.75875133, -0.58073926, 0.29502258), (-0.75840753, -0.58034766, 0.2966725), (-0.8376967, -0.519251, 0.16924135), (-0.8450526, -0.5048995, 0.17596196), (-0.7122563, -0.103352204, 0.6942689), (-0.75875133, -0.58073926, 0.29502258), (-0.8450526, -0.5048995, 0.17596196), (-0.806317, 0.031121459, 0.5906643), (-0.6063634, -0.10299922, 0.78848875), (-0.80250543, -0.4961291, 0.3314227), (-0.78345776, -0.5527479, 0.28401345), (-0.63324684, -0.02383118, 0.773583), (-0.70392704, -0.6112187, 0.36179882), (-0.67144775, -0.6534893, 0.34944174), (-0.78345776, -0.5527479, 0.28401345), (-0.80250543, -0.4961291, 0.3314227), (-0.5108557, -0.18097152, 0.8404021), (-0.63324684, -0.02383118, 0.773583), (-0.78345776, -0.5527479, 0.28401345), (-0.67144775, -0.6534893, 0.34944174), (-0.6489897, -0.6676074, 0.36484605), (-0.75840753, -0.58034766, 0.2966725), (-0.75875133, -0.58073926, 0.29502258), (-0.651197, -0.6619346, 0.37119412), (-0.86480546, -0.28304747, 0.41472363), (-0.9567491, -0.20602036, 0.20539433), (-0.93923384, -0.2947083, 0.17603092), (-0.8689269, -0.37169358, 0.32681814), (0.1975025, -0.14521483, 0.96948725), (0.1257331, -0.22501343, 0.9662092), (0.13720058, -0.20137498, 0.96985775), (0.15134779, -0.09669893, 0.9837394), (0.1257331, -0.22501343, 0.9662092), (0.0023607865, -0.28412682, 0.95878375), (0.1305857, -0.27076244, 0.9537479), (0.13720058, -0.20137498, 0.96985775), (0.13720058, -0.20137498, 0.96985775), (0.1305857, -0.27076244, 0.9537479), (0.12528737, -0.24255835, 0.9620127), (0.104194716, -0.17291631, 0.97940975), (0.15134779, -0.09669893, 0.9837394), (0.13720058, -0.20137498, 0.96985775), (0.104194716, -0.17291631, 0.97940975), (0.11879053, -0.06448528, 0.99082315), (0.34773424, -0.3028841, 0.887323), (0.28220505, -0.21274258, 0.9354683), (0.24705435, -0.122992925, 0.96116436), (0.37475693, -0.23467758, 0.8969301), (0.28220505, -0.21274258, 0.9354683), (0.1975025, -0.14521483, 0.96948725), (0.15134779, -0.09669893, 0.9837394), (0.24705435, -0.122992925, 0.96116436), (0.24705435, -0.122992925, 0.96116436), (0.15134779, -0.09669893, 0.9837394), (0.11879053, -0.06448528, 0.99082315), (0.21064788, -0.078994185, 0.9743651), (0.37475693, -0.23467758, 0.8969301), (0.24705435, -0.122992925, 0.96116436), (0.21064788, -0.078994185, 0.9743651), (0.3542926, -0.19674772, 0.914203), (0.28600195, -0.20636642, 0.93574345), (0.35758656, -0.341246, 0.86930037), (0.45054045, -0.30270657, 0.8398703), (0.4008999, -0.20288698, 0.8933735), (0.35758656, -0.341246, 0.86930037), (0.34773424, -0.3028841, 0.887323), (0.37475693, -0.23467758, 0.8969301), (0.45054045, -0.30270657, 0.8398703), (0.45054045, -0.30270657, 0.8398703), (0.37475693, -0.23467758, 0.8969301), (0.3542926, -0.19674772, 0.914203), (0.46223658, -0.28203073, 0.8407116), (0.4008999, -0.20288698, 0.8933735), (0.45054045, -0.30270657, 0.8398703), (0.46223658, -0.28203073, 0.8407116), (0.45575312, -0.21609268, 0.86347735), (0.14181162, 0.12580414, 0.98186696), (0.12384276, 0.09945697, 0.98730505), (0.048098933, 0.12182424, 0.9913856), (0.06150651, 0.2039983, 0.97703713), (0.12384276, 0.09945697, 0.98730505), (0.15913469, 0.09489964, 0.9826852), (0.08811142, 0.116701275, 0.9892508), (0.048098933, 0.12182424, 0.9913856), (0.048098933, 0.12182424, 0.9913856), (0.08811142, 0.116701275, 0.9892508), (-0.11452404, 0.24122228, 0.9636888), (-0.18525036, 0.32060128, 0.92892253), (0.06150651, 0.2039983, 0.97703713), (0.048098933, 0.12182424, 0.9913856), (-0.18525036, 0.32060128, 0.92892253), (-0.13864523, 0.43313524, 0.89060175), (-0.13864523, 0.43313524, 0.89060175), (-0.18525036, 0.32060128, 0.92892253), (-0.36155203, 0.5153241, 0.776995), (-0.25993255, 0.59162277, 0.7631629), (-0.18525036, 0.32060128, 0.92892253), (-0.11452404, 0.24122228, 0.9636888), (-0.3825441, 0.46709386, 0.79717207), (-0.36155203, 0.5153241, 0.776995), (-0.36155203, 0.5153241, 0.776995), (-0.3825441, 0.46709386, 0.79717207), (-0.32780156, 0.41933197, 0.84658533), (-0.23006622, 0.4058337, 0.884516), (-0.25993255, 0.59162277, 0.7631629), (-0.36155203, 0.5153241, 0.776995), (-0.23006622, 0.4058337, 0.884516), (-0.19175915, 0.462772, 0.8654886), (-0.19175915, 0.462772, 0.8654886), (-0.23006622, 0.4058337, 0.884516), (-0.10515219, 0.13137382, 0.98574024), (-0.14868036, 0.16370349, 0.9752411), (-0.23006622, 0.4058337, 0.884516), (-0.32780156, 0.41933197, 0.84658533), (-0.098805755, 0.17624721, 0.9793745), (-0.10515219, 0.13137382, 0.98574024), (-0.10515219, 0.13137382, 0.98574024), (-0.098805755, 0.17624721, 0.9793745), (-0.09832825, -0.0122974925, 0.995078), (-0.15029222, 0.008474934, 0.98860526), (-0.14868036, 0.16370349, 0.9752411), (-0.10515219, 0.13137382, 0.98574024), (-0.15029222, 0.008474934, 0.98860526), (-0.18392394, 0.015256023, 0.9828221), (0.14181162, 0.12580414, 0.98186696), (0.18324372, 0.032039426, 0.9825453), (0.23761563, 0.008842639, 0.97131896), (0.12384276, 0.09945697, 0.98730505), (0.18324372, 0.032039426, 0.9825453), (0.28600195, -0.20636642, 0.93574345), (0.4008999, -0.20288698, 0.8933735), (0.23761563, 0.008842639, 0.97131896), (0.23761563, 0.008842639, 0.97131896), (0.4008999, -0.20288698, 0.8933735), (0.45575312, -0.21609268, 0.86347735), (0.30250037, -0.014789541, 0.95303446), (0.12384276, 0.09945697, 0.98730505), (0.23761563, 0.008842639, 0.97131896), (0.30250037, -0.014789541, 0.95303446), (0.15913469, 0.09489964, 0.9826852), (0.22390205, 0.7455256, 0.6277415), (0.25592282, 0.5080138, 0.82245094), (0.2698479, 0.53943527, 0.7976163), (0.24498725, 0.7717555, 0.5868343), (0.25592282, 0.5080138, 0.82245094), (0.28140718, 0.37059957, 0.8851361), (0.28951928, 0.4019533, 0.8686841), (0.2698479, 0.53943527, 0.7976163), (0.2698479, 0.53943527, 0.7976163), (0.28951928, 0.4019533, 0.8686841), (0.29980043, 0.44918314, 0.84163785), (0.29324907, 0.6052167, 0.7400795), (0.24498725, 0.7717555, 0.5868343), (0.2698479, 0.53943527, 0.7976163), (0.29324907, 0.6052167, 0.7400795), (0.25057957, 0.8304473, 0.49756116), (0.6826228, -0.12857682, 0.7193708), (0.7374651, -0.08185957, 0.67040604), (0.6249715, -0.2084457, 0.7523039), (0.63024765, -0.3090693, 0.7122247), (0.7374651, -0.08185957, 0.67040604), (0.754719, -0.1327836, 0.64247006), (0.6365778, -0.25335693, 0.72840846), (0.6249715, -0.2084457, 0.7523039), (0.6249715, -0.2084457, 0.7523039), (0.6365778, -0.25335693, 0.72840846), (0.52595633, -0.3419463, 0.7787443), (0.5177727, -0.2834211, 0.8072075), (0.63024765, -0.3090693, 0.7122247), (0.6249715, -0.2084457, 0.7523039), (0.5177727, -0.2834211, 0.8072075), (0.5442577, -0.31108794, 0.77910715), (0.7485755, 0.32013616, 0.5806441), (0.7376529, 0.3081212, 0.6007741), (0.67212474, 0.3205088, 0.6674747), (0.6977894, 0.34344235, 0.6285995), (0.7376529, 0.3081212, 0.6007741), (0.5937733, 0.595818, 0.54077184), (0.5319773, 0.6078583, 0.5894984), (0.67212474, 0.3205088, 0.6674747), (0.67212474, 0.3205088, 0.6674747), (0.5319773, 0.6078583, 0.5894984), (0.4962008, 0.5388458, 0.6807569), (0.5825972, 0.31655392, 0.7485814), (0.6977894, 0.34344235, 0.6285995), (0.67212474, 0.3205088, 0.6674747), (0.5825972, 0.31655392, 0.7485814), (0.5875141, 0.3198532, 0.7433177), (0.754719, -0.1327836, 0.64247006), (0.7887452, -0.04464204, 0.6130972), (0.7243606, -0.20408683, 0.6585213), (0.6365778, -0.25335693, 0.72840846), (0.7887452, -0.04464204, 0.6130972), (0.8255701, 0.08703141, 0.55754775), (0.80046123, -0.020190524, 0.59904444), (0.7243606, -0.20408683, 0.6585213), (0.7243606, -0.20408683, 0.6585213), (0.80046123, -0.020190524, 0.59904444), (0.6900806, -0.113782644, 0.7147323), (0.6021658, -0.3359614, 0.7242419), (0.6365778, -0.25335693, 0.72840846), (0.7243606, -0.20408683, 0.6585213), (0.6021658, -0.3359614, 0.7242419), (0.52595633, -0.3419463, 0.7787443), (0.5937733, 0.595818, 0.54077184), (0.31040525, 0.83089274, 0.46180716), (0.28394765, 0.8616802, 0.42057207), (0.5319773, 0.6078583, 0.5894984), (0.31040525, 0.83089274, 0.46180716), (0.22390205, 0.7455256, 0.6277415), (0.24498725, 0.7717555, 0.5868343), (0.28394765, 0.8616802, 0.42057207), (0.28394765, 0.8616802, 0.42057207), (0.24498725, 0.7717555, 0.5868343), (0.25057957, 0.8304473, 0.49756116), (0.26393455, 0.86191154, 0.4329516), (0.5319773, 0.6078583, 0.5894984), (0.28394765, 0.8616802, 0.42057207), (0.26393455, 0.86191154, 0.4329516), (0.4962008, 0.5388458, 0.6807569), (0.6570414, -0.30913278, 0.6875562), (0.59555084, -0.3203882, 0.7366618), (0.5426272, -0.48792446, 0.68372905), (0.47655362, -0.5248496, 0.7052868), (0.59555084, -0.3203882, 0.7366618), (0.6826228, -0.12857682, 0.7193708), (0.63024765, -0.3090693, 0.7122247), (0.5426272, -0.48792446, 0.68372905), (0.5426272, -0.48792446, 0.68372905), (0.63024765, -0.3090693, 0.7122247), (0.5442577, -0.31108794, 0.77910715), (0.52818424, -0.53958666, 0.655643), (0.47655362, -0.5248496, 0.7052868), (0.5426272, -0.48792446, 0.68372905), (0.52818424, -0.53958666, 0.655643), (0.4680584, -0.60792655, 0.6413631), (0.8255701, 0.08703141, 0.55754775), (0.80722266, 0.23718175, 0.54049647), (0.7692919, 0.23667555, 0.59344316), (0.80046123, -0.020190524, 0.59904444), (0.80722266, 0.23718175, 0.54049647), (0.7485755, 0.32013616, 0.5806441), (0.6977894, 0.34344235, 0.6285995), (0.7692919, 0.23667555, 0.59344316), (0.7692919, 0.23667555, 0.59344316), (0.6977894, 0.34344235, 0.6285995), (0.5875141, 0.3198532, 0.7433177), (0.651171, 0.19585547, 0.7332237), (0.80046123, -0.020190524, 0.59904444), (0.7692919, 0.23667555, 0.59344316), (0.651171, 0.19585547, 0.7332237), (0.6900806, -0.113782644, 0.7147323), (0.33685425, 0.15357828, 0.92894727), (0.31402713, 0.010094346, 0.9493604), (0.13188101, -0.017223896, 0.9911159), (0.16259815, 0.12177218, 0.97914934), (0.31402713, 0.010094346, 0.9493604), (0.3506047, -0.1622577, 0.9223605), (0.15353854, -0.24303454, 0.95778924), (0.13188101, -0.017223896, 0.9911159), (0.13188101, -0.017223896, 0.9911159), (0.15353854, -0.24303454, 0.95778924), (0.28600195, -0.20636642, 0.93574345), (0.18324372, 0.032039426, 0.9825453), (0.16259815, 0.12177218, 0.97914934), (0.13188101, -0.017223896, 0.9911159), (0.18324372, 0.032039426, 0.9825453), (0.14181162, 0.12580414, 0.98186696), (-0.0030281895, 0.6224114, 0.7826845), (-0.2068686, 0.50151515, 0.84005237), (-0.1876381, 0.18732211, 0.9642107), (0.028468482, 0.3330305, 0.9424862), (-0.2068686, 0.50151515, 0.84005237), (-0.19175915, 0.462772, 0.8654886), (-0.14868036, 0.16370349, 0.9752411), (-0.1876381, 0.18732211, 0.9642107), (-0.1876381, 0.18732211, 0.9642107), (-0.14868036, 0.16370349, 0.9752411), (-0.18392394, 0.015256023, 0.9828221), (-0.18553258, 0.02739955, 0.98225605), (0.028468482, 0.3330305, 0.9424862), (-0.1876381, 0.18732211, 0.9642107), (-0.18553258, 0.02739955, 0.98225605), (0.071313135, 0.20807676, 0.97550935), (0.24563693, 0.6018968, 0.75985706), (-0.03821566, 0.5171016, 0.8550705), (-0.19694833, 0.6426339, 0.7404276), (0.045495946, 0.74498624, 0.6655265), (-0.03821566, 0.5171016, 0.8550705), (-0.13864523, 0.43313524, 0.89060175), (-0.25993255, 0.59162277, 0.7631629), (-0.19694833, 0.6426339, 0.7404276), (-0.19694833, 0.6426339, 0.7404276), (-0.25993255, 0.59162277, 0.7631629), (-0.19175915, 0.462772, 0.8654886), (-0.2068686, 0.50151515, 0.84005237), (0.045495946, 0.74498624, 0.6655265), (-0.19694833, 0.6426339, 0.7404276), (-0.2068686, 0.50151515, 0.84005237), (-0.0030281895, 0.6224114, 0.7826845), (0.33685425, 0.15357828, 0.92894727), (0.16259815, 0.12177218, 0.97914934), (0.13161613, 0.2783369, 0.951423), (0.36000815, 0.3265626, 0.87392855), (0.16259815, 0.12177218, 0.97914934), (0.14181162, 0.12580414, 0.98186696), (0.06150651, 0.2039983, 0.97703713), (0.13161613, 0.2783369, 0.951423), (0.13161613, 0.2783369, 0.951423), (0.06150651, 0.2039983, 0.97703713), (-0.13864523, 0.43313524, 0.89060175), (-0.03821566, 0.5171016, 0.8550705), (0.36000815, 0.3265626, 0.87392855), (0.13161613, 0.2783369, 0.951423), (-0.03821566, 0.5171016, 0.8550705), (0.24563693, 0.6018968, 0.75985706), (0.3506047, -0.1622577, 0.9223605), (0.41780636, -0.25751096, 0.87127835), (0.20040214, -0.36765826, 0.90811145), (0.15353854, -0.24303454, 0.95778924), (0.41780636, -0.25751096, 0.87127835), (0.44364017, -0.2875913, 0.84880775), (0.21110828, -0.36393648, 0.90718436), (0.20040214, -0.36765826, 0.90811145), (0.20040214, -0.36765826, 0.90811145), (0.21110828, -0.36393648, 0.90718436), (0.34773424, -0.3028841, 0.887323), (0.35758656, -0.341246, 0.86930037), (0.15353854, -0.24303454, 0.95778924), (0.20040214, -0.36765826, 0.90811145), (0.35758656, -0.341246, 0.86930037), (0.28600195, -0.20636642, 0.93574345), (0.44364017, -0.2875913, 0.84880775), (0.42240936, -0.19908454, 0.88427126), (0.18396766, -0.30432582, 0.93463457), (0.21110828, -0.36393648, 0.90718436), (0.42240936, -0.19908454, 0.88427126), (0.39853695, -0.13313146, 0.90743834), (0.12303172, -0.21870442, 0.96800387), (0.18396766, -0.30432582, 0.93463457), (0.18396766, -0.30432582, 0.93463457), (0.12303172, -0.21870442, 0.96800387), (0.1975025, -0.14521483, 0.96948725), (0.28220505, -0.21274258, 0.9354683), (0.21110828, -0.36393648, 0.90718436), (0.18396766, -0.30432582, 0.93463457), (0.28220505, -0.21274258, 0.9354683), (0.34773424, -0.3028841, 0.887323), (0.39853695, -0.13313146, 0.90743834), (0.38015863, -0.2783774, 0.88203484), (0.020823905, -0.27813834, 0.9603152), (0.12303172, -0.21870442, 0.96800387), (0.38015863, -0.2783774, 0.88203484), (0.34565207, -0.36037928, 0.86640143), (-0.111615, -0.33291402, 0.93632805), (0.020823905, -0.27813834, 0.9603152), (0.020823905, -0.27813834, 0.9603152), (-0.111615, -0.33291402, 0.93632805), (0.0023607865, -0.28412682, 0.95878375), (0.1257331, -0.22501343, 0.9662092), (0.12303172, -0.21870442, 0.96800387), (0.020823905, -0.27813834, 0.9603152), (0.1257331, -0.22501343, 0.9662092), (0.1975025, -0.14521483, 0.96948725), (0.3506047, -0.1622577, 0.9223605), (0.31402713, 0.010094346, 0.9493604), (0.642794, 0.14636643, 0.751926), (0.6764154, 0.027563417, 0.7360044), (0.31402713, 0.010094346, 0.9493604), (0.33685425, 0.15357828, 0.92894727), (0.6128605, 0.24721472, 0.75052446), (0.642794, 0.14636643, 0.751926), (0.642794, 0.14636643, 0.751926), (0.6128605, 0.24721472, 0.75052446), (0.7485755, 0.32013616, 0.5806441), (0.80722266, 0.23718175, 0.54049647), (0.6764154, 0.027563417, 0.7360044), (0.642794, 0.14636643, 0.751926), (0.80722266, 0.23718175, 0.54049647), (0.8255701, 0.08703141, 0.55754775), (0.34565207, -0.36037928, 0.86640143), (0.38015863, -0.2783774, 0.88203484), (0.7066726, -0.15787764, 0.6897017), (0.735071, -0.25965098, 0.6263003), (0.38015863, -0.2783774, 0.88203484), (0.39853695, -0.13313146, 0.90743834), (0.69253474, 0.005870943, 0.7213606), (0.7066726, -0.15787764, 0.6897017), (0.7066726, -0.15787764, 0.6897017), (0.69253474, 0.005870943, 0.7213606), (0.6826228, -0.12857682, 0.7193708), (0.59555084, -0.3203882, 0.7366618), (0.735071, -0.25965098, 0.6263003), (0.7066726, -0.15787764, 0.6897017), (0.59555084, -0.3203882, 0.7366618), (0.6570414, -0.30913278, 0.6875562), (0.24563693, 0.6018968, 0.75985706), (0.045495946, 0.74498624, 0.6655265), (0.30007625, 0.79598784, 0.5256973), (0.52668566, 0.60509026, 0.59704936), (0.045495946, 0.74498624, 0.6655265), (-0.0030281895, 0.6224114, 0.7826845), (0.23345427, 0.71577567, 0.6581521), (0.30007625, 0.79598784, 0.5256973), (0.30007625, 0.79598784, 0.5256973), (0.23345427, 0.71577567, 0.6581521), (0.22390205, 0.7455256, 0.6277415), (0.31040525, 0.83089274, 0.46180716), (0.52668566, 0.60509026, 0.59704936), (0.30007625, 0.79598784, 0.5256973), (0.31040525, 0.83089274, 0.46180716), (0.5937733, 0.595818, 0.54077184), (0.44364017, -0.2875913, 0.84880775), (0.41780636, -0.25751096, 0.87127835), (0.71601593, -0.06627984, 0.6949303), (0.7371458, -0.12999448, 0.663112), (0.41780636, -0.25751096, 0.87127835), (0.3506047, -0.1622577, 0.9223605), (0.6764154, 0.027563417, 0.7360044), (0.71601593, -0.06627984, 0.6949303), (0.71601593, -0.06627984, 0.6949303), (0.6764154, 0.027563417, 0.7360044), (0.8255701, 0.08703141, 0.55754775), (0.7887452, -0.04464204, 0.6130972), (0.7371458, -0.12999448, 0.663112), (0.71601593, -0.06627984, 0.6949303), (0.7887452, -0.04464204, 0.6130972), (0.754719, -0.1327836, 0.64247006), (0.33685425, 0.15357828, 0.92894727), (0.36000815, 0.3265626, 0.87392855), (0.6293998, 0.3261011, 0.70534676), (0.6128605, 0.24721472, 0.75052446), (0.36000815, 0.3265626, 0.87392855), (0.24563693, 0.6018968, 0.75985706), (0.52668566, 0.60509026, 0.59704936), (0.6293998, 0.3261011, 0.70534676), (0.6293998, 0.3261011, 0.70534676), (0.52668566, 0.60509026, 0.59704936), (0.5937733, 0.595818, 0.54077184), (0.7376529, 0.3081212, 0.6007741), (0.6128605, 0.24721472, 0.75052446), (0.6293998, 0.3261011, 0.70534676), (0.7376529, 0.3081212, 0.6007741), (0.7485755, 0.32013616, 0.5806441), (0.39853695, -0.13313146, 0.90743834), (0.42240936, -0.19908454, 0.88427126), (0.71932375, -0.039696705, 0.69353986), (0.69253474, 0.005870943, 0.7213606), (0.42240936, -0.19908454, 0.88427126), (0.44364017, -0.2875913, 0.84880775), (0.7371458, -0.12999448, 0.663112), (0.71932375, -0.039696705, 0.69353986), (0.71932375, -0.039696705, 0.69353986), (0.7371458, -0.12999448, 0.663112), (0.754719, -0.1327836, 0.64247006), (0.7374651, -0.08185957, 0.67040604), (0.69253474, 0.005870943, 0.7213606), (0.71932375, -0.039696705, 0.69353986), (0.7374651, -0.08185957, 0.67040604), (0.6826228, -0.12857682, 0.7193708), (-0.0030281895, 0.6224114, 0.7826845), (0.028468482, 0.3330305, 0.9424862), (0.2617938, 0.48470947, 0.83457816), (0.23345427, 0.71577567, 0.6581521), (0.028468482, 0.3330305, 0.9424862), (0.071313135, 0.20807676, 0.97550935), (0.27987766, 0.3470514, 0.895111), (0.2617938, 0.48470947, 0.83457816), (0.2617938, 0.48470947, 0.83457816), (0.27987766, 0.3470514, 0.895111), (0.28140718, 0.37059957, 0.8851361), (0.25592282, 0.5080138, 0.82245094), (0.23345427, 0.71577567, 0.6581521), (0.2617938, 0.48470947, 0.83457816), (0.25592282, 0.5080138, 0.82245094), (0.22390205, 0.7455256, 0.6277415), (0.34565207, -0.36037928, 0.86640143), (0.2758359, -0.45318675, 0.84766525), (-0.47889963, -0.42159754, 0.77000695), (-0.37761784, -0.40653148, 0.8319477), (0.30562222, -0.33634558, 0.8907675), (-0.41993392, -0.37567922, 0.82614815), (-0.47889963, -0.42159754, 0.77000695), (0.2758359, -0.45318675, 0.84766525), (-0.38955215, -0.4054124, 0.8269764), (-0.37761784, -0.40653148, 0.8319477), (-0.47889963, -0.42159754, 0.77000695), (-0.41993392, -0.37567922, 0.82614815), (0.34565207, -0.36037928, 0.86640143), (0.735071, -0.25965098, 0.6263003), (0.74457246, -0.30391234, 0.59434766), (0.83014596, -0.2624558, 0.49190912), (0.735071, -0.25965098, 0.6263003), (0.6570414, -0.30913278, 0.6875562), (0.72399163, -0.29603913, 0.6230545), (0.74457246, -0.30391234, 0.59434766), (0.74457246, -0.30391234, 0.59434766), (0.72399163, -0.29603913, 0.6230545), (0.7033011, -0.32639545, 0.6315328), (0.7386283, -0.25128773, 0.625526), (0.83014596, -0.2624558, 0.49190912), (0.74457246, -0.30391234, 0.59434766), (0.7386283, -0.25128773, 0.625526), (0.84619015, -0.18304199, 0.50045764), (-0.53816533, -0.20923674, 0.8164545), (-0.50431824, -0.239685, 0.82958674), (-0.58803934, -0.1566191, 0.7935239), (-0.62254256, -0.11937428, 0.7734277), (-0.50431824, -0.239685, 0.82958674), (0.15000825, -0.47593743, 0.86659163), (0.03349914, -0.5035721, 0.8633035), (-0.58803934, -0.1566191, 0.7935239), (-0.58803934, -0.1566191, 0.7935239), (0.03349914, -0.5035721, 0.8633035), (-0.050242487, -0.50959957, 0.8589435), (-0.62995076, -0.08611226, 0.77184635), (-0.62254256, -0.11937428, 0.7734277), (-0.58803934, -0.1566191, 0.7935239), (-0.62995076, -0.08611226, 0.77184635), (-0.66168356, -0.04862314, 0.748205), (0.72436595, -0.48757046, 0.48741052), (0.5714817, -0.52241445, 0.63284427), (0.450612, -0.6171712, 0.6450182), (0.6155199, -0.6047561, 0.5053764), (0.5714817, -0.52241445, 0.63284427), (0.4851909, -0.5271922, 0.6976089), (0.35741112, -0.6117805, 0.70567834), (0.450612, -0.6171712, 0.6450182), (0.450612, -0.6171712, 0.6450182), (0.35741112, -0.6117805, 0.70567834), (0.25932539, -0.64540035, 0.7184767), (0.35511494, -0.6635606, 0.6584684), (0.6155199, -0.6047561, 0.5053764), (0.450612, -0.6171712, 0.6450182), (0.35511494, -0.6635606, 0.6584684), (0.5248954, -0.67470473, 0.518901), (-0.7460931, -0.18052809, 0.6409015), (-0.72107434, -0.21431908, 0.6588771), (-0.8308144, -0.41369691, 0.3722932), (-0.84425145, -0.38719267, 0.370569), (-0.72107434, -0.21431908, 0.6588771), (-0.15513912, -0.6645612, 0.7309516), (-0.2856879, -0.8552613, 0.43233147), (-0.8308144, -0.41369691, 0.3722932), (-0.8308144, -0.41369691, 0.3722932), (-0.2856879, -0.8552613, 0.43233147), (-0.34018382, -0.91211534, 0.22873694), (-0.84236574, -0.51103824, 0.17105512), (-0.84425145, -0.38719267, 0.370569), (-0.8308144, -0.41369691, 0.3722932), (-0.84236574, -0.51103824, 0.17105512), (-0.8699707, -0.4635239, 0.168216), (0.4218091, -0.7691677, 0.48006055), (0.23935956, -0.7690028, 0.59274083), (0.13685283, -0.91869026, 0.37051246), (0.33497888, -0.8886781, 0.31311408), (0.23935956, -0.7690028, 0.59274083), (0.1460366, -0.7603651, 0.6328651), (0.042850196, -0.91769147, 0.39497623), (0.13685283, -0.91869026, 0.37051246), (0.13685283, -0.91869026, 0.37051246), (0.042850196, -0.91769147, 0.39497623), (-0.023610186, -0.97809887, 0.20679753), (0.082598194, -0.9759913, 0.20154034), (0.33497888, -0.8886781, 0.31311408), (0.13685283, -0.91869026, 0.37051246), (0.082598194, -0.9759913, 0.20154034), (0.28927767, -0.9391535, 0.18522726), (0.5248954, -0.67470473, 0.518901), (0.35511494, -0.6635606, 0.6584684), (0.29916692, -0.69139314, 0.6576281), (0.47173995, -0.7110198, 0.521452), (0.35511494, -0.6635606, 0.6584684), (0.25932539, -0.64540035, 0.7184767), (0.20592368, -0.66993773, 0.7132875), (0.29916692, -0.69139314, 0.6576281), (0.29916692, -0.69139314, 0.6576281), (0.20592368, -0.66993773, 0.7132875), (0.1460366, -0.7603651, 0.6328651), (0.23935956, -0.7690028, 0.59274083), (0.47173995, -0.7110198, 0.521452), (0.29916692, -0.69139314, 0.6576281), (0.23935956, -0.7690028, 0.59274083), (0.4218091, -0.7691677, 0.48006055), (-0.66168356, -0.04862314, 0.748205), (-0.62995076, -0.08611226, 0.77184635), (-0.6493823, -0.0897127, 0.7551518), (-0.6815949, -0.05108796, 0.7299441), (-0.62995076, -0.08611226, 0.77184635), (-0.050242487, -0.50959957, 0.8589435), (-0.087680735, -0.54190135, 0.8358559), (-0.6493823, -0.0897127, 0.7551518), (-0.6493823, -0.0897127, 0.7551518), (-0.087680735, -0.54190135, 0.8358559), (-0.15513912, -0.6645612, 0.7309516), (-0.72107434, -0.21431908, 0.6588771), (-0.6815949, -0.05108796, 0.7299441), (-0.6493823, -0.0897127, 0.7551518), (-0.72107434, -0.21431908, 0.6588771), (-0.7460931, -0.18052809, 0.6409015), (0.8540954, -0.1901583, 0.48410842), (0.71649694, -0.25198525, 0.6504886), (0.66998506, -0.3802491, 0.63759756), (0.8124075, -0.33005086, 0.48068756), (0.71649694, -0.25198525, 0.6504886), (0.63138664, -0.2713902, 0.7264284), (0.58544046, -0.39069027, 0.7103664), (0.66998506, -0.3802491, 0.63759756), (0.66998506, -0.3802491, 0.63759756), (0.58544046, -0.39069027, 0.7103664), (0.4851909, -0.5271922, 0.6976089), (0.5714817, -0.52241445, 0.63284427), (0.8124075, -0.33005086, 0.48068756), (0.66998506, -0.3802491, 0.63759756), (0.5714817, -0.52241445, 0.63284427), (0.72436595, -0.48757046, 0.48741052), (-0.39025867, -0.33469698, 0.8577156), (-0.36738083, -0.3391276, 0.86603916), (-0.4152629, -0.298006, 0.8595052), (-0.44329914, -0.27992904, 0.85154307), (-0.36738083, -0.3391276, 0.86603916), (0.2997732, -0.3520706, 0.8866692), (0.24713671, -0.41253024, 0.87677944), (-0.4152629, -0.298006, 0.8595052), (-0.4152629, -0.298006, 0.8595052), (0.24713671, -0.41253024, 0.87677944), (0.15000825, -0.47593743, 0.86659163), (-0.50431824, -0.239685, 0.82958674), (-0.44329914, -0.27992904, 0.85154307), (-0.4152629, -0.298006, 0.8595052), (-0.50431824, -0.239685, 0.82958674), (-0.53816533, -0.20923674, 0.8164545), (-0.38955215, -0.4054124, 0.8269764), (-0.41993392, -0.37567922, 0.82614815), (-0.37317505, -0.346379, 0.8606752), (-0.388382, -0.34946504, 0.8526627), (-0.41993392, -0.37567922, 0.82614815), (0.30562222, -0.33634558, 0.8907675), (0.3182543, -0.29309958, 0.901558), (-0.37317505, -0.346379, 0.8606752), (-0.37317505, -0.346379, 0.8606752), (0.3182543, -0.29309958, 0.901558), (0.2997732, -0.3520706, 0.8866692), (-0.36738083, -0.3391276, 0.86603916), (-0.388382, -0.34946504, 0.8526627), (-0.37317505, -0.346379, 0.8606752), (-0.36738083, -0.3391276, 0.86603916), (-0.39025867, -0.33469698, 0.8577156), (0.84619015, -0.18304199, 0.50045764), (0.7386283, -0.25128773, 0.625526), (0.7367912, -0.15639228, 0.6577842), (0.8618409, -0.096127436, 0.4979857), (0.7386283, -0.25128773, 0.625526), (0.7033011, -0.32639545, 0.6315328), (0.671458, -0.17671587, 0.71966356), (0.7367912, -0.15639228, 0.6577842), (0.7367912, -0.15639228, 0.6577842), (0.671458, -0.17671587, 0.71966356), (0.63138664, -0.2713902, 0.7264284), (0.71649694, -0.25198525, 0.6504886), (0.8618409, -0.096127436, 0.4979857), (0.7367912, -0.15639228, 0.6577842), (0.71649694, -0.25198525, 0.6504886), (0.8540954, -0.1901583, 0.48410842), (-0.19145371, -0.43699884, 0.8788501), (-0.23841332, -0.4181603, 0.87652785), (-0.18696833, -0.35414907, 0.9163085), (-0.08531499, -0.35393175, 0.93137187), (-0.23841332, -0.4181603, 0.87652785), (-0.38955215, -0.4054124, 0.8269764), (-0.388382, -0.34946504, 0.8526627), (-0.18696833, -0.35414907, 0.9163085), (-0.18696833, -0.35414907, 0.9163085), (-0.388382, -0.34946504, 0.8526627), (-0.39025867, -0.33469698, 0.8577156), (-0.1648871, -0.35368073, 0.9207183), (-0.08531499, -0.35393175, 0.93137187), (-0.18696833, -0.35414907, 0.9163085), (-0.1648871, -0.35368073, 0.9207183), (-0.047701303, -0.35584342, 0.9333274), (-0.047701303, -0.35584342, 0.9333274), (-0.1648871, -0.35368073, 0.9207183), (-0.21833032, -0.33158436, 0.9178146), (-0.09366101, -0.35040867, 0.931902), (-0.1648871, -0.35368073, 0.9207183), (-0.39025867, -0.33469698, 0.8577156), (-0.44329914, -0.27992904, 0.85154307), (-0.21833032, -0.33158436, 0.9178146), (-0.21833032, -0.33158436, 0.9178146), (-0.44329914, -0.27992904, 0.85154307), (-0.53816533, -0.20923674, 0.8164545), (-0.32254747, -0.30539414, 0.8959339), (-0.09366101, -0.35040867, 0.931902), (-0.21833032, -0.33158436, 0.9178146), (-0.32254747, -0.30539414, 0.8959339), (-0.19081067, -0.34911302, 0.91744834), (-0.37085155, -0.30180368, 0.8782845), (-0.4873937, -0.21572582, 0.8461145), (-0.5205408, -0.22639106, 0.8232767), (-0.41045395, -0.31368527, 0.85622954), (-0.4873937, -0.21572582, 0.8461145), (-0.66168356, -0.04862314, 0.748205), (-0.6815949, -0.05108796, 0.7299441), (-0.5205408, -0.22639106, 0.8232767), (-0.5205408, -0.22639106, 0.8232767), (-0.6815949, -0.05108796, 0.7299441), (-0.7460931, -0.18052809, 0.6409015), (-0.5897607, -0.35366157, 0.72602046), (-0.41045395, -0.31368527, 0.85622954), (-0.5205408, -0.22639106, 0.8232767), (-0.5897607, -0.35366157, 0.72602046), (-0.47853276, -0.42710313, 0.76719576), (-0.47853276, -0.42710313, 0.76719576), (-0.5897607, -0.35366157, 0.72602046), (-0.700282, -0.56578404, 0.4353086), (-0.6032664, -0.6397121, 0.47627518), (-0.5897607, -0.35366157, 0.72602046), (-0.7460931, -0.18052809, 0.6409015), (-0.84425145, -0.38719267, 0.370569), (-0.700282, -0.56578404, 0.4353086), (-0.700282, -0.56578404, 0.4353086), (-0.84425145, -0.38719267, 0.370569), (-0.8699707, -0.4635239, 0.168216), (-0.7364472, -0.6425602, 0.21156994), (-0.6032664, -0.6397121, 0.47627518), (-0.700282, -0.56578404, 0.4353086), (-0.7364472, -0.6425602, 0.21156994), (-0.6460014, -0.72743344, 0.23134997), (-0.19081067, -0.34911302, 0.91744834), (-0.32254747, -0.30539414, 0.8959339), (-0.4264372, -0.25771642, 0.86702573), (-0.2976341, -0.32880488, 0.8962708), (-0.32254747, -0.30539414, 0.8959339), (-0.53816533, -0.20923674, 0.8164545), (-0.62254256, -0.11937428, 0.7734277), (-0.4264372, -0.25771642, 0.86702573), (-0.4264372, -0.25771642, 0.86702573), (-0.62254256, -0.11937428, 0.7734277), (-0.66168356, -0.04862314, 0.748205), (-0.4873937, -0.21572582, 0.8461145), (-0.2976341, -0.32880488, 0.8962708), (-0.4264372, -0.25771642, 0.86702573), (-0.4873937, -0.21572582, 0.8461145), (-0.37085155, -0.30180368, 0.8782845), (0.0023607865, -0.28412682, 0.95878375), (-0.111615, -0.33291402, 0.93632805), (-0.21957569, -0.39601246, 0.8916057), (-0.18216924, -0.36008504, 0.91496074), (-0.111615, -0.33291402, 0.93632805), (0.34565207, -0.36037928, 0.86640143), (-0.37761784, -0.40653148, 0.8319477), (-0.21957569, -0.39601246, 0.8916057), (-0.21957569, -0.39601246, 0.8916057), (-0.37761784, -0.40653148, 0.8319477), (-0.38955215, -0.4054124, 0.8269764), (-0.23841332, -0.4181603, 0.87652785), (-0.18216924, -0.36008504, 0.91496074), (-0.21957569, -0.39601246, 0.8916057), (-0.23841332, -0.4181603, 0.87652785), (-0.19145371, -0.43699884, 0.8788501), (0.30562222, -0.33634558, 0.8907675), (0.8716255, -0.14196548, 0.46916392), (0.8590815, -0.100996904, 0.5017755), (0.3182543, -0.29309958, 0.901558), (0.8716255, -0.14196548, 0.46916392), (0.84619015, -0.18304199, 0.50045764), (0.8618409, -0.096127436, 0.4979857), (0.8590815, -0.100996904, 0.5017755), (0.8590815, -0.100996904, 0.5017755), (0.8618409, -0.096127436, 0.4979857), (0.8540954, -0.1901583, 0.48410842), (0.84088784, -0.19843377, 0.50351936), (0.3182543, -0.29309958, 0.901558), (0.8590815, -0.100996904, 0.5017755), (0.84088784, -0.19843377, 0.50351936), (0.2997732, -0.3520706, 0.8866692), (0.2997732, -0.3520706, 0.8866692), (0.84088784, -0.19843377, 0.50351936), (0.800425, -0.33167836, 0.49930876), (0.24713671, -0.41253024, 0.87677944), (0.84088784, -0.19843377, 0.50351936), (0.8540954, -0.1901583, 0.48410842), (0.8124075, -0.33005086, 0.48068756), (0.800425, -0.33167836, 0.49930876), (0.800425, -0.33167836, 0.49930876), (0.8124075, -0.33005086, 0.48068756), (0.72436595, -0.48757046, 0.48741052), (0.7197561, -0.4815678, 0.50004363), (0.24713671, -0.41253024, 0.87677944), (0.800425, -0.33167836, 0.49930876), (0.7197561, -0.4815678, 0.50004363), (0.15000825, -0.47593743, 0.86659163), (-0.050242487, -0.50959957, 0.8589435), (0.5245934, -0.6706557, 0.524426), (0.4723924, -0.7096499, 0.522726), (-0.087680735, -0.54190135, 0.8358559), (0.5245934, -0.6706557, 0.524426), (0.5248954, -0.67470473, 0.518901), (0.47173995, -0.7110198, 0.521452), (0.4723924, -0.7096499, 0.522726), (0.4723924, -0.7096499, 0.522726), (0.47173995, -0.7110198, 0.521452), (0.4218091, -0.7691677, 0.48006055), (0.4259115, -0.7695818, 0.47575545), (-0.087680735, -0.54190135, 0.8358559), (0.4723924, -0.7096499, 0.522726), (0.4259115, -0.7695818, 0.47575545), (-0.15513912, -0.6645612, 0.7309516), (-0.15513912, -0.6645612, 0.7309516), (0.4259115, -0.7695818, 0.47575545), (0.3382082, -0.88723606, 0.31373155), (-0.2856879, -0.8552613, 0.43233147), (0.4259115, -0.7695818, 0.47575545), (0.4218091, -0.7691677, 0.48006055), (0.33497888, -0.8886781, 0.31311408), (0.3382082, -0.88723606, 0.31373155), (0.3382082, -0.88723606, 0.31373155), (0.33497888, -0.8886781, 0.31311408), (0.28927767, -0.9391535, 0.18522726), (0.26218727, -0.9451981, 0.19457227), (-0.2856879, -0.8552613, 0.43233147), (0.3382082, -0.88723606, 0.31373155), (0.26218727, -0.9451981, 0.19457227), (-0.34018382, -0.91211534, 0.22873694), (0.15000825, -0.47593743, 0.86659163), (0.7197561, -0.4815678, 0.50004363), (0.6150391, -0.5977704, 0.5141959), (0.03349914, -0.5035721, 0.8633035), (0.7197561, -0.4815678, 0.50004363), (0.72436595, -0.48757046, 0.48741052), (0.6155199, -0.6047561, 0.5053764), (0.6150391, -0.5977704, 0.5141959), (0.6150391, -0.5977704, 0.5141959), (0.6155199, -0.6047561, 0.5053764), (0.5248954, -0.67470473, 0.518901), (0.5245934, -0.6706557, 0.524426), (0.03349914, -0.5035721, 0.8633035), (0.6150391, -0.5977704, 0.5141959), (0.5245934, -0.6706557, 0.524426), (-0.050242487, -0.50959957, 0.8589435), (0.34565207, -0.36037928, 0.86640143), (0.83014596, -0.2624558, 0.49190912), (0.8768862, -0.23835522, 0.41744146), (0.2758359, -0.45318675, 0.84766525), (0.84619015, -0.18304199, 0.50045764), (0.8716255, -0.14196548, 0.46916392), (0.8768862, -0.23835522, 0.41744146), (0.83014596, -0.2624558, 0.49190912), (0.30562222, -0.33634558, 0.8907675), (0.2758359, -0.45318675, 0.84766525), (0.8768862, -0.23835522, 0.41744146), (0.8716255, -0.14196548, 0.46916392), (-0.1458106, 0.45894718, 0.876417), (-0.41965201, 0.62807035, 0.65530133), (-0.5109205, 0.6859858, 0.5180575), (-0.54508543, 0.73554146, 0.40231913), (-0.41965201, 0.62807035, 0.65530133), (-0.36782488, 0.5766274, 0.72952425), (-0.52417904, 0.67741716, 0.5160837), (-0.5109205, 0.6859858, 0.5180575), (-0.5109205, 0.6859858, 0.5180575), (-0.52417904, 0.67741716, 0.5160837), (-0.6154211, 0.75393593, 0.22986409), (-0.591715, 0.764336, 0.2562498), (-0.54508543, 0.73554146, 0.40231913), (-0.5109205, 0.6859858, 0.5180575), (-0.591715, 0.764336, 0.2562498), (-0.55746627, 0.778876, 0.28737363), (-0.1458106, 0.45894718, 0.876417), (-0.14073882, 0.4392277, 0.88728327), (-0.36084452, 0.56609637, 0.74116534), (-0.41965201, 0.62807035, 0.65530133), (-0.14073882, 0.4392277, 0.88728327), (-0.18564793, 0.29476938, 0.9373611), (-0.38543132, 0.4091871, 0.8270481), (-0.36084452, 0.56609637, 0.74116534), (-0.36084452, 0.56609637, 0.74116534), (-0.38543132, 0.4091871, 0.8270481), (-0.34541172, 0.37585434, 0.85989785), (-0.32096243, 0.4952445, 0.8072893), (-0.41965201, 0.62807035, 0.65530133), (-0.36084452, 0.56609637, 0.74116534), (-0.32096243, 0.4952445, 0.8072893), (-0.36782488, 0.5766274, 0.72952425), (-0.18564793, 0.29476938, 0.9373611), (-0.14073882, 0.4392277, 0.88728327), (0.05270755, 0.2717354, 0.9609276), (0.0037833832, 0.24820457, 0.9687003), (-0.14073882, 0.4392277, 0.88728327), (-0.1458106, 0.45894718, 0.876417), (0.098045744, 0.18003735, 0.9787612), (0.05270755, 0.2717354, 0.9609276), (0.05270755, 0.2717354, 0.9609276), (0.098045744, 0.18003735, 0.9787612), (-0.011170043, 0.2253482, 0.97421426), (-0.06041504, 0.31235215, 0.94804335), (0.0037833832, 0.24820457, 0.9687003), (0.05270755, 0.2717354, 0.9609276), (-0.06041504, 0.31235215, 0.94804335), (-0.08029472, 0.36012957, 0.92944044), (-0.1458106, 0.45894718, 0.876417), (-0.11837774, 0.47365496, 0.8727185), (0.43483165, -0.05770213, 0.8986612), (0.34942165, -0.029494397, 0.9365012), (-0.015728565, 0.49999458, 0.8658857), (0.4740946, -0.012429683, 0.8803861), (0.43483165, -0.05770213, 0.8986612), (-0.11837774, 0.47365496, 0.8727185), (0.51894873, -0.117328286, 0.846715), (0.34942165, -0.029494397, 0.9365012), (0.43483165, -0.05770213, 0.8986612), (0.4740946, -0.012429683, 0.8803861), (-0.55746627, 0.778876, 0.28737363), (-0.591715, 0.764336, 0.2562498), (-0.67373663, 0.7179448, 0.17502588), (-0.64411676, 0.7296985, 0.22946416), (-0.591715, 0.764336, 0.2562498), (-0.6154211, 0.75393593, 0.22986409), (-0.6791335, 0.71808964, 0.1520689), (-0.67373663, 0.7179448, 0.17502588), (-0.67373663, 0.7179448, 0.17502588), (-0.6791335, 0.71808964, 0.1520689), (-0.7389343, 0.6479317, 0.18482591), (-0.7373885, 0.6456776, 0.19839013), (-0.64411676, 0.7296985, 0.22946416), (-0.67373663, 0.7179448, 0.17502588), (-0.7373885, 0.6456776, 0.19839013), (-0.70031995, 0.6621431, 0.2666803), (0.51894873, -0.117328286, 0.846715), (0.4740946, -0.012429683, 0.8803861), (0.53297, 0.062910035, 0.8437922), (0.6370435, -0.08053434, 0.76660925), (0.4740946, -0.012429683, 0.8803861), (-0.015728565, 0.49999458, 0.8658857), (0.064889446, 0.48931777, 0.8696882), (0.53297, 0.062910035, 0.8437922), (0.53297, 0.062910035, 0.8437922), (0.064889446, 0.48931777, 0.8696882), (0.10615991, 0.51393324, 0.85123605), (0.58897984, 0.15606055, 0.79293627), (0.6370435, -0.08053434, 0.76660925), (0.53297, 0.062910035, 0.8437922), (0.58897984, 0.15606055, 0.79293627), (0.69986796, 0.030561274, 0.7136181), (-0.70031995, 0.6621431, 0.2666803), (-0.7373885, 0.6456776, 0.19839013), (-0.8316523, 0.45086148, 0.32415786), (-0.7892538, 0.47101316, 0.39398628), (-0.7373885, 0.6456776, 0.19839013), (-0.7389343, 0.6479317, 0.18482591), (-0.8347135, 0.46332067, 0.29763612), (-0.8316523, 0.45086148, 0.32415786), (-0.8316523, 0.45086148, 0.32415786), (-0.8347135, 0.46332067, 0.29763612), (-0.8768331, 0.298035, 0.37727827), (-0.8687445, 0.30701742, 0.3886172), (-0.7892538, 0.47101316, 0.39398628), (-0.8316523, 0.45086148, 0.32415786), (-0.8687445, 0.30701742, 0.3886172), (-0.83353686, 0.33377627, 0.44023815), (0.69986796, 0.030561274, 0.7136181), (0.58897984, 0.15606055, 0.79293627), (0.59524643, 0.22875856, 0.77029294), (0.73522294, 0.13271457, 0.66470605), (0.58897984, 0.15606055, 0.79293627), (0.10615991, 0.51393324, 0.85123605), (0.024332916, 0.45429376, 0.8905196), (0.59524643, 0.22875856, 0.77029294), (0.59524643, 0.22875856, 0.77029294), (0.024332916, 0.45429376, 0.8905196), (0.040918626, 0.5056727, 0.86175454), (0.6727995, 0.3300744, 0.6621115), (0.73522294, 0.13271457, 0.66470605), (0.59524643, 0.22875856, 0.77029294), (0.6727995, 0.3300744, 0.6621115), (0.80600363, 0.23591664, 0.5428641), (0.80600363, 0.23591664, 0.5428641), (0.6727995, 0.3300744, 0.6621115), (0.7014449, 0.5148941, 0.4928074), (0.8392598, 0.3763463, 0.39243647), (0.6727995, 0.3300744, 0.6621115), (0.040918626, 0.5056727, 0.86175454), (0.12761319, 0.7722399, 0.6223829), (0.7014449, 0.5148941, 0.4928074), (0.7014449, 0.5148941, 0.4928074), (0.12761319, 0.7722399, 0.6223829), (0.10067417, 0.8837898, 0.45692477), (0.64568514, 0.6320868, 0.4284356), (0.8392598, 0.3763463, 0.39243647), (0.7014449, 0.5148941, 0.4928074), (0.64568514, 0.6320868, 0.4284356), (0.81181556, 0.46868092, 0.34827262), (-0.83353686, 0.33377627, 0.44023815), (-0.8687445, 0.30701742, 0.3886172), (-0.78776056, 0.5674981, 0.23953979), (-0.77007294, 0.5675843, 0.2912655), (-0.8687445, 0.30701742, 0.3886172), (-0.8768331, 0.298035, 0.37727827), (-0.8210149, 0.495896, 0.28288096), (-0.78776056, 0.5674981, 0.23953979), (-0.78776056, 0.5674981, 0.23953979), (-0.8210149, 0.495896, 0.28288096), (-0.6826128, 0.718353, 0.13419682), (-0.70458645, 0.69796205, 0.12808937), (-0.77007294, 0.5675843, 0.2912655), (-0.78776056, 0.5674981, 0.23953979), (-0.70458645, 0.69796205, 0.12808937), (-0.6732673, 0.7199616, 0.16842335), (-0.08029472, 0.36012957, 0.92944044), (-0.06041504, 0.31235215, 0.94804335), (-0.13758089, 0.28774437, 0.9477735), (-0.12676947, 0.366125, 0.92189044), (-0.06041504, 0.31235215, 0.94804335), (-0.011170043, 0.2253482, 0.97421426), (-0.109786205, 0.2690294, 0.9568543), (-0.13758089, 0.28774437, 0.9477735), (-0.13758089, 0.28774437, 0.9477735), (-0.109786205, 0.2690294, 0.9568543), (-0.16350526, 0.22462791, 0.9606291), (-0.15191732, 0.26909825, 0.9510559), (-0.12676947, 0.366125, 0.92189044), (-0.13758089, 0.28774437, 0.9477735), (-0.15191732, 0.26909825, 0.9510559), (-0.13419236, 0.3444237, 0.92917424), (0.0023210517, -0.06627999, 0.9977983), (-0.06154337, 0.18415815, 0.980968), (-0.16476129, 0.3719729, 0.9135042), (-0.14814995, 0.17854972, 0.97271353), (-0.09245292, 0.3167595, 0.94398934), (-0.08029472, 0.36012957, 0.92944044), (-0.12676947, 0.366125, 0.92189044), (-0.17659955, 0.3880421, 0.90456396), (-0.17659955, 0.3880421, 0.90456396), (-0.12676947, 0.366125, 0.92189044), (-0.13419236, 0.3444237, 0.92917424), (-0.2110096, 0.39107352, 0.895844), (-0.06154337, 0.18415815, 0.980968), (-0.09245292, 0.3167595, 0.94398934), (-0.17659955, 0.3880421, 0.90456396), (-0.16476129, 0.3719729, 0.9135042), (-0.16476129, 0.3719729, 0.9135042), (-0.17659955, 0.3880421, 0.90456396), (-0.2110096, 0.39107352, 0.895844), (-0.22603874, 0.4423453, 0.8678924), (-0.16942805, 0.23511204, 0.9570875), (-0.18564793, 0.29476938, 0.9373611), (0.0037833832, 0.24820457, 0.9687003), (0.0060327305, 0.16682595, 0.9859679), (0.0060327305, 0.16682595, 0.9859679), (0.0037833832, 0.24820457, 0.9687003), (-0.08029472, 0.36012957, 0.92944044), (-0.09245292, 0.3167595, 0.94398934), (-0.2542668, 0.13702825, 0.9573775), (-0.16942805, 0.23511204, 0.9570875), (0.0060327305, 0.16682595, 0.9859679), (0.0021018602, 0.020488078, 0.99978787), (0.008876603, -0.25045758, 0.9680869), (0.0021018602, 0.020488078, 0.99978787), (-0.06154337, 0.18415815, 0.980968), (0.0023210517, -0.06627999, 0.9977983), (-0.5786961, 0.38062075, 0.72127575), (-0.7680227, 0.2892003, 0.57140553), (-0.76302207, 0.35241115, 0.5418522), (-0.5761684, 0.46211872, 0.67414856), (-0.14814995, 0.17854972, 0.97271353), (-0.16476129, 0.3719729, 0.9135042), (-0.22603874, 0.4423453, 0.8678924), (-0.24758357, 0.32369226, 0.9131953), (-0.45906672, -0.04975924, 0.8870072), (-0.2542668, 0.13702825, 0.9573775), (0.0021018602, 0.020488078, 0.99978787), (0.008876603, -0.25045758, 0.9680869), (-0.38774663, -0.14817387, 0.9097786), (-0.14814995, 0.17854972, 0.97271353), (-0.24758357, 0.32369226, 0.9131953), (-0.49179, -0.09053548, 0.8659942), (-0.5555295, -0.31154054, 0.7709276), (-0.38774663, -0.14817387, 0.9097786), (-0.49179, -0.09053548, 0.8659942), (-0.55478525, -0.30546132, 0.7738907), (-0.06706028, -0.42586663, 0.9022974), (0.008876603, -0.25045758, 0.9680869), (0.0023210517, -0.06627999, 0.9977983), (-0.19620644, -0.30337554, 0.9324518), (-0.19620644, -0.30337554, 0.9324518), (0.0023210517, -0.06627999, 0.9977983), (-0.14814995, 0.17854972, 0.97271353), (-0.38774663, -0.14817387, 0.9097786), (-0.3852074, -0.27885565, 0.8796902), (-0.4863048, -0.3746975, 0.78937274), (-0.5555295, -0.31154054, 0.7709276), (-0.29977435, -0.2866067, 0.9099406), (-0.4863048, -0.3746975, 0.78937274), (-0.19620644, -0.30337554, 0.9324518), (-0.38774663, -0.14817387, 0.9097786), (-0.5555295, -0.31154054, 0.7709276), (-0.59923244, 0.27202052, 0.75294435), (-0.5427626, 0.14049079, 0.82805264), (-0.5597429, 0.11333173, 0.8208798), (-0.6814577, 0.264978, 0.6822038), (-0.44571072, -0.10921405, 0.8884899), (-0.4060468, -0.058805224, 0.9119583), (-0.06706028, -0.42586663, 0.9022974), (-0.34761262, -0.43781474, 0.8291464), (-0.29977435, -0.2866067, 0.9099406), (-0.5555295, -0.31154054, 0.7709276), (-0.55478525, -0.30546132, 0.7738907), (-0.31170923, -0.3118769, 0.8975356), (-0.7004547, 0.2022202, 0.6844488), (-0.5705194, 0.15161127, 0.8071689), (-0.6086237, 0.20167637, 0.76740074), (-0.70840156, 0.17480269, 0.6838211), (-0.24569412, -0.27113298, 0.9306564), (-0.3852074, -0.27885565, 0.8796902), (-0.29977435, -0.2866067, 0.9099406), (-0.12496867, -0.31246427, 0.9416735), (-0.12496867, -0.31246427, 0.9416735), (-0.29977435, -0.2866067, 0.9099406), (-0.31170923, -0.3118769, 0.8975356), (-0.013379647, -0.29225382, 0.9562472), (-0.17050909, -0.36050797, 0.91703904), (-0.25619534, -0.35111952, 0.90059924), (-0.20012873, -0.38698664, 0.9001054), (-0.18998626, -0.35157147, 0.9166803), (-0.25619534, -0.35111952, 0.90059924), (-0.24569412, -0.27113298, 0.9306564), (-0.12496867, -0.31246427, 0.9416735), (-0.20012873, -0.38698664, 0.9001054), (-0.20012873, -0.38698664, 0.9001054), (-0.12496867, -0.31246427, 0.9416735), (-0.013379647, -0.29225382, 0.9562472), (-0.14402366, -0.41895875, 0.8965103), (-0.18998626, -0.35157147, 0.9166803), (-0.20012873, -0.38698664, 0.9001054), (-0.14402366, -0.41895875, 0.8965103), (-0.13118401, -0.40914556, 0.90298986), (-0.42032135, -0.023749694, 0.90706444), (-0.42459992, -0.12625033, 0.89653546), (-0.26694787, -0.35409802, 0.89629984), (-0.1525785, -0.36924493, 0.91672134), (-0.42459992, -0.12625033, 0.89653546), (-0.4454296, -0.06662686, 0.8928345), (-0.31383052, -0.2546497, 0.91469336), (-0.26694787, -0.35409802, 0.89629984), (-0.26694787, -0.35409802, 0.89629984), (-0.31383052, -0.2546497, 0.91469336), (-0.24569412, -0.27113298, 0.9306564), (-0.25619534, -0.35111952, 0.90059924), (-0.1525785, -0.36924493, 0.91672134), (-0.26694787, -0.35409802, 0.89629984), (-0.25619534, -0.35111952, 0.90059924), (-0.17050909, -0.36050797, 0.91703904), (-0.4454296, -0.06662686, 0.8928345), (-0.4876322, -0.0717687, 0.8700943), (-0.4081444, -0.28827608, 0.86620724), (-0.31383052, -0.2546497, 0.91469336), (-0.4081444, -0.28827608, 0.86620724), (-0.34761262, -0.43781474, 0.8291464), (-0.4863048, -0.3746975, 0.78937274), (-0.3852074, -0.27885565, 0.8796902), (-0.31383052, -0.2546497, 0.91469336), (-0.4081444, -0.28827608, 0.86620724), (-0.3852074, -0.27885565, 0.8796902), (-0.24569412, -0.27113298, 0.9306564), (-0.4454296, -0.06662686, 0.8928345), (-0.42459992, -0.12625033, 0.89653546), (-0.57853836, 0.14332993, 0.80296314), (-0.54497856, 0.12973526, 0.82835203), (-0.42459992, -0.12625033, 0.89653546), (-0.42032135, -0.023749694, 0.90706444), (-0.5422828, 0.18330981, 0.8199553), (-0.57853836, 0.14332993, 0.80296314), (-0.57853836, 0.14332993, 0.80296314), (-0.5422828, 0.18330981, 0.8199553), (-0.5477154, 0.19332336, 0.8140233), (-0.56964236, 0.14824972, 0.8084118), (-0.54497856, 0.12973526, 0.82835203), (-0.57853836, 0.14332993, 0.80296314), (-0.56964236, 0.14824972, 0.8084118), (-0.5419617, 0.09342172, 0.8351944), (-0.4876322, -0.0717687, 0.8700943), (-0.44571072, -0.10921405, 0.8884899), (-0.34761262, -0.43781474, 0.8291464), (-0.4081444, -0.28827608, 0.86620724), (-0.4876322, -0.0717687, 0.8700943), (-0.4454296, -0.06662686, 0.8928345), (-0.54497856, 0.12973526, 0.82835203), (-0.5427626, 0.14049079, 0.82805264), (-0.5427626, 0.14049079, 0.82805264), (-0.54497856, 0.12973526, 0.82835203), (-0.5419617, 0.09342172, 0.8351944), (-0.5597429, 0.11333173, 0.8208798), (-0.44571072, -0.10921405, 0.8884899), (-0.4876322, -0.0717687, 0.8700943), (-0.5427626, 0.14049079, 0.82805264), (-0.59923244, 0.27202052, 0.75294435), (-0.75141376, 0.37124836, 0.54548323), (-0.6814577, 0.264978, 0.6822038), (-0.7004547, 0.2022202, 0.6844488), (-0.725953, 0.2521764, 0.63984317), (-0.5597429, 0.11333173, 0.8208798), (-0.5419617, 0.09342172, 0.8351944), (-0.51627094, 0.13231409, 0.8461426), (-0.5705194, 0.15161127, 0.8071689), (-0.5705194, 0.15161127, 0.8071689), (-0.51627094, 0.13231409, 0.8461426), (-0.4883599, 0.1729472, 0.8553326), (-0.6086237, 0.20167637, 0.76740074), (-0.6814577, 0.264978, 0.6822038), (-0.5597429, 0.11333173, 0.8208798), (-0.5705194, 0.15161127, 0.8071689), (-0.7004547, 0.2022202, 0.6844488), (-0.5419617, 0.09342172, 0.8351944), (-0.56964236, 0.14824972, 0.8084118), (-0.55676925, 0.1634465, 0.81442815), (-0.51627094, 0.13231409, 0.8461426), (-0.56964236, 0.14824972, 0.8084118), (-0.5477154, 0.19332336, 0.8140233), (-0.5496788, 0.19152154, 0.81312525), (-0.55676925, 0.1634465, 0.81442815), (-0.55676925, 0.1634465, 0.81442815), (-0.5496788, 0.19152154, 0.81312525), (-0.5535881, 0.19587532, 0.8094276), (-0.5369475, 0.18499736, 0.8230817), (-0.51627094, 0.13231409, 0.8461426), (-0.55676925, 0.1634465, 0.81442815), (-0.5369475, 0.18499736, 0.8230817), (-0.4883599, 0.1729472, 0.8553326), (-0.725953, 0.2521764, 0.63984317), (-0.7004547, 0.2022202, 0.6844488), (-0.70840156, 0.17480269, 0.6838211), (-0.7040888, 0.19081733, 0.68399405), (-0.4060468, -0.058805224, 0.9119583), (-0.44571072, -0.10921405, 0.8884899), (-0.59923244, 0.27202052, 0.75294435), (-0.6964203, 0.35603407, 0.6230879), (-0.68941665, 0.30506212, 0.6569945), (-0.725953, 0.2521764, 0.63984317), (-0.7040888, 0.19081733, 0.68399405), (-0.6365404, 0.25687087, 0.7272095), (-0.34761262, -0.43781474, 0.8291464), (-0.06706028, -0.42586663, 0.9022974), (-0.19620644, -0.30337554, 0.9324518), (-0.4863048, -0.3746975, 0.78937274), (-0.7680227, 0.2892003, 0.57140553), (-0.6964203, 0.35603407, 0.6230879), (-0.75141376, 0.37124836, 0.54548323), (-0.76302207, 0.35241115, 0.5418522), (-0.6964203, 0.35603407, 0.6230879), (-0.59923244, 0.27202052, 0.75294435), (-0.6814577, 0.264978, 0.6822038), (-0.75141376, 0.37124836, 0.54548323), (-0.45906672, -0.04975924, 0.8870072), (-0.4060468, -0.058805224, 0.9119583), (-0.6964203, 0.35603407, 0.6230879), (-0.7680227, 0.2892003, 0.57140553), (-0.76302207, 0.35241115, 0.5418522), (-0.75141376, 0.37124836, 0.54548323), (-0.725953, 0.2521764, 0.63984317), (-0.68941665, 0.30506212, 0.6569945), (-0.37610552, 0.4704008, 0.7982905), (-0.5761684, 0.46211872, 0.67414856), (-0.4540094, 0.4442403, 0.77235097), (-0.26910844, 0.48315206, 0.83315355), (-0.5761684, 0.46211872, 0.67414856), (-0.76302207, 0.35241115, 0.5418522), (-0.68941665, 0.30506212, 0.6569945), (-0.4540094, 0.4442403, 0.77235097), (-0.4540094, 0.4442403, 0.77235097), (-0.68941665, 0.30506212, 0.6569945), (-0.6365404, 0.25687087, 0.7272095), (-0.39292932, 0.3997217, 0.828148), (-0.2542668, 0.13702825, 0.9573775), (-0.45906672, -0.04975924, 0.8870072), (-0.7680227, 0.2892003, 0.57140553), (-0.5786961, 0.38062075, 0.72127575), (-0.39951196, 0.39883447, 0.82542187), (-0.5786961, 0.38062075, 0.72127575), (-0.5761684, 0.46211872, 0.67414856), (-0.37610552, 0.4704008, 0.7982905), (-0.26910844, 0.48315206, 0.83315355), (-0.4540094, 0.4442403, 0.77235097), (-0.39292932, 0.3997217, 0.828148), (-0.19899866, 0.46372917, 0.8633393), (-0.16942805, 0.23511204, 0.9570875), (-0.2542668, 0.13702825, 0.9573775), (-0.5786961, 0.38062075, 0.72127575), (-0.39951196, 0.39883447, 0.82542187), (-0.34541172, 0.37585434, 0.85989785), (-0.37610552, 0.4704008, 0.7982905), (-0.26910844, 0.48315206, 0.83315355), (-0.33205122, 0.35007745, 0.8758926), (-0.33205122, 0.35007745, 0.8758926), (-0.26910844, 0.48315206, 0.83315355), (-0.19899866, 0.46372917, 0.8633393), (-0.33089778, 0.34283617, 0.87918717), (-0.18564793, 0.29476938, 0.9373611), (-0.16942805, 0.23511204, 0.9570875), (-0.39951196, 0.39883447, 0.82542187), (-0.38543132, 0.4091871, 0.8270481), (-0.38543132, 0.4091871, 0.8270481), (-0.39951196, 0.39883447, 0.82542187), (-0.37610552, 0.4704008, 0.7982905), (-0.34541172, 0.37585434, 0.85989785), (-0.36782488, 0.5766274, 0.72952425), (-0.32096243, 0.4952445, 0.8072893), (-0.32940578, 0.4279327, 0.8416444), (-0.2924637, 0.5486445, 0.78323317), (-0.32096243, 0.4952445, 0.8072893), (-0.34541172, 0.37585434, 0.85989785), (-0.33205122, 0.35007745, 0.8758926), (-0.32940578, 0.4279327, 0.8416444), (-0.32940578, 0.4279327, 0.8416444), (-0.33205122, 0.35007745, 0.8758926), (-0.33089778, 0.34283617, 0.87918717), (-0.37037882, 0.35156086, 0.8597816), (-0.2924637, 0.5486445, 0.78323317), (-0.32940578, 0.4279327, 0.8416444), (-0.37037882, 0.35156086, 0.8597816), (-0.31332228, 0.51951504, 0.7949423), (0.8124599, 0.23095058, 0.535323), (0.81481785, 0.22225326, 0.5354207), (0.9140136, 0.23285373, 0.33220214), (0.9116405, 0.19477263, 0.3619049), (0.81481785, 0.22225326, 0.5354207), (0.80600363, 0.23591664, 0.5428641), (0.8392598, 0.3763463, 0.39243647), (0.9140136, 0.23285373, 0.33220214), (0.9140136, 0.23285373, 0.33220214), (0.8392598, 0.3763463, 0.39243647), (0.81181556, 0.46868092, 0.34827262), (0.92261696, 0.28092003, 0.26431388), (0.9116405, 0.19477263, 0.3619049), (0.9140136, 0.23285373, 0.33220214), (0.92261696, 0.28092003, 0.26431388), (0.9840007, 0.038288403, 0.17400204), (0.73194855, -0.008752354, 0.68130374), (0.72526085, 0.0010612524, 0.68847334), (0.7553915, 0.114823274, 0.6451351), (0.7606383, 0.11336263, 0.6392013), (0.72526085, 0.0010612524, 0.68847334), (0.69986796, 0.030561274, 0.7136181), (0.73522294, 0.13271457, 0.66470605), (0.7553915, 0.114823274, 0.6451351), (0.7553915, 0.114823274, 0.6451351), (0.73522294, 0.13271457, 0.66470605), (0.80600363, 0.23591664, 0.5428641), (0.81481785, 0.22225326, 0.5354207), (0.7606383, 0.11336263, 0.6392013), (0.7553915, 0.114823274, 0.6451351), (0.81481785, 0.22225326, 0.5354207), (0.8124599, 0.23095058, 0.535323), (0.46865043, -0.13007578, 0.8737546), (0.48642862, -0.1303686, 0.86393934), (0.6616689, -0.12022376, 0.7400949), (0.6620733, -0.12955478, 0.73815614), (0.48642862, -0.1303686, 0.86393934), (0.51894873, -0.117328286, 0.846715), (0.6370435, -0.08053434, 0.76660925), (0.6616689, -0.12022376, 0.7400949), (0.6616689, -0.12022376, 0.7400949), (0.6370435, -0.08053434, 0.76660925), (0.69986796, 0.030561274, 0.7136181), (0.72526085, 0.0010612524, 0.68847334), (0.6620733, -0.12955478, 0.73815614), (0.6616689, -0.12022376, 0.7400949), (0.72526085, 0.0010612524, 0.68847334), (0.73194855, -0.008752354, 0.68130374), (-0.011170043, 0.2253482, 0.97421426), (0.098045744, 0.18003735, 0.9787612), (0.22346896, 0.025365671, 0.97438097), (0.16578911, 0.038171686, 0.9854222), (0.098045744, 0.18003735, 0.9787612), (-0.1458106, 0.45894718, 0.876417), (0.34942165, -0.029494397, 0.9365012), (0.22346896, 0.025365671, 0.97438097), (0.22346896, 0.025365671, 0.97438097), (0.34942165, -0.029494397, 0.9365012), (0.51894873, -0.117328286, 0.846715), (0.48642862, -0.1303686, 0.86393934), (0.16578911, 0.038171686, 0.9854222), (0.22346896, 0.025365671, 0.97438097), (0.48642862, -0.1303686, 0.86393934), (0.46865043, -0.13007578, 0.8737546), (0.040918626, 0.5056727, 0.86175454), (-0.6479553, 0.42573273, 0.63158983), (-0.56582505, 0.69275856, 0.44713277), (0.12761319, 0.7722399, 0.6223829), (-0.6479553, 0.42573273, 0.63158983), (-0.83353686, 0.33377627, 0.44023815), (-0.77007294, 0.5675843, 0.2912655), (-0.56582505, 0.69275856, 0.44713277), (-0.56582505, 0.69275856, 0.44713277), (-0.77007294, 0.5675843, 0.2912655), (-0.6732673, 0.7199616, 0.16842335), (-0.47174925, 0.8311677, 0.29430094), (0.12761319, 0.7722399, 0.6223829), (-0.56582505, 0.69275856, 0.44713277), (-0.47174925, 0.8311677, 0.29430094), (0.10067417, 0.8837898, 0.45692477), (0.10615991, 0.51393324, 0.85123605), (-0.49495423, 0.69175625, 0.5258266), (-0.5796313, 0.51973265, 0.6276189), (0.024332916, 0.45429376, 0.8905196), (-0.49495423, 0.69175625, 0.5258266), (-0.70031995, 0.6621431, 0.2666803), (-0.7892538, 0.47101316, 0.39398628), (-0.5796313, 0.51973265, 0.6276189), (-0.5796313, 0.51973265, 0.6276189), (-0.7892538, 0.47101316, 0.39398628), (-0.83353686, 0.33377627, 0.44023815), (-0.6479553, 0.42573273, 0.63158983), (0.024332916, 0.45429376, 0.8905196), (-0.5796313, 0.51973265, 0.6276189), (-0.6479553, 0.42573273, 0.63158983), (0.040918626, 0.5056727, 0.86175454), (-0.015728565, 0.49999458, 0.8658857), (-0.47880697, 0.7742563, 0.4138489), (-0.4822026, 0.7341947, 0.47795284), (0.064889446, 0.48931777, 0.8696882), (-0.47880697, 0.7742563, 0.4138489), (-0.55746627, 0.778876, 0.28737363), (-0.64411676, 0.7296985, 0.22946416), (-0.4822026, 0.7341947, 0.47795284), (-0.4822026, 0.7341947, 0.47795284), (-0.64411676, 0.7296985, 0.22946416), (-0.70031995, 0.6621431, 0.2666803), (-0.49495423, 0.69175625, 0.5258266), (0.064889446, 0.48931777, 0.8696882), (-0.4822026, 0.7341947, 0.47795284), (-0.49495423, 0.69175625, 0.5258266), (0.10615991, 0.51393324, 0.85123605), (-0.1458106, 0.45894718, 0.876417), (-0.54508543, 0.73554146, 0.40231913), (-0.5152672, 0.7796682, 0.35583302), (-0.11837774, 0.47365496, 0.8727185), (-0.55746627, 0.778876, 0.28737363), (-0.47880697, 0.7742563, 0.4138489), (-0.5152672, 0.7796682, 0.35583302), (-0.54508543, 0.73554146, 0.40231913), (-0.015728565, 0.49999458, 0.8658857), (-0.11837774, 0.47365496, 0.8727185), (-0.5152672, 0.7796682, 0.35583302), (-0.47880697, 0.7742563, 0.4138489), (-0.4060468, -0.058805224, 0.9119583), (-0.45906672, -0.04975924, 0.8870072), (0.008876603, -0.25045758, 0.9680869), (-0.06706028, -0.42586663, 0.9022974), (0.0021018602, 0.020488078, 0.99978787), (0.0060327305, 0.16682595, 0.9859679), (-0.09245292, 0.3167595, 0.94398934), (-0.06154337, 0.18415815, 0.980968), (-0.7052193, 0.40010002, 0.5853082), (-0.7415292, 0.38575134, 0.5489357), (-0.8118968, 0.15903653, 0.56172144), (-0.76989293, 0.14471754, 0.62154794), (-0.7415292, 0.38575134, 0.5489357), (-0.7646274, 0.3607248, 0.53406227), (-0.76893204, 0.15326859, 0.62068695), (-0.8118968, 0.15903653, 0.56172144), (-0.8118968, 0.15903653, 0.56172144), (-0.76893204, 0.15326859, 0.62068695), (-0.7426206, 0.3298734, 0.58283633), (-0.8074671, 0.315315, 0.4985714), (-0.76989293, 0.14471754, 0.62154794), (-0.8118968, 0.15903653, 0.56172144), (-0.8074671, 0.315315, 0.4985714), (-0.80420387, 0.25996163, 0.5344868), (-0.7646274, 0.3607248, 0.53406227), (-0.7415292, 0.38575134, 0.5489357), (-0.6626778, 0.6120985, 0.43150154), (-0.68808246, 0.5853128, 0.4288957), (-0.7415292, 0.38575134, 0.5489357), (-0.7052193, 0.40010002, 0.5853082), (-0.58921236, 0.6541202, 0.47429478), (-0.6626778, 0.6120985, 0.43150154), (-0.6626778, 0.6120985, 0.43150154), (-0.58921236, 0.6541202, 0.47429478), (-0.59740806, 0.6411453, 0.48170158), (-0.67213404, 0.58161354, 0.45821553), (-0.68808246, 0.5853128, 0.4288957), (-0.6626778, 0.6120985, 0.43150154), (-0.67213404, 0.58161354, 0.45821553), (-0.7268691, 0.5043142, 0.46618497), (-0.7268691, 0.5043142, 0.46618497), (-0.67213404, 0.58161354, 0.45821553), (-0.66449547, 0.55738044, 0.4977678), (-0.7326757, 0.45483202, 0.5062749), (-0.67213404, 0.58161354, 0.45821553), (-0.59740806, 0.6411453, 0.48170158), (-0.59313893, 0.63102144, 0.49999812), (-0.66449547, 0.55738044, 0.4977678), (-0.66449547, 0.55738044, 0.4977678), (-0.59313893, 0.63102144, 0.49999812), (-0.5810188, 0.6190294, 0.52841246), (-0.68892044, 0.51195735, 0.5131163), (-0.7326757, 0.45483202, 0.5062749), (-0.66449547, 0.55738044, 0.4977678), (-0.68892044, 0.51195735, 0.5131163), (-0.7305526, 0.4310788, 0.5295886), (-0.49809018, 0.5336146, 0.68349224), (-0.6428, 0.51165473, 0.57010305), (-0.6900223, 0.41664064, 0.5918444), (-0.57708937, 0.41297123, 0.7045726), (-0.6428, 0.51165473, 0.57010305), (-0.7268691, 0.5043142, 0.46618497), (-0.7326757, 0.45483202, 0.5062749), (-0.6900223, 0.41664064, 0.5918444), (-0.6900223, 0.41664064, 0.5918444), (-0.7326757, 0.45483202, 0.5062749), (-0.7305526, 0.4310788, 0.5295886), (-0.6942383, 0.38022935, 0.6111128), (-0.57708937, 0.41297123, 0.7045726), (-0.6900223, 0.41664064, 0.5918444), (-0.6942383, 0.38022935, 0.6111128), (-0.60387796, 0.3558538, 0.71323174), (-0.54117835, 0.33878726, 0.76964223), (-0.62654287, 0.38704017, 0.67649376), (-0.56234556, 0.6319005, 0.53335655), (-0.42175147, 0.64950186, 0.63267136), (-0.62654287, 0.38704017, 0.67649376), (-0.7646274, 0.3607248, 0.53406227), (-0.68808246, 0.5853128, 0.4288957), (-0.56234556, 0.6319005, 0.53335655), (-0.56234556, 0.6319005, 0.53335655), (-0.68808246, 0.5853128, 0.4288957), (-0.7268691, 0.5043142, 0.46618497), (-0.6428, 0.51165473, 0.57010305), (-0.42175147, 0.64950186, 0.63267136), (-0.56234556, 0.6319005, 0.53335655), (-0.6428, 0.51165473, 0.57010305), (-0.49809018, 0.5336146, 0.68349224), (-0.44837415, 0.52578986, 0.72284555), (-0.40339014, 0.5304755, 0.7455684), (-0.47344312, 0.42089358, 0.7737572), (-0.47983894, 0.428614, 0.76553553), (-0.40339014, 0.5304755, 0.7455684), (-0.49809018, 0.5336146, 0.68349224), (-0.57708937, 0.41297123, 0.7045726), (-0.47344312, 0.42089358, 0.7737572), (-0.47344312, 0.42089358, 0.7737572), (-0.57708937, 0.41297123, 0.7045726), (-0.60387796, 0.3558538, 0.71323174), (-0.51139027, 0.35875833, 0.7808793), (-0.47983894, 0.428614, 0.76553553), (-0.47344312, 0.42089358, 0.7737572), (-0.51139027, 0.35875833, 0.7808793), (-0.50086063, 0.363748, 0.78538275), (-0.5386465, 0.22067046, 0.8131202), (-0.5342853, 0.25906435, 0.8046271), (-0.38391265, 0.6107774, 0.69250417), (-0.45026365, 0.5721623, 0.68548745), (-0.5342853, 0.25906435, 0.8046271), (-0.54117835, 0.33878726, 0.76964223), (-0.42175147, 0.64950186, 0.63267136), (-0.38391265, 0.6107774, 0.69250417), (-0.38391265, 0.6107774, 0.69250417), (-0.42175147, 0.64950186, 0.63267136), (-0.49809018, 0.5336146, 0.68349224), (-0.40339014, 0.5304755, 0.7455684), (-0.45026365, 0.5721623, 0.68548745), (-0.38391265, 0.6107774, 0.69250417), (-0.40339014, 0.5304755, 0.7455684), (-0.44837415, 0.52578986, 0.72284555), (-0.22735141, 0.53548324, 0.813369), (-0.45601222, 0.5298758, 0.7150416), (-0.4980841, 0.41821718, 0.7596096), (-0.2966598, 0.42325586, 0.8560651), (-0.45601222, 0.5298758, 0.7150416), (-0.44837415, 0.52578986, 0.72284555), (-0.47983894, 0.428614, 0.76553553), (-0.4980841, 0.41821718, 0.7596096), (-0.4980841, 0.41821718, 0.7596096), (-0.47983894, 0.428614, 0.76553553), (-0.50086063, 0.363748, 0.78538275), (-0.51626366, 0.3450049, 0.78386444), (-0.2966598, 0.42325586, 0.8560651), (-0.4980841, 0.41821718, 0.7596096), (-0.51626366, 0.3450049, 0.78386444), (-0.3794929, 0.33570027, 0.8621429), (-0.179434, 0.22939911, 0.9566502), (-0.42183438, 0.23862956, 0.8747067), (-0.41842106, 0.56685996, 0.70964324), (-0.18104376, 0.5438853, 0.8193973), (-0.42183438, 0.23862956, 0.8747067), (-0.5386465, 0.22067046, 0.8131202), (-0.45026365, 0.5721623, 0.68548745), (-0.41842106, 0.56685996, 0.70964324), (-0.41842106, 0.56685996, 0.70964324), (-0.45026365, 0.5721623, 0.68548745), (-0.44837415, 0.52578986, 0.72284555), (-0.45601222, 0.5298758, 0.7150416), (-0.18104376, 0.5438853, 0.8193973), (-0.41842106, 0.56685996, 0.70964324), (-0.45601222, 0.5298758, 0.7150416), (-0.22735141, 0.53548324, 0.813369), (0.052453924, 0.20722896, 0.97688526), (-0.02702336, 0.20541246, 0.97830236), (0.008003221, 0.5005795, 0.8656536), (0.105442554, 0.49222496, 0.8640581), (-0.02702336, 0.20541246, 0.97830236), (-0.179434, 0.22939911, 0.9566502), (-0.18104376, 0.5438853, 0.8193973), (0.008003221, 0.5005795, 0.8656536), (0.008003221, 0.5005795, 0.8656536), (-0.18104376, 0.5438853, 0.8193973), (-0.22735141, 0.53548324, 0.813369), (-0.015193194, 0.5344488, 0.8450643), (0.105442554, 0.49222496, 0.8640581), (0.008003221, 0.5005795, 0.8656536), (-0.015193194, 0.5344488, 0.8450643), (0.08353993, 0.5458115, 0.8337331), (0.08353993, 0.5458115, 0.8337331), (-0.015193194, 0.5344488, 0.8450643), (-0.06379045, 0.4917959, 0.8683706), (0.05228522, 0.5637059, 0.82431906), (-0.015193194, 0.5344488, 0.8450643), (-0.22735141, 0.53548324, 0.813369), (-0.2966598, 0.42325586, 0.8560651), (-0.06379045, 0.4917959, 0.8683706), (-0.06379045, 0.4917959, 0.8683706), (-0.2966598, 0.42325586, 0.8560651), (-0.3794929, 0.33570027, 0.8621429), (-0.119142585, 0.398689, 0.90931404), (0.05228522, 0.5637059, 0.82431906), (-0.06379045, 0.4917959, 0.8683706), (-0.119142585, 0.398689, 0.90931404), (0.0042623114, 0.53713167, 0.8434876), (0.42734328, 0.41463074, 0.8034047), (0.31188333, 0.47311282, 0.82394964), (0.3052747, 0.4934265, 0.81445545), (0.42809394, 0.41309398, 0.8037966), (0.31188333, 0.47311282, 0.82394964), (0.08353993, 0.5458115, 0.8337331), (0.05228522, 0.5637059, 0.82431906), (0.3052747, 0.4934265, 0.81445545), (0.3052747, 0.4934265, 0.81445545), (0.05228522, 0.5637059, 0.82431906), (0.0042623114, 0.53713167, 0.8434876), (0.22191109, 0.53751206, 0.8135332), (0.42809394, 0.41309398, 0.8037966), (0.3052747, 0.4934265, 0.81445545), (0.22191109, 0.53751206, 0.8135332), (0.44714966, 0.4090753, 0.7954336), (0.5136178, 0.5271399, 0.67699355), (0.40794653, 0.46739173, 0.7842988), (0.39019918, 0.44544157, 0.8058079), (0.4828387, 0.48643517, 0.72818094), (0.40794653, 0.46739173, 0.7842988), (0.42734328, 0.41463074, 0.8034047), (0.42809394, 0.41309398, 0.8037966), (0.39019918, 0.44544157, 0.8058079), (0.39019918, 0.44544157, 0.8058079), (0.42809394, 0.41309398, 0.8037966), (0.44714966, 0.4090753, 0.7954336), (0.38415992, 0.4390932, 0.81216884), (0.4828387, 0.48643517, 0.72818094), (0.39019918, 0.44544157, 0.8058079), (0.38415992, 0.4390932, 0.81216884), (0.44692916, 0.4664681, 0.7633229), (0.5136178, 0.5271399, 0.67699355), (0.4828387, 0.48643517, 0.72818094), (0.5810965, 0.5890152, 0.5615941), (0.606711, 0.6115932, 0.50779486), (0.4828387, 0.48643517, 0.72818094), (0.44692916, 0.4664681, 0.7633229), (0.559279, 0.5527898, 0.6177624), (0.5810965, 0.5890152, 0.5615941), (0.5810965, 0.5890152, 0.5615941), (0.559279, 0.5527898, 0.6177624), (0.60424066, 0.68699074, 0.40365446), (0.6181588, 0.6969023, 0.36360246), (0.606711, 0.6115932, 0.50779486), (0.5810965, 0.5890152, 0.5615941), (0.6181588, 0.6969023, 0.36360246), (0.6372356, 0.6908625, 0.3415256), (0.39535895, 0.11105703, 0.9117881), (0.3111526, 0.14006013, 0.9399826), (0.4337978, 0.49137723, 0.755227), (0.5385065, 0.5553293, 0.63373506), (0.3111526, 0.14006013, 0.9399826), (0.34103885, 0.118188605, 0.9325899), (0.43707246, 0.41746885, 0.7966727), (0.4337978, 0.49137723, 0.755227), (0.4337978, 0.49137723, 0.755227), (0.43707246, 0.41746885, 0.7966727), (0.42734328, 0.41463074, 0.8034047), (0.40794653, 0.46739173, 0.7842988), (0.5385065, 0.5553293, 0.63373506), (0.4337978, 0.49137723, 0.755227), (0.40794653, 0.46739173, 0.7842988), (0.5136178, 0.5271399, 0.67699355), (0.34103885, 0.118188605, 0.9325899), (0.3111526, 0.14006013, 0.9399826), (0.108086266, -0.24690512, 0.96299285), (0.18792528, -0.18834111, 0.9639563), (0.3111526, 0.14006013, 0.9399826), (0.39535895, 0.11105703, 0.9117881), (0.13091797, -0.4245119, 0.89590746), (0.108086266, -0.24690512, 0.96299285), (0.108086266, -0.24690512, 0.96299285), (0.13091797, -0.4245119, 0.89590746), (0.083515085, -0.45708066, 0.8854956), (0.08025708, -0.24931872, 0.96509016), (0.18792528, -0.18834111, 0.9639563), (0.108086266, -0.24690512, 0.96299285), (0.08025708, -0.24931872, 0.96509016), (0.17056832, -0.18426561, 0.96796316), (0.17056832, -0.18426561, 0.96796316), (0.08025708, -0.24931872, 0.96509016), (0.048049334, -0.2488843, 0.9673406), (0.15833174, -0.17521983, 0.97171444), (0.08025708, -0.24931872, 0.96509016), (0.083515085, -0.45708066, 0.8854956), (0.017543664, -0.48164964, 0.8761883), (0.048049334, -0.2488843, 0.9673406), (0.048049334, -0.2488843, 0.9673406), (0.017543664, -0.48164964, 0.8761883), (-0.014575009, -0.47239137, 0.88126844), (0.041931987, -0.23130482, 0.9719773), (0.15833174, -0.17521983, 0.97171444), (0.048049334, -0.2488843, 0.9673406), (0.041931987, -0.23130482, 0.9719773), (0.16888817, -0.17156373, 0.97058886), (-0.004079101, -0.050457224, 0.9987179), (0.12482735, -0.11681222, 0.9852781), (0.11902977, -0.11609295, 0.9860803), (-0.0040652817, -0.048852935, 0.9987978), (0.12482735, -0.11681222, 0.9852781), (0.17056832, -0.18426561, 0.96796316), (0.15833174, -0.17521983, 0.97171444), (0.11902977, -0.11609295, 0.9860803), (0.11902977, -0.11609295, 0.9860803), (0.15833174, -0.17521983, 0.97171444), (0.16888817, -0.17156373, 0.97058886), (0.0906327, -0.10610443, 0.9902159), (-0.0040652817, -0.048852935, 0.9987978), (0.11902977, -0.11609295, 0.9860803), (0.0906327, -0.10610443, 0.9902159), (-0.011174077, -0.048745774, 0.9987487), (-0.17054051, -0.01115879, 0.9852874), (-0.04372543, -0.042734884, 0.9981291), (-0.036425766, -0.018978689, 0.9991562), (-0.17618059, 0.06991008, 0.9818722), (-0.04372543, -0.042734884, 0.9981291), (-0.004079101, -0.050457224, 0.9987179), (-0.0040652817, -0.048852935, 0.9987978), (-0.036425766, -0.018978689, 0.9991562), (-0.036425766, -0.018978689, 0.9991562), (-0.0040652817, -0.048852935, 0.9987978), (-0.011174077, -0.048745774, 0.9987487), (-0.04082189, -0.0069653704, 0.9991421), (-0.17618059, 0.06991008, 0.9818722), (-0.036425766, -0.018978689, 0.9991562), (-0.04082189, -0.0069653704, 0.9991421), (-0.19270065, 0.110568725, 0.97500825), (-0.57537043, 0.061689757, 0.81556314), (-0.38950163, 0.031871434, 0.9204742), (-0.42322382, 0.1885798, 0.8861824), (-0.61188793, 0.24927276, 0.7506372), (-0.38950163, 0.031871434, 0.9204742), (-0.17054051, -0.01115879, 0.9852874), (-0.17618059, 0.06991008, 0.9818722), (-0.42322382, 0.1885798, 0.8861824), (-0.42322382, 0.1885798, 0.8861824), (-0.17618059, 0.06991008, 0.9818722), (-0.19270065, 0.110568725, 0.97500825), (-0.44365254, 0.2588754, 0.8579953), (-0.61188793, 0.24927276, 0.7506372), (-0.42322382, 0.1885798, 0.8861824), (-0.44365254, 0.2588754, 0.8579953), (-0.6251915, 0.32064176, 0.7115648), (-0.5386465, 0.22067046, 0.8131202), (-0.42183438, 0.23862956, 0.8747067), (-0.3870848, -0.09003392, 0.9176379), (-0.53754836, -0.12472576, 0.8339576), (-0.42183438, 0.23862956, 0.8747067), (-0.179434, 0.22939911, 0.9566502), (-0.18436684, -0.064143345, 0.98076224), (-0.3870848, -0.09003392, 0.9176379), (-0.3870848, -0.09003392, 0.9176379), (-0.18436684, -0.064143345, 0.98076224), (-0.17054051, -0.01115879, 0.9852874), (-0.38950163, 0.031871434, 0.9204742), (-0.53754836, -0.12472576, 0.8339576), (-0.3870848, -0.09003392, 0.9176379), (-0.38950163, 0.031871434, 0.9204742), (-0.57537043, 0.061689757, 0.81556314), (-0.179434, 0.22939911, 0.9566502), (-0.02702336, 0.20541246, 0.97830236), (-0.06090829, -0.05874118, 0.9964134), (-0.18436684, -0.064143345, 0.98076224), (-0.02702336, 0.20541246, 0.97830236), (0.052453924, 0.20722896, 0.97688526), (-0.0101503115, -0.048782747, 0.99875784), (-0.06090829, -0.05874118, 0.9964134), (-0.06090829, -0.05874118, 0.9964134), (-0.0101503115, -0.048782747, 0.99875784), (-0.004079101, -0.050457224, 0.9987179), (-0.04372543, -0.042734884, 0.9981291), (-0.18436684, -0.064143345, 0.98076224), (-0.06090829, -0.05874118, 0.9964134), (-0.04372543, -0.042734884, 0.9981291), (-0.17054051, -0.01115879, 0.9852874), (-0.72427267, 0.19137873, 0.66242224), (-0.6978925, 0.10098982, 0.70904666), (-0.7334984, 0.25971547, 0.6281147), (-0.76994157, 0.293034, 0.5668519), (-0.6978925, 0.10098982, 0.70904666), (-0.57537043, 0.061689757, 0.81556314), (-0.61188793, 0.24927276, 0.7506372), (-0.7334984, 0.25971547, 0.6281147), (-0.7334984, 0.25971547, 0.6281147), (-0.61188793, 0.24927276, 0.7506372), (-0.6251915, 0.32064176, 0.7115648), (-0.73660696, 0.3074743, 0.60238665), (-0.76994157, 0.293034, 0.5668519), (-0.7334984, 0.25971547, 0.6281147), (-0.73660696, 0.3074743, 0.60238665), (-0.786786, 0.30848104, 0.5346094), (-0.54117835, 0.33878726, 0.76964223), (-0.5342853, 0.25906435, 0.8046271), (-0.6224489, -0.0943595, 0.77695143), (-0.6450815, 0.021675194, 0.76380634), (-0.5342853, 0.25906435, 0.8046271), (-0.5386465, 0.22067046, 0.8131202), (-0.53754836, -0.12472576, 0.8339576), (-0.6224489, -0.0943595, 0.77695143), (-0.6224489, -0.0943595, 0.77695143), (-0.53754836, -0.12472576, 0.8339576), (-0.57537043, 0.061689757, 0.81556314), (-0.6978925, 0.10098982, 0.70904666), (-0.6450815, 0.021675194, 0.76380634), (-0.6224489, -0.0943595, 0.77695143), (-0.6978925, 0.10098982, 0.70904666), (-0.72427267, 0.19137873, 0.66242224), (-0.7646274, 0.3607248, 0.53406227), (-0.62654287, 0.38704017, 0.67649376), (-0.661603, 0.12604272, 0.73918515), (-0.76893204, 0.15326859, 0.62068695), (-0.62654287, 0.38704017, 0.67649376), (-0.54117835, 0.33878726, 0.76964223), (-0.6450815, 0.021675194, 0.76380634), (-0.661603, 0.12604272, 0.73918515), (-0.661603, 0.12604272, 0.73918515), (-0.6450815, 0.021675194, 0.76380634), (-0.72427267, 0.19137873, 0.66242224), (-0.6878187, 0.2917044, 0.6646908), (-0.76893204, 0.15326859, 0.62068695), (-0.661603, 0.12604272, 0.73918515), (-0.6878187, 0.2917044, 0.6646908), (-0.7426206, 0.3298734, 0.58283633), (-0.7426206, 0.3298734, 0.58283633), (-0.6878187, 0.2917044, 0.6646908), (-0.72266096, 0.36887214, 0.58454645), (-0.72330076, 0.42291838, 0.54587185), (-0.6878187, 0.2917044, 0.6646908), (-0.72427267, 0.19137873, 0.66242224), (-0.76994157, 0.293034, 0.5668519), (-0.72266096, 0.36887214, 0.58454645), (-0.72266096, 0.36887214, 0.58454645), (-0.76994157, 0.293034, 0.5668519), (-0.786786, 0.30848104, 0.5346094), (-0.7541354, 0.36287993, 0.5473555), (-0.72330076, 0.42291838, 0.54587185), (-0.72266096, 0.36887214, 0.58454645), (-0.7541354, 0.36287993, 0.5473555), (-0.72147375, 0.4228729, 0.5483193), (-0.80420387, 0.25996163, 0.5344868), (-0.8074671, 0.315315, 0.4985714), (-0.7776367, 0.43023816, 0.45844978), (-0.7991496, 0.3903941, 0.45711306), (-0.8074671, 0.315315, 0.4985714), (-0.7426206, 0.3298734, 0.58283633), (-0.72330076, 0.42291838, 0.54587185), (-0.7776367, 0.43023816, 0.45844978), (-0.7776367, 0.43023816, 0.45844978), (-0.72330076, 0.42291838, 0.54587185), (-0.72147375, 0.4228729, 0.5483193), (-0.74973685, 0.45058763, 0.48462927), (-0.7991496, 0.3903941, 0.45711306), (-0.7776367, 0.43023816, 0.45844978), (-0.74973685, 0.45058763, 0.48462927), (-0.7837735, 0.45280623, 0.42504784), (0.052453924, 0.20722896, 0.97688526), (0.2470569, 0.15915324, 0.9558416), (0.13428849, -0.11377871, 0.98438865), (-0.0101503115, -0.048782747, 0.99875784), (0.2470569, 0.15915324, 0.9558416), (0.34103885, 0.118188605, 0.9325899), (0.18792528, -0.18834111, 0.9639563), (0.13428849, -0.11377871, 0.98438865), (0.13428849, -0.11377871, 0.98438865), (0.18792528, -0.18834111, 0.9639563), (0.17056832, -0.18426561, 0.96796316), (0.12482735, -0.11681222, 0.9852781), (-0.0101503115, -0.048782747, 0.99875784), (0.13428849, -0.11377871, 0.98438865), (0.12482735, -0.11681222, 0.9852781), (-0.004079101, -0.050457224, 0.9987179), (0.34103885, 0.118188605, 0.9325899), (0.2470569, 0.15915324, 0.9558416), (0.3197524, 0.4389009, 0.83971685), (0.43707246, 0.41746885, 0.7966727), (0.2470569, 0.15915324, 0.9558416), (0.052453924, 0.20722896, 0.97688526), (0.105442554, 0.49222496, 0.8640581), (0.3197524, 0.4389009, 0.83971685), (0.3197524, 0.4389009, 0.83971685), (0.105442554, 0.49222496, 0.8640581), (0.08353993, 0.5458115, 0.8337331), (0.31188333, 0.47311282, 0.82394964), (0.43707246, 0.41746885, 0.7966727), (0.3197524, 0.4389009, 0.83971685), (0.31188333, 0.47311282, 0.82394964), (0.42734328, 0.41463074, 0.8034047), (0.20106636, -0.77063376, 0.60472786), (0.3756022, -0.6087387, 0.69882774), (0.53917944, -0.6492955, 0.53637755), (0.30240384, -0.83464664, 0.4603443), (0.3756022, -0.6087387, 0.69882774), (0.6859301, 0.0015669244, 0.7276658), (0.8504097, -0.040353425, 0.52457124), (0.53917944, -0.6492955, 0.53637755), (0.53917944, -0.6492955, 0.53637755), (0.8504097, -0.040353425, 0.52457124), (0.9518969, -0.07336456, 0.2975061), (0.63350797, -0.69057214, 0.34896675), (0.30240384, -0.83464664, 0.4603443), (0.53917944, -0.6492955, 0.53637755), (0.63350797, -0.69057214, 0.34896675), (0.37459782, -0.87077594, 0.31847405), (0.37459782, -0.87077594, 0.31847405), (0.63350797, -0.69057214, 0.34896675), (0.67095757, -0.673254, 0.3107169), (0.39867058, -0.87090236, 0.2873862), (0.63350797, -0.69057214, 0.34896675), (0.9518969, -0.07336456, 0.2975061), (0.9697185, -0.05018893, 0.23901272), (0.67095757, -0.673254, 0.3107169), (0.67095757, -0.673254, 0.3107169), (0.9697185, -0.05018893, 0.23901272), (0.9858117, 0.0010873886, 0.16785134), (0.7737864, -0.59369326, 0.22086824), (0.39867058, -0.87090236, 0.2873862), (0.67095757, -0.673254, 0.3107169), (0.7737864, -0.59369326, 0.22086824), (0.52606934, -0.8294121, 0.18795393), (0.70206374, 0.7104696, 0.048367154), (0.67203414, 0.71762, 0.18273363), (0.657875, 0.73030657, 0.18399115), (0.69212765, 0.72012544, 0.0487714), (0.67203414, 0.71762, 0.18273363), (0.6372356, 0.6908625, 0.3415256), (0.6181588, 0.6969023, 0.36360246), (0.657875, 0.73030657, 0.18399115), (0.657875, 0.73030657, 0.18399115), (0.6181588, 0.6969023, 0.36360246), (0.60424066, 0.68699074, 0.40365446), (0.6513541, 0.73074865, 0.20431423), (0.69212765, 0.72012544, 0.0487714), (0.657875, 0.73030657, 0.18399115), (0.6513541, 0.73074865, 0.20431423), (0.6943532, 0.7169089, 0.06257261), (0.70682114, 0.70699656, -0.023660893), (0.7008569, 0.71329504, -0.0031310508), (0.6935776, 0.7203682, -0.0044464986), (0.6975472, 0.7159958, -0.02789004), (0.7008569, 0.71329504, -0.0031310508), (0.70206374, 0.7104696, 0.048367154), (0.69212765, 0.72012544, 0.0487714), (0.6935776, 0.7203682, -0.0044464986), (0.6935776, 0.7203682, -0.0044464986), (0.69212765, 0.72012544, 0.0487714), (0.6943532, 0.7169089, 0.06257261), (0.6991259, 0.71499795, -0.001007142), (0.6975472, 0.7159958, -0.02789004), (0.6935776, 0.7203682, -0.0044464986), (0.6991259, 0.71499795, -0.001007142), (0.69815505, 0.71553767, -0.02419225), (0.74109477, 0.6650596, -0.09205546), (0.73415226, 0.67533636, -0.070293844), (0.71776, 0.69135207, -0.08278176), (0.7256929, 0.68039966, -0.10210743), (0.73415226, 0.67533636, -0.070293844), (0.70682114, 0.70699656, -0.023660893), (0.6975472, 0.7159958, -0.02789004), (0.71776, 0.69135207, -0.08278176), (0.71776, 0.69135207, -0.08278176), (0.6975472, 0.7159958, -0.02789004), (0.69815505, 0.71553767, -0.02419225), (0.71350783, 0.6964453, -0.07661927), (0.7256929, 0.68039966, -0.10210743), (0.71776, 0.69135207, -0.08278176), (0.71350783, 0.6964453, -0.07661927), (0.72091347, 0.6847184, -0.10697968), (0.52606934, -0.8294121, 0.18795393), (0.7737864, -0.59369326, 0.22086824), (0.84252095, -0.51732683, 0.15010452), (0.6274146, -0.760544, 0.16710435), (0.7737864, -0.59369326, 0.22086824), (0.9858117, 0.0010873886, 0.16785134), (0.9968305, 0.013737675, 0.07835896), (0.84252095, -0.51732683, 0.15010452), (0.84252095, -0.51732683, 0.15010452), (0.9968305, 0.013737675, 0.07835896), (0.9953748, 0.057819854, 0.076719545), (0.85285324, -0.48408026, 0.19572343), (0.6274146, -0.760544, 0.16710435), (0.84252095, -0.51732683, 0.15010452), (0.85285324, -0.48408026, 0.19572343), (0.6286105, -0.7333358, 0.25897402), (0.9953748, 0.057819854, 0.076719545), (0.9968305, 0.013737675, 0.07835896), (0.86225003, 0.506101, -0.019662462), (0.8536643, 0.5191489, -0.041734584), (0.9968305, 0.013737675, 0.07835896), (0.9858117, 0.0010873886, 0.16785134), (0.8262694, 0.562216, 0.03452557), (0.86225003, 0.506101, -0.019662462), (0.86225003, 0.506101, -0.019662462), (0.8262694, 0.562216, 0.03452557), (0.70682114, 0.70699656, -0.023660893), (0.73415226, 0.67533636, -0.070293844), (0.8536643, 0.5191489, -0.041734584), (0.86225003, 0.506101, -0.019662462), (0.73415226, 0.67533636, -0.070293844), (0.74109477, 0.6650596, -0.09205546), (0.9858117, 0.0010873886, 0.16785134), (0.9697185, -0.05018893, 0.23901272), (0.8251937, 0.5616516, 0.060024623), (0.8262694, 0.562216, 0.03452557), (0.9697185, -0.05018893, 0.23901272), (0.9518969, -0.07336456, 0.2975061), (0.82400525, 0.55344856, 0.12128541), (0.8251937, 0.5616516, 0.060024623), (0.8251937, 0.5616516, 0.060024623), (0.82400525, 0.55344856, 0.12128541), (0.70206374, 0.7104696, 0.048367154), (0.7008569, 0.71329504, -0.0031310508), (0.8262694, 0.562216, 0.03452557), (0.8251937, 0.5616516, 0.060024623), (0.7008569, 0.71329504, -0.0031310508), (0.70682114, 0.70699656, -0.023660893), (0.9518969, -0.07336456, 0.2975061), (0.8504097, -0.040353425, 0.52457124), (0.771185, 0.5693291, 0.2848476), (0.82400525, 0.55344856, 0.12128541), (0.8504097, -0.040353425, 0.52457124), (0.6859301, 0.0015669244, 0.7276658), (0.68615454, 0.6003333, 0.41084296), (0.771185, 0.5693291, 0.2848476), (0.771185, 0.5693291, 0.2848476), (0.68615454, 0.6003333, 0.41084296), (0.6372356, 0.6908625, 0.3415256), (0.67203414, 0.71762, 0.18273363), (0.82400525, 0.55344856, 0.12128541), (0.771185, 0.5693291, 0.2848476), (0.67203414, 0.71762, 0.18273363), (0.70206374, 0.7104696, 0.048367154), (0.25270522, -0.95536065, 0.15305574), (0.3423331, -0.92693406, 0.15362734), (0.46920308, -0.86753714, 0.16500832), (0.35327542, -0.9302981, 0.098701924), (0.3423331, -0.92693406, 0.15362734), (0.52606934, -0.8294121, 0.18795393), (0.6274146, -0.760544, 0.16710435), (0.46920308, -0.86753714, 0.16500832), (0.46920308, -0.86753714, 0.16500832), (0.6274146, -0.760544, 0.16710435), (0.6286105, -0.7333358, 0.25897402), (0.51728153, -0.8092772, 0.2783707), (0.35327542, -0.9302981, 0.098701924), (0.46920308, -0.86753714, 0.16500832), (0.51728153, -0.8092772, 0.2783707), (0.42484763, -0.86863106, 0.2549208), (0.19558756, -0.939518, 0.28116107), (0.23990573, -0.9261207, 0.2911111), (0.25773442, -0.9290021, 0.2655711), (0.20992559, -0.9435598, 0.2561761), (0.23990573, -0.9261207, 0.2911111), (0.37459782, -0.87077594, 0.31847405), (0.39867058, -0.87090236, 0.2873862), (0.25773442, -0.9290021, 0.2655711), (0.25773442, -0.9290021, 0.2655711), (0.39867058, -0.87090236, 0.2873862), (0.52606934, -0.8294121, 0.18795393), (0.3423331, -0.92693406, 0.15362734), (0.20992559, -0.9435598, 0.2561761), (0.25773442, -0.9290021, 0.2655711), (0.3423331, -0.92693406, 0.15362734), (0.25270522, -0.95536065, 0.15305574), (0.05717545, -0.85735214, 0.51154506), (0.09195266, -0.8356187, 0.5415591), (0.17669277, -0.896614, 0.40603316), (0.13912588, -0.9134135, 0.38251758), (0.09195266, -0.8356187, 0.5415591), (0.20106636, -0.77063376, 0.60472786), (0.30240384, -0.83464664, 0.4603443), (0.17669277, -0.896614, 0.40603316), (0.17669277, -0.896614, 0.40603316), (0.30240384, -0.83464664, 0.4603443), (0.37459782, -0.87077594, 0.31847405), (0.23990573, -0.9261207, 0.2911111), (0.13912588, -0.9134135, 0.38251758), (0.17669277, -0.896614, 0.40603316), (0.23990573, -0.9261207, 0.2911111), (0.19558756, -0.939518, 0.28116107), (0.6859301, 0.0015669244, 0.7276658), (0.3756022, -0.6087387, 0.69882774), (0.22047165, -0.5692733, 0.7920354), (0.54865444, 0.040436417, 0.8350708), (0.3756022, -0.6087387, 0.69882774), (0.20106636, -0.77063376, 0.60472786), (0.12668529, -0.6628686, 0.7379405), (0.22047165, -0.5692733, 0.7920354), (0.22047165, -0.5692733, 0.7920354), (0.12668529, -0.6628686, 0.7379405), (0.083515085, -0.45708066, 0.8854956), (0.13091797, -0.4245119, 0.89590746), (0.54865444, 0.040436417, 0.8350708), (0.22047165, -0.5692733, 0.7920354), (0.13091797, -0.4245119, 0.89590746), (0.39535895, 0.11105703, 0.9117881), (-0.014575009, -0.47239137, 0.88126844), (0.017543664, -0.48164964, 0.8761883), (0.03575963, -0.71425927, 0.69896704), (-0.0034525278, -0.7329714, 0.68025076), (0.017543664, -0.48164964, 0.8761883), (0.083515085, -0.45708066, 0.8854956), (0.12668529, -0.6628686, 0.7379405), (0.03575963, -0.71425927, 0.69896704), (0.03575963, -0.71425927, 0.69896704), (0.12668529, -0.6628686, 0.7379405), (0.20106636, -0.77063376, 0.60472786), (0.09195266, -0.8356187, 0.5415591), (-0.0034525278, -0.7329714, 0.68025076), (0.03575963, -0.71425927, 0.69896704), (0.09195266, -0.8356187, 0.5415591), (0.05717545, -0.85735214, 0.51154506), (0.6859301, 0.0015669244, 0.7276658), (0.54865444, 0.040436417, 0.8350708), (0.6283421, 0.5955873, 0.5004617), (0.68615454, 0.6003333, 0.41084296), (0.54865444, 0.040436417, 0.8350708), (0.39535895, 0.11105703, 0.9117881), (0.5385065, 0.5553293, 0.63373506), (0.6283421, 0.5955873, 0.5004617), (0.6283421, 0.5955873, 0.5004617), (0.5385065, 0.5553293, 0.63373506), (0.5136178, 0.5271399, 0.67699355), (0.606711, 0.6115932, 0.50779486), (0.68615454, 0.6003333, 0.41084296), (0.6283421, 0.5955873, 0.5004617), (0.606711, 0.6115932, 0.50779486), (0.6372356, 0.6908625, 0.3415256), (-0.051470097, 0.42657417, 0.9029869), (0.15524209, 0.35975295, 0.9200422), (-0.04015843, 0.01721021, 0.99904513), (-0.13413686, -0.014759678, 0.9908529), (0.36464116, 0.46376824, 0.8074378), (0.060046747, 0.013657288, 0.9981021), (-0.04015843, 0.01721021, 0.99904513), (0.15524209, 0.35975295, 0.9200422), (-0.1870004, -0.10308903, 0.9769358), (-0.13413686, -0.014759678, 0.9908529), (-0.04015843, 0.01721021, 0.99904513), (0.060046747, 0.013657288, 0.9981021), (0.36464116, 0.46376824, 0.8074378), (0.15524209, 0.35975295, 0.9200422), (0.25932583, 0.3593745, 0.89643747), (0.3600988, 0.26742107, 0.89376444), (0.15524209, 0.35975295, 0.9200422), (-0.051470097, 0.42657417, 0.9029869), (0.06461634, 0.4737586, 0.87828094), (0.25932583, 0.3593745, 0.89643747), (0.25932583, 0.3593745, 0.89643747), (0.06461634, 0.4737586, 0.87828094), (0.08872776, 0.15515554, 0.98389745), (0.22557206, 0.027845928, 0.97382843), (0.3600988, 0.26742107, 0.89376444), (0.25932583, 0.3593745, 0.89643747), (0.22557206, 0.027845928, 0.97382843), (0.3092169, 0.002164373, 0.95098907), (-0.024401214, -0.23126604, 0.9725845), (-0.25148985, -0.04015715, 0.9670265), (-0.27110317, 0.21209186, 0.938893), (0.085807845, 0.028281363, 0.9959102), (-0.25148985, -0.04015715, 0.9670265), (-0.1870004, -0.10308903, 0.9769358), (-0.3197016, 0.12201, 0.9396299), (-0.27110317, 0.21209186, 0.938893), (-0.27110317, 0.21209186, 0.938893), (-0.3197016, 0.12201, 0.9396299), (-0.36758938, 0.3755206, 0.85080105), (-0.28728965, 0.3998675, 0.87038535), (0.085807845, 0.028281363, 0.9959102), (-0.27110317, 0.21209186, 0.938893), (-0.28728965, 0.3998675, 0.87038535), (0.027298985, 0.2700278, 0.9624654), (-0.13862002, 0.35596725, 0.92416006), (-0.24774075, 0.47661242, 0.84348387), (-0.27140602, -0.023326237, 0.9621823), (-0.1270625, -0.19012564, 0.9735027), (-0.24774075, 0.47661242, 0.84348387), (-0.051470097, 0.42657417, 0.9029869), (-0.13413686, -0.014759678, 0.9908529), (-0.27140602, -0.023326237, 0.9621823), (-0.27140602, -0.023326237, 0.9621823), (-0.13413686, -0.014759678, 0.9908529), (-0.1870004, -0.10308903, 0.9769358), (-0.25148985, -0.04015715, 0.9670265), (-0.1270625, -0.19012564, 0.9735027), (-0.27140602, -0.023326237, 0.9621823), (-0.25148985, -0.04015715, 0.9670265), (-0.024401214, -0.23126604, 0.9725845), (-0.024401214, -0.23126604, 0.9725845), (0.085807845, 0.028281363, 0.9959102), (0.3865348, -0.32522222, 0.8630303), (0.30876857, -0.47433785, 0.8244184), (0.085807845, 0.028281363, 0.9959102), (0.027298985, 0.2700278, 0.9624654), (0.42775354, -0.16288222, 0.88909864), (0.3865348, -0.32522222, 0.8630303), (0.3865348, -0.32522222, 0.8630303), (0.42775354, -0.16288222, 0.88909864), (0.34575444, -0.4100334, 0.8439944), (0.24073696, -0.49153095, 0.83692473), (0.30876857, -0.47433785, 0.8244184), (0.3865348, -0.32522222, 0.8630303), (0.24073696, -0.49153095, 0.83692473), (0.16452982, -0.5884826, 0.79159224), (-0.3271076, -0.7084328, 0.6253987), (-0.255187, -0.641586, 0.72335815), (-0.20544058, -0.5306919, 0.8222896), (-0.42665112, -0.54577535, 0.72117823), (-0.255187, -0.641586, 0.72335815), (0.16452982, -0.5884826, 0.79159224), (0.24073696, -0.49153095, 0.83692473), (-0.20544058, -0.5306919, 0.8222896), (-0.20544058, -0.5306919, 0.8222896), (0.24073696, -0.49153095, 0.83692473), (0.34575444, -0.4100334, 0.8439944), (-0.0071104644, -0.50417775, 0.86357063), (-0.42665112, -0.54577535, 0.72117823), (-0.20544058, -0.5306919, 0.8222896), (-0.0071104644, -0.50417775, 0.86357063), (-0.39100882, -0.474373, 0.78872204), (-0.22804582, -0.19824974, 0.9532534), (0.03069571, 0.03135726, 0.9990368), (0.22382803, -0.48801523, 0.8436481), (0.071618214, -0.67850554, 0.73109585), (0.03069571, 0.03135726, 0.9990368), (-0.13862002, 0.35596725, 0.92416006), (-0.1270625, -0.19012564, 0.9735027), (0.22382803, -0.48801523, 0.8436481), (0.22382803, -0.48801523, 0.8436481), (-0.1270625, -0.19012564, 0.9735027), (-0.024401214, -0.23126604, 0.9725845), (0.30876857, -0.47433785, 0.8244184), (0.071618214, -0.67850554, 0.73109585), (0.22382803, -0.48801523, 0.8436481), (0.30876857, -0.47433785, 0.8244184), (0.16452982, -0.5884826, 0.79159224), (-0.46157464, -0.25506338, 0.84964204), (-0.46088156, -0.24691753, 0.8524201), (-0.26791993, -0.7532532, 0.60069), (-0.27742842, -0.8117592, 0.5138877), (-0.46088156, -0.24691753, 0.8524201), (-0.22804582, -0.19824974, 0.9532534), (0.071618214, -0.67850554, 0.73109585), (-0.26791993, -0.7532532, 0.60069), (-0.26791993, -0.7532532, 0.60069), (0.071618214, -0.67850554, 0.73109585), (0.16452982, -0.5884826, 0.79159224), (-0.255187, -0.641586, 0.72335815), (-0.27742842, -0.8117592, 0.5138877), (-0.26791993, -0.7532532, 0.60069), (-0.255187, -0.641586, 0.72335815), (-0.3271076, -0.7084328, 0.6253987), (-0.13862002, 0.35596725, 0.92416006), (0.03069571, 0.03135726, 0.9990368), (-0.21460856, 0.584189, 0.7827301), (-0.20941986, 0.7005567, 0.68217564), (0.03069571, 0.03135726, 0.9990368), (-0.22804582, -0.19824974, 0.9532534), (-0.30037096, 0.32352355, 0.89727914), (-0.21460856, 0.584189, 0.7827301), (-0.21460856, 0.584189, 0.7827301), (-0.30037096, 0.32352355, 0.89727914), (-0.44124755, 0.116482265, 0.8897935), (-0.40480286, 0.38943294, 0.827331), (-0.20941986, 0.7005567, 0.68217564), (-0.21460856, 0.584189, 0.7827301), (-0.40480286, 0.38943294, 0.827331), (-0.23666845, 0.47221643, 0.849117), (-0.22804582, -0.19824974, 0.9532534), (-0.46088156, -0.24691753, 0.8524201), (-0.42249396, 0.24157429, 0.87357926), (-0.30037096, 0.32352355, 0.89727914), (-0.46088156, -0.24691753, 0.8524201), (-0.46157464, -0.25506338, 0.84964204), (-0.3949196, 0.3686029, 0.84152853), (-0.42249396, 0.24157429, 0.87357926), (-0.42249396, 0.24157429, 0.87357926), (-0.3949196, 0.3686029, 0.84152853), (-0.4292881, 0.092521, 0.89841616), (-0.4432346, -0.017508969, 0.89623463), (-0.30037096, 0.32352355, 0.89727914), (-0.42249396, 0.24157429, 0.87357926), (-0.4432346, -0.017508969, 0.89623463), (-0.44124755, 0.116482265, 0.8897935), (-0.23666845, 0.47221643, 0.849117), (-0.40480286, 0.38943294, 0.827331), (-0.55622953, 0.25880176, 0.7897028), (-0.22270264, 0.43913093, 0.87038356), (-0.40480286, 0.38943294, 0.827331), (-0.44124755, 0.116482265, 0.8897935), (-0.60841906, -0.058140323, 0.7914834), (-0.55622953, 0.25880176, 0.7897028), (-0.55622953, 0.25880176, 0.7897028), (-0.60841906, -0.058140323, 0.7914834), (-0.67184633, -0.10072326, 0.7338101), (-0.6273176, 0.26566803, 0.7320472), (-0.22270264, 0.43913093, 0.87038356), (-0.55622953, 0.25880176, 0.7897028), (-0.6273176, 0.26566803, 0.7320472), (-0.17751531, 0.5471779, 0.81797594), (-0.44124755, 0.116482265, 0.8897935), (-0.4432346, -0.017508969, 0.89623463), (-0.4723553, -0.20693156, 0.8567729), (-0.60841906, -0.058140323, 0.7914834), (-0.4432346, -0.017508969, 0.89623463), (-0.4292881, 0.092521, 0.89841616), (-0.472493, -0.18215553, 0.8623049), (-0.4723553, -0.20693156, 0.8567729), (-0.4723553, -0.20693156, 0.8567729), (-0.472493, -0.18215553, 0.8623049), (-0.44043747, -0.2847229, 0.8514386), (-0.51977694, -0.25411046, 0.8156346), (-0.60841906, -0.058140323, 0.7914834), (-0.4723553, -0.20693156, 0.8567729), (-0.51977694, -0.25411046, 0.8156346), (-0.67184633, -0.10072326, 0.7338101), (0.08872776, 0.15515554, 0.98389745), (-0.040912412, 0.33031642, 0.9429832), (0.074683875, 0.39443374, 0.9158845), (0.17122668, 0.28066406, 0.94440943), (-0.040912412, 0.33031642, 0.9429832), (-0.23666845, 0.47221643, 0.849117), (-0.22270264, 0.43913093, 0.87038356), (0.074683875, 0.39443374, 0.9158845), (0.074683875, 0.39443374, 0.9158845), (-0.22270264, 0.43913093, 0.87038356), (-0.17751531, 0.5471779, 0.81797594), (0.14350131, 0.5412579, 0.8285211), (0.17122668, 0.28066406, 0.94440943), (0.074683875, 0.39443374, 0.9158845), (0.14350131, 0.5412579, 0.8285211), (0.2191105, 0.46460557, 0.8579815), (0.3092169, 0.002164373, 0.95098907), (0.22557206, 0.027845928, 0.97382843), (0.27053043, 0.06765148, 0.96033144), (0.30479854, -0.100797795, 0.9470679), (0.22557206, 0.027845928, 0.97382843), (0.08872776, 0.15515554, 0.98389745), (0.17122668, 0.28066406, 0.94440943), (0.27053043, 0.06765148, 0.96033144), (0.27053043, 0.06765148, 0.96033144), (0.17122668, 0.28066406, 0.94440943), (0.2191105, 0.46460557, 0.8579815), (0.27243242, 0.33928382, 0.90037054), (0.30479854, -0.100797795, 0.9470679), (0.27053043, 0.06765148, 0.96033144), (0.27243242, 0.33928382, 0.90037054), (0.3841547, 0.07195399, 0.9204607), (-0.051470097, 0.42657417, 0.9029869), (-0.24774075, 0.47661242, 0.84348387), (-0.10015007, 0.6259135, 0.7734354), (0.06461634, 0.4737586, 0.87828094), (-0.24774075, 0.47661242, 0.84348387), (-0.13862002, 0.35596725, 0.92416006), (-0.20941986, 0.7005567, 0.68217564), (-0.10015007, 0.6259135, 0.7734354), (-0.10015007, 0.6259135, 0.7734354), (-0.20941986, 0.7005567, 0.68217564), (-0.23666845, 0.47221643, 0.849117), (-0.040912412, 0.33031642, 0.9429832), (0.06461634, 0.4737586, 0.87828094), (-0.10015007, 0.6259135, 0.7734354), (-0.040912412, 0.33031642, 0.9429832), (0.08872776, 0.15515554, 0.98389745), (-0.46157464, -0.25506338, 0.84964204), (-0.6191597, -0.22199844, 0.75323164), (-0.30752453, 0.84556067, 0.43641236), (-0.28094655, 0.82045436, 0.4979194), (-0.60154897, -0.2964758, 0.74178225), (-0.4163149, 0.77109975, 0.4817542), (-0.30752453, 0.84556067, 0.43641236), (-0.6191597, -0.22199844, 0.75323164), (-0.30157614, 0.8870994, 0.34943724), (-0.28094655, 0.82045436, 0.4979194), (-0.30752453, 0.84556067, 0.43641236), (-0.4163149, 0.77109975, 0.4817542), (-0.30157614, 0.8870994, 0.34943724), (-0.4163149, 0.77109975, 0.4817542), (-0.5748302, 0.6565162, 0.48842275), (-0.3642076, 0.8832614, 0.29530007), (-0.4163149, 0.77109975, 0.4817542), (-0.60154897, -0.2964758, 0.74178225), (-0.7129815, -0.29735333, 0.63501054), (-0.5748302, 0.6565162, 0.48842275), (-0.5748302, 0.6565162, 0.48842275), (-0.7129815, -0.29735333, 0.63501054), (-0.8548465, -0.26821965, 0.44417986), (-0.7193814, 0.5542432, 0.41869417), (-0.3642076, 0.8832614, 0.29530007), (-0.5748302, 0.6565162, 0.48842275), (-0.7193814, 0.5542432, 0.41869417), (-0.42875564, 0.8581975, 0.2822509), (-0.42875564, 0.8581975, 0.2822509), (-0.7193814, 0.5542432, 0.41869417), (-0.81187344, 0.5120868, 0.28040797), (-0.48018342, 0.8531146, 0.20400843), (-0.7193814, 0.5542432, 0.41869417), (-0.8548465, -0.26821965, 0.44417986), (-0.93564194, -0.23331326, 0.26483777), (-0.81187344, 0.5120868, 0.28040797), (-0.81187344, 0.5120868, 0.28040797), (-0.93564194, -0.23331326, 0.26483777), (-0.9595111, -0.20101252, 0.19731298), (-0.8303926, 0.5205506, 0.19868365), (-0.48018342, 0.8531146, 0.20400843), (-0.81187344, 0.5120868, 0.28040797), (-0.8303926, 0.5205506, 0.19868365), (-0.4843514, 0.86421496, 0.13614835), (-0.059491593, -0.9958133, 0.06940134), (-0.064097635, -0.9876937, 0.14266229), (-0.049838528, -0.998732, 0.007111724), (-0.08124182, -0.9963922, 0.024545928), (-0.064097635, -0.9876937, 0.14266229), (-0.06271641, -0.97616154, 0.20778646), (-0.04743729, -0.99871516, 0.017823977), (-0.049838528, -0.998732, 0.007111724), (-0.049838528, -0.998732, 0.007111724), (-0.04743729, -0.99871516, 0.017823977), (-0.027004434, -0.99746907, -0.06577481), (-0.053168405, -0.9969751, -0.056689885), (-0.08124182, -0.9963922, 0.024545928), (-0.049838528, -0.998732, 0.007111724), (-0.053168405, -0.9969751, -0.056689885), (-0.15489963, -0.98789835, -0.007940508), (-0.15489963, -0.98789835, -0.007940508), (-0.053168405, -0.9969751, -0.056689885), (-0.053010996, -0.9963241, -0.06729075), (-0.20268412, -0.9789972, -0.021992844), (-0.053168405, -0.9969751, -0.056689885), (-0.027004434, -0.99746907, -0.06577481), (-0.012290875, -0.99671555, -0.08004485), (-0.053010996, -0.9963241, -0.06729075), (-0.053010996, -0.9963241, -0.06729075), (-0.012290875, -0.99671555, -0.08004485), (-0.0098023135, -0.99861044, -0.051780663), (-0.056003563, -0.9976598, -0.03922306), (-0.20268412, -0.9789972, -0.021992844), (-0.053010996, -0.9963241, -0.06729075), (-0.056003563, -0.9976598, -0.03922306), (-0.22154784, -0.9751466, 0.002397577), (-0.46157464, -0.25506338, 0.84964204), (-0.27742842, -0.8117592, 0.5138877), (-0.12284968, -0.9192705, 0.37396482), (-0.10440899, -0.9813013, 0.1616987), (-0.27742842, -0.8117592, 0.5138877), (-0.3271076, -0.7084328, 0.6253987), (-0.13190824, -0.8527687, 0.5053571), (-0.12284968, -0.9192705, 0.37396482), (-0.12284968, -0.9192705, 0.37396482), (-0.13190824, -0.8527687, 0.5053571), (-0.06271641, -0.97616154, 0.20778646), (-0.064097635, -0.9876937, 0.14266229), (-0.10440899, -0.9813013, 0.1616987), (-0.12284968, -0.9192705, 0.37396482), (-0.064097635, -0.9876937, 0.14266229), (-0.059491593, -0.9958133, 0.06940134), (-0.22154784, -0.9751466, 0.002397577), (-0.056003563, -0.9976598, -0.03922306), (-0.10928583, -0.9936682, -0.026078328), (-0.27993864, -0.9593184, 0.036639903), (-0.056003563, -0.9976598, -0.03922306), (-0.0098023135, -0.99861044, -0.051780663), (-0.058514055, -0.99712324, -0.048179917), (-0.10928583, -0.9936682, -0.026078328), (-0.10928583, -0.9936682, -0.026078328), (-0.058514055, -0.99712324, -0.048179917), (-0.17732349, -0.98225045, -0.061158292), (-0.24154201, -0.97002006, -0.026807753), (-0.27993864, -0.9593184, 0.036639903), (-0.10928583, -0.9936682, -0.026078328), (-0.24154201, -0.97002006, -0.026807753), (-0.43111932, -0.9003215, 0.059643283), (-0.43111932, -0.9003215, 0.059643283), (-0.24154201, -0.97002006, -0.026807753), (-0.32204467, -0.9462345, -0.03045643), (-0.51783377, -0.85339534, 0.059704073), (-0.24154201, -0.97002006, -0.026807753), (-0.17732349, -0.98225045, -0.061158292), (-0.24513508, -0.96717495, -0.06694373), (-0.32204467, -0.9462345, -0.03045643), (-0.4843514, 0.86421496, 0.13614835), (-0.8303926, 0.5205506, 0.19868365), (-0.81413287, 0.5410994, 0.2107109), (-0.4789887, 0.8700666, 0.116420984), (-0.8303926, 0.5205506, 0.19868365), (-0.9595111, -0.20101252, 0.19731298), (-0.95710164, -0.16643131, 0.23718566), (-0.81413287, 0.5410994, 0.2107109), (-0.81413287, 0.5410994, 0.2107109), (-0.95710164, -0.16643131, 0.23718566), (-0.961909, -0.06913794, 0.2644828), (-0.79726845, 0.5651764, 0.21198711), (-0.4789887, 0.8700666, 0.116420984), (-0.81413287, 0.5410994, 0.2107109), (-0.79726845, 0.5651764, 0.21198711), (-0.50143206, 0.8586257, 0.10643174), (-0.50143206, 0.8586257, 0.10643174), (-0.79726845, 0.5651764, 0.21198711), (-0.7803787, 0.5928617, 0.19880691), (-0.5037711, 0.85760397, 0.103586815), (-0.79726845, 0.5651764, 0.21198711), (-0.961909, -0.06913794, 0.2644828), (-0.96835107, 0.01035591, 0.2493771), (-0.7803787, 0.5928617, 0.19880691), (-0.18423975, 0.9826817, -0.019810926), (-0.2672871, 0.9634977, 0.015160197), (-0.28609684, 0.9580084, 0.01919486), (-0.2091964, 0.9777944, -0.012446897), (-0.2672871, 0.9634977, 0.015160197), (-0.50143206, 0.8586257, 0.10643174), (-0.5037711, 0.85760397, 0.103586815), (-0.28609684, 0.9580084, 0.01919486), (-0.120316505, 0.9908773, 0.060712542), (-0.21092995, 0.97423095, 0.07989121), (-0.22032347, 0.97475666, 0.036152434), (-0.13316235, 0.9910745, 0.0062459754), (-0.21092995, 0.97423095, 0.07989121), (-0.4843514, 0.86421496, 0.13614835), (-0.4789887, 0.8700666, 0.116420984), (-0.22032347, 0.97475666, 0.036152434), (-0.22032347, 0.97475666, 0.036152434), (-0.4789887, 0.8700666, 0.116420984), (-0.50143206, 0.8586257, 0.10643174), (-0.2672871, 0.9634977, 0.015160197), (-0.13316235, 0.9910745, 0.0062459754), (-0.22032347, 0.97475666, 0.036152434), (-0.2672871, 0.9634977, 0.015160197), (-0.18423975, 0.9826817, -0.019810926), (-0.14920065, 0.9765964, 0.15491529), (-0.21777275, 0.9581069, 0.18602785), (-0.21485595, 0.96706873, 0.13643686), (-0.12714316, 0.98529494, 0.11414285), (-0.21777275, 0.9581069, 0.18602785), (-0.42875564, 0.8581975, 0.2822509), (-0.48018342, 0.8531146, 0.20400843), (-0.21485595, 0.96706873, 0.13643686), (-0.21485595, 0.96706873, 0.13643686), (-0.48018342, 0.8531146, 0.20400843), (-0.4843514, 0.86421496, 0.13614835), (-0.21092995, 0.97423095, 0.07989121), (-0.12714316, 0.98529494, 0.11414285), (-0.21485595, 0.96706873, 0.13643686), (-0.21092995, 0.97423095, 0.07989121), (-0.120316505, 0.9908773, 0.060712542), (-0.26798233, 0.8515155, 0.45067373), (-0.27456424, 0.87696826, 0.39438713), (-0.25287697, 0.94332355, 0.21492782), (-0.22394525, 0.9535962, 0.20125309), (-0.27456424, 0.87696826, 0.39438713), (-0.30157614, 0.8870994, 0.34943724), (-0.3642076, 0.8832614, 0.29530007), (-0.25287697, 0.94332355, 0.21492782), (-0.25287697, 0.94332355, 0.21492782), (-0.3642076, 0.8832614, 0.29530007), (-0.42875564, 0.8581975, 0.2822509), (-0.21777275, 0.9581069, 0.18602785), (-0.22394525, 0.9535962, 0.20125309), (-0.25287697, 0.94332355, 0.21492782), (-0.21777275, 0.9581069, 0.18602785), (-0.14920065, 0.9765964, 0.15491529), (-0.4292881, 0.092521, 0.89841616), (-0.3949196, 0.3686029, 0.84152853), (-0.29330605, 0.6386374, 0.7114168), (-0.28957582, 0.47435474, 0.83134437), (-0.3949196, 0.3686029, 0.84152853), (-0.46157464, -0.25506338, 0.84964204), (-0.28094655, 0.82045436, 0.4979194), (-0.29330605, 0.6386374, 0.7114168), (-0.29330605, 0.6386374, 0.7114168), (-0.28094655, 0.82045436, 0.4979194), (-0.30157614, 0.8870994, 0.34943724), (-0.27456424, 0.87696826, 0.39438713), (-0.28957582, 0.47435474, 0.83134437), (-0.29330605, 0.6386374, 0.7114168), (-0.27456424, 0.87696826, 0.39438713), (-0.26798233, 0.8515155, 0.45067373), (-0.961909, -0.06913794, 0.2644828), (-0.7216916, -0.66933304, 0.17650637), (-0.7853734, -0.59452426, 0.17242214), (-0.96835107, 0.01035591, 0.2493771), (-0.7216916, -0.66933304, 0.17650637), (-0.43111932, -0.9003215, 0.059643283), (-0.51783377, -0.85339534, 0.059704073), (-0.7853734, -0.59452426, 0.17242214), (-0.9595111, -0.20101252, 0.19731298), (-0.57947403, -0.8100548, 0.08956023), (-0.61600465, -0.775226, 0.13986734), (-0.95710164, -0.16643131, 0.23718566), (-0.57947403, -0.8100548, 0.08956023), (-0.22154784, -0.9751466, 0.002397577), (-0.27993864, -0.9593184, 0.036639903), (-0.61600465, -0.775226, 0.13986734), (-0.61600465, -0.775226, 0.13986734), (-0.27993864, -0.9593184, 0.036639903), (-0.43111932, -0.9003215, 0.059643283), (-0.7216916, -0.66933304, 0.17650637), (-0.95710164, -0.16643131, 0.23718566), (-0.61600465, -0.775226, 0.13986734), (-0.7216916, -0.66933304, 0.17650637), (-0.961909, -0.06913794, 0.2644828), (-0.46157464, -0.25506338, 0.84964204), (-0.10440899, -0.9813013, 0.1616987), (-0.08656351, -0.9946457, 0.056450844), (-0.6191597, -0.22199844, 0.75323164), (-0.059491593, -0.9958133, 0.06940134), (-0.12684654, -0.98362005, 0.12806806), (-0.08656351, -0.9946457, 0.056450844), (-0.10440899, -0.9813013, 0.1616987), (-0.60154897, -0.2964758, 0.74178225), (-0.6191597, -0.22199844, 0.75323164), (-0.08656351, -0.9946457, 0.056450844), (-0.12684654, -0.98362005, 0.12806806), (-0.8548465, -0.26821965, 0.44417986), (-0.4262359, -0.8923192, 0.14862461), (-0.54122037, -0.8360023, 0.090447426), (-0.93564194, -0.23331326, 0.26483777), (-0.4262359, -0.8923192, 0.14862461), (-0.15489963, -0.98789835, -0.007940508), (-0.20268412, -0.9789972, -0.021992844), (-0.54122037, -0.8360023, 0.090447426), (-0.54122037, -0.8360023, 0.090447426), (-0.20268412, -0.9789972, -0.021992844), (-0.22154784, -0.9751466, 0.002397577), (-0.57947403, -0.8100548, 0.08956023), (-0.93564194, -0.23331326, 0.26483777), (-0.54122037, -0.8360023, 0.090447426), (-0.57947403, -0.8100548, 0.08956023), (-0.9595111, -0.20101252, 0.19731298), (-0.60154897, -0.2964758, 0.74178225), (-0.12684654, -0.98362005, 0.12806806), (-0.24616201, -0.9525243, 0.17916939), (-0.7129815, -0.29735333, 0.63501054), (-0.12684654, -0.98362005, 0.12806806), (-0.059491593, -0.9958133, 0.06940134), (-0.08124182, -0.9963922, 0.024545928), (-0.24616201, -0.9525243, 0.17916939), (-0.24616201, -0.9525243, 0.17916939), (-0.08124182, -0.9963922, 0.024545928), (-0.15489963, -0.98789835, -0.007940508), (-0.4262359, -0.8923192, 0.14862461), (-0.7129815, -0.29735333, 0.63501054), (-0.24616201, -0.9525243, 0.17916939), (-0.4262359, -0.8923192, 0.14862461), (-0.8548465, -0.26821965, 0.44417986)] (
                interpolation = "faceVarying"
            )
            point3f[] points = [(0.016770877, -0.02316675, 0.03329), (0.018694643, -0.052951586, 0.029866634), (0.00852318, -0.043429658, 0.031801175), (0.008753884, -0.032227214, 0.03110672), (0.04960597, -0.05887071, 0.019527152), (0.02107812, -0.027327143, 0.035252724), (0.030637203, -0.0322591, 0.035477623), (0.056490555, -0.03809202, 0.027027188), (0.062897295, -0.051582858, 0.007603336), (0.066792786, -0.03496951, 0.016851427), (0.07068965, -0.038625527, 0.0004955852), (0.07410805, -0.029253097, 0.007647766), (0.07809292, -0.027618347, -0.0009923173), (0.080320075, -0.020770557, -0.0015672353), (0.034168135, -0.05774402, 0.02587199), (0.042957596, -0.036764048, 0.034090307), (0.025186568, -0.015970826, 0.044871494), (0.032964084, -0.014811786, 0.052342605), (0.041409817, -0.016816298, 0.05311473), (0.06857027, -0.023410065, 0.040586654), (0.0785468, -0.02412122, 0.026871635), (0.079582326, -0.022262454, 0.0127800675), (0.079841524, -0.020343235, 0.0034689892), (0.055404194, -0.021738697, 0.050209004), (0.013274407, -0.025452396, 0.03319205), (0.0155412555, -0.03476799, 0.03315772), (0.025196021, -0.042900637, 0.033536475), (0.052936975, -0.047812227, 0.022920176), (0.0642243, -0.042446066, 0.011825737), (0.07250784, -0.03391462, 0.0042614182), (0.07982406, -0.023016239, -0.001320168), (0.03920451, -0.04819497, 0.031858936), (0.08023752, -0.02053368, -0.00013861645), (0.07697249, -0.025947327, 0.010164698), (0.03630095, -0.026021045, 0.045885228), (0.026684433, -0.022098614, 0.044127256), (0.0730691, -0.030156031, 0.022213643), (0.06246356, -0.031017626, 0.033603862), (0.04898588, -0.029671755, 0.042185906), (0.017782295, -0.020524357, 0.037578143), (0.014626691, -0.020853754, 0.03169895), (0.01398046, -0.022173323, 0.032076918), (0.015175949, -0.020293651, 0.033282403), (0.004586756, -0.013298795, 0.025953507), (0.0036751288, -0.014157728, 0.026105316), (0.0044106566, -0.012286118, 0.027132826), (0.0014821283, -0.003949488, 0.013641643), (0.00039426642, -0.0051118126, 0.013431038), (0.0006197993, -0.0018191267, 0.013632388), (0.002713109, -0.010367129, 0.022936478), (0.0017802531, -0.011222371, 0.02297538), (0.002069761, -0.0089262705, 0.023638299), (0.0016894577, -0.00030696316, 0.0046236757), (0.00051267666, -0.0017214357, 0.0042624194), (0.0009118107, 0.0016780095, 0.004632412), (0.0021336076, 0.00024983138, 0.0002783985), (0.0006796682, -0.0013276876, 0.0005865803), (0.0013140399, 0.0022111752, 0.0009908077), (0.011553938, -0.0205898, 0.03115149), (0.01207592, -0.019262504, 0.030956792), (0.012576169, -0.018726535, 0.032283533), (0.014359182, -0.02143643, 0.031931374), (0.0040408545, -0.01372156, 0.026054407), (0.0008510623, -0.0045374557, 0.013536313), (0.002186415, -0.010804567, 0.02296073), (0.0010494965, -0.000991496, 0.0043975604), (0.0012763566, -0.0005956514, 0.00013419746), (0.011769613, -0.019951051, 0.031126123), (0.014833433, -0.020668026, 0.03242213), (0.004405112, -0.012776959, 0.026559139), (0.0009493269, -0.0028900933, 0.01363504), (0.002315369, -0.009691196, 0.023319177), (0.0012357471, 0.0007012672, 0.0045935838), (0.0016381973, 0.0013932734, 0.00038307515), (0.012278933, -0.019022979, 0.03169839), (0.007651278, -0.037426725, 0.030950425), (0.042006396, -0.05933541, 0.023844028), (0.012468375, -0.048805404, 0.031360164), (0.01103287, -0.028353145, 0.032396924), (0.018342726, -0.025113218, 0.0345294), (0.025364455, -0.0295756, 0.035147086), (0.03658511, -0.034532055, 0.034907706), (0.018349562, -0.031115633, 0.034546338), (0.02812444, -0.037792753, 0.034863677), (0.05489058, -0.043075323, 0.025187943), (0.06539733, -0.038549416, 0.014256373), (0.056643773, -0.05588071, 0.0131555945), (0.062329486, -0.036960453, 0.021846766), (0.073469624, -0.03167573, 0.006042463), (0.06730127, -0.045548692, 0.0032810888), (0.07095629, -0.03258152, 0.012142868), (0.080069214, -0.021829212, -0.0014245632), (0.07435002, -0.032306418, -0.00054263), (0.07651492, -0.02484164, 0.0030241387), (0.026196903, -0.055348642, 0.027230121), (0.049726207, -0.03806898, 0.03147223), (0.036786903, -0.05319387, 0.029318051), (0.02909951, -0.014792413, 0.049075626), (0.03674085, -0.015358774, 0.05335656), (0.048124902, -0.019393906, 0.052322403), (0.07488706, -0.024310911, 0.034356594), (0.079858534, -0.02355528, 0.019588452), (0.07919751, -0.02088851, 0.007338817), (0.06186607, -0.022319814, 0.045405895), (0.08017338, -0.020333646, 0.0011643365), (0.07566198, -0.027695522, 0.008919053), (0.038832713, -0.02176905, 0.049990878), (0.023757868, -0.02494837, 0.039874576), (0.076005034, -0.027382508, 0.024732955), (0.05936171, -0.034485165, 0.030150443), (0.052393466, -0.026186427, 0.04673617), (0.012277343, -0.038867198, 0.032109946), (0.021960735, -0.047847617, 0.031691704), (0.05131084, -0.05325932, 0.021189189), (0.06353664, -0.046957843, 0.009744051), (0.0713296, -0.036098134, 0.0023696541), (0.07943766, -0.024635872, -0.0012401162), (0.041289106, -0.04272724, 0.033382226), (0.046219192, -0.048717, 0.028121088), (0.07600552, -0.02856976, 0.0014400665), (0.06883286, -0.038629405, 0.0075888527), (0.059224702, -0.04567669, 0.017097676), (0.032007214, -0.045674894, 0.032641225), (0.019439375, -0.03904742, 0.03331799), (0.013819566, -0.030322084, 0.033389952), (0.08027468, -0.020682499, -0.00095713575), (0.0781382, -0.024044387, 0.011434956), (0.033571884, -0.029200824, 0.040541023), (0.02969995, -0.018601242, 0.04826689), (0.070021465, -0.03269427, 0.01961614), (0.06572657, -0.02752595, 0.037343703), (0.04582081, -0.033040408, 0.037774317), (0.021074658, -0.018466167, 0.041044544), (0.055992205, -0.03094288, 0.03878752), (0.022245742, -0.02132082, 0.041510925), (0.07563423, -0.02841191, 0.01601922), (0.042532984, -0.02815284, 0.04471647), (0.06851146, -0.03074271, 0.027804805), (0.031109039, -0.023589756, 0.04532051), (0.07784627, -0.0229361, 0.0047996123), (0.014683847, -0.020714795, 0.031978074), (0.0141974855, -0.02181079, 0.03203856), (0.015627109, -0.02180086, 0.03233905), (0.014208829, -0.023400951, 0.032798532), (0.01612175, -0.020811947, 0.034725305), (0.0045447894, -0.013042934, 0.026198572), (0.003818623, -0.013936049, 0.026106264), (0.006399129, -0.01494089, 0.028288161), (0.013091694, -0.021492617, 0.03167378), (0.006480894, -0.01413867, 0.029574076), (0.001296839, -0.0034573274, 0.013646633), (0.0005664622, -0.004808002, 0.013478552), (0.0016818411, -0.008072245, 0.019233895), (0.0011344035, -0.006290129, 0.019252848), (0.00072553754, -0.009058105, 0.019210946), (0.0025771062, -0.010064816, 0.023102187), (0.0019361406, -0.011003826, 0.02298257), (0.001543946, 0.00017335151, 0.004621384), (0.0007417392, -0.0013429965, 0.004315394), (0.0011970112, -0.0010863246, 0.008478792), (0.000010500983, -0.0024540275, 0.008158534), (0.00031954973, 0.00089000363, 0.008440009), (0.001988738, 0.00080178597, 0.00032826106), (0.00088132126, -0.0010140828, 0.00015736713), (0.002077097, 0.000070340946, 0.0020028115), (0.0006969312, -0.0014581275, 0.0018305355), (0.0012466764, 0.0021220997, 0.002224183), (0.009752768, -0.017698722, 0.030273624), (0.0056822584, -0.015978955, 0.02846201), (0.01009322, -0.017058635, 0.03159526), (0.009167062, -0.018922126, 0.030424943), (0.013585777, -0.020202689, 0.03140149), (0.014141894, -0.019712368, 0.032763917), (0.0116529185, -0.020288745, 0.031174572), (0.012180634, -0.019110171, 0.031263076), (0.014463198, -0.021076852, 0.031747553), (0.004362736, -0.0135158785, 0.02594739), (0.0012546019, -0.00428989, 0.013601188), (0.0025309229, -0.010601682, 0.02291091), (0.0014464253, -0.0006731728, 0.004524691), (0.0018038794, -0.00019376498, 0.0002072407), (0.011924847, -0.019572847, 0.030977294), (0.013312823, -0.020860804, 0.03160188), (0.00940915, -0.018337881, 0.030408293), (0.0013167403, -0.00067596394, 0.0018339485), (0.00052236166, -0.0017559208, 0.008293621), (0.0011058272, -0.008569875, 0.019227024), (0.0059544467, -0.015454353, 0.02840922), (0.015228007, -0.022195512, 0.03258038), (0.015006085, -0.020522635, 0.032864038), (0.0043670405, -0.012526853, 0.02687215), (0.0007331281, -0.002344111, 0.013630583), (0.0021495365, -0.009303655, 0.023495613), (0.0010281006, 0.0012016826, 0.004601534), (0.0014228427, 0.001916524, 0.00050978543), (0.012415696, -0.018891918, 0.032029815), (0.013821518, -0.019996002, 0.032137554), (0.009862864, -0.017401587, 0.03100427), (0.0015726883, 0.0011348414, 0.0020604655), (0.0006607934, -0.00007774709, 0.008434057), (0.0013059062, -0.007224288, 0.019259375), (0.006340073, -0.014523959, 0.028970635), (0.015404375, -0.024582496, 0.03340077), (0.017372346, -0.022233615, 0.0354662), (0.01563942, -0.021575999, 0.033033874), (0.011028869, -0.033524573, 0.031899776), (0.016012255, -0.04382277, 0.032237023), (0.029114222, -0.05059183, 0.030212583), (0.058082744, -0.050809182, 0.015200304), (0.06795788, -0.041939918, 0.005348191), (0.07536838, -0.030414978, 0.00049214414), (0.044283986, -0.054176085, 0.026247673), (0.07849865, -0.021893743, 0.0059545264), (0.03383792, -0.01977301, 0.049793534), (0.07197448, -0.027832909, 0.031297438), (0.04537827, -0.024261698, 0.049192883), (0.07769092, -0.02596428, 0.01776906), (0.025571039, -0.018183501, 0.044889215), (0.059114408, -0.026983816, 0.042421237), (0.048189033, -0.04361651, 0.0301563), (0.07634575, -0.02672042, 0.0022706133), (0.06996326, -0.03563191, 0.009925659), (0.060706224, -0.041169696, 0.019395217), (0.03448353, -0.040219877, 0.033968873), (0.022540765, -0.034516536, 0.034636684), (0.016199643, -0.027651545, 0.03421189), (0.05269808, -0.034370463, 0.034863196), (0.019967, -0.023514474, 0.038122106), (0.073445596, -0.030651312, 0.014179375), (0.03959115, -0.031371698, 0.039665516), (0.06538786, -0.03387067, 0.024780063), (0.028357673, -0.02655888, 0.039915457), (0.07719147, -0.02391746, 0.0038585793), (0.015152319, -0.021653514, 0.032222144), (0.015918443, -0.02132249, 0.033822216), (0.0062091798, -0.015189427, 0.02828438), (0.0063783973, -0.014337652, 0.029312331), (0.0014605727, -0.008354213, 0.019233946), (0.0011769579, -0.006756095, 0.019259669), (0.0009484502, -0.0014477323, 0.008402744), (0.00043588813, 0.00041981667, 0.008425619), (0.0017871982, -0.00032599986, 0.0019256168), (0.0013574408, 0.001652938, 0.0021131495), (0.009957396, -0.017242633, 0.031338375), (0.009592301, -0.01799273, 0.03027982), (0.013445119, -0.020493763, 0.031433605), (0.013974169, -0.019875683, 0.032487113), (0.013198243, -0.02119293, 0.031676196), (0.009269055, -0.018642329, 0.030452501), (0.0009543037, -0.0010590121, 0.0017960826), (0.00021933849, -0.0020930981, 0.008214403), (0.00086886145, -0.008807865, 0.019223722), (0.0057904343, -0.015725102, 0.028470865), (0.014864824, -0.02280695, 0.032722235), (0.013697734, -0.020065473, 0.031700842), (0.009823036, -0.017524354, 0.03057081), (0.001922713, 0.0005802643, 0.002034471), (0.0010188161, -0.0006068422, 0.008471451), (0.0015577314, -0.0076835454, 0.019247688), (0.0063957316, -0.0147167025, 0.028563496), (0.015328535, -0.021371633, 0.032420103), (0.0077463863, 0.017873026, 0.012204932), (0.019734068, 0.031185487, 0.012545279), (0.020803569, 0.021194868, 0.0119587835), (0.015889687, 0.016351655, 0.011494831), (0.012480816, 0.0512917, 0.01895351), (0.007213849, 0.021226835, 0.013623966), (0.0051391968, 0.02716509, 0.016253695), (-0.0014903571, 0.04660155, 0.021518463), (0.005249063, 0.06073379, 0.01874592), (-0.0054385946, 0.055186577, 0.019825308), (-0.0021384466, 0.06494361, 0.012673172), (-0.008273612, 0.061170023, 0.013327518), (-0.008291298, 0.067074955, 0.0118873995), (-0.012530193, 0.06784348, 0.011005774), (0.017492272, 0.040807784, 0.016758323), (0.0029288498, 0.035790637, 0.019964375), (0.000062373925, 0.018215315, 0.01889233), (-0.0039835298, 0.019869043, 0.02368013), (-0.0063074194, 0.023396274, 0.02623595), (-0.010842523, 0.04279134, 0.03173683), (-0.013735907, 0.0537173, 0.029319277), (-0.014078103, 0.060047787, 0.016554266), (-0.013368546, 0.06491712, 0.012348686), (-0.0069937687, 0.03193875, 0.0314989), (0.010370225, 0.01672656, 0.012286472), (0.013578518, 0.021356503, 0.0128612025), (0.0124718705, 0.029169235, 0.015226432), (0.005178555, 0.0488966, 0.019962665), (-0.0003773978, 0.05782514, 0.018447284), (-0.005097756, 0.06295997, 0.012994666), (-0.0111135645, 0.06756612, 0.011310307), (0.010471377, 0.038147178, 0.01964861), (-0.012815053, 0.0670022, 0.0113324225), (-0.010961309, 0.060586076, 0.014793332), (-0.0004233808, 0.025248649, 0.022054652), (0.0018414838, 0.020498702, 0.018862313), (-0.009387426, 0.054454144, 0.024733622), (-0.0066755554, 0.04461724, 0.0260804), (-0.0027688819, 0.03377508, 0.024893338), (0.0056034606, 0.017170334, 0.01453069), (0.0077388505, 0.016085839, 0.011289468), (0.008625737, 0.016101504, 0.011626092), (0.0070797727, 0.016109746, 0.012208777), (0.005336209, 0.0068381364, 0.006819686), (0.0059666033, 0.006480661, 0.007231266), (0.0045213387, 0.0068564704, 0.007451082), (0.0019501118, 0.0013668361, 0.000011198347), (0.0025199456, 0.00058204425, 0.0002567543), (0.0028499041, 0.0032668705, 0.004263331), (0.0034571658, 0.0027722823, 0.0046394067), (0.0019345114, 0.0032116703, 0.004784548), (0.0073825517, 0.011109131, 0.009263931), (0.008131646, 0.010869465, 0.009568103), (0.0066898805, 0.011034491, 0.010038536), (0.008767467, 0.014436252, 0.010980842), (0.007879566, 0.014438499, 0.010714239), (0.00729748, 0.014452453, 0.011540303), (0.008119491, 0.016094204, 0.011486219), (0.00565238, 0.0066158837, 0.007071951), (0.0022157538, 0.00092207803, 0.0001492053), (0.0031504987, 0.0029739353, 0.004493588), (0.0077744806, 0.010948855, 0.009459472), (0.008345647, 0.014412115, 0.010898111), (0.0074928957, 0.016091388, 0.01172566), (0.0049339226, 0.0068017878, 0.007180857), (0.0014073784, 0.0012389013, 0.000078398116), (0.0023895632, 0.00319315, 0.004566035), (0.0070525194, 0.011032243, 0.00969549), (0.00761231, 0.014425219, 0.011178409), (0.018843042, 0.017832147, 0.011545677), (0.015407816, 0.04598709, 0.018481726), (0.02069056, 0.026129587, 0.01177661), (0.012836725, 0.016386524, 0.011963411), (0.007705854, 0.019236414, 0.01295028), (0.006148682, 0.023902878, 0.014441771), (0.0041595395, 0.031163774, 0.017961612), (0.010389005, 0.02130563, 0.013496673), (0.00890088, 0.028152606, 0.016139664), (0.0018665481, 0.047730483, 0.020924166), (-0.0029348063, 0.056465775, 0.018959468), (0.008856835, 0.056460414, 0.01861587), (-0.0038676024, 0.05141117, 0.021242144), (-0.0066306368, 0.06204773, 0.013228586), (0.0014770756, 0.06343228, 0.01598004), (-0.006807072, 0.058292698, 0.016562339), (-0.011852821, 0.067685075, 0.011130681), (-0.0054217726, 0.06620709, 0.012014022), (-0.01012279, 0.06430085, 0.011559589), (0.01875207, 0.03592804, 0.014081823), (0.00088068115, 0.041169018, 0.020999542), (0.0140424, 0.039447177, 0.01847691), (-0.002155353, 0.01896332, 0.021486133), (-0.00538582, 0.021192908, 0.024868427), (-0.006843864, 0.027206032, 0.02869261), (-0.012925916, 0.04824752, 0.031180909), (-0.014200294, 0.057513982, 0.02283314), (-0.013617753, 0.062739156, 0.013749945), (-0.008103802, 0.037288975, 0.032124896), (-0.013091685, 0.06625832, 0.011684378), (-0.0095600225, 0.06087567, 0.014067932), (-0.0030375745, 0.024386944, 0.024549827), (0.0045736795, 0.020842826, 0.016355544), (-0.011359548, 0.054185774, 0.02738388), (-0.0043655704, 0.04554949, 0.023469886), (-0.0044044936, 0.0329058, 0.02882803), (0.017043283, 0.021334717, 0.012258085), (0.016031083, 0.030189298, 0.013828166), (0.008801138, 0.05007751, 0.019484127), (0.00238904, 0.05928576, 0.018657347), (-0.0036216173, 0.0639227, 0.012739657), (-0.010120801, 0.06745027, 0.011565059), (0.0067838924, 0.03693505, 0.020143736), (0.008085548, 0.043461047, 0.020127488), (-0.0077805845, 0.065212496, 0.011956196), (-0.0026882915, 0.060657587, 0.015581723), (0.002125282, 0.053909715, 0.019561602), (0.011631204, 0.03346797, 0.017178757), (0.0132901035, 0.025070123, 0.0134466505), (0.012435863, 0.01871385, 0.01270124), (-0.012638313, 0.06747816, 0.011135651), (-0.012488727, 0.06029313, 0.015564514), (0.0021952838, 0.026183296, 0.019038297), (-0.00078442256, 0.020278974, 0.021439506), (-0.0075293956, 0.05470458, 0.022082634), (-0.0083367815, 0.04374178, 0.029411968), (-0.00017031099, 0.034764577, 0.022008179), (0.0029294128, 0.017637247, 0.016518405), (-0.004307509, 0.039106928, 0.026126238), (0.0035925067, 0.018857457, 0.016959582), (-0.010383577, 0.057734236, 0.019404463), (-0.0012947608, 0.02913007, 0.023681005), (-0.0085445745, 0.049888756, 0.025888026), (0.00053342094, 0.02254937, 0.020277519), (-0.01170068, 0.06366761, 0.012401579), (0.0076186946, 0.016056314, 0.011456637), (0.008361555, 0.01611144, 0.011578484), (0.0077293417, 0.016879274, 0.01166297), (0.009049284, 0.01658789, 0.012057242), (0.006775642, 0.016668165, 0.012999978), (0.0051435465, 0.0068354015, 0.0069556017), (0.0058072587, 0.006532015, 0.007178032), (0.0065314993, 0.008964559, 0.008097571), (0.008659762, 0.015442701, 0.011370554), (0.0057587917, 0.008939401, 0.008797905), (0.0016989505, 0.0013432836, 0.000029936851), (0.0023562976, 0.0007254987, 0.00021174048), (0.0020924911, 0.0019286409, 0.0024625508), (0.0046345233, 0.0045485385, 0.0059672883), (0.0010992276, 0.0017761264, 0.002821901), (0.00402281, 0.0049646017, 0.005565126), (0.002675436, 0.0012684837, 0.0028101834), (0.0031593621, 0.0049626627, 0.0061467467), (0.002632331, 0.003254477, 0.004376349), (0.0032988177, 0.002853528, 0.004589841), (0.0077988612, 0.012989962, 0.010131164), (0.0071987584, 0.008654118, 0.008469457), (0.0071859043, 0.012940841, 0.010946796), (0.0072151055, 0.011084835, 0.009433864), (0.007958499, 0.010894046, 0.0095399255), (0.008649846, 0.012869531, 0.010396304), (0.007820335, 0.01539143, 0.011078973), (0.00723541, 0.015438519, 0.011910572), (0.008566396, 0.01441772, 0.010967711), (0.007733025, 0.014434086, 0.01089976), (0.007912977, 0.016058482, 0.011343304), (0.0055012875, 0.006743152, 0.0069015166), (0.003012696, 0.0031450214, 0.004340165), (0.007575077, 0.0110439565, 0.00931599), (0.008099085, 0.0144254295, 0.010759495), (0.008252945, 0.015399025, 0.011273769), (0.008246078, 0.012897207, 0.010309606), (0.0043275384, 0.004712231, 0.005811354), (0.0023707647, 0.0015461713, 0.0026690695), (0.0068731937, 0.0087657105, 0.008328787), (0.008066287, 0.016768929, 0.011856393), (0.007306014, 0.01611251, 0.011978501), (0.004726032, 0.00681258, 0.0073422412), (0.0021572425, 0.003182673, 0.0046985727), (0.0068757376, 0.011019143, 0.0098934835), (0.007465208, 0.0144331725, 0.011387651), (0.007560022, 0.015399655, 0.011537429), (0.0075133094, 0.01293733, 0.010585942), (0.003592641, 0.004917686, 0.0059003923), (0.0015852554, 0.0018038553, 0.002669306), (0.0061558546, 0.008906868, 0.008492435), (0.009002544, 0.01760946, 0.012373805), (0.0067896782, 0.017694067, 0.0134071335), (0.0075404956, 0.016765337, 0.012077348), (0.015430677, 0.018321538, 0.012051289), (0.016891433, 0.025627287, 0.012497015), (0.015174269, 0.034692694, 0.015713751), (0.005510355, 0.055166103, 0.019254202), (-0.00062992773, 0.061981365, 0.015496463), (-0.0066179708, 0.06571178, 0.0120359), (0.011795276, 0.044691894, 0.019537786), (-0.01262885, 0.06324165, 0.012979394), (-0.0020446724, 0.021950582, 0.023050673), (-0.010528713, 0.049109325, 0.02888948), (-0.0036338526, 0.028231483, 0.02675401), (-0.012225627, 0.057609938, 0.02099567), (0.000796751, 0.018927658, 0.019031595), (-0.0056924047, 0.03824204, 0.029704005), (0.0045550573, 0.04228087, 0.0208656), (-0.008937355, 0.06473963, 0.011776219), (-0.0047108834, 0.059446204, 0.016076518), (-0.0009509081, 0.052657474, 0.020300865), (0.007937716, 0.03230014, 0.017814113), (0.009817017, 0.024479875, 0.014357192), (0.0099329045, 0.019029656, 0.012952878), (-0.002123378, 0.040097546, 0.023061268), (0.005885449, 0.019036027, 0.015018545), (-0.008594459, 0.057947442, 0.017941821), (0.0012514619, 0.030127054, 0.020638885), (-0.0064221905, 0.0505684, 0.023319617), (0.0031845837, 0.02320053, 0.017194103), (-0.010875159, 0.06400542, 0.011949557), (0.007873948, 0.016578497, 0.01162414), (0.0072112978, 0.016780363, 0.012517622), (0.0067054452, 0.008881327, 0.008167793), (0.005958172, 0.008906843, 0.008671677), (0.0022486567, 0.0017726, 0.0025356235), (0.0013333887, 0.0017652846, 0.0027636793), (0.0033727759, 0.0049223755, 0.006048717), (0.0041851434, 0.004857754, 0.0056463503), (0.007358637, 0.012928726, 0.010793354), (0.00801169, 0.012951836, 0.010174454), (0.008023793, 0.015388673, 0.011128871), (0.007409183, 0.01541739, 0.011750768), (0.008463804, 0.015418871, 0.011350298), (0.008456971, 0.01287256, 0.010379726), (0.004477175, 0.004612922, 0.005914628), (0.0025142462, 0.0013825885, 0.0027579928), (0.007036858, 0.008693594, 0.008425619), (0.008499042, 0.01675852, 0.011982463), (0.0076801693, 0.015390454, 0.0112599535), (0.007645295, 0.012972176, 0.010312701), (0.0038181117, 0.0049601905, 0.005690759), (0.0018574658, 0.0019036045, 0.0025333094), (0.0063486644, 0.008950911, 0.0082491925), (0.0076402654, 0.016573887, 0.011720781), (0.0021031334, 0.0011848687, 0.00006534229), (0.0009031964, 0.0012156931, 0.0001151383), (0.0011437346, 0.0012007349, 0.000105529136), (-0.012690177, -0.027978238, 0.018697208), (-0.009175306, -0.027201783, 0.020212404), (-0.018091582, -0.033463214, 0.020793984), (-0.01341994, -0.023512615, 0.017992957), (-0.0086751515, -0.024271263, 0.017117254), (-0.008255925, -0.024331711, 0.018195027), (-0.0093282275, -0.023263982, 0.017690301), (-0.0042160423, -0.019115135, 0.013854444), (-0.0009229494, -0.0075850664, 0.00784959), (-0.003696951, -0.019151904, 0.015028407), (-0.005022269, -0.018255528, 0.014519579), (-0.0020911451, -0.006602156, 0.008841617), (-0.0007570168, 0.00045741527, 0.00068545114), (0.00040021262, -0.0009708523, -0.0005970558), (0.0021843056, -0.00006280552, 0.00062275946), (-0.00006127792, -0.007266119, 0.008891315), (-0.019953731, -0.019026041, 0.016344914), (-0.021893831, -0.028175643, 0.018999888), (-0.028059507, -0.020921057, 0.015393601), (-0.056996208, -0.058266778, 0.008069459), (-0.060469568, -0.067355104, 0.0033138369), (-0.054522477, -0.06246503, 0.0069351643), (-0.06182668, -0.071118645, 0.0016411166), (-0.052920733, -0.06572176, 0.006528745), (-0.06205625, -0.072436705, 0.00112388), (-0.052066617, -0.07119091, 0.007721714), (-0.06140716, -0.07291601, 0.0016513502), (-0.05150861, -0.074925944, 0.008585049), (-0.059352793, -0.07285486, 0.0030068713), (-0.0127571225, -0.03568881, 0.024046447), (-0.0053485683, -0.038688824, 0.027625758), (-0.004916693, -0.031084217, 0.024758985), (-0.008935399, -0.023916053, 0.017275166), (-0.0046050064, -0.01872814, 0.014092851), (-0.0014901297, -0.007167302, 0.008232558), (-0.00041838994, -0.0004555172, -0.00035925303), (-0.008520385, -0.024353392, 0.017461393), (-0.003946684, -0.019206796, 0.014259837), (0.0011919563, -0.00073183246, -0.00041243708), (-0.00047359636, -0.0074969926, 0.008243408), (-0.015321611, -0.030494194, 0.01980515), (-0.010642279, -0.02601217, 0.017945888), (-0.008540834, -0.024285803, 0.017205868), (-0.009136391, -0.023678083, 0.017480718), (-0.006619145, -0.022323256, 0.015916726), (-0.0016617338, -0.014744122, 0.010680802), (-0.004069441, -0.019193975, 0.013983087), (-0.00481348, -0.01849332, 0.014302368), (-0.007268553, -0.021459453, 0.016528467), (-0.002729134, -0.013859481, 0.011542178), (-0.0017894479, -0.0068873614, 0.008531484), (-0.0017154785, -0.0021885314, 0.0055220276), (-0.0008307713, -0.00012575557, 0.00006500438), (0.0007960861, -0.00093101605, -0.00054875645), (-0.0006456341, -0.0035133187, 0.004438105), (0.00031603544, -0.0027410227, 0.0055205123), (-0.00068649475, -0.007585182, 0.007975145), (-0.0009103572, -0.014649588, 0.011880333), (-0.006245614, -0.022394195, 0.017027939), (-0.011244541, -0.024074752, 0.018163016), (-0.009499824, -0.025752896, 0.019019013), (-0.016359841, -0.021199007, 0.017231142), (-0.017908894, -0.025974644, 0.018529933), (-0.024649022, -0.024799144, 0.017079605), (-0.019863792, -0.03094366, 0.02031822), (-0.0276897, -0.032163102, 0.0203895), (-0.032228608, -0.036995918, 0.021044629), (-0.03586672, -0.044188205, 0.021592459), (-0.04019678, -0.04926071, 0.020967117), (-0.046801884, -0.041562963, 0.019426057), (-0.04388674, -0.037417196, 0.01990686), (-0.051131103, -0.04687367, 0.013884335), (-0.055344142, -0.055145796, 0.0086606145), (-0.058600783, -0.062839895, 0.005764404), (-0.055686325, -0.06043241, 0.007375462), (-0.05763397, -0.06639034, 0.0042935545), (-0.05160184, -0.060362462, 0.007882886), (-0.05362785, -0.06416264, 0.0067225127), (-0.057051048, -0.06842053, 0.003535242), (-0.04902201, -0.06466884, 0.008106841), (-0.052397024, -0.06866586, 0.0072855847), (-0.04779907, -0.07130528, 0.010248945), (-0.05651502, -0.070723824, 0.004426013), (-0.051775437, -0.07330156, 0.008118156), (-0.055837743, -0.07274998, 0.005399991), (-0.047018964, -0.07560799, 0.011142656), (-0.03923036, -0.07496211, 0.018980712), (-0.02928272, -0.06947247, 0.027856654), (-0.039679628, -0.06939933, 0.016314127), (-0.032322902, -0.06395572, 0.022414548), (-0.026890965, -0.05643848, 0.024797067), (-0.021410123, -0.04820424, 0.027288701), (-0.01638583, -0.042180113, 0.025134904), (-0.011227333, -0.03153677, 0.022671578), (-0.015675144, -0.034468144, 0.022544907), (-0.009175598, -0.037160955, 0.025610644), (-0.0100078555, -0.04641245, 0.029655498), (-0.004482723, -0.034287103, 0.026832346), (-0.007069069, -0.028858662, 0.022265323), (-0.016639307, -0.05391999, 0.033030935), (-0.023771722, -0.061634053, 0.03153024), (-0.03427777, -0.058672573, 0.015493285), (-0.041433662, -0.06225957, 0.013859364), (-0.06090572, -0.07308797, 0.002015609), (-0.06173276, -0.07267757, 0.0013847762), (-0.06195709, -0.07186654, 0.0013424986), (-0.061523322, -0.06989008, 0.0021453728), (-0.045884248, -0.054356676, 0.015516509), (-0.028866952, -0.051603746, 0.019549323), (-0.02502816, -0.043232072, 0.021868821), (-0.03999641, -0.031391304, 0.016529577), (-0.03462208, -0.025753427, 0.016131146), (-0.021523537, -0.03844279, 0.020989854), (-0.023880208, -0.019069009, 0.01545306), (-0.010300931, -0.025849259, 0.018165873), (-0.008731687, -0.024080701, 0.017123267), (-0.0044000167, -0.018948566, 0.013915069), (-0.0011964506, -0.0074412893, 0.007950465), (-0.000009084132, -0.0007928534, -0.00052216445), (-0.0011747086, -0.0029276777, 0.0047856383), (-0.0021778808, -0.014365647, 0.010995961), (-0.0069301086, -0.021944951, 0.016106384), (-0.0115744965, -0.02793884, 0.0194951), (-0.0084154485, -0.024401907, 0.017813725), (-0.003822208, -0.019186655, 0.014623343), (0.0015492694, -0.0005361252, -0.000009225603), (-0.00026705881, -0.00738873, 0.008553584), (-0.00014434481, -0.0031895482, 0.0047863955), (-0.0012754769, -0.014781361, 0.011096783), (-0.006436269, -0.022422092, 0.01629554), (-0.013199225, -0.026468147, 0.018551746), (-0.010659237, -0.025480146, 0.01798601), (-0.0100894, -0.02591747, 0.018585764), (-0.013564916, -0.030917453, 0.021145215), (-0.016362548, -0.028506057, 0.019379871), (-0.01010416, -0.025276775, 0.017743215), (-0.0063521853, -0.022409968, 0.016640844), (-0.0067593795, -0.022155063, 0.015952896), (-0.0010953883, -0.014723939, 0.011468785), (-0.0019071487, -0.014588551, 0.0107693905), (-0.0009115462, -0.0033278654, 0.004536694), (0.000109604705, -0.0028712281, 0.0051029036), (-0.020563714, -0.022727812, 0.017106691), (-0.031111479, -0.02901824, 0.018416319), (-0.024522267, -0.035287466, 0.021020597), (-0.028545644, -0.039999936, 0.021828609), (-0.03618138, -0.034136005, 0.019370638), (-0.04015797, -0.040505573, 0.021793399), (-0.03196795, -0.048021972, 0.020512298), (-0.043344434, -0.04512681, 0.02093394), (-0.037080538, -0.0540028, 0.018520491), (-0.048410166, -0.05043995, 0.014742585), (-0.053365923, -0.057807863, 0.008035035), (-0.058115147, -0.06469724, 0.0048601623), (-0.057290245, -0.06755933, 0.0038728684), (-0.050195206, -0.06261, 0.007974397), (-0.05675901, -0.06961277, 0.0039884252), (-0.04828804, -0.06818531, 0.009601486), (-0.047410913, -0.073761456, 0.010574777), (-0.056249086, -0.0717267, 0.0048565967), (-0.039733104, -0.0722665, 0.017247755), (-0.031074354, -0.06655868, 0.025914064), (-0.032967404, -0.06160684, 0.018254962), (-0.03999859, -0.06621847, 0.015080306), (-0.025546651, -0.058963258, 0.028080389), (-0.027767338, -0.054064527, 0.0220439), (-0.023030123, -0.0458784, 0.024050362), (-0.01938338, -0.05074846, 0.030834299), (-0.013387694, -0.044149783, 0.027637964), (-0.019004986, -0.04035399, 0.022811009), (-0.008072417, -0.03275116, 0.024604565), (-0.043590546, -0.05830768, 0.01498305), (-0.0014262648, -0.0024491998, 0.005109712), (-0.0024531595, -0.014117429, 0.011264418), (-0.0071051833, -0.021702636, 0.016308129), (-0.011018373, -0.025000075, 0.018118462), (-0.00039237223, -0.0034319377, 0.0045525692), (-0.0014572692, -0.014799855, 0.010808378), (-0.0065140054, -0.022396594, 0.016036678), (-0.009953321, -0.025438834, 0.017817), (-0.05271422, 0.0104197, 0.0023348383), (-0.050762534, 0.013335925, 0.0036050305), (-0.048111662, 0.011386866, 0.008042413), (-0.052327704, 0.009169426, 0.004500143), (-0.051640168, 0.007596736, 0.0073834015), (-0.04906508, 0.008931939, 0.009679595), (-0.049796574, 0.0060911565, 0.0110739935), (-0.044959992, 0.008542808, 0.014730994), (-0.046535783, 0.004333246, 0.015841438), (-0.042755455, 0.011932182, 0.012534616), (-0.039416075, 0.0070775393, 0.018632282), (-0.041550476, 0.0023871728, 0.020132445), (-0.036794946, 0.011904355, 0.01654929), (-0.03216015, 0.006945899, 0.023320103), (-0.022010304, 0.00760443, 0.023003561), (-0.029027542, 0.012310098, 0.02034571), (-0.03435638, 0.002202956, 0.02481266), (-0.023671554, 0.004287545, 0.025459334), (-0.0143824015, 0.0047017247, 0.021878902), (-0.013625144, 0.006283574, 0.02069548), (-0.0082011465, 0.003569207, 0.01958535), (-0.0047838422, 0.0028442238, 0.017194675), (-0.007978262, 0.0043771444, 0.018932449), (-0.004983449, 0.0036180725, 0.01621656), (-0.008160822, 0.0053432407, 0.018234532), (-0.013029551, 0.0078874165, 0.01955881), (-0.007098358, 0.0058726817, 0.018351322), (-0.012161802, 0.009381262, 0.019671867), (-0.006554801, 0.00634032, 0.018602308), (-0.0037198123, 0.0042508086, 0.016511055), (-0.011396573, 0.010932609, 0.019811604), (-0.017767608, 0.016991178, 0.021234214), (-0.019060263, 0.013959367, 0.021053208), (-0.027179832, 0.023144817, 0.020860028), (-0.037624605, 0.022712257, 0.015536648), (-0.028104482, 0.018335663, 0.020854509), (-0.037679423, 0.018115375, 0.017132156), (-0.04266045, 0.01642884, 0.012418356), (-0.041824237, 0.02089432, 0.0113451965), (-0.04708079, 0.015108232, 0.0084419325), (-0.045231923, 0.018581163, 0.007997445), (-0.048298247, 0.016113987, 0.005477542), (-0.020348115, 0.010900473, 0.020939646), (-0.0016149108, 0.0029610703, 0.012629068), (-0.00021565238, 0.0017002295, 0.0068650814), (-0.0027947493, 0.0023046196, 0.012480109), (-0.001431162, 0.0009462405, 0.006675663), (-0.002244808, 0.0015707893, 0.0132389385), (-0.0005915545, -0.000036599915, 0.0074123247), (0.00029622513, -0.0016417695, 0.0010606567), (-0.00085660606, -0.00026915345, -0.0003269429), (0.0005129829, 0.0014328918, 0.00086017424), (-0.002573132, 0.0019108003, 0.01286099), (-0.0010822584, 0.000432652, 0.0070486614), (-0.00016732854, -0.0013141448, -0.00010562117), (-0.0049127014, 0.0031994781, 0.01667114), (-0.0043926234, 0.0040076585, 0.016232219), (-0.0023205748, 0.002716251, 0.012463133), (-0.00017436041, 0.0005842579, -0.00025576062), (-0.0009542882, 0.0014210219, 0.0066445954), (-0.05176838, 0.011875391, 0.0029056186), (-0.050257083, 0.010743135, 0.0048961276), (-0.052525844, 0.009828485, 0.0033540793), (-0.052081432, 0.008402088, 0.005862395), (-0.050641943, 0.008956575, 0.006881643), (-0.04943533, 0.0075334767, 0.01037011), (-0.048623398, 0.010208001, 0.008909438), (-0.047234926, 0.008865124, 0.012412159), (-0.045815475, 0.00651209, 0.015405261), (-0.043931328, 0.010334664, 0.013759899), (-0.042315558, 0.007832166, 0.016752861), (-0.040570736, 0.0047559156, 0.019551814), (-0.038178593, 0.009422146, 0.017632578), (-0.036323052, 0.0068367505, 0.021224346), (-0.0270139, 0.007239139, 0.023409994), (-0.03066399, 0.0095337955, 0.021837752), (-0.033363752, 0.004588444, 0.024422674), (-0.03841405, 0.0019729815, 0.022349387), (-0.029117089, 0.0030341607, 0.025710795), (-0.018581215, 0.005129862, 0.02428883), (-0.022861026, 0.005920199, 0.024252301), (-0.013989847, 0.005488636, 0.021276645), (-0.01092088, 0.0041145943, 0.020577474), (-0.006300065, 0.0032059497, 0.01843345), (-0.0080469595, 0.0039576543, 0.019265492), (-0.010467444, 0.0052486863, 0.019762397), (-0.008039505, 0.004846662, 0.018584387), (-0.006492024, 0.004390484, 0.017265875), (-0.010315358, 0.006505263, 0.018863413), (-0.007583466, 0.0056150663, 0.018281406), (-0.009352022, 0.0074380995, 0.019002149), (-0.0067762327, 0.0061117504, 0.018464403), (-0.0049861735, 0.0050704014, 0.017665204), (-0.008755838, 0.008356664, 0.01918784), (-0.014403908, 0.013822778, 0.021019176), (-0.0117683085, 0.010152534, 0.019740036), (-0.01840057, 0.015482017, 0.021130817), (-0.021693017, 0.020357445, 0.02125976), (-0.03339624, 0.023530466, 0.018463984), (-0.02761083, 0.020943891, 0.020918556), (-0.028571565, 0.01538585, 0.020591099), (-0.023063596, 0.016458295, 0.021137258), (-0.0336416, 0.018714817, 0.019384462), (-0.03771842, 0.020519568, 0.016522788), (-0.03735801, 0.015237586, 0.017086126), (-0.04048347, 0.017261187, 0.014843855), (-0.042813215, 0.0142199155, 0.012630199), (-0.042283263, 0.018638412, 0.011920087), (-0.04486214, 0.015786951, 0.010369002), (-0.046189513, 0.016829967, 0.008220233), (-0.047717072, 0.013309413, 0.008401026), (-0.04895153, 0.014215397, 0.0060336026), (-0.04346914, 0.019769765, 0.0095013045), (-0.046866197, 0.017388828, 0.0066951048), (-0.04960204, 0.01475733, 0.0044536656), (-0.040134292, 0.021895787, 0.013358927), (-0.015418149, 0.01157864, 0.020903382), (-0.019708075, 0.012435362, 0.020983215), (-0.016385065, 0.009485853, 0.020820454), (-0.021164037, 0.009271796, 0.021864621), (-0.024550503, 0.0118597215, 0.020749016), (-0.002517063, 0.00356653, 0.01489548), (-0.004050597, 0.004143799, 0.01635764), (-0.0010259377, 0.0023781494, 0.009800968), (-0.0019729137, 0.0028556131, 0.012538042), (-0.0037074722, 0.0029314272, 0.014682222), (-0.0022618524, 0.0016945166, 0.009620411), (-0.0023997724, 0.0017368094, 0.01306222), (-0.0033547026, 0.0022678662, 0.015530026), (-0.0015074437, 0.0008395584, 0.010374553), (-0.00012694436, -0.0007889104, 0.0036739283), (-0.0008304186, 0.00019411955, 0.007237432), (-0.00063107035, -0.00078516215, -0.00023551789), (-0.0011274612, 0.00046911128, 0.0031855386), (0.0003288731, 0.0009181529, -0.000031800275), (0.00017775489, 0.0018180379, 0.0032863677), (-0.0005908243, 0.0015783795, 0.0067417487), (-0.012586725, 0.008627685, 0.019606875), (-0.013308523, 0.007085669, 0.020130096), (-0.0048409523, 0.0030163622, 0.016934779), (-0.017407931, 0.007371441, 0.022387479), (-0.033338536, 0.01219675, 0.018851575), (-0.03984029, 0.011838713, 0.014478614), (-0.04424095, 0.0032848597, 0.018066311), (-0.04562792, 0.011814218, 0.010618146), (-0.048401676, 0.005274964, 0.013478683), (-0.050860405, 0.006833182, 0.009042945), (-0.0027402116, 0.0020983738, 0.012647008), (-0.0013316913, 0.00068276736, 0.006854302), (0.00024964407, -0.0017392724, 0.00012893262), (-0.004995153, 0.0034017256, 0.016408509), (-0.000762185, -0.00017614703, 0.003363274), (-0.0019427113, 0.0012423738, 0.010000284), (-0.003591339, 0.002573154, 0.0150910495), (-0.004736995, 0.0038253053, 0.016170656), (-0.0026294251, 0.0025225738, 0.012428273), (-0.00065488566, 0.00019709927, -0.0003279774), (-0.0012759139, 0.0012017456, 0.006615538), (-0.0007302407, 0.001292758, 0.0030288736), (-0.0017758908, 0.0021255135, 0.009617823), (-0.0032169048, 0.0033273252, 0.014678264), (-0.00627735, 0.003742861, 0.017842438), (-0.005581448, 0.004786802, 0.017365806), (-0.049684983, 0.01251394, 0.0055262963), (-0.05046252, 0.009882231, 0.005873591), (-0.050775886, 0.007926593, 0.007947304), (-0.047842517, 0.007115241, 0.012982825), (-0.046498872, 0.010422629, 0.011630605), (-0.043372594, 0.005625978, 0.017583875), (-0.041124813, 0.009869026, 0.015683418), (-0.037461445, 0.004404144, 0.022006262), (-0.034933582, 0.009431789, 0.020128427), (-0.025772594, 0.0095418105, 0.021994893), (-0.028144445, 0.0050644944, 0.024796953), (-0.017982496, 0.0062648705, 0.023307102), (-0.0106698945, 0.004670509, 0.020170676), (-0.0062603597, 0.0034633637, 0.01814117), (-0.010363749, 0.0058658607, 0.019324545), (-0.009801124, 0.006973838, 0.018926015), (-0.009014575, 0.007897189, 0.019093432), (-0.014910613, 0.012691603, 0.020957852), (-0.022345768, 0.018527994, 0.021205882), (-0.033583283, 0.021318734, 0.019108217), (-0.033528965, 0.01564092, 0.019239988), (-0.023795046, 0.014200506, 0.020958247), (-0.04036504, 0.019610344, 0.014220419), (-0.040299967, 0.0147064, 0.014901497), (-0.04535026, 0.013840197, 0.010635389), (-0.044186126, 0.01774395, 0.009923973), (-0.047973752, 0.015822811, 0.0063860905), (-0.015908355, 0.010513381, 0.02085007), (-0.01688172, 0.00843431, 0.021555744), (-0.0035244427, 0.0031390018, 0.014631449), (-0.0021005806, 0.0019258271, 0.009575089), (-0.0034703428, 0.0024173167, 0.015317066), (-0.0017174195, 0.0010367581, 0.010196621), (-0.00046031945, -0.00047941704, 0.003402044), (-0.0010450354, 0.00087648997, 0.0030981055), (-0.0010269945, 0.0001237779, 0.0033356834), (-0.0021694764, 0.0014627515, 0.009784564), (-0.0037026156, 0.0027421715, 0.014856459), (-0.00031118243, 0.0016638817, 0.0030208041), (-0.001406689, 0.002268867, 0.009700884), (-0.0028716219, 0.0034634846, 0.014777333), (-0.0060166656, 0.0045998315, 0.017289989), (-0.005252039, 0.0049392283, 0.017498633), (-0.006373342, 0.0040575145, 0.017546028), (0.06379252, -0.005697206, 0.03115375), (0.047520965, -0.00019903618, 0.03158898), (0.064239435, -0.0117075, 0.03277415), (0.05258093, 0.007226425, 0.032677144), (0.036798846, 0.008264667, 0.028939258), (0.051173616, 0.013657488, 0.032350305), (0.040548276, 0.015259361, 0.027959421), (0.0247038, 0.01237423, 0.03562796), (0.014803224, 0.0074212234, 0.032338448), (0.021887703, 0.0047813314, 0.032137576), (0.011695671, 0.0016455944, 0.025881214), (0.019524254, -0.00068224146, 0.026872529), (0.03346575, 0.00026405908, 0.027075239), (0.013505429, -0.00048576624, 0.02350542), (0.021603163, -0.005744022, 0.028598685), (0.034023177, -0.005467211, 0.034495004), (0.012036802, -0.0033696264, 0.023960037), (0.02267707, -0.014709781, 0.027935341), (0.03325474, -0.012644252, 0.038871057), (0.01494238, -0.010821483, 0.02407089), (0.04592169, -0.015787216, 0.03847421), (0.05684624, -0.016927224, 0.034669247), (0.048875708, -0.008277641, 0.03568678), (0.010055221, -0.0010571986, 0.022584736), (0.01103647, -0.00036012923, 0.021653917), (0.0061494196, -0.0008931881, 0.017508341), (0.0038457091, -0.0003275567, 0.009930136), (0.007037836, -0.00028947185, 0.017171986), (0.0048650517, 0.0002700431, 0.00982726), (0.005984589, -0.000051651805, 0.01773565), (0.0036586614, 0.0005840729, 0.010067814), (0.009885679, -0.00017555924, 0.023028746), (0.0015811742, 0.0010724589, 0.0031865246), (0.0031396192, 0.0003304589, 0.0029667667), (0.0016793637, -0.00056189124, 0.0030747463), (0.010624866, -0.0006774847, 0.021935044), (0.0067459308, -0.000703299, 0.01721618), (0.0026709642, -0.00028712593, 0.002929887), (0.004567936, -0.00016119043, 0.009772207), (0.006631605, -0.00006507662, 0.017370524), (0.0105379345, -0.0002891325, 0.022091718), (0.004447451, 0.0005506973, 0.009872118), (0.002632038, 0.00083370454, 0.0030092588), (0.056021784, -0.0021045187, 0.032409634), (0.06489845, -0.0085801855, 0.0322066), (0.057244465, 0.0014887382, 0.031881154), (0.0437185, 0.007925427, 0.030940149), (0.04879985, 0.002690121, 0.031206787), (0.052029684, 0.011085872, 0.03348665), (0.04689365, 0.01462711, 0.02970461), (0.038629595, 0.011964869, 0.029221268), (0.03244812, 0.015782325, 0.03236678), (0.01887925, 0.009658583, 0.03514918), (0.023267087, 0.008562286, 0.034007657), (0.029077653, 0.008039434, 0.0307466), (0.01652125, 0.0022942773, 0.029638657), (0.020730162, 0.0016594349, 0.029634628), (0.02601276, 0.0004172727, 0.02710707), (0.015555584, -0.0007295941, 0.02497433), (0.020631539, -0.002748162, 0.027996378), (0.027559962, -0.005482638, 0.03179301), (0.016514705, -0.0047499347, 0.026498036), (0.022278333, -0.009932592, 0.028541457), (0.027494747, -0.013599313, 0.034934863), (0.018274004, -0.013490335, 0.024687394), (0.013060336, -0.0068126135, 0.024223482), (0.039840326, -0.01432109, 0.039214626), (0.03379508, -0.0092797205, 0.03611328), (0.05179573, -0.016749093, 0.03707783), (0.047705486, -0.012531387, 0.036215782), (0.05758124, -0.009938644, 0.034881525), (0.04063195, -0.006520734, 0.035964504), (0.048640706, -0.0036264157, 0.03484856), (0.06119895, -0.015045806, 0.03302024), (0.01124002, -0.0016038936, 0.023527917), (0.010346186, -0.0008453913, 0.022253616), (0.008094914, -0.0010602111, 0.0205347), (0.0047903103, -0.00052020117, 0.013950531), (0.006460629, -0.000824757, 0.017343918), (0.009025746, -0.00040596855, 0.01991696), (0.0057029673, 0.00006444548, 0.013781721), (0.0069015375, -0.0001420093, 0.017245453), (0.0046352292, 0.00032830963, 0.014092604), (0.007926544, -0.00022155223, 0.020883048), (0.010840022, -0.00029155903, 0.021781165), (0.010998579, 0.00027495605, 0.024322545), (0.0047320225, 0.00044567487, 0.009844102), (0.0026084762, 0.00075630815, 0.0064381277), (0.0029875787, 0.0006084127, 0.0029808416), (0.004074263, 0.00036904396, 0.0061628614), (0.002394486, 0.00031288833, 0.00012566346), (0.0022014875, -0.0004681256, 0.0029893748), (0.0028352572, -0.00027273817, 0.0062990943), (0.0007113014, -0.00082191575, 0.00024231007), (0.004231753, -0.00027409388, 0.009827399), (0.012418997, -0.00038045348, 0.022545418), (0.03392484, -0.0022894721, 0.03153833), (0.040275294, 0.0005220982, 0.029927326), (0.035178706, 0.0040358203, 0.027300725), (0.0126427105, 0.004239187, 0.028797947), (0.0118815815, -0.00032577084, 0.022941511), (0.010882421, -0.00051872194, 0.021699673), (0.0069659753, -0.0005018838, 0.017158924), (0.0030160039, 0.000008170508, 0.0029353816), (0.00479831, 0.000042734642, 0.009788806), (0.003701079, -0.00010313979, 0.0061191446), (0.0054245004, -0.0003502438, 0.013764648), (0.008664806, -0.00081273547, 0.020067109), (0.013048534, 0.00024002948, 0.024844201), (0.0063152304, -0.000044252236, 0.017541885), (0.010216366, -0.00025537095, 0.02253022), (0.0040731905, 0.00058623374, 0.0099523775), (0.002147992, 0.0009849187, 0.003087121), (0.0035660975, 0.0006996052, 0.006215443), (0.0053202584, 0.00031298326, 0.013872207), (0.008556374, -0.00024523947, 0.020253714), (0.013157514, -0.0015114336, 0.02411553), (0.011950448, -0.0006353729, 0.022810802), (0.054201297, 0.00080787245, 0.03191409), (0.057552118, -0.0056769513, 0.03440346), (0.045368664, 0.011428434, 0.03082611), (0.04190379, 0.004097468, 0.030306013), (0.030734893, 0.01192945, 0.03222911), (0.01742976, 0.00548626, 0.03247678), (0.0275984, 0.004100497, 0.028695242), (0.016029986, 0.0004923429, 0.027210217), (0.027002092, -0.0023606995, 0.029159443), (0.01602235, -0.0023412928, 0.025944974), (0.027708609, -0.009340934, 0.033559423), (0.017312033, -0.008601647, 0.026038997), (0.040354364, -0.010781042, 0.036885098), (0.055224247, -0.0139322365, 0.03511206), (0.04060751, -0.0025103611, 0.033967), (0.0119291935, -0.0004812737, 0.022447083), (0.008922339, -0.00060841074, 0.019931415), (0.005637194, -0.00015209329, 0.013755157), (0.008236967, -0.00023059394, 0.02055083), (0.004992956, 0.000337843, 0.013970283), (0.011538882, -0.00010107892, 0.023603592), (0.0031114614, 0.0007498657, 0.0063082282), (0.0039862394, 0.000117253316, 0.0061282315), (0.0032962244, -0.00022080218, 0.0061846753), (0.0051269415, -0.00046315597, 0.013837685), (0.008380402, -0.0009550243, 0.020283056), (0.011679963, -0.0010198858, 0.023204347), (0.0039143655, 0.0005714704, 0.0061799795), (0.011892144, -0.0003661672, 0.022490779), (0.0055801817, 0.00022425581, 0.013815562), (0.008864851, -0.00028822312, 0.020030724), (0.0009681782, 0.0014755923, 0.00031832574), (0.0015243001, 0.0012921126, 0.00022132114), (0.001975977, 0.0010260772, 0.00015688743), (0.0022172858, -0.00008083796, 0.000105101266), (0.0018094704, -0.00044271693, 0.000105636595), (0.0012788957, -0.0006847031, 0.00015769123), (0.002288027, 0.000684338, 0.000135179)]
            color3f[] primvars:Col = [(1, 1, 1), (1, 1, 1), (1, 1, 1), (1, 1, 1), (1, 1, 1), (1, 1, 1), (1, 1, 1), (1, 1, 1), (1, 1, 1), (1, 1, 1), (1, 1, 1), (1, 1, 1), (1, 1, 1), (1, 1, 1), (1, 1, 1), (1, 1, 1), (1, 1, 1), (1, 1, 1), (1, 1, 1), (1, 1, 1), (1, 1, 1), (1, 1, 1), (1, 1, 1), (1, 1, 1), (1, 1, 1), (1, 1, 1), (1, 1, 1), (1, 1, 1), (1, 1, 1), (1, 1, 1), (1, 1, 1), (1, 1, 1), (1, 1, 1), (1, 1, 1), (1, 1, 1), (1, 1, 1), (1, 1, 1), (1, 1, 1), (1, 1, 1), (1, 1, 1), (1, 1, 1), (1, 1, 1), (1, 1, 1), (1, 1, 1), (1, 1, 1), (1, 1, 1), (1, 1, 1), (1, 1, 1), (1, 1, 1), (1, 1, 1), (1, 1, 1), (1, 1, 1), (1, 1, 1), (1, 1, 1), (1, 1, 1), (1, 1, 1), (1, 1, 1), (1, 1, 1), (1, 1, 1), (1, 1, 1), (1, 1, 1), (1, 1, 1), (1, 1, 1), (1, 1, 1), (1, 1, 1), (1, 1, 1), (1, 1, 1), (1, 1, 1), (1, 1, 1), (1, 1, 1), (1, 1, 1), (1, 1, 1), (1, 1, 1), (1, 1, 1), (1, 1, 1), (1, 1, 1), (1, 1, 1), (1, 1, 1), (1, 1, 1), (1, 1, 1), (1, 1, 1), (1, 1, 1), (1, 1, 1), (1, 1, 1), (1, 1, 1), (1, 1, 1), (1, 1, 1), (1, 1, 1), (1, 1, 1), (1, 1, 1), (1, 1, 1), (1, 1, 1), (1, 1, 1), (1, 1, 1), (1, 1, 1), (1, 1, 1), (1, 1, 1), (1, 1, 1), (1, 1, 1), (1, 1, 1), (1, 1, 1), (1, 1, 1), (1, 1, 1), (1, 1, 1), (1, 1, 1), (1, 1, 1), (1, 1, 1), (1, 1, 1), (1, 1, 1), (1, 1, 1), (1, 1, 1), (1, 1, 1), (1, 1, 1), (1, 1, 1), (1, 1, 1), (1, 1, 1), (1, 1, 1), (1, 1, 1), (1, 1, 1), (1, 1, 1), (1, 1, 1), (1, 1, 1), (1, 1, 1), (1, 1, 1), (1, 1, 1), (1, 1, 1), (1, 1, 1), (1, 1, 1), (1, 1, 1), (1, 1, 1), (1, 1, 1), (1, 1, 1), (1, 1, 1), (1, 1, 1), (1, 1, 1), (1, 1, 1), (1, 1, 1), (1, 1, 1), (1, 1, 1), (1, 1, 1), (1, 1, 1), (1, 1, 1), (1, 1, 1), (1, 1, 1), (1, 1, 1), (1, 1, 1), (1, 1, 1), (1, 1, 1), (1, 1, 1), (1, 1, 1), (1, 1, 1), (1, 1, 1), (1, 1, 1), (1, 1, 1), (1, 1, 1), (1, 1, 1), (1, 1, 1), (1, 1, 1), (1, 1, 1), (1, 1, 1), (1, 1, 1), (1, 1, 1), (1, 1, 1), (1, 1, 1), (1, 1, 1), (1, 1, 1), (1, 1, 1), (1, 1, 1), (1, 1, 1), (1, 1, 1), (1, 1, 1), (1, 1, 1), (1, 1, 1), (1, 1, 1), (1, 1, 1), (1, 1, 1), (1, 1, 1), (1, 1, 1), (1, 1, 1), (1, 1, 1), (1, 1, 1), (1, 1, 1), (1, 1, 1), (1, 1, 1), (1, 1, 1), (1, 1, 1), (1, 1, 1), (1, 1, 1), (1, 1, 1), (1, 1, 1), (1, 1, 1), (1, 1, 1), (1, 1, 1), (1, 1, 1), (1, 1, 1), (1, 1, 1), (1, 1, 1), (1, 1, 1), (1, 1, 1), (1, 1, 1), (1, 1, 1), (1, 1, 1), (1, 1, 1), (1, 1, 1), (1, 1, 1), (1, 1, 1), (1, 1, 1), (1, 1, 1), (1, 1, 1), (1, 1, 1), (1, 1, 1), (1, 1, 1), (1, 1, 1), (1, 1, 1), (1, 1, 1), (1, 1, 1), (1, 1, 1), (1, 1, 1), (1, 1, 1), (1, 1, 1), (1, 1, 1), (1, 1, 1), (1, 1, 1), (1, 1, 1), (1, 1, 1), (1, 1, 1), (1, 1, 1), (1, 1, 1), (1, 1, 1), (1, 1, 1), (1, 1, 1), (1, 1, 1), (1, 1, 1), (1, 1, 1), (1, 1, 1), (1, 1, 1), (1, 1, 1), (1, 1, 1), (1, 1, 1), (1, 1, 1), (1, 1, 1), (1, 1, 1), (1, 1, 1), (1, 1, 1), (1, 1, 1), (1, 1, 1), (1, 1, 1), (1, 1, 1), (1, 1, 1), (1, 1, 1), (1, 1, 1), (1, 1, 1), (1, 1, 1), (1, 1, 1), (1, 1, 1), (1, 1, 1), (1, 1, 1), (1, 1, 1), (1, 1, 1), (1, 1, 1), (1, 1, 1), (1, 1, 1), (1, 1, 1), (1, 1, 1), (1, 1, 1), (1, 1, 1), (1, 1, 1), (1, 1, 1), (1, 1, 1), (1, 1, 1), (1, 1, 1), (1, 1, 1), (1, 1, 1), (1, 1, 1), (1, 1, 1), (1, 1, 1), (1, 1, 1), (1, 1, 1), (1, 1, 1), (1, 1, 1), (1, 1, 1), (1, 1, 1), (1, 1, 1), (1, 1, 1), (1, 1, 1), (1, 1, 1), (1, 1, 1), (1, 1, 1), (1, 1, 1), (1, 1, 1), (1, 1, 1), (1, 1, 1), (1, 1, 1), (1, 1, 1), (1, 1, 1), (1, 1, 1), (1, 1, 1), (1, 1, 1), (1, 1, 1), (1, 1, 1), (1, 1, 1), (1, 1, 1), (1, 1, 1), (1, 1, 1), (1, 1, 1), (1, 1, 1), (1, 1, 1), (1, 1, 1), (1, 1, 1), (1, 1, 1), (1, 1, 1), (1, 1, 1), (1, 1, 1), (1, 1, 1), (1, 1, 1), (1, 1, 1), (1, 1, 1), (1, 1, 1), (1, 1, 1), (1, 1, 1), (1, 1, 1), (1, 1, 1), (1, 1, 1), (1, 1, 1), (1, 1, 1), (1, 1, 1), (1, 1, 1), (1, 1, 1), (1, 1, 1), (1, 1, 1), (1, 1, 1), (1, 1, 1), (1, 1, 1), (1, 1, 1), (1, 1, 1), (1, 1, 1), (1, 1, 1), (1, 1, 1), (1, 1, 1), (1, 1, 1), (1, 1, 1), (1, 1, 1), (1, 1, 1), (1, 1, 1), (1, 1, 1), (1, 1, 1), (1, 1, 1), (1, 1, 1), (1, 1, 1), (1, 1, 1), (1, 1, 1), (1, 1, 1), (1, 1, 1), (1, 1, 1), (1, 1, 1), (1, 1, 1), (1, 1, 1), (1, 1, 1), (1, 1, 1), (1, 1, 1), (1, 1, 1), (1, 1, 1), (1, 1, 1), (1, 1, 1), (1, 1, 1), (1, 1, 1), (1, 1, 1), (1, 1, 1), (1, 1, 1), (1, 1, 1), (1, 1, 1), (1, 1, 1), (1, 1, 1), (1, 1, 1), (1, 1, 1), (1, 1, 1), (1, 1, 1), (1, 1, 1), (1, 1, 1), (1, 1, 1), (1, 1, 1), (1, 1, 1), (1, 1, 1), (1, 1, 1), (1, 1, 1), (1, 1, 1), (1, 1, 1), (1, 1, 1), (1, 1, 1), (1, 1, 1), (1, 1, 1), (1, 1, 1), (1, 1, 1), (1, 1, 1), (1, 1, 1), (1, 1, 1), (1, 1, 1), (1, 1, 1), (1, 1, 1), (1, 1, 1), (1, 1, 1), (1, 1, 1), (1, 1, 1), (1, 1, 1), (1, 1, 1), (1, 1, 1), (1, 1, 1), (1, 1, 1), (1, 1, 1), (1, 1, 1), (1, 1, 1), (1, 1, 1), (1, 1, 1), (1, 1, 1), (1, 1, 1), (1, 1, 1), (1, 1, 1), (1, 1, 1), (1, 1, 1), (1, 1, 1), (1, 1, 1), (1, 1, 1), (1, 1, 1), (1, 1, 1), (1, 1, 1), (1, 1, 1), (1, 1, 1), (1, 1, 1), (1, 1, 1), (1, 1, 1), (1, 1, 1), (1, 1, 1), (1, 1, 1), (1, 1, 1), (1, 1, 1), (1, 1, 1), (1, 1, 1), (1, 1, 1), (1, 1, 1), (1, 1, 1), (1, 1, 1), (1, 1, 1), (1, 1, 1), (1, 1, 1), (1, 1, 1), (1, 1, 1), (1, 1, 1), (1, 1, 1), (1, 1, 1), (1, 1, 1), (1, 1, 1), (1, 1, 1), (1, 1, 1), (1, 1, 1), (1, 1, 1), (1, 1, 1), (1, 1, 1), (1, 1, 1), (1, 1, 1), (1, 1, 1), (1, 1, 1), (1, 1, 1), (1, 1, 1), (1, 1, 1), (1, 1, 1), (1, 1, 1), (1, 1, 1), (1, 1, 1), (1, 1, 1), (1, 1, 1), (1, 1, 1), (1, 1, 1), (1, 1, 1), (1, 1, 1), (1, 1, 1), (1, 1, 1), (1, 1, 1), (1, 1, 1), (1, 1, 1), (1, 1, 1), (1, 1, 1), (1, 1, 1), (1, 1, 1), (1, 1, 1), (1, 1, 1), (1, 1, 1), (1, 1, 1), (1, 1, 1), (1, 1, 1), (1, 1, 1), (1, 1, 1), (1, 1, 1), (1, 1, 1), (1, 1, 1), (1, 1, 1), (1, 1, 1), (1, 1, 1), (1, 1, 1), (1, 1, 1), (1, 1, 1), (1, 1, 1), (1, 1, 1), (1, 1, 1), (1, 1, 1), (1, 1, 1), (1, 1, 1), (1, 1, 1), (1, 1, 1), (1, 1, 1), (1, 1, 1), (1, 1, 1), (1, 1, 1), (1, 1, 1), (1, 1, 1), (1, 1, 1), (1, 1, 1), (1, 1, 1), (1, 1, 1), (1, 1, 1), (1, 1, 1), (1, 1, 1), (1, 1, 1), (1, 1, 1), (1, 1, 1), (1, 1, 1), (1, 1, 1), (1, 1, 1), (1, 1, 1), (1, 1, 1), (1, 1, 1), (1, 1, 1), (1, 1, 1), (1, 1, 1), (1, 1, 1), (1, 1, 1), (1, 1, 1), (1, 1, 1), (1, 1, 1), (1, 1, 1), (1, 1, 1), (1, 1, 1), (1, 1, 1), (1, 1, 1), (1, 1, 1), (1, 1, 1), (1, 1, 1), (1, 1, 1), (1, 1, 1), (1, 1, 1), (1, 1, 1), (1, 1, 1), (1, 1, 1), (1, 1, 1), (1, 1, 1), (1, 1, 1), (1, 1, 1), (1, 1, 1), (1, 1, 1), (1, 1, 1), (1, 1, 1), (1, 1, 1), (1, 1, 1), (1, 1, 1), (1, 1, 1), (1, 1, 1), (1, 1, 1), (1, 1, 1), (1, 1, 1), (1, 1, 1), (1, 1, 1), (1, 1, 1), (1, 1, 1), (1, 1, 1), (1, 1, 1), (1, 1, 1), (1, 1, 1), (1, 1, 1), (1, 1, 1), (1, 1, 1), (1, 1, 1), (1, 1, 1), (1, 1, 1), (1, 1, 1), (1, 1, 1), (1, 1, 1), (1, 1, 1), (1, 1, 1), (1, 1, 1), (1, 1, 1), (1, 1, 1), (1, 1, 1), (1, 1, 1), (1, 1, 1), (1, 1, 1), (1, 1, 1), (1, 1, 1), (1, 1, 1), (1, 1, 1), (1, 1, 1), (1, 1, 1), (1, 1, 1), (1, 1, 1), (1, 1, 1), (1, 1, 1), (1, 1, 1), (1, 1, 1), (1, 1, 1), (1, 1, 1), (1, 1, 1), (1, 1, 1), (1, 1, 1), (1, 1, 1), (1, 1, 1), (1, 1, 1), (1, 1, 1), (1, 1, 1), (1, 1, 1), (1, 1, 1), (1, 1, 1), (1, 1, 1), (1, 1, 1), (1, 1, 1), (1, 1, 1), (1, 1, 1), (1, 1, 1), (1, 1, 1), (1, 1, 1), (1, 1, 1), (1, 1, 1), (1, 1, 1), (1, 1, 1), (1, 1, 1), (1, 1, 1), (1, 1, 1), (1, 1, 1), (1, 1, 1), (1, 1, 1), (1, 1, 1), (1, 1, 1), (1, 1, 1), (1, 1, 1), (1, 1, 1), (1, 1, 1), (1, 1, 1), (1, 1, 1), (1, 1, 1), (1, 1, 1), (1, 1, 1), (1, 1, 1), (1, 1, 1), (1, 1, 1), (1, 1, 1), (1, 1, 1), (1, 1, 1), (1, 1, 1), (1, 1, 1), (1, 1, 1), (1, 1, 1), (1, 1, 1), (1, 1, 1), (1, 1, 1), (1, 1, 1), (1, 1, 1), (1, 1, 1), (1, 1, 1), (1, 1, 1), (1, 1, 1), (1, 1, 1), (1, 1, 1), (1, 1, 1), (1, 1, 1), (1, 1, 1), (1, 1, 1), (1, 1, 1), (1, 1, 1), (1, 1, 1), (1, 1, 1), (1, 1, 1), (1, 1, 1), (1, 1, 1), (1, 1, 1), (1, 1, 1), (1, 1, 1), (1, 1, 1), (1, 1, 1), (1, 1, 1), (1, 1, 1), (1, 1, 1), (1, 1, 1), (1, 1, 1), (1, 1, 1), (1, 1, 1), (1, 1, 1), (1, 1, 1), (1, 1, 1), (1, 1, 1), (1, 1, 1), (1, 1, 1), (1, 1, 1), (1, 1, 1), (1, 1, 1), (1, 1, 1), (1, 1, 1), (1, 1, 1), (1, 1, 1), (1, 1, 1), (1, 1, 1), (1, 1, 1), (1, 1, 1), (1, 1, 1), (1, 1, 1), (1, 1, 1), (1, 1, 1), (1, 1, 1), (1, 1, 1), (1, 1, 1), (1, 1, 1), (1, 1, 1), (1, 1, 1), (1, 1, 1), (1, 1, 1), (1, 1, 1), (1, 1, 1), (1, 1, 1), (1, 1, 1), (1, 1, 1), (1, 1, 1), (1, 1, 1), (1, 1, 1), (1, 1, 1), (1, 1, 1), (1, 1, 1), (1, 1, 1), (1, 1, 1), (1, 1, 1), (1, 1, 1), (1, 1, 1), (1, 1, 1), (1, 1, 1), (1, 1, 1), (1, 1, 1), (1, 1, 1), (1, 1, 1), (1, 1, 1), (1, 1, 1), (1, 1, 1), (1, 1, 1), (1, 1, 1), (1, 1, 1), (1, 1, 1), (1, 1, 1), (1, 1, 1), (1, 1, 1), (1, 1, 1), (1, 1, 1), (1, 1, 1), (1, 1, 1), (1, 1, 1), (1, 1, 1), (1, 1, 1), (1, 1, 1), (1, 1, 1), (1, 1, 1), (1, 1, 1), (1, 1, 1), (1, 1, 1), (1, 1, 1), (1, 1, 1), (1, 1, 1), (1, 1, 1), (1, 1, 1), (1, 1, 1), (1, 1, 1), (1, 1, 1), (1, 1, 1), (1, 1, 1), (1, 1, 1), (1, 1, 1), (1, 1, 1), (1, 1, 1), (1, 1, 1), (1, 1, 1), (1, 1, 1), (1, 1, 1), (1, 1, 1), (1, 1, 1), (1, 1, 1), (1, 1, 1), (1, 1, 1), (1, 1, 1), (1, 1, 1), (1, 1, 1), (1, 1, 1), (1, 1, 1), (1, 1, 1), (1, 1, 1), (1, 1, 1), (1, 1, 1), (1, 1, 1), (1, 1, 1), (1, 1, 1), (1, 1, 1), (1, 1, 1), (1, 1, 1), (1, 1, 1), (1, 1, 1), (1, 1, 1), (1, 1, 1), (1, 1, 1), (1, 1, 1), (1, 1, 1), (1, 1, 1), (1, 1, 1), (1, 1, 1), (1, 1, 1), (1, 1, 1), (1, 1, 1), (1, 1, 1), (1, 1, 1), (1, 1, 1), (1, 1, 1), (1, 1, 1), (1, 1, 1), (1, 1, 1), (1, 1, 1), (1, 1, 1), (1, 1, 1), (1, 1, 1), (1, 1, 1), (1, 1, 1), (1, 1, 1), (1, 1, 1), (1, 1, 1), (1, 1, 1), (1, 1, 1), (1, 1, 1), (1, 1, 1), (1, 1, 1), (1, 1, 1), (1, 1, 1), (1, 1, 1), (1, 1, 1), (1, 1, 1), (1, 1, 1), (1, 1, 1), (1, 1, 1), (1, 1, 1), (1, 1, 1), (1, 1, 1), (1, 1, 1), (1, 1, 1), (1, 1, 1), (1, 1, 1), (1, 1, 1), (1, 1, 1), (1, 1, 1), (1, 1, 1), (1, 1, 1), (1, 1, 1), (1, 1, 1), (1, 1, 1), (1, 1, 1), (1, 1, 1), (1, 1, 1), (1, 1, 1), (1, 1, 1), (1, 1, 1), (1, 1, 1), (1, 1, 1), (1, 1, 1), (1, 1, 1), (1, 1, 1), (1, 1, 1), (1, 1, 1), (1, 1, 1), (1, 1, 1), (1, 1, 1), (1, 1, 1), (1, 1, 1), (1, 1, 1), (1, 1, 1), (1, 1, 1), (1, 1, 1), (1, 1, 1), (1, 1, 1), (1, 1, 1), (1, 1, 1), (1, 1, 1), (1, 1, 1), (1, 1, 1), (1, 1, 1), (1, 1, 1), (1, 1, 1), (1, 1, 1), (1, 1, 1), (1, 1, 1), (1, 1, 1), (1, 1, 1), (1, 1, 1), (1, 1, 1), (1, 1, 1), (1, 1, 1), (1, 1, 1), (1, 1, 1), (1, 1, 1), (1, 1, 1), (1, 1, 1), (1, 1, 1), (1, 1, 1), (1, 1, 1), (1, 1, 1), (1, 1, 1), (1, 1, 1), (1, 1, 1), (1, 1, 1), (1, 1, 1), (1, 1, 1), (1, 1, 1), (1, 1, 1), (1, 1, 1), (1, 1, 1), (1, 1, 1), (1, 1, 1), (1, 1, 1), (1, 1, 1), (1, 1, 1), (1, 1, 1), (1, 1, 1), (1, 1, 1), (1, 1, 1), (1, 1, 1), (1, 1, 1), (1, 1, 1), (1, 1, 1), (1, 1, 1), (1, 1, 1), (1, 1, 1), (1, 1, 1), (1, 1, 1), (1, 1, 1), (1, 1, 1), (1, 1, 1), (1, 1, 1), (1, 1, 1), (1, 1, 1), (1, 1, 1), (1, 1, 1), (1, 1, 1), (1, 1, 1), (1, 1, 1), (1, 1, 1), (1, 1, 1), (1, 1, 1), (1, 1, 1), (1, 1, 1), (1, 1, 1), (1, 1, 1), (1, 1, 1), (1, 1, 1), (1, 1, 1), (1, 1, 1), (1, 1, 1), (1, 1, 1), (1, 1, 1), (1, 1, 1), (1, 1, 1), (1, 1, 1), (1, 1, 1), (1, 1, 1), (1, 1, 1), (1, 1, 1), (1, 1, 1), (1, 1, 1), (1, 1, 1), (1, 1, 1), (1, 1, 1), (1, 1, 1), (1, 1, 1), (1, 1, 1), (1, 1, 1), (1, 1, 1), (1, 1, 1), (1, 1, 1), (1, 1, 1), (1, 1, 1), (1, 1, 1), (1, 1, 1), (1, 1, 1), (1, 1, 1), (1, 1, 1), (1, 1, 1), (1, 1, 1), (1, 1, 1), (1, 1, 1), (1, 1, 1), (1, 1, 1), (1, 1, 1), (1, 1, 1), (1, 1, 1), (1, 1, 1), (1, 1, 1), (1, 1, 1), (1, 1, 1), (1, 1, 1), (1, 1, 1), (1, 1, 1), (1, 1, 1), (1, 1, 1), (1, 1, 1), (1, 1, 1), (1, 1, 1), (1, 1, 1), (1, 1, 1), (1, 1, 1), (1, 1, 1), (1, 1, 1), (1, 1, 1), (1, 1, 1), (1, 1, 1), (1, 1, 1), (1, 1, 1), (1, 1, 1), (1, 1, 1), (1, 1, 1), (1, 1, 1), (1, 1, 1), (1, 1, 1), (1, 1, 1), (1, 1, 1), (1, 1, 1), (1, 1, 1), (1, 1, 1), (1, 1, 1), (1, 1, 1), (1, 1, 1), (1, 1, 1), (1, 1, 1), (1, 1, 1), (1, 1, 1), (1, 1, 1), (1, 1, 1), (1, 1, 1), (1, 1, 1), (1, 1, 1), (1, 1, 1), (1, 1, 1), (1, 1, 1), (1, 1, 1), (1, 1, 1), (1, 1, 1), (1, 1, 1), (1, 1, 1), (1, 1, 1), (1, 1, 1), (1, 1, 1), (1, 1, 1), (1, 1, 1), (1, 1, 1), (1, 1, 1), (1, 1, 1), (1, 1, 1), (1, 1, 1), (1, 1, 1), (1, 1, 1), (1, 1, 1), (1, 1, 1), (1, 1, 1), (1, 1, 1), (1, 1, 1), (1, 1, 1), (1, 1, 1), (1, 1, 1), (1, 1, 1), (1, 1, 1), (1, 1, 1), (1, 1, 1), (1, 1, 1), (1, 1, 1), (1, 1, 1), (1, 1, 1), (1, 1, 1), (1, 1, 1), (1, 1, 1), (1, 1, 1), (1, 1, 1), (1, 1, 1), (1, 1, 1), (1, 1, 1), (1, 1, 1), (1, 1, 1), (1, 1, 1), (1, 1, 1), (1, 1, 1), (1, 1, 1), (1, 1, 1), (1, 1, 1), (1, 1, 1), (1, 1, 1), (1, 1, 1), (1, 1, 1), (1, 1, 1), (1, 1, 1), (1, 1, 1), (1, 1, 1), (1, 1, 1), (1, 1, 1), (1, 1, 1), (1, 1, 1), (1, 1, 1), (1, 1, 1), (1, 1, 1), (1, 1, 1), (1, 1, 1), (1, 1, 1), (1, 1, 1), (1, 1, 1), (1, 1, 1), (1, 1, 1), (1, 1, 1), (1, 1, 1), (1, 1, 1), (1, 1, 1), (1, 1, 1), (1, 1, 1), (1, 1, 1), (1, 1, 1), (1, 1, 1), (1, 1, 1), (1, 1, 1), (1, 1, 1), (1, 1, 1), (1, 1, 1), (1, 1, 1), (1, 1, 1), (1, 1, 1), (1, 1, 1), (1, 1, 1), (1, 1, 1), (1, 1, 1), (1, 1, 1), (1, 1, 1), (1, 1, 1), (1, 1, 1), (1, 1, 1), (1, 1, 1), (1, 1, 1), (1, 1, 1), (1, 1, 1), (1, 1, 1), (1, 1, 1), (1, 1, 1), (1, 1, 1), (1, 1, 1), (1, 1, 1), (1, 1, 1), (1, 1, 1), (1, 1, 1), (1, 1, 1), (1, 1, 1), (1, 1, 1), (1, 1, 1), (1, 1, 1), (1, 1, 1), (1, 1, 1), (1, 1, 1), (1, 1, 1), (1, 1, 1), (1, 1, 1), (1, 1, 1), (1, 1, 1), (1, 1, 1), (1, 1, 1), (1, 1, 1), (1, 1, 1), (1, 1, 1), (1, 1, 1), (1, 1, 1), (1, 1, 1), (1, 1, 1), (1, 1, 1), (1, 1, 1), (1, 1, 1), (1, 1, 1), (1, 1, 1), (1, 1, 1), (1, 1, 1), (1, 1, 1), (1, 1, 1), (1, 1, 1), (1, 1, 1), (1, 1, 1), (1, 1, 1), (1, 1, 1), (1, 1, 1), (1, 1, 1), (1, 1, 1), (1, 1, 1), (1, 1, 1), (1, 1, 1), (1, 1, 1), (1, 1, 1), (1, 1, 1), (1, 1, 1), (1, 1, 1), (1, 1, 1), (1, 1, 1), (1, 1, 1), (1, 1, 1), (1, 1, 1), (1, 1, 1), (1, 1, 1), (1, 1, 1), (1, 1, 1), (1, 1, 1), (1, 1, 1), (1, 1, 1), (1, 1, 1), (1, 1, 1), (1, 1, 1), (1, 1, 1), (1, 1, 1), (1, 1, 1), (1, 1, 1), (1, 1, 1), (1, 1, 1), (1, 1, 1), (1, 1, 1), (1, 1, 1), (1, 1, 1), (1, 1, 1), (1, 1, 1), (1, 1, 1), (1, 1, 1), (1, 1, 1), (1, 1, 1), (1, 1, 1), (1, 1, 1), (1, 1, 1), (1, 1, 1), (1, 1, 1), (1, 1, 1), (1, 1, 1), (1, 1, 1), (1, 1, 1), (1, 1, 1), (1, 1, 1), (1, 1, 1), (1, 1, 1), (1, 1, 1), (1, 1, 1), (1, 1, 1), (1, 1, 1), (1, 1, 1), (1, 1, 1), (1, 1, 1), (1, 1, 1), (1, 1, 1), (1, 1, 1), (1, 1, 1), (1, 1, 1), (1, 1, 1), (1, 1, 1), (1, 1, 1), (1, 1, 1), (1, 1, 1), (1, 1, 1), (1, 1, 1), (1, 1, 1), (1, 1, 1), (1, 1, 1), (1, 1, 1), (1, 1, 1), (1, 1, 1), (1, 1, 1), (1, 1, 1), (1, 1, 1), (1, 1, 1), (1, 1, 1), (1, 1, 1), (1, 1, 1), (1, 1, 1), (1, 1, 1), (1, 1, 1), (1, 1, 1), (1, 1, 1), (1, 1, 1), (1, 1, 1), (1, 1, 1), (1, 1, 1), (1, 1, 1), (1, 1, 1), (1, 1, 1), (1, 1, 1), (1, 1, 1), (1, 1, 1), (1, 1, 1), (1, 1, 1), (1, 1, 1), (1, 1, 1), (1, 1, 1), (1, 1, 1), (1, 1, 1), (1, 1, 1), (1, 1, 1), (1, 1, 1), (1, 1, 1), (1, 1, 1), (1, 1, 1), (1, 1, 1), (1, 1, 1), (1, 1, 1), (1, 1, 1), (1, 1, 1), (1, 1, 1), (1, 1, 1), (1, 1, 1), (1, 1, 1), (1, 1, 1), (1, 1, 1), (1, 1, 1), (1, 1, 1), (1, 1, 1), (1, 1, 1), (1, 1, 1), (1, 1, 1), (1, 1, 1), (1, 1, 1), (1, 1, 1), (1, 1, 1), (1, 1, 1), (1, 1, 1), (1, 1, 1), (1, 1, 1), (1, 1, 1), (1, 1, 1), (1, 1, 1), (1, 1, 1), (1, 1, 1), (1, 1, 1), (1, 1, 1), (1, 1, 1), (1, 1, 1), (1, 1, 1), (1, 1, 1), (1, 1, 1), (1, 1, 1), (1, 1, 1), (1, 1, 1), (1, 1, 1), (1, 1, 1), (1, 1, 1), (1, 1, 1), (1, 1, 1), (1, 1, 1), (1, 1, 1), (1, 1, 1), (1, 1, 1), (1, 1, 1), (1, 1, 1), (1, 1, 1), (1, 1, 1), (1, 1, 1), (1, 1, 1), (1, 1, 1), (1, 1, 1), (1, 1, 1), (1, 1, 1), (1, 1, 1), (1, 1, 1), (1, 1, 1), (1, 1, 1), (1, 1, 1), (1, 1, 1), (1, 1, 1), (1, 1, 1), (1, 1, 1), (1, 1, 1), (1, 1, 1), (1, 1, 1), (1, 1, 1), (1, 1, 1), (1, 1, 1), (1, 1, 1), (1, 1, 1), (1, 1, 1), (1, 1, 1), (1, 1, 1), (1, 1, 1), (1, 1, 1), (1, 1, 1), (1, 1, 1), (1, 1, 1), (1, 1, 1), (1, 1, 1), (1, 1, 1), (1, 1, 1), (1, 1, 1), (1, 1, 1), (1, 1, 1), (1, 1, 1), (1, 1, 1), (1, 1, 1), (1, 1, 1), (1, 1, 1), (1, 1, 1), (1, 1, 1), (1, 1, 1), (1, 1, 1), (1, 1, 1), (1, 1, 1), (1, 1, 1), (1, 1, 1), (1, 1, 1), (1, 1, 1), (1, 1, 1), (1, 1, 1), (1, 1, 1), (1, 1, 1), (1, 1, 1), (1, 1, 1), (1, 1, 1), (1, 1, 1), (1, 1, 1), (1, 1, 1), (1, 1, 1), (1, 1, 1), (1, 1, 1), (1, 1, 1), (1, 1, 1), (1, 1, 1), (1, 1, 1), (1, 1, 1), (1, 1, 1), (1, 1, 1), (1, 1, 1), (1, 1, 1), (1, 1, 1), (1, 1, 1), (1, 1, 1), (1, 1, 1), (1, 1, 1), (1, 1, 1), (1, 1, 1), (1, 1, 1), (1, 1, 1), (1, 1, 1), (1, 1, 1), (1, 1, 1), (1, 1, 1), (1, 1, 1), (1, 1, 1), (1, 1, 1), (1, 1, 1), (1, 1, 1), (1, 1, 1), (1, 1, 1), (1, 1, 1), (1, 1, 1), (1, 1, 1), (1, 1, 1), (1, 1, 1), (1, 1, 1), (1, 1, 1), (1, 1, 1), (1, 1, 1), (1, 1, 1), (1, 1, 1), (1, 1, 1), (1, 1, 1), (1, 1, 1), (1, 1, 1), (1, 1, 1), (1, 1, 1), (1, 1, 1), (1, 1, 1), (1, 1, 1), (1, 1, 1), (1, 1, 1), (1, 1, 1), (1, 1, 1), (1, 1, 1), (1, 1, 1), (1, 1, 1), (1, 1, 1), (1, 1, 1), (1, 1, 1), (1, 1, 1), (1, 1, 1), (1, 1, 1), (1, 1, 1), (1, 1, 1), (1, 1, 1), (1, 1, 1), (1, 1, 1), (1, 1, 1), (1, 1, 1), (1, 1, 1), (1, 1, 1), (1, 1, 1), (1, 1, 1), (1, 1, 1), (1, 1, 1), (1, 1, 1), (1, 1, 1), (1, 1, 1), (1, 1, 1), (1, 1, 1), (1, 1, 1), (1, 1, 1), (1, 1, 1), (1, 1, 1), (1, 1, 1), (1, 1, 1), (1, 1, 1), (1, 1, 1), (1, 1, 1), (1, 1, 1), (1, 1, 1), (1, 1, 1), (1, 1, 1), (1, 1, 1), (1, 1, 1), (1, 1, 1), (1, 1, 1), (1, 1, 1), (1, 1, 1), (1, 1, 1), (1, 1, 1), (1, 1, 1), (1, 1, 1), (1, 1, 1), (1, 1, 1), (1, 1, 1), (1, 1, 1), (1, 1, 1), (1, 1, 1), (1, 1, 1), (1, 1, 1), (1, 1, 1), (1, 1, 1), (1, 1, 1), (1, 1, 1), (1, 1, 1), (1, 1, 1), (1, 1, 1), (1, 1, 1), (1, 1, 1), (1, 1, 1), (1, 1, 1), (1, 1, 1), (1, 1, 1), (1, 1, 1), (1, 1, 1), (1, 1, 1), (1, 1, 1), (1, 1, 1), (1, 1, 1), (1, 1, 1), (1, 1, 1), (1, 1, 1), (1, 1, 1), (1, 1, 1), (1, 1, 1), (1, 1, 1), (1, 1, 1), (1, 1, 1), (1, 1, 1), (1, 1, 1), (1, 1, 1), (1, 1, 1), (1, 1, 1), (1, 1, 1), (1, 1, 1), (1, 1, 1), (1, 1, 1), (1, 1, 1), (1, 1, 1), (1, 1, 1), (1, 1, 1), (1, 1, 1), (1, 1, 1), (1, 1, 1), (1, 1, 1), (1, 1, 1), (1, 1, 1), (1, 1, 1), (1, 1, 1), (1, 1, 1), (1, 1, 1), (1, 1, 1), (1, 1, 1), (1, 1, 1), (1, 1, 1), (1, 1, 1), (1, 1, 1), (1, 1, 1), (1, 1, 1), (1, 1, 1), (1, 1, 1), (1, 1, 1), (1, 1, 1), (1, 1, 1), (1, 1, 1), (1, 1, 1), (1, 1, 1), (1, 1, 1), (1, 1, 1), (1, 1, 1), (1, 1, 1), (1, 1, 1), (1, 1, 1), (1, 1, 1), (1, 1, 1), (1, 1, 1), (1, 1, 1), (1, 1, 1), (1, 1, 1), (1, 1, 1), (1, 1, 1), (1, 1, 1), (1, 1, 1), (1, 1, 1), (1, 1, 1), (1, 1, 1), (1, 1, 1), (1, 1, 1), (1, 1, 1), (1, 1, 1), (1, 1, 1), (1, 1, 1), (1, 1, 1), (1, 1, 1), (1, 1, 1), (1, 1, 1), (1, 1, 1), (1, 1, 1), (1, 1, 1), (1, 1, 1), (1, 1, 1), (1, 1, 1), (1, 1, 1), (1, 1, 1), (1, 1, 1), (1, 1, 1), (1, 1, 1), (1, 1, 1), (1, 1, 1), (1, 1, 1), (1, 1, 1), (1, 1, 1), (1, 1, 1), (1, 1, 1), (1, 1, 1), (1, 1, 1), (1, 1, 1), (1, 1, 1), (1, 1, 1), (1, 1, 1), (1, 1, 1), (1, 1, 1), (1, 1, 1), (1, 1, 1), (1, 1, 1), (1, 1, 1), (1, 1, 1), (1, 1, 1), (1, 1, 1), (1, 1, 1), (1, 1, 1), (1, 1, 1), (1, 1, 1), (1, 1, 1), (1, 1, 1), (1, 1, 1), (1, 1, 1), (1, 1, 1), (1, 1, 1), (1, 1, 1), (1, 1, 1), (1, 1, 1), (1, 1, 1), (1, 1, 1), (1, 1, 1), (1, 1, 1), (1, 1, 1), (1, 1, 1), (1, 1, 1), (1, 1, 1), (1, 1, 1), (1, 1, 1), (1, 1, 1), (1, 1, 1), (1, 1, 1), (1, 1, 1), (1, 1, 1), (1, 1, 1), (1, 1, 1), (1, 1, 1), (1, 1, 1), (1, 1, 1), (1, 1, 1), (1, 1, 1), (1, 1, 1), (1, 1, 1), (1, 1, 1), (1, 1, 1), (1, 1, 1), (1, 1, 1), (1, 1, 1), (1, 1, 1), (1, 1, 1), (1, 1, 1), (1, 1, 1), (1, 1, 1), (1, 1, 1), (1, 1, 1), (1, 1, 1), (1, 1, 1), (1, 1, 1), (1, 1, 1), (1, 1, 1), (1, 1, 1), (1, 1, 1), (1, 1, 1), (1, 1, 1), (1, 1, 1), (1, 1, 1), (1, 1, 1), (1, 1, 1), (1, 1, 1), (1, 1, 1), (1, 1, 1), (1, 1, 1), (1, 1, 1), (1, 1, 1), (1, 1, 1), (1, 1, 1), (1, 1, 1), (1, 1, 1), (1, 1, 1), (1, 1, 1), (1, 1, 1), (1, 1, 1), (1, 1, 1), (1, 1, 1), (1, 1, 1), (1, 1, 1), (1, 1, 1), (1, 1, 1), (1, 1, 1), (1, 1, 1), (1, 1, 1), (1, 1, 1), (1, 1, 1), (1, 1, 1), (1, 1, 1), (1, 1, 1), (1, 1, 1), (1, 1, 1), (1, 1, 1), (1, 1, 1), (1, 1, 1), (1, 1, 1), (1, 1, 1), (1, 1, 1), (1, 1, 1), (1, 1, 1), (1, 1, 1), (1, 1, 1), (1, 1, 1), (1, 1, 1), (1, 1, 1), (1, 1, 1), (1, 1, 1), (1, 1, 1), (1, 1, 1), (1, 1, 1), (1, 1, 1), (1, 1, 1), (1, 1, 1), (1, 1, 1), (1, 1, 1), (1, 1, 1), (1, 1, 1), (1, 1, 1), (1, 1, 1), (1, 1, 1), (1, 1, 1), (1, 1, 1), (1, 1, 1), (1, 1, 1), (1, 1, 1), (1, 1, 1), (1, 1, 1), (1, 1, 1), (1, 1, 1), (1, 1, 1), (1, 1, 1), (1, 1, 1), (1, 1, 1), (1, 1, 1), (1, 1, 1), (1, 1, 1), (1, 1, 1), (1, 1, 1), (1, 1, 1), (1, 1, 1), (1, 1, 1), (1, 1, 1), (1, 1, 1), (1, 1, 1), (1, 1, 1), (1, 1, 1), (1, 1, 1), (1, 1, 1), (1, 1, 1), (1, 1, 1), (1, 1, 1), (1, 1, 1), (1, 1, 1), (1, 1, 1), (1, 1, 1), (1, 1, 1), (1, 1, 1), (1, 1, 1), (1, 1, 1), (1, 1, 1), (1, 1, 1), (1, 1, 1), (1, 1, 1), (1, 1, 1), (1, 1, 1), (1, 1, 1), (1, 1, 1), (1, 1, 1), (1, 1, 1), (1, 1, 1), (1, 1, 1), (1, 1, 1), (1, 1, 1), (1, 1, 1), (1, 1, 1), (1, 1, 1), (1, 1, 1), (1, 1, 1), (1, 1, 1), (1, 1, 1), (1, 1, 1), (1, 1, 1), (1, 1, 1), (1, 1, 1), (1, 1, 1), (1, 1, 1), (1, 1, 1), (1, 1, 1), (1, 1, 1), (1, 1, 1), (1, 1, 1), (1, 1, 1), (1, 1, 1), (1, 1, 1), (1, 1, 1), (1, 1, 1), (1, 1, 1), (1, 1, 1), (1, 1, 1), (1, 1, 1), (1, 1, 1), (1, 1, 1), (1, 1, 1), (1, 1, 1), (1, 1, 1), (1, 1, 1), (1, 1, 1), (1, 1, 1), (1, 1, 1), (1, 1, 1), (1, 1, 1), (1, 1, 1), (1, 1, 1), (1, 1, 1), (1, 1, 1), (1, 1, 1), (1, 1, 1), (1, 1, 1), (1, 1, 1), (1, 1, 1), (1, 1, 1), (1, 1, 1), (1, 1, 1), (1, 1, 1), (1, 1, 1), (1, 1, 1), (1, 1, 1), (1, 1, 1), (1, 1, 1), (1, 1, 1), (1, 1, 1), (1, 1, 1), (1, 1, 1), (1, 1, 1), (1, 1, 1), (1, 1, 1), (1, 1, 1), (1, 1, 1), (1, 1, 1), (1, 1, 1), (1, 1, 1), (1, 1, 1), (1, 1, 1), (1, 1, 1), (1, 1, 1), (1, 1, 1), (1, 1, 1), (1, 1, 1), (1, 1, 1), (1, 1, 1), (1, 1, 1), (1, 1, 1), (1, 1, 1), (1, 1, 1), (1, 1, 1), (1, 1, 1), (1, 1, 1), (1, 1, 1), (1, 1, 1), (1, 1, 1), (1, 1, 1), (1, 1, 1), (1, 1, 1), (1, 1, 1), (1, 1, 1), (1, 1, 1), (1, 1, 1), (1, 1, 1), (1, 1, 1), (1, 1, 1), (1, 1, 1), (1, 1, 1), (1, 1, 1), (1, 1, 1), (1, 1, 1), (1, 1, 1), (1, 1, 1), (1, 1, 1), (1, 1, 1), (1, 1, 1), (1, 1, 1), (1, 1, 1), (1, 1, 1), (1, 1, 1), (1, 1, 1), (1, 1, 1), (1, 1, 1), (1, 1, 1), (1, 1, 1), (1, 1, 1), (1, 1, 1), (1, 1, 1), (1, 1, 1), (1, 1, 1), (1, 1, 1), (1, 1, 1), (1, 1, 1), (1, 1, 1), (1, 1, 1), (1, 1, 1), (1, 1, 1), (1, 1, 1), (1, 1, 1), (1, 1, 1), (1, 1, 1), (1, 1, 1), (1, 1, 1), (1, 1, 1), (1, 1, 1), (1, 1, 1), (1, 1, 1), (1, 1, 1), (1, 1, 1), (1, 1, 1), (1, 1, 1), (1, 1, 1), (1, 1, 1), (1, 1, 1), (1, 1, 1), (1, 1, 1), (1, 1, 1), (1, 1, 1), (1, 1, 1), (1, 1, 1), (1, 1, 1), (1, 1, 1), (1, 1, 1), (1, 1, 1), (1, 1, 1), (1, 1, 1), (1, 1, 1), (1, 1, 1), (1, 1, 1), (1, 1, 1), (1, 1, 1), (1, 1, 1), (1, 1, 1), (1, 1, 1), (1, 1, 1), (1, 1, 1), (1, 1, 1), (1, 1, 1), (1, 1, 1), (1, 1, 1), (1, 1, 1), (1, 1, 1), (1, 1, 1), (1, 1, 1), (1, 1, 1), (1, 1, 1), (1, 1, 1), (1, 1, 1), (1, 1, 1), (1, 1, 1), (1, 1, 1), (1, 1, 1), (1, 1, 1), (1, 1, 1), (1, 1, 1), (1, 1, 1), (1, 1, 1), (1, 1, 1), (1, 1, 1), (1, 1, 1), (1, 1, 1), (1, 1, 1), (1, 1, 1), (1, 1, 1), (1, 1, 1), (1, 1, 1), (1, 1, 1), (1, 1, 1), (1, 1, 1), (1, 1, 1), (1, 1, 1), (1, 1, 1), (1, 1, 1), (1, 1, 1), (1, 1, 1), (1, 1, 1), (1, 1, 1), (1, 1, 1), (1, 1, 1), (1, 1, 1), (1, 1, 1), (1, 1, 1), (1, 1, 1), (1, 1, 1), (1, 1, 1), (1, 1, 1), (1, 1, 1), (1, 1, 1), (1, 1, 1), (1, 1, 1), (1, 1, 1), (1, 1, 1), (1, 1, 1), (1, 1, 1), (1, 1, 1), (1, 1, 1), (1, 1, 1), (1, 1, 1), (1, 1, 1), (1, 1, 1), (1, 1, 1), (1, 1, 1), (1, 1, 1), (1, 1, 1), (1, 1, 1), (1, 1, 1), (1, 1, 1), (1, 1, 1), (1, 1, 1), (1, 1, 1), (1, 1, 1), (1, 1, 1), (1, 1, 1), (1, 1, 1), (1, 1, 1), (1, 1, 1), (1, 1, 1), (1, 1, 1), (1, 1, 1), (1, 1, 1), (1, 1, 1), (1, 1, 1), (1, 1, 1), (1, 1, 1), (1, 1, 1), (1, 1, 1), (1, 1, 1), (1, 1, 1), (1, 1, 1), (1, 1, 1), (1, 1, 1), (1, 1, 1), (1, 1, 1), (1, 1, 1), (1, 1, 1), (1, 1, 1), (1, 1, 1), (1, 1, 1), (1, 1, 1), (1, 1, 1), (1, 1, 1), (1, 1, 1), (1, 1, 1), (1, 1, 1), (1, 1, 1), (1, 1, 1), (1, 1, 1), (1, 1, 1), (1, 1, 1), (1, 1, 1), (1, 1, 1), (1, 1, 1), (1, 1, 1), (1, 1, 1), (1, 1, 1), (1, 1, 1), (1, 1, 1), (1, 1, 1), (1, 1, 1), (1, 1, 1), (1, 1, 1), (1, 1, 1), (1, 1, 1), (1, 1, 1), (1, 1, 1), (1, 1, 1), (1, 1, 1), (1, 1, 1), (1, 1, 1), (1, 1, 1), (1, 1, 1), (1, 1, 1), (1, 1, 1), (1, 1, 1), (1, 1, 1), (1, 1, 1), (1, 1, 1), (1, 1, 1), (1, 1, 1), (1, 1, 1), (1, 1, 1), (1, 1, 1), (1, 1, 1), (1, 1, 1), (1, 1, 1), (1, 1, 1), (1, 1, 1), (1, 1, 1), (1, 1, 1), (1, 1, 1), (1, 1, 1), (1, 1, 1), (1, 1, 1), (1, 1, 1), (1, 1, 1), (1, 1, 1), (1, 1, 1), (1, 1, 1), (1, 1, 1), (1, 1, 1), (1, 1, 1), (1, 1, 1), (1, 1, 1), (1, 1, 1), (1, 1, 1), (1, 1, 1), (1, 1, 1), (1, 1, 1), (1, 1, 1), (1, 1, 1), (1, 1, 1), (1, 1, 1), (1, 1, 1), (1, 1, 1), (1, 1, 1), (1, 1, 1), (1, 1, 1), (1, 1, 1), (1, 1, 1), (1, 1, 1), (1, 1, 1), (1, 1, 1), (1, 1, 1), (1, 1, 1), (1, 1, 1), (1, 1, 1), (1, 1, 1), (1, 1, 1), (1, 1, 1), (1, 1, 1), (1, 1, 1), (1, 1, 1), (1, 1, 1), (1, 1, 1), (1, 1, 1), (1, 1, 1), (1, 1, 1), (1, 1, 1), (1, 1, 1), (1, 1, 1), (1, 1, 1), (1, 1, 1), (1, 1, 1), (1, 1, 1), (1, 1, 1), (1, 1, 1), (1, 1, 1), (1, 1, 1), (1, 1, 1), (1, 1, 1), (1, 1, 1), (1, 1, 1), (1, 1, 1), (1, 1, 1), (1, 1, 1), (1, 1, 1), (1, 1, 1), (1, 1, 1), (1, 1, 1), (1, 1, 1), (1, 1, 1), (1, 1, 1), (1, 1, 1), (1, 1, 1), (1, 1, 1), (1, 1, 1), (1, 1, 1), (1, 1, 1), (1, 1, 1), (1, 1, 1), (1, 1, 1), (1, 1, 1), (1, 1, 1), (1, 1, 1), (1, 1, 1), (1, 1, 1), (1, 1, 1), (1, 1, 1), (1, 1, 1), (1, 1, 1), (1, 1, 1), (1, 1, 1), (1, 1, 1), (1, 1, 1), (1, 1, 1), (1, 1, 1), (1, 1, 1), (1, 1, 1), (1, 1, 1), (1, 1, 1), (1, 1, 1), (1, 1, 1), (1, 1, 1), (1, 1, 1), (1, 1, 1), (1, 1, 1), (1, 1, 1), (1, 1, 1), (1, 1, 1), (1, 1, 1), (1, 1, 1), (1, 1, 1), (1, 1, 1), (1, 1, 1), (1, 1, 1), (1, 1, 1), (1, 1, 1), (1, 1, 1), (1, 1, 1), (1, 1, 1), (1, 1, 1), (1, 1, 1), (1, 1, 1), (1, 1, 1), (1, 1, 1), (1, 1, 1), (1, 1, 1), (1, 1, 1), (1, 1, 1), (1, 1, 1), (1, 1, 1), (1, 1, 1), (1, 1, 1), (1, 1, 1), (1, 1, 1), (1, 1, 1), (1, 1, 1), (1, 1, 1), (1, 1, 1), (1, 1, 1), (1, 1, 1), (1, 1, 1), (1, 1, 1), (1, 1, 1), (1, 1, 1), (1, 1, 1), (1, 1, 1), (1, 1, 1), (1, 1, 1), (1, 1, 1), (1, 1, 1), (1, 1, 1), (1, 1, 1), (1, 1, 1), (1, 1, 1), (1, 1, 1), (1, 1, 1), (1, 1, 1), (1, 1, 1), (1, 1, 1), (1, 1, 1), (1, 1, 1), (1, 1, 1), (1, 1, 1), (1, 1, 1), (1, 1, 1), (1, 1, 1), (1, 1, 1), (1, 1, 1), (1, 1, 1), (1, 1, 1), (1, 1, 1), (1, 1, 1), (1, 1, 1), (1, 1, 1), (1, 1, 1), (1, 1, 1), (1, 1, 1), (1, 1, 1), (1, 1, 1), (1, 1, 1), (1, 1, 1), (1, 1, 1), (1, 1, 1), (1, 1, 1), (1, 1, 1), (1, 1, 1), (1, 1, 1), (1, 1, 1), (1, 1, 1), (1, 1, 1), (1, 1, 1), (1, 1, 1), (1, 1, 1), (1, 1, 1), (1, 1, 1), (1, 1, 1), (1, 1, 1), (1, 1, 1), (1, 1, 1), (1, 1, 1), (1, 1, 1), (1, 1, 1), (1, 1, 1), (1, 1, 1), (1, 1, 1), (1, 1, 1), (1, 1, 1), (1, 1, 1), (1, 1, 1), (1, 1, 1), (1, 1, 1), (1, 1, 1), (1, 1, 1), (1, 1, 1), (1, 1, 1), (1, 1, 1), (1, 1, 1), (1, 1, 1), (1, 1, 1), (1, 1, 1), (1, 1, 1), (1, 1, 1), (1, 1, 1), (1, 1, 1), (1, 1, 1), (1, 1, 1), (1, 1, 1), (1, 1, 1), (1, 1, 1), (1, 1, 1), (1, 1, 1), (1, 1, 1), (1, 1, 1), (1, 1, 1), (1, 1, 1), (1, 1, 1), (1, 1, 1), (1, 1, 1), (1, 1, 1), (1, 1, 1), (1, 1, 1), (1, 1, 1), (1, 1, 1), (1, 1, 1), (1, 1, 1), (1, 1, 1), (1, 1, 1), (1, 1, 1), (1, 1, 1), (1, 1, 1), (1, 1, 1), (1, 1, 1), (1, 1, 1), (1, 1, 1), (1, 1, 1), (1, 1, 1), (1, 1, 1), (1, 1, 1), (1, 1, 1), (1, 1, 1), (1, 1, 1), (1, 1, 1), (1, 1, 1), (1, 1, 1), (1, 1, 1), (1, 1, 1), (1, 1, 1), (1, 1, 1), (1, 1, 1), (1, 1, 1), (1, 1, 1), (1, 1, 1), (1, 1, 1), (1, 1, 1), (1, 1, 1), (1, 1, 1), (1, 1, 1), (1, 1, 1), (1, 1, 1), (1, 1, 1), (1, 1, 1), (1, 1, 1), (1, 1, 1), (1, 1, 1), (1, 1, 1), (1, 1, 1), (1, 1, 1), (1, 1, 1), (1, 1, 1), (1, 1, 1), (1, 1, 1), (1, 1, 1), (1, 1, 1), (1, 1, 1), (1, 1, 1), (1, 1, 1), (1, 1, 1), (1, 1, 1), (1, 1, 1), (1, 1, 1), (1, 1, 1), (1, 1, 1), (1, 1, 1), (1, 1, 1), (1, 1, 1), (1, 1, 1), (1, 1, 1), (1, 1, 1), (1, 1, 1), (1, 1, 1), (1, 1, 1), (1, 1, 1), (1, 1, 1), (1, 1, 1), (1, 1, 1), (1, 1, 1), (1, 1, 1), (1, 1, 1), (1, 1, 1), (1, 1, 1), (1, 1, 1), (1, 1, 1), (1, 1, 1), (1, 1, 1), (1, 1, 1), (1, 1, 1), (1, 1, 1), (1, 1, 1), (1, 1, 1), (1, 1, 1), (1, 1, 1), (1, 1, 1), (1, 1, 1), (1, 1, 1), (1, 1, 1), (1, 1, 1), (1, 1, 1), (1, 1, 1), (1, 1, 1), (1, 1, 1), (1, 1, 1), (1, 1, 1), (1, 1, 1), (1, 1, 1), (1, 1, 1), (1, 1, 1), (1, 1, 1), (1, 1, 1), (1, 1, 1), (1, 1, 1), (1, 1, 1), (1, 1, 1), (1, 1, 1), (1, 1, 1), (1, 1, 1), (1, 1, 1), (1, 1, 1), (1, 1, 1), (1, 1, 1), (1, 1, 1), (1, 1, 1), (1, 1, 1), (1, 1, 1), (1, 1, 1), (1, 1, 1), (1, 1, 1), (1, 1, 1), (1, 1, 1), (1, 1, 1), (1, 1, 1), (1, 1, 1), (1, 1, 1), (1, 1, 1), (1, 1, 1), (1, 1, 1), (1, 1, 1), (1, 1, 1), (1, 1, 1), (1, 1, 1), (1, 1, 1), (1, 1, 1), (1, 1, 1), (1, 1, 1), (1, 1, 1), (1, 1, 1), (1, 1, 1), (1, 1, 1), (1, 1, 1), (1, 1, 1), (1, 1, 1), (1, 1, 1), (1, 1, 1), (1, 1, 1), (1, 1, 1), (1, 1, 1), (1, 1, 1), (1, 1, 1), (1, 1, 1), (1, 1, 1), (1, 1, 1), (1, 1, 1), (1, 1, 1), (1, 1, 1), (1, 1, 1), (1, 1, 1), (1, 1, 1), (1, 1, 1), (1, 1, 1), (1, 1, 1), (1, 1, 1), (1, 1, 1), (1, 1, 1), (1, 1, 1), (1, 1, 1), (1, 1, 1), (1, 1, 1), (1, 1, 1), (1, 1, 1), (1, 1, 1), (1, 1, 1), (1, 1, 1), (1, 1, 1), (1, 1, 1), (1, 1, 1), (1, 1, 1), (1, 1, 1), (1, 1, 1), (1, 1, 1), (1, 1, 1), (1, 1, 1), (1, 1, 1), (1, 1, 1), (1, 1, 1), (1, 1, 1), (1, 1, 1), (1, 1, 1), (1, 1, 1), (1, 1, 1), (1, 1, 1), (1, 1, 1), (1, 1, 1), (1, 1, 1), (1, 1, 1), (1, 1, 1), (1, 1, 1), (1, 1, 1), (1, 1, 1), (1, 1, 1), (1, 1, 1), (1, 1, 1), (1, 1, 1), (1, 1, 1), (1, 1, 1), (1, 1, 1), (1, 1, 1), (1, 1, 1), (1, 1, 1), (1, 1, 1), (1, 1, 1), (1, 1, 1), (1, 1, 1), (1, 1, 1), (1, 1, 1), (1, 1, 1), (1, 1, 1), (1, 1, 1), (1, 1, 1), (1, 1, 1), (1, 1, 1), (1, 1, 1), (1, 1, 1), (1, 1, 1), (1, 1, 1), (1, 1, 1), (1, 1, 1), (1, 1, 1), (1, 1, 1), (1, 1, 1), (1, 1, 1), (1, 1, 1), (1, 1, 1), (1, 1, 1), (1, 1, 1), (1, 1, 1), (1, 1, 1), (1, 1, 1), (1, 1, 1), (1, 1, 1), (1, 1, 1), (1, 1, 1), (1, 1, 1), (1, 1, 1), (1, 1, 1), (1, 1, 1), (1, 1, 1), (1, 1, 1), (1, 1, 1), (1, 1, 1), (1, 1, 1), (1, 1, 1), (1, 1, 1), (1, 1, 1), (1, 1, 1), (1, 1, 1), (1, 1, 1), (1, 1, 1), (1, 1, 1), (1, 1, 1), (1, 1, 1), (1, 1, 1), (1, 1, 1), (1, 1, 1), (1, 1, 1), (1, 1, 1), (1, 1, 1), (1, 1, 1), (1, 1, 1), (1, 1, 1), (1, 1, 1), (1, 1, 1), (1, 1, 1), (1, 1, 1), (1, 1, 1), (1, 1, 1), (1, 1, 1), (1, 1, 1), (1, 1, 1), (1, 1, 1), (1, 1, 1), (1, 1, 1), (1, 1, 1), (1, 1, 1), (1, 1, 1), (1, 1, 1), (1, 1, 1), (1, 1, 1), (1, 1, 1), (1, 1, 1), (1, 1, 1), (1, 1, 1), (1, 1, 1), (1, 1, 1), (1, 1, 1), (1, 1, 1), (1, 1, 1), (1, 1, 1), (1, 1, 1), (1, 1, 1), (1, 1, 1), (1, 1, 1), (1, 1, 1), (1, 1, 1), (1, 1, 1), (1, 1, 1), (1, 1, 1), (1, 1, 1), (1, 1, 1), (1, 1, 1), (1, 1, 1), (1, 1, 1), (1, 1, 1), (1, 1, 1), (1, 1, 1), (1, 1, 1), (1, 1, 1), (1, 1, 1), (1, 1, 1), (1, 1, 1), (1, 1, 1), (1, 1, 1), (1, 1, 1), (1, 1, 1), (1, 1, 1), (1, 1, 1), (1, 1, 1), (1, 1, 1), (1, 1, 1), (1, 1, 1), (1, 1, 1), (1, 1, 1), (1, 1, 1), (1, 1, 1), (1, 1, 1), (1, 1, 1), (1, 1, 1), (1, 1, 1), (1, 1, 1), (1, 1, 1), (1, 1, 1), (1, 1, 1), (1, 1, 1), (1, 1, 1), (1, 1, 1), (1, 1, 1), (1, 1, 1), (1, 1, 1), (1, 1, 1), (1, 1, 1), (1, 1, 1), (1, 1, 1), (1, 1, 1), (1, 1, 1), (1, 1, 1), (1, 1, 1), (1, 1, 1), (1, 1, 1), (1, 1, 1), (1, 1, 1), (1, 1, 1), (1, 1, 1), (1, 1, 1), (1, 1, 1), (1, 1, 1), (1, 1, 1), (1, 1, 1), (1, 1, 1), (1, 1, 1), (1, 1, 1), (1, 1, 1), (1, 1, 1), (1, 1, 1), (1, 1, 1), (1, 1, 1), (1, 1, 1), (1, 1, 1), (1, 1, 1), (1, 1, 1), (1, 1, 1), (1, 1, 1), (1, 1, 1), (1, 1, 1), (1, 1, 1), (1, 1, 1), (1, 1, 1), (1, 1, 1), (1, 1, 1), (1, 1, 1), (1, 1, 1), (1, 1, 1), (1, 1, 1), (1, 1, 1), (1, 1, 1), (1, 1, 1), (1, 1, 1), (1, 1, 1), (1, 1, 1), (1, 1, 1), (1, 1, 1), (1, 1, 1), (1, 1, 1), (1, 1, 1), (1, 1, 1), (1, 1, 1), (1, 1, 1), (1, 1, 1), (1, 1, 1), (1, 1, 1), (1, 1, 1), (1, 1, 1), (1, 1, 1), (1, 1, 1), (1, 1, 1), (1, 1, 1), (1, 1, 1), (1, 1, 1), (1, 1, 1), (1, 1, 1), (1, 1, 1), (1, 1, 1), (1, 1, 1), (1, 1, 1), (1, 1, 1), (1, 1, 1), (1, 1, 1), (1, 1, 1), (1, 1, 1), (1, 1, 1), (1, 1, 1), (1, 1, 1), (1, 1, 1), (1, 1, 1), (1, 1, 1), (1, 1, 1), (1, 1, 1), (1, 1, 1), (1, 1, 1), (1, 1, 1), (1, 1, 1), (1, 1, 1), (1, 1, 1), (1, 1, 1), (1, 1, 1), (1, 1, 1), (1, 1, 1), (1, 1, 1), (1, 1, 1), (1, 1, 1), (1, 1, 1), (1, 1, 1), (1, 1, 1), (1, 1, 1), (1, 1, 1), (1, 1, 1), (1, 1, 1), (1, 1, 1), (1, 1, 1), (1, 1, 1), (1, 1, 1), (1, 1, 1), (1, 1, 1), (1, 1, 1), (1, 1, 1), (1, 1, 1), (1, 1, 1), (1, 1, 1), (1, 1, 1), (1, 1, 1), (1, 1, 1), (1, 1, 1), (1, 1, 1), (1, 1, 1), (1, 1, 1), (1, 1, 1), (1, 1, 1), (1, 1, 1), (1, 1, 1), (1, 1, 1), (1, 1, 1), (1, 1, 1), (1, 1, 1), (1, 1, 1), (1, 1, 1), (1, 1, 1), (1, 1, 1), (1, 1, 1), (1, 1, 1), (1, 1, 1), (1, 1, 1), (1, 1, 1), (1, 1, 1), (1, 1, 1), (1, 1, 1), (1, 1, 1), (1, 1, 1), (1, 1, 1), (1, 1, 1), (1, 1, 1), (1, 1, 1), (1, 1, 1), (1, 1, 1), (1, 1, 1), (1, 1, 1), (1, 1, 1), (1, 1, 1), (1, 1, 1), (1, 1, 1), (1, 1, 1), (1, 1, 1), (1, 1, 1), (1, 1, 1), (1, 1, 1), (1, 1, 1), (1, 1, 1), (1, 1, 1), (1, 1, 1), (1, 1, 1), (1, 1, 1), (1, 1, 1), (1, 1, 1), (1, 1, 1), (1, 1, 1), (1, 1, 1), (1, 1, 1), (1, 1, 1), (1, 1, 1), (1, 1, 1), (1, 1, 1), (1, 1, 1), (1, 1, 1), (1, 1, 1), (1, 1, 1), (1, 1, 1), (1, 1, 1), (1, 1, 1), (1, 1, 1), (1, 1, 1), (1, 1, 1), (1, 1, 1), (1, 1, 1), (1, 1, 1), (1, 1, 1), (1, 1, 1), (1, 1, 1), (1, 1, 1), (1, 1, 1), (1, 1, 1), (1, 1, 1), (1, 1, 1), (1, 1, 1), (1, 1, 1), (1, 1, 1), (1, 1, 1), (1, 1, 1), (1, 1, 1), (1, 1, 1), (1, 1, 1), (1, 1, 1), (1, 1, 1), (1, 1, 1), (1, 1, 1), (1, 1, 1), (1, 1, 1), (1, 1, 1), (1, 1, 1), (1, 1, 1), (1, 1, 1), (1, 1, 1), (1, 1, 1), (1, 1, 1), (1, 1, 1), (1, 1, 1), (1, 1, 1), (1, 1, 1), (1, 1, 1), (1, 1, 1), (1, 1, 1), (1, 1, 1), (1, 1, 1), (1, 1, 1), (1, 1, 1), (1, 1, 1), (1, 1, 1), (1, 1, 1), (1, 1, 1), (1, 1, 1), (1, 1, 1), (1, 1, 1), (1, 1, 1), (1, 1, 1), (1, 1, 1), (1, 1, 1), (1, 1, 1), (1, 1, 1), (1, 1, 1), (1, 1, 1), (1, 1, 1), (1, 1, 1), (1, 1, 1), (1, 1, 1), (1, 1, 1), (1, 1, 1), (1, 1, 1), (1, 1, 1), (1, 1, 1), (1, 1, 1), (1, 1, 1), (1, 1, 1), (1, 1, 1), (1, 1, 1), (1, 1, 1), (1, 1, 1), (1, 1, 1), (1, 1, 1), (1, 1, 1), (1, 1, 1), (1, 1, 1), (1, 1, 1), (1, 1, 1), (1, 1, 1), (1, 1, 1), (1, 1, 1), (1, 1, 1), (1, 1, 1), (1, 1, 1), (1, 1, 1), (1, 1, 1), (1, 1, 1), (1, 1, 1), (1, 1, 1), (1, 1, 1), (1, 1, 1), (1, 1, 1), (1, 1, 1), (1, 1, 1), (1, 1, 1), (1, 1, 1), (1, 1, 1), (1, 1, 1), (1, 1, 1), (1, 1, 1), (1, 1, 1), (1, 1, 1), (1, 1, 1), (1, 1, 1), (1, 1, 1), (1, 1, 1), (1, 1, 1), (1, 1, 1), (1, 1, 1), (1, 1, 1), (1, 1, 1), (1, 1, 1), (1, 1, 1), (1, 1, 1), (1, 1, 1), (1, 1, 1), (1, 1, 1), (1, 1, 1), (1, 1, 1), (1, 1, 1), (1, 1, 1), (1, 1, 1), (1, 1, 1), (1, 1, 1), (1, 1, 1), (1, 1, 1), (1, 1, 1), (1, 1, 1), (1, 1, 1), (1, 1, 1), (1, 1, 1), (1, 1, 1), (1, 1, 1), (1, 1, 1), (1, 1, 1), (1, 1, 1), (1, 1, 1), (1, 1, 1), (1, 1, 1), (1, 1, 1), (1, 1, 1), (1, 1, 1), (1, 1, 1), (1, 1, 1), (1, 1, 1), (1, 1, 1), (1, 1, 1), (1, 1, 1), (1, 1, 1), (1, 1, 1), (1, 1, 1), (1, 1, 1), (1, 1, 1), (1, 1, 1), (1, 1, 1), (1, 1, 1), (1, 1, 1), (1, 1, 1), (1, 1, 1), (1, 1, 1), (1, 1, 1), (1, 1, 1), (1, 1, 1), (1, 1, 1), (1, 1, 1), (1, 1, 1), (1, 1, 1), (1, 1, 1), (1, 1, 1), (1, 1, 1), (1, 1, 1), (1, 1, 1), (1, 1, 1), (1, 1, 1), (1, 1, 1), (1, 1, 1), (1, 1, 1), (1, 1, 1), (1, 1, 1), (1, 1, 1), (1, 1, 1), (1, 1, 1), (1, 1, 1), (1, 1, 1), (1, 1, 1), (1, 1, 1), (1, 1, 1), (1, 1, 1), (1, 1, 1), (1, 1, 1), (1, 1, 1), (1, 1, 1), (1, 1, 1), (1, 1, 1), (1, 1, 1), (1, 1, 1), (1, 1, 1), (1, 1, 1), (1, 1, 1), (1, 1, 1), (1, 1, 1), (1, 1, 1), (1, 1, 1), (1, 1, 1), (1, 1, 1), (1, 1, 1), (1, 1, 1), (1, 1, 1), (1, 1, 1), (1, 1, 1), (1, 1, 1), (1, 1, 1), (1, 1, 1), (1, 1, 1), (1, 1, 1), (1, 1, 1), (1, 1, 1), (1, 1, 1), (1, 1, 1), (1, 1, 1), (1, 1, 1), (1, 1, 1), (1, 1, 1), (1, 1, 1), (1, 1, 1), (1, 1, 1), (1, 1, 1), (1, 1, 1), (1, 1, 1), (1, 1, 1), (1, 1, 1), (1, 1, 1), (1, 1, 1), (1, 1, 1), (1, 1, 1), (1, 1, 1), (1, 1, 1), (1, 1, 1), (1, 1, 1), (1, 1, 1), (1, 1, 1), (1, 1, 1), (1, 1, 1), (1, 1, 1), (1, 1, 1), (1, 1, 1), (1, 1, 1), (1, 1, 1), (1, 1, 1), (1, 1, 1), (1, 1, 1), (1, 1, 1), (1, 1, 1), (1, 1, 1), (1, 1, 1), (1, 1, 1), (1, 1, 1), (1, 1, 1), (1, 1, 1), (1, 1, 1), (1, 1, 1), (1, 1, 1), (1, 1, 1), (1, 1, 1), (1, 1, 1), (1, 1, 1), (1, 1, 1), (1, 1, 1), (1, 1, 1), (1, 1, 1), (1, 1, 1), (1, 1, 1), (1, 1, 1), (1, 1, 1), (1, 1, 1), (1, 1, 1), (1, 1, 1), (1, 1, 1), (1, 1, 1), (1, 1, 1), (1, 1, 1), (1, 1, 1), (1, 1, 1), (1, 1, 1), (1, 1, 1), (1, 1, 1), (1, 1, 1), (1, 1, 1), (1, 1, 1), (1, 1, 1), (1, 1, 1), (1, 1, 1), (1, 1, 1), (1, 1, 1), (1, 1, 1), (1, 1, 1), (1, 1, 1), (1, 1, 1), (1, 1, 1), (1, 1, 1), (1, 1, 1), (1, 1, 1), (1, 1, 1), (1, 1, 1), (1, 1, 1), (1, 1, 1), (1, 1, 1), (1, 1, 1), (1, 1, 1), (1, 1, 1), (1, 1, 1), (1, 1, 1), (1, 1, 1), (1, 1, 1), (1, 1, 1), (1, 1, 1), (1, 1, 1), (1, 1, 1), (1, 1, 1), (1, 1, 1), (1, 1, 1), (1, 1, 1), (1, 1, 1), (1, 1, 1), (1, 1, 1), (1, 1, 1), (1, 1, 1), (1, 1, 1), (1, 1, 1), (1, 1, 1), (1, 1, 1), (1, 1, 1), (1, 1, 1), (1, 1, 1), (1, 1, 1), (1, 1, 1), (1, 1, 1), (1, 1, 1), (1, 1, 1), (1, 1, 1), (1, 1, 1), (1, 1, 1), (1, 1, 1), (1, 1, 1), (1, 1, 1), (1, 1, 1), (1, 1, 1), (1, 1, 1), (1, 1, 1), (1, 1, 1), (1, 1, 1), (1, 1, 1), (1, 1, 1), (1, 1, 1), (1, 1, 1), (1, 1, 1), (1, 1, 1), (1, 1, 1), (1, 1, 1), (1, 1, 1), (1, 1, 1), (1, 1, 1), (1, 1, 1), (1, 1, 1), (1, 1, 1), (1, 1, 1), (1, 1, 1), (1, 1, 1), (1, 1, 1), (1, 1, 1), (1, 1, 1), (1, 1, 1), (1, 1, 1), (1, 1, 1), (1, 1, 1), (1, 1, 1), (1, 1, 1), (1, 1, 1), (1, 1, 1), (1, 1, 1), (1, 1, 1), (1, 1, 1), (1, 1, 1), (1, 1, 1), (1, 1, 1), (1, 1, 1), (1, 1, 1), (1, 1, 1), (1, 1, 1), (1, 1, 1), (1, 1, 1), (1, 1, 1), (1, 1, 1), (1, 1, 1), (1, 1, 1), (1, 1, 1), (1, 1, 1), (1, 1, 1), (1, 1, 1), (1, 1, 1), (1, 1, 1), (1, 1, 1), (1, 1, 1), (1, 1, 1), (1, 1, 1), (1, 1, 1), (1, 1, 1), (1, 1, 1), (1, 1, 1), (1, 1, 1), (1, 1, 1), (1, 1, 1), (1, 1, 1), (1, 1, 1), (1, 1, 1), (1, 1, 1), (1, 1, 1), (1, 1, 1), (1, 1, 1), (1, 1, 1), (1, 1, 1), (1, 1, 1), (1, 1, 1), (1, 1, 1), (1, 1, 1), (1, 1, 1), (1, 1, 1), (1, 1, 1), (1, 1, 1), (1, 1, 1), (1, 1, 1), (1, 1, 1), (1, 1, 1), (1, 1, 1), (1, 1, 1), (1, 1, 1), (1, 1, 1), (1, 1, 1), (1, 1, 1), (1, 1, 1), (1, 1, 1), (1, 1, 1), (1, 1, 1), (1, 1, 1), (1, 1, 1), (1, 1, 1), (1, 1, 1), (1, 1, 1), (1, 1, 1), (1, 1, 1), (1, 1, 1), (1, 1, 1), (1, 1, 1), (1, 1, 1), (1, 1, 1), (1, 1, 1), (1, 1, 1), (1, 1, 1), (1, 1, 1), (1, 1, 1), (1, 1, 1), (1, 1, 1), (1, 1, 1), (1, 1, 1), (1, 1, 1), (1, 1, 1), (1, 1, 1), (1, 1, 1), (1, 1, 1), (1, 1, 1), (1, 1, 1), (1, 1, 1), (1, 1, 1), (1, 1, 1), (1, 1, 1), (1, 1, 1), (1, 1, 1), (1, 1, 1), (1, 1, 1), (1, 1, 1), (1, 1, 1), (1, 1, 1), (1, 1, 1), (1, 1, 1), (1, 1, 1), (1, 1, 1), (1, 1, 1), (1, 1, 1), (1, 1, 1), (1, 1, 1), (1, 1, 1), (1, 1, 1), (1, 1, 1), (1, 1, 1), (1, 1, 1), (1, 1, 1), (1, 1, 1), (1, 1, 1), (1, 1, 1), (1, 1, 1), (1, 1, 1), (1, 1, 1), (1, 1, 1), (1, 1, 1), (1, 1, 1), (1, 1, 1), (1, 1, 1), (1, 1, 1), (1, 1, 1), (1, 1, 1), (1, 1, 1), (1, 1, 1), (1, 1, 1), (1, 1, 1), (1, 1, 1), (1, 1, 1), (1, 1, 1), (1, 1, 1), (1, 1, 1), (1, 1, 1), (1, 1, 1), (1, 1, 1), (1, 1, 1), (1, 1, 1), (1, 1, 1), (1, 1, 1), (1, 1, 1), (1, 1, 1), (1, 1, 1), (1, 1, 1), (1, 1, 1), (1, 1, 1), (1, 1, 1), (1, 1, 1), (1, 1, 1), (1, 1, 1), (1, 1, 1), (1, 1, 1), (1, 1, 1), (1, 1, 1), (1, 1, 1), (1, 1, 1), (1, 1, 1), (1, 1, 1), (1, 1, 1), (1, 1, 1), (1, 1, 1), (1, 1, 1), (1, 1, 1), (1, 1, 1), (1, 1, 1), (1, 1, 1), (1, 1, 1), (1, 1, 1), (1, 1, 1), (1, 1, 1), (1, 1, 1), (1, 1, 1), (1, 1, 1), (1, 1, 1), (1, 1, 1), (1, 1, 1), (1, 1, 1), (1, 1, 1), (1, 1, 1), (1, 1, 1), (1, 1, 1), (1, 1, 1), (1, 1, 1), (1, 1, 1), (1, 1, 1), (1, 1, 1), (1, 1, 1), (1, 1, 1), (1, 1, 1), (1, 1, 1), (1, 1, 1), (1, 1, 1), (1, 1, 1), (1, 1, 1)] (
                interpolation = "faceVarying"
            )
            float[] primvars:Group = [0.23465705, 0.45848376, 0.63176894, 0.23465705, 0.45848376, 0.63176894, 0.45848376, 0.45848376, 0.45848376, 0.45848376, 0.45848376, 0.45848376, 0.45848376, 0.45848376, 0.45848376, 0.45848376, 0.23465705, 0.63176894, 0.45848376, 0.45848376, 0.45848376, 0.45848376, 0.45848376, 0.45848376, 0.23465705, 0.63176894, 0.45848376, 0.45848376, 0.45848376, 0.45848376, 0.45848376, 0.45848376, 0.45848376, 0.45848376, 0.45848376, 0.63176894, 0.45848376, 0.45848376, 0.45848376, 0.23465705, 0, 0, 0, 0, 0, 0, 0, 0, 0, 0, 0, 0, 0, 0, 0, 0, 0, 0, 0, 0, 0, 0, 0, 0, 0, 0, 0, 0, 0, 0, 0, 0, 0, 0, 0, 0.433213, 0.45848376, 0.5451263, 0.23465705, 0.433213, 0.5451263, 0.45848376, 0.63176894, 0.45848376, 0.45848376, 0.45848376, 0.45848376, 0.45848376, 0.45848376, 0.45848376, 0.45848376, 0.45848376, 0.45848376, 0.45848376, 0.45848376, 0.45848376, 0.45848376, 0.433213, 0.5451263, 0.45848376, 0.45848376, 0.45848376, 0.45848376, 0.45848376, 0.45848376, 0.45848376, 0.45848376, 0.63176894, 0.45848376, 0.45848376, 0.45848376, 0.63176894, 0.45848376, 0.45848376, 0.45848376, 0.45848376, 0.45848376, 0.45848376, 0.45848376, 0.45848376, 0.45848376, 0.45848376, 0.45848376, 0.5451263, 0.433213, 0.45848376, 0.45848376, 0.45848376, 0.63176894, 0.45848376, 0.45848376, 0.45848376, 0.23465705, 0.45848376, 0.433213, 0.45848376, 0.45848376, 0.45848376, 0.5451263, 0.45848376, 0, 0, 0.117328525, 0.117328525, 0.117328525, 0, 0, 0, 0, 0, 0, 0, 0, 0, 0, 0, 0, 0, 0, 0, 0, 0, 0, 0, 0, 0, 0, 0, 0, 0, 0, 0, 0, 0, 0, 0, 0, 0, 0, 0, 0, 0, 0, 0, 0, 0, 0, 0, 0.117328525, 0, 0, 0, 0, 0, 0, 0, 0, 0, 0, 0, 0, 0, 0.23465705, 0.23465705, 0.117328525, 0.433213, 0.5451263, 0.45848376, 0.45848376, 0.45848376, 0.45848376, 0.45848376, 0.45848376, 0.5451263, 0.45848376, 0.45848376, 0.45848376, 0.433213, 0.45848376, 0.45848376, 0.45848376, 0.45848376, 0.45848376, 0.45848376, 0.5451263, 0.433213, 0.45848376, 0.433213, 0.45848376, 0.45848376, 0.45848376, 0.5451263, 0.45848376, 0.07821902, 0.117328525, 0, 0, 0, 0, 0, 0, 0, 0, 0, 0, 0, 0, 0, 0, 0, 0, 0, 0, 0.117328525, 0, 0, 0, 0, 0, 0, 0.07821902, 0.23465705, 0.45848376, 0.63176894, 0.23465705, 0.45848376, 0.63176894, 0.45848376, 0.45848376, 0.45848376, 0.45848376, 0.45848376, 0.45848376, 0.45848376, 0.45848376, 0.45848376, 0.45848376, 0.23465705, 0.63176894, 0.45848376, 0.45848376, 0.45848376, 0.45848376, 0.45848376, 0.45848376, 0.23465705, 0.63176894, 0.45848376, 0.45848376, 0.45848376, 0.45848376, 0.45848376, 0.45848376, 0.45848376, 0.45848376, 0.45848376, 0.63176894, 0.45848376, 0.45848376, 0.45848376, 0.23465705, 0, 0, 0, 0, 0, 0, 0, 0, 0, 0, 0, 0, 0, 0, 0, 0, 0, 0, 0, 0, 0, 0, 0, 0, 0, 0, 0, 0, 0, 0.433213, 0.45848376, 0.5451263, 0.23465705, 0.433213, 0.5451263, 0.45848376, 0.63176894, 0.45848376, 0.45848376, 0.45848376, 0.45848376, 0.45848376, 0.45848376, 0.45848376, 0.45848376, 0.45848376, 0.45848376, 0.45848376, 0.45848376, 0.45848376, 0.45848376, 0.433213, 0.5451263, 0.45848376, 0.45848376, 0.45848376, 0.45848376, 0.45848376, 0.45848376, 0.45848376, 0.45848376, 0.63176894, 0.45848376, 0.45848376, 0.45848376, 0.63176894, 0.45848376, 0.45848376, 0.45848376, 0.45848376, 0.45848376, 0.45848376, 0.45848376, 0.45848376, 0.45848376, 0.45848376, 0.45848376, 0.5451263, 0.433213, 0.45848376, 0.45848376, 0.45848376, 0.63176894, 0.45848376, 0.45848376, 0.45848376, 0.23465705, 0.45848376, 0.433213, 0.45848376, 0.45848376, 0.45848376, 0.5451263, 0.45848376, 0, 0, 0.117328525, 0.117328525, 0.117328525, 0, 0, 0, 0, 0, 0, 0, 0, 0, 0, 0, 0, 0, 0, 0, 0, 0, 0, 0, 0, 0, 0, 0, 0, 0, 0, 0, 0, 0, 0, 0, 0, 0, 0, 0, 0.117328525, 0, 0, 0, 0, 0, 0, 0, 0, 0, 0, 0.23465705, 0.23465705, 0.117328525, 0.433213, 0.5451263, 0.45848376, 0.45848376, 0.45848376, 0.45848376, 0.45848376, 0.45848376, 0.5451263, 0.45848376, 0.45848376, 0.45848376, 0.433213, 0.45848376, 0.45848376, 0.45848376, 0.45848376, 0.45848376, 0.45848376, 0.5451263, 0.433213, 0.45848376, 0.433213, 0.45848376, 0.45848376, 0.45848376, 0.5451263, 0.45848376, 0.07821902, 0.117328525, 0, 0, 0, 0, 0, 0, 0, 0, 0, 0, 0, 0, 0, 0, 0, 0.117328525, 0, 0, 0, 0, 0, 0.07821902, 0, 0, 0, 0, 0, 0.49097472, 0, 0, 0, 0, 0, 0, 0, 0, 0, 0, 0, 0, 0, 0, 0.49097472, 0.49097472, 1, 1, 1, 1, 1, 1, 1, 1, 1, 1, 0.49097472, 0.49097472, 0, 0, 0, 0, 0, 0, 0, 0, 0, 0.24548736, 0, 0, 0, 0, 0, 0, 0, 0, 0, 0, 0, 0, 0, 0, 0, 0, 0, 0, 0, 0, 0, 0.24548736, 0.49097472, 0.49097472, 0.74548733, 1, 1, 1, 1, 1, 1, 1, 1, 1, 1, 1, 1, 1, 1, 1, 1, 1, 1, 1, 1, 1, 1, 1, 1, 1, 1, 0.74548733, 0.24548736, 0.49097472, 0.49097472, 0.74548733, 0.24548736, 0, 1, 1, 1, 1, 1, 1, 1, 1, 1, 1, 1, 1, 0.74548733, 0.74548733, 0.24548736, 0, 0, 0, 0, 0, 0, 0, 0, 0, 0, 0, 0, 0, 0, 0, 0, 0, 0, 0, 0.24548736, 0.24548736, 0, 0, 0, 0, 0, 0, 0, 0.24548736, 0.74548733, 0.74548733, 1, 1, 1, 1, 1, 1, 1, 1, 1, 1, 1, 1, 1, 1, 1, 1, 1, 1, 1, 1, 1, 1, 1, 0.74548733, 0.74548733, 0.24548736, 1, 0, 0, 0, 0, 0, 0, 0, 0, 1, 1, 1, 1, 1, 1, 1, 1, 1, 1, 1, 1, 1, 1, 1, 1, 1, 1, 0.45848376, 0.45848376, 0, 0, 0, 0, 0, 0.45848376, 0, 0.45848376, 0, 0, 0.45848376, 1, 1, 1, 1, 1, 1, 1, 1, 1, 1, 1, 1, 0, 0, 0, 0, 0, 0, 0, 0, 0, 0, 0, 0, 0, 0, 0, 0, 0, 1, 1, 1, 1, 1, 1, 1, 1, 1, 1, 1, 1, 1, 1, 1, 1, 1, 1, 1, 0.72924185, 1, 0.45848376, 0.22924188, 0, 0, 0.22924188, 0, 0, 0.22924188, 0, 0.22924188, 0, 0, 0.22924188, 0.72924185, 0.45848376, 1, 1, 1, 1, 1, 1, 1, 1, 1, 1, 1, 1, 1, 1, 1, 1, 1, 1, 1, 1, 0.72924185, 1, 0.72924185, 1, 1, 0, 0, 0, 0, 0, 0, 0, 0, 0, 0, 0, 0, 0, 0, 0, 0, 0.45848376, 0.45848376, 0, 0.72924185, 1, 1, 1, 1, 1, 1, 0, 0, 0, 0, 0, 0, 0, 0, 0, 0, 0, 0, 0, 0, 0, 0, 1, 1, 1, 1, 1, 1, 1, 1, 1, 1, 1, 0.72924185, 0.22924188, 0, 0.22924188, 0.22924188, 0.22924188, 0.72924185, 1, 1, 1, 1, 1, 1, 1, 1, 1, 0.72924185, 0.72924185, 0, 0, 0, 0, 0, 0, 0, 0, 0, 0, 0, 0, 0, 0, 0, 1, 1, 1, 1, 1, 1, 1, 0.49097472, 0.49097472, 0.49097472, 0.15884477, 0.49097472, 1, 0.15884477, 0.49097472, 1, 0.15884477, 0.49097472, 1, 0.49097472, 1, 1, 1, 0.15884477, 0.15884477, 0.15884477, 0, 0.15884477, 0, 0.15884477, 0, 0.15884477, 0, 0, 0, 0.15884477, 0.15884477, 0, 0, 0.15884477, 0.15884477, 0, 0, 1, 1, 1, 1, 1, 1, 1, 1, 0.74548733, 0.49097472, 0.49097472, 0.74548733, 0.32490975, 0.49097472, 0.74548733, 0.32490975, 0.49097472, 0.74548733, 0.32490975, 0.49097472, 0.74548733, 0.49097472, 0.32490975, 1, 1, 1, 1, 1, 1, 1, 1, 0.15884477, 0.15884477, 0.15884477, 0.079422385, 0.15884477, 0.15884477, 0.079422385, 0.15884477, 0.079422385, 0.15884477, 0.15884477, 0.15884477, 0, 0, 0, 0, 0, 0, 0, 0, 0, 0.15884477, 1, 1, 1, 0.32490975, 0.15884477, 0.15884477, 0.15884477, 0, 0, 0, 0.079422385, 0.15884477, 0.15884477, 0.15884477, 0.15884477, 0, 0, 0, 0.079422385, 0.15884477, 0.15884477, 0.15884477, 1, 1, 1, 1, 0.74548733, 0.40794224, 0.74548733, 0.32490975, 0.74548733, 0.32490975, 0.74548733, 0.40794224, 1, 1, 1, 0.15884477, 0.15884477, 0.079422385, 0.15884477, 0.079422385, 0.15884477, 0, 0, 0, 0.079422385, 0.15884477, 0.15884477, 0, 0.15884477, 0.079422385, 0.15884477, 0, 0, 0, 0, 0, 0, 0] (
                interpolation = "vertex"
            )
            texCoord2f[] primvars:UVMap = [(0.6301769, 0.43399405), (0.64934623, 0.41733682), (0.65526545, 0.44359586), (0.6356185, 0.4638701), (0.64934623, 0.41733682), (0.661129, 0.38982245), (0.66912085, 0.41833407), (0.65526545, 0.44359586), (0.65526545, 0.44359586), (0.66912085, 0.41833407), (0.6771126, 0.44684562), (0.6625008, 0.47295704), (0.6356185, 0.4638701), (0.65526545, 0.44359586), (0.6625008, 0.47295704), (0.6478889, 0.4990684), (0.56313, 0.4436803), (0.600726, 0.44219753), (0.60472625, 0.4752731), (0.56587046, 0.4793359), (0.600726, 0.44219753), (0.6301769, 0.43399405), (0.6356185, 0.4638701), (0.60472625, 0.4752731), (0.60472625, 0.4752731), (0.6356185, 0.4638701), (0.6478889, 0.4990684), (0.6102252, 0.5095131), (0.56587046, 0.4793359), (0.60472625, 0.4752731), (0.6102252, 0.5095131), (0.5725614, 0.51995766), (0.47436947, 0.43522516), (0.5204815, 0.4407096), (0.52144295, 0.47662866), (0.47422373, 0.4705959), (0.5204815, 0.4407096), (0.56313, 0.4436803), (0.56587046, 0.4793359), (0.52144295, 0.47662866), (0.52144295, 0.47662866), (0.56587046, 0.4793359), (0.5725614, 0.51995766), (0.5231873, 0.5132057), (0.47422373, 0.4705959), (0.52144295, 0.47662866), (0.5231873, 0.5132057), (0.47381294, 0.50645363), (0.3777985, 0.42058483), (0.37765488, 0.45410764), (0.3297061, 0.44163162), (0.331243, 0.41020066), (0.37765488, 0.45410764), (0.37822923, 0.48978448), (0.32785273, 0.47369564), (0.3297061, 0.44163162), (0.3297061, 0.44163162), (0.32785273, 0.47369564), (0.27747616, 0.4576066), (0.2845696, 0.42493227), (0.331243, 0.41020066), (0.3297061, 0.44163162), (0.2845696, 0.42493227), (0.28778005, 0.39643395), (0.28778005, 0.39643395), (0.2845696, 0.42493227), (0.24497667, 0.40211767), (0.24820337, 0.37840393), (0.2845696, 0.42493227), (0.27747616, 0.4576066), (0.2410785, 0.42648402), (0.24497667, 0.40211767), (0.24497667, 0.40211767), (0.2410785, 0.42648402), (0.20468079, 0.39536133), (0.20974277, 0.37457636), (0.24820337, 0.37840393), (0.24497667, 0.40211767), (0.20974277, 0.37457636), (0.21197176, 0.35611203), (0.21197176, 0.35611203), (0.20974277, 0.37457636), (0.1784584, 0.3428806), (0.17814733, 0.33000028), (0.20974277, 0.37457636), (0.20468079, 0.39536133), (0.17849803, 0.356314), (0.1784584, 0.3428806), (0.1784584, 0.3428806), (0.17849803, 0.356314), (0.15231527, 0.31726658), (0.14892192, 0.30917013), (0.17814733, 0.33000028), (0.1784584, 0.3428806), (0.14892192, 0.30917013), (0.14552853, 0.30107355), (0.3777985, 0.42058483), (0.42615545, 0.4286394), (0.42606348, 0.46324658), (0.37765488, 0.45410764), (0.42615545, 0.4286394), (0.47436947, 0.43522516), (0.47422373, 0.4705959), (0.42606348, 0.46324658), (0.42606348, 0.46324658), (0.47422373, 0.4705959), (0.47381294, 0.50645363), (0.4260211, 0.49811912), (0.37765488, 0.45410764), (0.42606348, 0.46324658), (0.4260211, 0.49811912), (0.37822923, 0.48978448), (0.21695395, 0.29081243), (0.18111905, 0.28921968), (0.184157, 0.279702), (0.21756391, 0.27608186), (0.18111905, 0.28921968), (0.1451016, 0.2869782), (0.15220332, 0.28166744), (0.184157, 0.279702), (0.184157, 0.279702), (0.15220332, 0.28166744), (0.15930505, 0.27635664), (0.18737346, 0.2700266), (0.21756391, 0.27608186), (0.184157, 0.279702), (0.18737346, 0.2700266), (0.21544185, 0.26369655), (0.61648697, 0.3153129), (0.5921047, 0.30612472), (0.59149826, 0.27007085), (0.61302465, 0.27996683), (0.5921047, 0.30612472), (0.56146646, 0.30135846), (0.5637417, 0.26517552), (0.59149826, 0.27007085), (0.59149826, 0.27007085), (0.5637417, 0.26517552), (0.57477695, 0.2286703), (0.5921318, 0.23336512), (0.61302465, 0.27996683), (0.59149826, 0.27007085), (0.5921318, 0.23336512), (0.6094866, 0.23805985), (0.38258123, 0.28754845), (0.33709836, 0.28692096), (0.33850655, 0.2564314), (0.38475275, 0.25406078), (0.33709836, 0.28692096), (0.29439148, 0.28796172), (0.29463318, 0.26159385), (0.33850655, 0.2564314), (0.33850655, 0.2564314), (0.29463318, 0.26159385), (0.2924572, 0.23310135), (0.33966872, 0.22545257), (0.38475275, 0.25406078), (0.33850655, 0.2564314), (0.33966872, 0.22545257), (0.38688022, 0.21780372), (0.56146646, 0.30135846), (0.522679, 0.2974645), (0.5247909, 0.26150203), (0.5637417, 0.26517552), (0.522679, 0.2974645), (0.47791427, 0.29366484), (0.4795769, 0.25815052), (0.5247909, 0.26150203), (0.5247909, 0.26150203), (0.4795769, 0.25815052), (0.48161995, 0.22244579), (0.5281984, 0.22555804), (0.5637417, 0.26517552), (0.5247909, 0.26150203), (0.5281984, 0.22555804), (0.57477695, 0.2286703), (0.29439148, 0.28796172), (0.25447923, 0.28990054), (0.25446975, 0.26914057), (0.29463318, 0.26159385), (0.25447923, 0.28990054), (0.21695395, 0.29081243), (0.21756391, 0.27608186), (0.25446975, 0.26914057), (0.25446975, 0.26914057), (0.21756391, 0.27608186), (0.21544185, 0.26369655), (0.25394952, 0.24839896), (0.29463318, 0.26159385), (0.25446975, 0.26914057), (0.25394952, 0.24839896), (0.2924572, 0.23310135), (0.6596523, 0.36313096), (0.6375072, 0.33254153), (0.6324581, 0.299275), (0.6513441, 0.32422763), (0.6375072, 0.33254153), (0.61648697, 0.3153129), (0.61302465, 0.27996683), (0.6324581, 0.299275), (0.6324581, 0.299275), (0.61302465, 0.27996683), (0.6094866, 0.23805985), (0.6262613, 0.26169202), (0.6513441, 0.32422763), (0.6324581, 0.299275), (0.6262613, 0.26169202), (0.6430359, 0.2853242), (0.47791427, 0.29366484), (0.43028238, 0.29006696), (0.43224743, 0.25524348), (0.4795769, 0.25815052), (0.43028238, 0.29006696), (0.38258123, 0.28754845), (0.38475275, 0.25406078), (0.43224743, 0.25524348), (0.43224743, 0.25524348), (0.38475275, 0.25406078), (0.38688022, 0.21780372), (0.4342501, 0.22012478), (0.4795769, 0.25815052), (0.43224743, 0.25524348), (0.4342501, 0.22012478), (0.48161995, 0.22244579), (0.3782293, 0.35396996), (0.426448, 0.3595804), (0.4262908, 0.39410692), (0.3780139, 0.38727742), (0.426448, 0.3595804), (0.47532874, 0.36477667), (0.47476187, 0.39997718), (0.4262908, 0.39410692), (0.4262908, 0.39410692), (0.47476187, 0.39997718), (0.47436947, 0.43522516), (0.42615545, 0.4286394), (0.3780139, 0.38727742), (0.4262908, 0.39410692), (0.42615545, 0.4286394), (0.3777985, 0.42058483), (0.21588138, 0.3201402), (0.21392435, 0.3380665), (0.1777928, 0.3179153), (0.1774506, 0.3061631), (0.21392435, 0.3380665), (0.21197176, 0.35611203), (0.17814733, 0.33000028), (0.1777928, 0.3179153), (0.1777928, 0.3179153), (0.17814733, 0.33000028), (0.14552853, 0.30107355), (0.14224121, 0.29583886), (0.1774506, 0.3061631), (0.1777928, 0.3179153), (0.14224121, 0.29583886), (0.13895386, 0.2906041), (0.29342434, 0.34027243), (0.29060215, 0.3683532), (0.25126296, 0.3548745), (0.25432318, 0.33135995), (0.29060215, 0.3683532), (0.28778005, 0.39643395), (0.24820337, 0.37840393), (0.25126296, 0.3548745), (0.25126296, 0.3548745), (0.24820337, 0.37840393), (0.21197176, 0.35611203), (0.21392435, 0.3380665), (0.25432318, 0.33135995), (0.25126296, 0.3548745), (0.21392435, 0.3380665), (0.21588138, 0.3201402), (0.3782293, 0.35396996), (0.3780139, 0.38727742), (0.33270085, 0.37892804), (0.33415857, 0.34765533), (0.3780139, 0.38727742), (0.3777985, 0.42058483), (0.331243, 0.41020066), (0.33270085, 0.37892804), (0.33270085, 0.37892804), (0.331243, 0.41020066), (0.28778005, 0.39643395), (0.29060215, 0.3683532), (0.33415857, 0.34765533), (0.33270085, 0.37892804), (0.29060215, 0.3683532), (0.29342434, 0.34027243), (0.47532874, 0.36477667), (0.52087235, 0.3697219), (0.5204263, 0.40514767), (0.47476187, 0.39997718), (0.52087235, 0.3697219), (0.56132287, 0.3741449), (0.56187767, 0.40881795), (0.5204263, 0.40514767), (0.5204263, 0.40514767), (0.56187767, 0.40881795), (0.56313, 0.4436803), (0.5204815, 0.4407096), (0.47476187, 0.39997718), (0.5204263, 0.40514767), (0.5204815, 0.4407096), (0.47436947, 0.43522516), (0.56132287, 0.3741449), (0.5955167, 0.37759247), (0.5978549, 0.40976927), (0.56187767, 0.40881795), (0.5955167, 0.37759247), (0.6224178, 0.37931728), (0.6260846, 0.40617046), (0.5978549, 0.40976927), (0.5978549, 0.40976927), (0.6260846, 0.40617046), (0.6301769, 0.43399405), (0.600726, 0.44219753), (0.56187767, 0.40881795), (0.5978549, 0.40976927), (0.600726, 0.44219753), (0.56313, 0.4436803), (0.6224178, 0.37931728), (0.64160186, 0.37892407), (0.64504206, 0.39710855), (0.6260846, 0.40617046), (0.64160186, 0.37892407), (0.6549654, 0.37772137), (0.6571524, 0.38698864), (0.64504206, 0.39710855), (0.64504206, 0.39710855), (0.6571524, 0.38698864), (0.661129, 0.38982245), (0.64934623, 0.41733682), (0.6260846, 0.40617046), (0.64504206, 0.39710855), (0.64934623, 0.41733682), (0.6301769, 0.43399405), (0.47532874, 0.36477667), (0.426448, 0.3595804), (0.42835507, 0.32482183), (0.47654116, 0.32920605), (0.426448, 0.3595804), (0.3782293, 0.35396996), (0.3804053, 0.32075924), (0.42835507, 0.32482183), (0.42835507, 0.32482183), (0.3804053, 0.32075924), (0.38258123, 0.28754845), (0.43028238, 0.29006696), (0.47654116, 0.32920605), (0.42835507, 0.32482183), (0.43028238, 0.29006696), (0.47791427, 0.29366484), (0.6549654, 0.37772137), (0.64160186, 0.37892407), (0.63993114, 0.35727656), (0.6552455, 0.36677518), (0.64160186, 0.37892407), (0.6224178, 0.37931728), (0.6195708, 0.34796533), (0.63993114, 0.35727656), (0.63993114, 0.35727656), (0.6195708, 0.34796533), (0.61648697, 0.3153129), (0.6375072, 0.33254153), (0.6552455, 0.36677518), (0.63993114, 0.35727656), (0.6375072, 0.33254153), (0.6596523, 0.36313096), (0.29342434, 0.34027243), (0.25432318, 0.33135995), (0.25439072, 0.31063935), (0.2939079, 0.31411707), (0.25432318, 0.33135995), (0.21588138, 0.3201402), (0.21633378, 0.30554926), (0.25439072, 0.31063935), (0.25439072, 0.31063935), (0.21633378, 0.30554926), (0.21695395, 0.29081243), (0.25447923, 0.28990054), (0.2939079, 0.31411707), (0.25439072, 0.31063935), (0.25447923, 0.28990054), (0.29439148, 0.28796172), (0.56132287, 0.3741449), (0.52087235, 0.3697219), (0.5215448, 0.33355105), (0.5610734, 0.33769304), (0.52087235, 0.3697219), (0.47532874, 0.36477667), (0.47654116, 0.32920605), (0.5215448, 0.33355105), (0.5215448, 0.33355105), (0.47654116, 0.32920605), (0.47791427, 0.29366484), (0.522679, 0.2974645), (0.5610734, 0.33769304), (0.5215448, 0.33355105), (0.522679, 0.2974645), (0.56146646, 0.30135846), (0.3782293, 0.35396996), (0.33415857, 0.34765533), (0.33562842, 0.3172881), (0.3804053, 0.32075924), (0.33415857, 0.34765533), (0.29342434, 0.34027243), (0.2939079, 0.31411707), (0.33562842, 0.3172881), (0.33562842, 0.3172881), (0.2939079, 0.31411707), (0.29439148, 0.28796172), (0.33709836, 0.28692096), (0.3804053, 0.32075924), (0.33562842, 0.3172881), (0.33709836, 0.28692096), (0.38258123, 0.28754845), (0.6224178, 0.37931728), (0.5955167, 0.37759247), (0.59360456, 0.3418995), (0.6195708, 0.34796533), (0.5955167, 0.37759247), (0.56132287, 0.3741449), (0.5610734, 0.33769304), (0.59360456, 0.3418995), (0.59360456, 0.3418995), (0.5610734, 0.33769304), (0.56146646, 0.30135846), (0.5921047, 0.30612472), (0.6195708, 0.34796533), (0.59360456, 0.3418995), (0.5921047, 0.30612472), (0.61648697, 0.3153129), (0.21588138, 0.3201402), (0.1774506, 0.3061631), (0.1790506, 0.29789484), (0.21633378, 0.30554926), (0.1774506, 0.3061631), (0.13895386, 0.2906041), (0.14202777, 0.28879115), (0.1790506, 0.29789484), (0.1790506, 0.29789484), (0.14202777, 0.28879115), (0.1451016, 0.2869782), (0.18111905, 0.28921968), (0.21633378, 0.30554926), (0.1790506, 0.29789484), (0.18111905, 0.28921968), (0.21695395, 0.29081243), (0.6549654, 0.37772137), (0.66480094, 0.37709647), (0.66761947, 0.37801313), (0.66557306, 0.3793744), (0.6726392, 0.3770737), (0.67275894, 0.37841296), (0.66761947, 0.37801313), (0.66480094, 0.37709647), (0.67220134, 0.37986138), (0.66557306, 0.3793744), (0.66761947, 0.37801313), (0.67275894, 0.37841296), (0.6549654, 0.37772137), (0.6552455, 0.36677518), (0.66495943, 0.37040642), (0.6654818, 0.37418368), (0.6552455, 0.36677518), (0.6596523, 0.36313096), (0.66568047, 0.3664245), (0.66495943, 0.37040642), (0.66495943, 0.37040642), (0.66568047, 0.3664245), (0.6717086, 0.369718), (0.671891, 0.37152058), (0.6654818, 0.37418368), (0.66495943, 0.37040642), (0.671891, 0.37152058), (0.6722677, 0.3737489), (0.6977104, 0.37803262), (0.6970545, 0.3758278), (0.72136533, 0.3863105), (0.7214813, 0.3883344), (0.69749004, 0.3869381), (0.6978618, 0.38538188), (0.72118974, 0.39420536), (0.7205892, 0.39544278), (0.72118974, 0.39420536), (0.7216692, 0.39339888), (0.7485413, 0.4046194), (0.7479799, 0.40602833), (0.7205892, 0.39544278), (0.72118974, 0.39420536), (0.7479799, 0.40602833), (0.7473208, 0.4072725), (0.6979666, 0.3800118), (0.6977104, 0.37803262), (0.7214813, 0.3883344), (0.721415, 0.39031446), (0.7214813, 0.3883344), (0.72136533, 0.3863105), (0.7511731, 0.39818057), (0.7496402, 0.3992824), (0.721415, 0.39031446), (0.7214813, 0.3883344), (0.7496402, 0.3992824), (0.7492417, 0.4010878), (0.7797947, 0.42148197), (0.78052074, 0.42013043), (0.79552114, 0.42809582), (0.7947912, 0.42962354), (0.78052074, 0.42013043), (0.78122014, 0.4186464), (0.7962384, 0.42648223), (0.79552114, 0.42809582), (0.79552114, 0.42809582), (0.7962384, 0.42648223), (0.8106731, 0.4343965), (0.80998915, 0.43617362), (0.7947912, 0.42962354), (0.79552114, 0.42809582), (0.80998915, 0.43617362), (0.80929154, 0.43790263), (0.78250444, 0.41510484), (0.7831794, 0.41317907), (0.7983251, 0.42102882), (0.7976179, 0.4228822), (0.7831794, 0.41317907), (0.784358, 0.4105857), (0.79913634, 0.4191914), (0.7983251, 0.42102882), (0.7983251, 0.42102882), (0.79913634, 0.4191914), (0.8139142, 0.42779696), (0.8126808, 0.4288019), (0.7976179, 0.4228822), (0.7983251, 0.42102882), (0.8126808, 0.4288019), (0.81198204, 0.43063316), (0.7485413, 0.4046194), (0.78122014, 0.4186464), (0.78052074, 0.42013043), (0.7479799, 0.40602833), (0.7496402, 0.3992824), (0.7831794, 0.41317907), (0.78250444, 0.41510484), (0.7492417, 0.4010878), (0.7473208, 0.4072725), (0.7797947, 0.42148197), (0.7790944, 0.4227232), (0.7467405, 0.40854344), (0.7479799, 0.40602833), (0.78052074, 0.42013043), (0.7797947, 0.42148197), (0.7473208, 0.4072725), (0.80929154, 0.43790263), (0.80998915, 0.43617362), (0.82371485, 0.4432468), (0.8231061, 0.44514474), (0.80998915, 0.43617362), (0.8106731, 0.4343965), (0.8243039, 0.4413038), (0.82371485, 0.4432468), (0.82371485, 0.4432468), (0.8243039, 0.4413038), (0.8361833, 0.44620746), (0.8356891, 0.4483222), (0.8231061, 0.44514474), (0.82371485, 0.4432468), (0.8356891, 0.4483222), (0.83516306, 0.45038906), (0.81198204, 0.43063316), (0.8126808, 0.4288019), (0.82598186, 0.4352093), (0.8253976, 0.43722224), (0.8126808, 0.4288019), (0.8139142, 0.42779696), (0.82676804, 0.43342823), (0.82598186, 0.4352093), (0.82598186, 0.4352093), (0.82676804, 0.43342823), (0.83962154, 0.43905953), (0.8375856, 0.43966872), (0.8253976, 0.43722224), (0.82598186, 0.4352093), (0.8375856, 0.43966872), (0.8370334, 0.44177017), (0.83516306, 0.45038906), (0.8356891, 0.4483222), (0.84515405, 0.45084426), (0.8446402, 0.4531218), (0.8356891, 0.4483222), (0.8361833, 0.44620746), (0.845619, 0.44854155), (0.84515405, 0.45084426), (0.84515405, 0.45084426), (0.845619, 0.44854155), (0.8537029, 0.44936693), (0.85314786, 0.4518846), (0.8446402, 0.4531218), (0.84515405, 0.45084426), (0.85314786, 0.4518846), (0.8525926, 0.45440215), (0.8370334, 0.44177017), (0.8375856, 0.43966872), (0.84664077, 0.44150263), (0.84629613, 0.44383553), (0.8375856, 0.43966872), (0.83962154, 0.43905953), (0.8471339, 0.439319), (0.84664077, 0.44150263), (0.84664077, 0.44150263), (0.8471339, 0.439319), (0.854646, 0.43957847), (0.8544103, 0.4420256), (0.84629613, 0.44383553), (0.84664077, 0.44150263), (0.8544103, 0.4420256), (0.8541744, 0.44447267), (0.68688864, 0.376134), (0.68648773, 0.37413245), (0.6977104, 0.37803262), (0.6979666, 0.3800118), (0.68648773, 0.37413245), (0.68428755, 0.37094495), (0.6970545, 0.3758278), (0.6977104, 0.37803262), (0.6865616, 0.38318264), (0.68692076, 0.3815312), (0.6978618, 0.38538188), (0.69749004, 0.3869381), (0.68692076, 0.3815312), (0.6871285, 0.37981933), (0.6980957, 0.38373005), (0.6978618, 0.38538188), (0.67220134, 0.37986138), (0.67275894, 0.37841296), (0.6789961, 0.379407), (0.678612, 0.38096267), (0.67275894, 0.37841296), (0.6726392, 0.3770737), (0.67916656, 0.37780094), (0.6789961, 0.379407), (0.6789961, 0.379407), (0.67916656, 0.37780094), (0.6871285, 0.37981933), (0.68692076, 0.3815312), (0.678612, 0.38096267), (0.6789961, 0.379407), (0.68692076, 0.3815312), (0.6865616, 0.38318264), (0.6722677, 0.3737489), (0.671891, 0.37152058), (0.67848253, 0.37232882), (0.6788131, 0.37424216), (0.671891, 0.37152058), (0.6717086, 0.369718), (0.6779982, 0.37033147), (0.67848253, 0.37232882), (0.67848253, 0.37232882), (0.6779982, 0.37033147), (0.68428755, 0.37094495), (0.68648773, 0.37413245), (0.6788131, 0.37424216), (0.67848253, 0.37232882), (0.68648773, 0.37413245), (0.68688864, 0.376134), (0.67155206, 0.381953), (0.6718433, 0.38157955), (0.67818534, 0.38250658), (0.6775929, 0.38386574), (0.6718433, 0.38157955), (0.67220134, 0.37986138), (0.678612, 0.38096267), (0.67818534, 0.38250658), (0.67818534, 0.38250658), (0.678612, 0.38096267), (0.6865616, 0.38318264), (0.68599725, 0.38476676), (0.6775929, 0.38386574), (0.67818534, 0.38250658), (0.68599725, 0.38476676), (0.68363357, 0.3857783), (0.68363357, 0.3857783), (0.68599725, 0.38476676), (0.69700414, 0.38843402), (0.696152, 0.38975203), (0.68599725, 0.38476676), (0.6865616, 0.38318264), (0.69749004, 0.3869381), (0.69700414, 0.38843402), (0.69700414, 0.38843402), (0.72010195, 0.39679295), (0.71945095, 0.39802116), (0.696152, 0.38975203), (0.6978618, 0.38538188), (0.6980957, 0.38373005), (0.7216692, 0.39339888), (0.72118974, 0.39420536), (0.8362552, 0.45636195), (0.8348114, 0.45260254), (0.84416467, 0.45543343), (0.84386873, 0.4578997), (0.8348114, 0.45260254), (0.83516306, 0.45038906), (0.8446402, 0.4531218), (0.84416467, 0.45543343), (0.84416467, 0.45543343), (0.8446402, 0.4531218), (0.8525926, 0.45440215), (0.8520375, 0.45691982), (0.84386873, 0.4578997), (0.84416467, 0.45543343), (0.8520375, 0.45691982), (0.8514823, 0.4594374), (0.8080994, 0.44215536), (0.80860895, 0.43969113), (0.82254326, 0.44709057), (0.8221773, 0.44925874), (0.80860895, 0.43969113), (0.80929154, 0.43790263), (0.8231061, 0.44514474), (0.82254326, 0.44709057), (0.82254326, 0.44709057), (0.8231061, 0.44514474), (0.83516306, 0.45038906), (0.8348114, 0.45260254), (0.8221773, 0.44925874), (0.82254326, 0.44709057), (0.8348114, 0.45260254), (0.8362552, 0.45636195), (0.7492417, 0.4010878), (0.78250444, 0.41510484), (0.7818756, 0.41694185), (0.74894047, 0.402936), (0.7467405, 0.40854344), (0.7790944, 0.4227232), (0.7786974, 0.4230832), (0.747113, 0.41035667), (0.7786974, 0.4230832), (0.7790944, 0.4227232), (0.794071, 0.4311317), (0.7933985, 0.43261933), (0.7790944, 0.4227232), (0.7797947, 0.42148197), (0.7947912, 0.42962354), (0.794071, 0.4311317), (0.794071, 0.4311317), (0.7947912, 0.42962354), (0.80929154, 0.43790263), (0.80860895, 0.43969113), (0.7933985, 0.43261933), (0.794071, 0.4311317), (0.80860895, 0.43969113), (0.8080994, 0.44215536), (0.72010195, 0.39679295), (0.7205892, 0.39544278), (0.7473208, 0.4072725), (0.7467405, 0.40854344), (0.71945095, 0.39802116), (0.72010195, 0.39679295), (0.7467405, 0.40854344), (0.747113, 0.41035667), (0.661129, 0.38982245), (0.6571524, 0.38698864), (0.665398, 0.38261068), (0.66634065, 0.3858878), (0.6571524, 0.38698864), (0.6549654, 0.37772137), (0.66557306, 0.3793744), (0.665398, 0.38261068), (0.665398, 0.38261068), (0.66557306, 0.3793744), (0.67220134, 0.37986138), (0.6718433, 0.38157955), (0.66634065, 0.3858878), (0.665398, 0.38261068), (0.6718433, 0.38157955), (0.67155206, 0.381953), (0.6726392, 0.3770737), (0.6728086, 0.3755426), (0.6790987, 0.37607005), (0.67916656, 0.37780094), (0.6728086, 0.3755426), (0.6722677, 0.3737489), (0.6788131, 0.37424216), (0.6790987, 0.37607005), (0.6790987, 0.37607005), (0.6788131, 0.37424216), (0.68688864, 0.376134), (0.6870843, 0.37800694), (0.67916656, 0.37780094), (0.6790987, 0.37607005), (0.6870843, 0.37800694), (0.6871285, 0.37981933), (0.6871285, 0.37981933), (0.6870843, 0.37800694), (0.6981, 0.3819187), (0.6980957, 0.38373005), (0.6870843, 0.37800694), (0.68688864, 0.376134), (0.6979666, 0.3800118), (0.6981, 0.3819187), (0.6981, 0.3819187), (0.7214739, 0.39217874), (0.7216692, 0.39339888), (0.6980957, 0.38373005), (0.69749004, 0.3869381), (0.7205892, 0.39544278), (0.72010195, 0.39679295), (0.69700414, 0.38843402), (0.8361833, 0.44620746), (0.8366243, 0.44401276), (0.84598196, 0.44620115), (0.845619, 0.44854155), (0.8366243, 0.44401276), (0.8370334, 0.44177017), (0.84629613, 0.44383553), (0.84598196, 0.44620115), (0.84598196, 0.44620115), (0.84629613, 0.44383553), (0.8541744, 0.44447267), (0.8539387, 0.44691986), (0.845619, 0.44854155), (0.84598196, 0.44620115), (0.8539387, 0.44691986), (0.8537029, 0.44936693), (0.8106731, 0.4343965), (0.8113345, 0.43253896), (0.8248606, 0.43928558), (0.8243039, 0.4413038), (0.8113345, 0.43253896), (0.81198204, 0.43063316), (0.8253976, 0.43722224), (0.8248606, 0.43928558), (0.8248606, 0.43928558), (0.8253976, 0.43722224), (0.8370334, 0.44177017), (0.8366243, 0.44401276), (0.8243039, 0.4413038), (0.8248606, 0.43928558), (0.8366243, 0.44401276), (0.8361833, 0.44620746), (0.74894047, 0.402936), (0.7818756, 0.41694185), (0.78122014, 0.4186464), (0.7485413, 0.4046194), (0.78122014, 0.4186464), (0.7818756, 0.41694185), (0.79693455, 0.42472517), (0.7962384, 0.42648223), (0.7818756, 0.41694185), (0.78250444, 0.41510484), (0.7976179, 0.4228822), (0.79693455, 0.42472517), (0.79693455, 0.42472517), (0.7976179, 0.4228822), (0.81198204, 0.43063316), (0.8113345, 0.43253896), (0.7962384, 0.42648223), (0.79693455, 0.42472517), (0.8113345, 0.43253896), (0.8106731, 0.4343965), (0.7214739, 0.39217874), (0.721415, 0.39031446), (0.7492417, 0.4010878), (0.74894047, 0.402936), (0.7216692, 0.39339888), (0.7214739, 0.39217874), (0.74894047, 0.402936), (0.7485413, 0.4046194), (0.6549654, 0.37772137), (0.6654818, 0.37418368), (0.66763246, 0.37571), (0.66480094, 0.37709647), (0.6722677, 0.3737489), (0.6728086, 0.3755426), (0.66763246, 0.37571), (0.6654818, 0.37418368), (0.6726392, 0.3770737), (0.66480094, 0.37709647), (0.66763246, 0.37571), (0.6728086, 0.3755426), (0.6979666, 0.3800118), (0.721415, 0.39031446), (0.7214739, 0.39217874), (0.6981, 0.3819187), (0.7511731, 0.39818057), (0.784358, 0.4105857), (0.7831794, 0.41317907), (0.7496402, 0.3992824), (0.63017696, 0.43399405), (0.6493463, 0.41733685), (0.6552654, 0.44359583), (0.6356185, 0.4638701), (0.6493463, 0.41733685), (0.66112906, 0.38982248), (0.66912085, 0.41833407), (0.6552654, 0.44359583), (0.6552654, 0.44359583), (0.66912085, 0.41833407), (0.6771126, 0.44684562), (0.6625008, 0.47295704), (0.6356185, 0.4638701), (0.6552654, 0.44359583), (0.6625008, 0.47295704), (0.6478889, 0.4990684), (0.56313, 0.44368032), (0.60072595, 0.44219753), (0.6047263, 0.47527313), (0.56587046, 0.4793359), (0.60072595, 0.44219753), (0.63017696, 0.43399405), (0.6356185, 0.4638701), (0.6047263, 0.47527313), (0.6047263, 0.47527313), (0.6356185, 0.4638701), (0.6478889, 0.4990684), (0.6102252, 0.5095131), (0.56587046, 0.4793359), (0.6047263, 0.47527313), (0.6102252, 0.5095131), (0.5725614, 0.51995766), (0.47436944, 0.43522513), (0.5204816, 0.44070962), (0.521443, 0.47662872), (0.47422373, 0.4705959), (0.5204816, 0.44070962), (0.56313, 0.44368032), (0.56587046, 0.4793359), (0.521443, 0.47662872), (0.521443, 0.47662872), (0.56587046, 0.4793359), (0.5725614, 0.51995766), (0.5231872, 0.5132057), (0.47422373, 0.4705959), (0.521443, 0.47662872), (0.5231872, 0.5132057), (0.4738129, 0.5064536), (0.37779847, 0.42058483), (0.37765488, 0.45410764), (0.32970607, 0.44163162), (0.331243, 0.4102007), (0.37765488, 0.45410764), (0.37822923, 0.48978445), (0.32785273, 0.4736956), (0.32970607, 0.44163162), (0.32970607, 0.44163162), (0.32785273, 0.4736956), (0.27747616, 0.45760664), (0.2845696, 0.42493227), (0.331243, 0.4102007), (0.32970607, 0.44163162), (0.2845696, 0.42493227), (0.28778005, 0.39643395), (0.28778005, 0.39643395), (0.2845696, 0.42493227), (0.24497667, 0.40211767), (0.24820337, 0.37840393), (0.2845696, 0.42493227), (0.27747616, 0.45760664), (0.2410785, 0.42648402), (0.24497667, 0.40211767), (0.24497667, 0.40211767), (0.2410785, 0.42648402), (0.20468077, 0.3953613), (0.20974278, 0.3745764), (0.24820337, 0.37840393), (0.24497667, 0.40211767), (0.20974278, 0.3745764), (0.21197176, 0.356112), (0.21197176, 0.356112), (0.20974278, 0.3745764), (0.1784584, 0.34288064), (0.17814735, 0.33000028), (0.20974278, 0.3745764), (0.20468077, 0.3953613), (0.17849803, 0.356314), (0.1784584, 0.34288064), (0.1784584, 0.34288064), (0.17849803, 0.356314), (0.15231527, 0.31726658), (0.1489219, 0.3091701), (0.17814735, 0.33000028), (0.1784584, 0.34288064), (0.1489219, 0.3091701), (0.14552853, 0.30107355), (0.37779847, 0.42058483), (0.42615548, 0.42863944), (0.42606348, 0.46324655), (0.37765485, 0.45410764), (0.42615548, 0.42863944), (0.47436944, 0.43522513), (0.47422373, 0.4705959), (0.42606348, 0.46324655), (0.42606348, 0.46324655), (0.47422373, 0.4705959), (0.4738129, 0.5064536), (0.4260211, 0.4981191), (0.37765485, 0.45410764), (0.42606348, 0.46324655), (0.4260211, 0.4981191), (0.37822923, 0.48978445), (0.21695396, 0.29081246), (0.18111907, 0.2892197), (0.184157, 0.27970204), (0.2175639, 0.27608186), (0.18111907, 0.2892197), (0.14510162, 0.2869782), (0.15220334, 0.28166744), (0.184157, 0.27970204), (0.184157, 0.27970204), (0.15220334, 0.28166744), (0.15930505, 0.27635664), (0.18737346, 0.2700266), (0.2175639, 0.27608186), (0.184157, 0.27970204), (0.18737346, 0.2700266), (0.21544184, 0.26369655), (0.61648697, 0.31531286), (0.59210473, 0.3061247), (0.5914983, 0.27007085), (0.6130247, 0.27996683), (0.59210473, 0.3061247), (0.56146646, 0.30135843), (0.5637417, 0.26517552), (0.5914983, 0.27007085), (0.5914983, 0.27007085), (0.5637417, 0.26517552), (0.57477695, 0.2286703), (0.5921318, 0.2333651), (0.6130247, 0.27996683), (0.5914983, 0.27007085), (0.5921318, 0.2333651), (0.6094866, 0.23805985), (0.38258126, 0.28754848), (0.33709833, 0.28692096), (0.33850658, 0.25643143), (0.38475272, 0.25406078), (0.33709833, 0.28692096), (0.29439145, 0.2879617), (0.29463318, 0.26159385), (0.33850658, 0.25643143), (0.33850658, 0.25643143), (0.29463318, 0.26159385), (0.2924572, 0.23310134), (0.33966872, 0.22545256), (0.38475272, 0.25406078), (0.33850658, 0.25643143), (0.33966872, 0.22545256), (0.38688022, 0.21780373), (0.56146646, 0.30135843), (0.522679, 0.29746452), (0.52479094, 0.26150206), (0.5637417, 0.26517552), (0.522679, 0.29746452), (0.47791424, 0.29366484), (0.4795769, 0.25815052), (0.52479094, 0.26150206), (0.52479094, 0.26150206), (0.4795769, 0.25815052), (0.48161992, 0.22244577), (0.5281985, 0.22555806), (0.5637417, 0.26517552), (0.52479094, 0.26150206), (0.5281985, 0.22555806), (0.57477695, 0.2286703), (0.29439145, 0.2879617), (0.25447923, 0.28990054), (0.25446975, 0.26914057), (0.29463318, 0.26159385), (0.25447923, 0.28990054), (0.21695396, 0.29081246), (0.2175639, 0.27608186), (0.25446975, 0.26914057), (0.25446975, 0.26914057), (0.2175639, 0.27608186), (0.21544184, 0.26369655), (0.25394955, 0.24839897), (0.29463318, 0.26159385), (0.25446975, 0.26914057), (0.25394955, 0.24839897), (0.2924572, 0.23310134), (0.6596523, 0.36313096), (0.6375072, 0.33254156), (0.63245803, 0.29927498), (0.6513441, 0.3242276), (0.6375072, 0.33254156), (0.61648697, 0.31531286), (0.6130247, 0.27996683), (0.63245803, 0.29927498), (0.63245803, 0.29927498), (0.6130247, 0.27996683), (0.6094866, 0.23805985), (0.6262613, 0.26169202), (0.6513441, 0.3242276), (0.63245803, 0.29927498), (0.6262613, 0.26169202), (0.6430359, 0.2853242), (0.47791424, 0.29366484), (0.43028235, 0.29006696), (0.4322474, 0.25524348), (0.4795769, 0.25815052), (0.43028235, 0.29006696), (0.38258126, 0.28754848), (0.38475272, 0.25406078), (0.4322474, 0.25524348), (0.4322474, 0.25524348), (0.38475272, 0.25406078), (0.38688022, 0.21780373), (0.4342501, 0.22012478), (0.4795769, 0.25815052), (0.4322474, 0.25524348), (0.4342501, 0.22012478), (0.48161992, 0.22244577), (0.3782293, 0.35396996), (0.42644796, 0.35958037), (0.4262908, 0.39410692), (0.37801385, 0.3872774), (0.42644796, 0.35958037), (0.47532874, 0.36477667), (0.4747619, 0.39997718), (0.4262908, 0.39410692), (0.4262908, 0.39410692), (0.4747619, 0.39997718), (0.4743694, 0.4352251), (0.42615545, 0.4286394), (0.37801385, 0.3872774), (0.4262908, 0.39410692), (0.42615545, 0.4286394), (0.3777985, 0.42058483), (0.21588138, 0.32014024), (0.21392435, 0.3380665), (0.1777928, 0.3179153), (0.1774506, 0.30616313), (0.21392435, 0.3380665), (0.21197176, 0.356112), (0.17814735, 0.33000028), (0.1777928, 0.3179153), (0.1777928, 0.3179153), (0.17814735, 0.33000028), (0.14552853, 0.30107355), (0.14224121, 0.29583886), (0.1774506, 0.30616313), (0.1777928, 0.3179153), (0.14224121, 0.29583886), (0.13895386, 0.2906041), (0.29342434, 0.34027243), (0.29060218, 0.36835322), (0.25126296, 0.3548745), (0.25432318, 0.33135995), (0.29060218, 0.36835322), (0.28778, 0.39643392), (0.24820338, 0.37840396), (0.25126296, 0.3548745), (0.25126296, 0.3548745), (0.24820338, 0.37840396), (0.21197176, 0.35611206), (0.21392436, 0.33806652), (0.25432318, 0.33135995), (0.25126296, 0.3548745), (0.21392436, 0.33806652), (0.2158814, 0.32014024), (0.37822926, 0.35396996), (0.37801385, 0.3872774), (0.33270082, 0.378928), (0.3341586, 0.34765533), (0.37801385, 0.3872774), (0.3777985, 0.4205848), (0.331243, 0.4102007), (0.33270082, 0.378928), (0.33270082, 0.378928), (0.331243, 0.4102007), (0.28778, 0.39643392), (0.29060218, 0.36835322), (0.3341586, 0.34765533), (0.33270082, 0.378928), (0.29060218, 0.36835322), (0.29342434, 0.34027243), (0.47532874, 0.36477667), (0.52087235, 0.3697219), (0.5204263, 0.40514767), (0.4747619, 0.39997718), (0.52087235, 0.3697219), (0.56132287, 0.37414494), (0.5618776, 0.4088179), (0.5204263, 0.40514767), (0.5204263, 0.40514767), (0.5618776, 0.4088179), (0.56313, 0.4436803), (0.5204816, 0.44070962), (0.4747619, 0.39997718), (0.5204263, 0.40514767), (0.5204816, 0.44070962), (0.4743694, 0.4352251), (0.56132287, 0.37414494), (0.5955167, 0.37759253), (0.5978549, 0.40976927), (0.5618776, 0.4088179), (0.5955167, 0.37759253), (0.62241787, 0.37931728), (0.6260847, 0.40617046), (0.5978549, 0.40976927), (0.5978549, 0.40976927), (0.6260847, 0.40617046), (0.63017684, 0.43399405), (0.600726, 0.4421975), (0.5618776, 0.4088179), (0.5978549, 0.40976927), (0.600726, 0.4421975), (0.56313, 0.4436803), (0.6224178, 0.37931725), (0.64160186, 0.37892404), (0.64504206, 0.39710858), (0.6260846, 0.4061705), (0.64160186, 0.37892404), (0.6549654, 0.3777214), (0.6571524, 0.38698867), (0.64504206, 0.39710858), (0.64504206, 0.39710858), (0.6571524, 0.38698867), (0.66112906, 0.38982248), (0.6493463, 0.41733685), (0.6260846, 0.4061705), (0.64504206, 0.39710858), (0.6493463, 0.41733685), (0.63017696, 0.43399405), (0.4753287, 0.36477664), (0.42644793, 0.35958037), (0.42835507, 0.32482183), (0.4765412, 0.32920608), (0.42644793, 0.35958037), (0.37822926, 0.35396996), (0.38040528, 0.3207592), (0.42835507, 0.32482183), (0.42835507, 0.32482183), (0.38040528, 0.3207592), (0.38258123, 0.28754845), (0.43028235, 0.29006696), (0.4765412, 0.32920608), (0.42835507, 0.32482183), (0.43028235, 0.29006696), (0.47791424, 0.29366484), (0.6549654, 0.3777214), (0.64160186, 0.37892404), (0.63993114, 0.35727656), (0.6552455, 0.36677518), (0.64160186, 0.37892404), (0.6224178, 0.37931725), (0.6195708, 0.34796536), (0.63993114, 0.35727656), (0.63993114, 0.35727656), (0.6195708, 0.34796536), (0.61648697, 0.31531286), (0.6375072, 0.33254156), (0.6552455, 0.36677518), (0.63993114, 0.35727656), (0.6375072, 0.33254156), (0.6596523, 0.36313096), (0.29342434, 0.34027243), (0.25432318, 0.33135995), (0.25439072, 0.31063935), (0.2939079, 0.31411707), (0.25432318, 0.33135995), (0.2158814, 0.32014024), (0.21633376, 0.3055492), (0.25439072, 0.31063935), (0.25439072, 0.31063935), (0.21633376, 0.3055492), (0.21695396, 0.29081243), (0.25447923, 0.28990054), (0.2939079, 0.31411707), (0.25439072, 0.31063935), (0.25447923, 0.28990054), (0.29439145, 0.2879617), (0.56132287, 0.3741449), (0.52087235, 0.3697219), (0.52154475, 0.33355102), (0.5610734, 0.337693), (0.52087235, 0.3697219), (0.4753287, 0.36477664), (0.4765412, 0.32920608), (0.52154475, 0.33355102), (0.52154475, 0.33355102), (0.4765412, 0.32920608), (0.47791424, 0.29366484), (0.522679, 0.2974645), (0.5610734, 0.337693), (0.52154475, 0.33355102), (0.522679, 0.2974645), (0.5614664, 0.30135846), (0.37822926, 0.35396996), (0.3341586, 0.34765533), (0.33562845, 0.3172881), (0.38040528, 0.3207592), (0.3341586, 0.34765533), (0.29342434, 0.34027243), (0.2939079, 0.31411707), (0.33562845, 0.3172881), (0.33562845, 0.3172881), (0.2939079, 0.31411707), (0.29439145, 0.2879617), (0.33709836, 0.28692096), (0.38040528, 0.3207592), (0.33562845, 0.3172881), (0.33709836, 0.28692096), (0.38258123, 0.28754845), (0.62241787, 0.37931725), (0.59551674, 0.37759253), (0.5936046, 0.34189954), (0.61957085, 0.34796533), (0.59551674, 0.37759253), (0.56132287, 0.3741449), (0.5610734, 0.337693), (0.5936046, 0.34189954), (0.5936046, 0.34189954), (0.5610734, 0.337693), (0.5614664, 0.30135846), (0.5921047, 0.30612475), (0.61957085, 0.34796533), (0.5936046, 0.34189954), (0.5921047, 0.30612475), (0.6164869, 0.31531286), (0.21588138, 0.32014024), (0.1774506, 0.30616313), (0.1790506, 0.29789484), (0.21633375, 0.3055492), (0.1774506, 0.30616313), (0.13895386, 0.2906041), (0.14202775, 0.28879115), (0.1790506, 0.29789484), (0.1790506, 0.29789484), (0.14202775, 0.28879115), (0.14510162, 0.2869782), (0.18111907, 0.2892197), (0.21633375, 0.3055492), (0.1790506, 0.29789484), (0.18111907, 0.2892197), (0.21695396, 0.29081246), (0.6549654, 0.3777214), (0.66480094, 0.37709647), (0.66761947, 0.37801313), (0.6655731, 0.37937444), (0.6726392, 0.37707373), (0.67275894, 0.37841293), (0.66761947, 0.37801313), (0.66480094, 0.37709647), (0.67220134, 0.37986138), (0.66557306, 0.3793744), (0.66761947, 0.37801313), (0.6727589, 0.37841293), (0.6549654, 0.3777214), (0.6552454, 0.36677516), (0.66495943, 0.37040642), (0.6654818, 0.3741837), (0.6552454, 0.36677516), (0.6596523, 0.36313096), (0.66568047, 0.3664245), (0.66495943, 0.37040642), (0.66495943, 0.37040642), (0.66568047, 0.3664245), (0.6717085, 0.36971796), (0.671891, 0.3715206), (0.6654818, 0.3741837), (0.66495943, 0.37040642), (0.671891, 0.3715206), (0.6722677, 0.37374887), (0.7117983, 0.39245766), (0.71222407, 0.39107588), (0.7296949, 0.39836568), (0.7291523, 0.39964247), (0.71222407, 0.39107588), (0.7125235, 0.3895493), (0.73012096, 0.39692354), (0.7296949, 0.39836568), (0.7296949, 0.39836568), (0.73012096, 0.39692354), (0.7485413, 0.4046194), (0.7479799, 0.40602833), (0.7291523, 0.39964247), (0.7296949, 0.39836568), (0.7479799, 0.40602833), (0.7473207, 0.4072725), (0.7125749, 0.38586852), (0.7122966, 0.38382453), (0.7305351, 0.3914023), (0.73046666, 0.3933223), (0.7122966, 0.38382453), (0.7098213, 0.38071048), (0.73049724, 0.38944554), (0.7305351, 0.3914023), (0.7305351, 0.3914023), (0.73049724, 0.38944554), (0.7511731, 0.39818057), (0.7496402, 0.39928246), (0.73046666, 0.3933223), (0.7305351, 0.3914023), (0.7496402, 0.39928246), (0.74924177, 0.4010878), (0.77979463, 0.42148194), (0.7805207, 0.4201304), (0.79552114, 0.42809585), (0.7947913, 0.4296235), (0.7805207, 0.4201304), (0.78122026, 0.41864645), (0.7962384, 0.42648223), (0.79552114, 0.42809585), (0.79552114, 0.42809585), (0.7962384, 0.42648223), (0.8106731, 0.43439654), (0.80998915, 0.43617362), (0.7947913, 0.4296235), (0.79552114, 0.42809585), (0.80998915, 0.43617362), (0.8092916, 0.43790263), (0.7825044, 0.41510487), (0.78317934, 0.41317904), (0.7983251, 0.42102882), (0.7976179, 0.42288223), (0.78317934, 0.41317904), (0.784358, 0.41058567), (0.7991363, 0.41919136), (0.7983251, 0.42102882), (0.7983251, 0.42102882), (0.7991363, 0.41919136), (0.81391424, 0.42779696), (0.81268084, 0.42880195), (0.7976179, 0.42288223), (0.7983251, 0.42102882), (0.81268084, 0.42880195), (0.8119821, 0.43063316), (0.74924177, 0.4010878), (0.7496402, 0.39928246), (0.7670828, 0.4062412), (0.7665638, 0.40810302), (0.7496402, 0.39928246), (0.7511731, 0.39818057), (0.76776564, 0.40438315), (0.7670828, 0.4062412), (0.7670828, 0.4062412), (0.76776564, 0.40438315), (0.784358, 0.41058567), (0.78317934, 0.41317904), (0.7665638, 0.40810302), (0.7670828, 0.4062412), (0.78317934, 0.41317904), (0.7825044, 0.41510487), (0.7473207, 0.4072725), (0.7479799, 0.40602833), (0.7648749, 0.4130377), (0.7641624, 0.41429952), (0.7479799, 0.40602833), (0.7485413, 0.4046194), (0.76552624, 0.41161922), (0.7648749, 0.4130377), (0.7648749, 0.4130377), (0.76552624, 0.41161922), (0.78122026, 0.41864645), (0.7805207, 0.4201304), (0.7641624, 0.41429952), (0.7648749, 0.4130377), (0.7805207, 0.4201304), (0.77979463, 0.42148194), (0.6868885, 0.37613398), (0.68648773, 0.37413245), (0.69771034, 0.3780326), (0.6979666, 0.3800118), (0.68648773, 0.37413245), (0.68428755, 0.37094495), (0.6970545, 0.3758278), (0.69771034, 0.3780326), (0.69771034, 0.3780326), (0.6970545, 0.3758278), (0.7098213, 0.38071048), (0.7122966, 0.38382453), (0.6979666, 0.3800118), (0.69771034, 0.3780326), (0.7122966, 0.38382453), (0.7125749, 0.38586852), (0.6865615, 0.38318264), (0.6869208, 0.38153124), (0.6978618, 0.38538188), (0.69749016, 0.38693812), (0.6869208, 0.38153124), (0.6871286, 0.3798194), (0.6980957, 0.38373), (0.6978618, 0.38538188), (0.6978618, 0.38538188), (0.6980957, 0.38373), (0.7125235, 0.3895493), (0.71222407, 0.39107588), (0.69749016, 0.38693812), (0.6978618, 0.38538188), (0.71222407, 0.39107588), (0.7117983, 0.39245766), (0.67220134, 0.37986138), (0.67275894, 0.37841293), (0.678996, 0.37940702), (0.67861193, 0.3809626), (0.67275894, 0.37841293), (0.6726392, 0.37707373), (0.6791666, 0.37780097), (0.678996, 0.37940702), (0.678996, 0.37940702), (0.6791666, 0.37780097), (0.68712854, 0.3798194), (0.6869207, 0.38153118), (0.67861193, 0.3809626), (0.678996, 0.37940702), (0.6869207, 0.38153118), (0.6865616, 0.38318264), (0.6722677, 0.37374887), (0.671891, 0.3715206), (0.67848253, 0.37232882), (0.6788131, 0.3742422), (0.671891, 0.3715206), (0.6717085, 0.36971796), (0.6779982, 0.3703315), (0.67848253, 0.37232882), (0.67848253, 0.37232882), (0.6779982, 0.3703315), (0.68428755, 0.37094495), (0.68648773, 0.37413245), (0.6788131, 0.3742422), (0.67848253, 0.37232882), (0.68648773, 0.37413245), (0.6868885, 0.37613398), (0.6715521, 0.38195303), (0.67184335, 0.38157958), (0.67818534, 0.38250655), (0.67759293, 0.38386574), (0.67184335, 0.38157958), (0.67220134, 0.37986138), (0.67861193, 0.3809626), (0.67818534, 0.38250655), (0.67818534, 0.38250655), (0.67861193, 0.3809626), (0.6865616, 0.38318264), (0.6859972, 0.38476673), (0.67759293, 0.38386574), (0.67818534, 0.38250655), (0.6859972, 0.38476673), (0.68363357, 0.38577834), (0.68363357, 0.38577834), (0.6859972, 0.38476673), (0.69700414, 0.38843402), (0.696152, 0.389752), (0.6859972, 0.38476673), (0.6865616, 0.38318264), (0.6974901, 0.38693812), (0.69700414, 0.38843402), (0.69700414, 0.38843402), (0.6974901, 0.38693812), (0.7117982, 0.39245766), (0.71116513, 0.3936947), (0.696152, 0.389752), (0.69700414, 0.38843402), (0.71116513, 0.3936947), (0.7086701, 0.3937256), (0.747113, 0.41035667), (0.7467405, 0.40854344), (0.763471, 0.4155267), (0.7629053, 0.41671997), (0.7467405, 0.40854344), (0.7473207, 0.40727252), (0.7641623, 0.4142995), (0.763471, 0.4155267), (0.763471, 0.4155267), (0.7641623, 0.4142995), (0.7797946, 0.42148194), (0.7790944, 0.4227232), (0.7629053, 0.41671997), (0.763471, 0.4155267), (0.7790944, 0.4227232), (0.7786974, 0.4230832), (0.7786974, 0.4230832), (0.7790944, 0.4227232), (0.794071, 0.43113166), (0.7933985, 0.43261933), (0.7790944, 0.4227232), (0.7797946, 0.42148194), (0.79479116, 0.4296235), (0.794071, 0.43113166), (0.794071, 0.43113166), (0.79479116, 0.4296235), (0.8092915, 0.4379026), (0.80860895, 0.4396911), (0.7933985, 0.43261933), (0.794071, 0.43113166), (0.80860895, 0.4396911), (0.80809945, 0.4421554), (0.7086701, 0.3937256), (0.71116513, 0.3936947), (0.7285674, 0.40087494), (0.7278916, 0.40204117), (0.71116513, 0.3936947), (0.7117982, 0.39245766), (0.72915226, 0.39964238), (0.7285674, 0.40087494), (0.7285674, 0.40087494), (0.72915226, 0.39964238), (0.7473207, 0.40727252), (0.7467405, 0.40854344), (0.7278916, 0.40204117), (0.7285674, 0.40087494), (0.7467405, 0.40854344), (0.747113, 0.41035667), (0.66112906, 0.38982248), (0.6571524, 0.3869886), (0.665398, 0.38261068), (0.66634065, 0.3858878), (0.6571524, 0.3869886), (0.6549654, 0.3777214), (0.6655731, 0.37937444), (0.665398, 0.38261068), (0.665398, 0.38261068), (0.6655731, 0.37937444), (0.67220134, 0.37986138), (0.67184335, 0.38157958), (0.66634065, 0.3858878), (0.665398, 0.38261068), (0.67184335, 0.38157958), (0.6715521, 0.38195303), (0.6726392, 0.37707373), (0.6728087, 0.37554264), (0.6790987, 0.37607005), (0.6791666, 0.37780097), (0.6728087, 0.37554264), (0.6722677, 0.37374887), (0.6788131, 0.3742422), (0.6790987, 0.37607005), (0.6790987, 0.37607005), (0.6788131, 0.3742422), (0.6868885, 0.37613398), (0.68708426, 0.3780069), (0.6791666, 0.37780097), (0.6790987, 0.37607005), (0.68708426, 0.3780069), (0.68712854, 0.3798194), (0.6871286, 0.3798194), (0.6870843, 0.37800694), (0.6981, 0.38191873), (0.6980957, 0.38373), (0.6870843, 0.37800694), (0.6868885, 0.37613398), (0.69796664, 0.3800118), (0.6981, 0.38191873), (0.6981, 0.38191873), (0.69796664, 0.3800118), (0.71257496, 0.38586852), (0.71261245, 0.38778132), (0.6980957, 0.38373), (0.6981, 0.38191873), (0.71261245, 0.38778132), (0.7125235, 0.3895493), (0.7485413, 0.4046194), (0.7489404, 0.40293598), (0.76607555, 0.4099395), (0.76552624, 0.41161922), (0.7489404, 0.40293598), (0.7492417, 0.40108776), (0.7665638, 0.40810296), (0.76607555, 0.4099395), (0.76607555, 0.4099395), (0.7665638, 0.40810296), (0.7825045, 0.41510487), (0.7818756, 0.41694185), (0.76552624, 0.41161922), (0.76607555, 0.4099395), (0.7818756, 0.41694185), (0.78122026, 0.41864645), (0.78122026, 0.41864645), (0.7818756, 0.41694185), (0.79693455, 0.4247252), (0.7962384, 0.42648223), (0.7818756, 0.41694185), (0.7825045, 0.41510487), (0.797618, 0.4228822), (0.79693455, 0.4247252), (0.79693455, 0.4247252), (0.797618, 0.4228822), (0.81198204, 0.4306332), (0.81133443, 0.43253896), (0.7962384, 0.42648223), (0.79693455, 0.4247252), (0.81133443, 0.43253896), (0.8106731, 0.43439654), (0.7125235, 0.3895493), (0.71261245, 0.38778132), (0.73035216, 0.39520565), (0.73012096, 0.39692354), (0.71261245, 0.38778132), (0.71257496, 0.38586852), (0.7304666, 0.39332232), (0.73035216, 0.39520565), (0.73035216, 0.39520565), (0.7304666, 0.39332232), (0.7492417, 0.40108776), (0.7489404, 0.40293598), (0.73012096, 0.39692354), (0.73035216, 0.39520565), (0.7489404, 0.40293598), (0.7485413, 0.4046194), (0.6549654, 0.3777214), (0.6654818, 0.37418368), (0.66763246, 0.37571), (0.66480094, 0.37709647), (0.6722676, 0.37374887), (0.6728086, 0.37554264), (0.66763246, 0.37571), (0.6654818, 0.37418368), (0.6726392, 0.37707373), (0.66480094, 0.37709647), (0.66763246, 0.37571), (0.6728086, 0.3755426), (0.88853973, 0.12444122), (0.8932465, 0.11799769), (0.9046342, 0.120993674), (0.9037044, 0.123034544), (0.8932465, 0.11799769), (0.9034029, 0.117053345), (0.9071784, 0.1189896), (0.9046342, 0.120993674), (0.9046342, 0.120993674), (0.9071784, 0.1189896), (0.91095376, 0.12092583), (0.9129394, 0.12127964), (0.9037044, 0.123034544), (0.9046342, 0.120993674), (0.9129394, 0.12127964), (0.9128367, 0.122320086), (0.88853973, 0.12444122), (0.86766434, 0.12346399), (0.873297, 0.109769784), (0.8932465, 0.11799769), (0.86766434, 0.12346399), (0.84263223, 0.12180099), (0.8484222, 0.10113658), (0.873297, 0.109769784), (0.873297, 0.109769784), (0.8484222, 0.10113658), (0.855044, 0.07884112), (0.8802447, 0.093161836), (0.8932465, 0.11799769), (0.873297, 0.109769784), (0.8802447, 0.093161836), (0.9034029, 0.117053345), (0.84263223, 0.12180099), (0.86766434, 0.12346399), (0.8733073, 0.13799413), (0.8480817, 0.14246713), (0.86766434, 0.12346399), (0.88853973, 0.12444122), (0.8937026, 0.13299298), (0.8733073, 0.13799413), (0.8733073, 0.13799413), (0.8937026, 0.13299298), (0.90459466, 0.13871068), (0.879485, 0.15711181), (0.8480817, 0.14246713), (0.8733073, 0.13799413), (0.879485, 0.15711181), (0.8535668, 0.16674343), (0.88853973, 0.12444122), (0.9020369, 0.12454314), (0.9058529, 0.12539917), (0.9040235, 0.12680791), (0.91262376, 0.12404676), (0.91313875, 0.12510273), (0.9058529, 0.12539917), (0.9020369, 0.12454314), (0.91330564, 0.12650153), (0.9040235, 0.12680791), (0.9058529, 0.12539917), (0.91313875, 0.12510273), (0.9128367, 0.122320086), (0.9129394, 0.12127964), (0.92407393, 0.12043324), (0.9241212, 0.121267006), (0.9129394, 0.12127964), (0.91095376, 0.12092583), (0.92367995, 0.119699374), (0.92407393, 0.12043324), (0.92407393, 0.12043324), (0.92367995, 0.119699374), (0.93640566, 0.11847289), (0.93812597, 0.11891741), (0.9241212, 0.121267006), (0.92407393, 0.12043324), (0.93812597, 0.11891741), (0.9383664, 0.11972238), (0.91330564, 0.12650153), (0.91313875, 0.12510273), (0.924438, 0.12426296), (0.92472064, 0.12560034), (0.91313875, 0.12510273), (0.91262376, 0.12404676), (0.92420053, 0.123083174), (0.924438, 0.12426296), (0.924438, 0.12426296), (0.92420053, 0.123083174), (0.9386046, 0.12158968), (0.9388097, 0.122824386), (0.92472064, 0.12560034), (0.924438, 0.12426296), (0.9388097, 0.122824386), (0.9390547, 0.12419805), (0.9383664, 0.11972238), (0.93812597, 0.11891741), (0.9546336, 0.11674747), (0.9548063, 0.11759679), (0.93812597, 0.11891741), (0.93640566, 0.11847289), (0.9544586, 0.11594884), (0.9546336, 0.11674747), (0.9546336, 0.11674747), (0.9544586, 0.11594884), (0.9725113, 0.11342476), (0.9710931, 0.11415093), (0.9548063, 0.11759679), (0.9546336, 0.11674747), (0.9710931, 0.11415093), (0.97113013, 0.11502347), (0.9390547, 0.12419805), (0.9388097, 0.122824386), (0.95532215, 0.12078842), (0.9554937, 0.12220759), (0.9388097, 0.122824386), (0.9386046, 0.12158968), (0.95515025, 0.119514585), (0.95532215, 0.12078842), (0.95532215, 0.12078842), (0.95515025, 0.119514585), (0.9714713, 0.116993874), (0.9716027, 0.11829758), (0.9554937, 0.12220759), (0.95532215, 0.12078842), (0.9716027, 0.11829758), (0.9717158, 0.119748265), (0.9717158, 0.119748265), (0.9716027, 0.11829758), (0.9856282, 0.115519285), (0.9857144, 0.116987236), (0.9716027, 0.11829758), (0.9714713, 0.116993874), (0.9855343, 0.11418708), (0.9856282, 0.115519285), (0.9856282, 0.115519285), (0.9855343, 0.11418708), (0.99809325, 0.111097485), (0.9981742, 0.11258735), (0.9857144, 0.116987236), (0.9856282, 0.115519285), (0.9981742, 0.11258735), (0.9982549, 0.11407718), (0.97113013, 0.11502347), (0.9710931, 0.11415093), (0.9852523, 0.1112702), (0.9853258, 0.11218142), (0.9710931, 0.11415093), (0.9725113, 0.11342476), (0.9853245, 0.110373616), (0.9852523, 0.1112702), (0.9852523, 0.1112702), (0.9853245, 0.110373616), (0.99813765, 0.10732246), (0.9981266, 0.10826621), (0.9853258, 0.11218142), (0.9852523, 0.1112702), (0.9981266, 0.10826621), (0.9981153, 0.109209955), (0.8535668, 0.16674343), (0.879485, 0.15711181), (0.8855148, 0.18609847), (0.8594145, 0.19732565), (0.879485, 0.15711181), (0.90459466, 0.13871068), (0.90993196, 0.17236203), (0.8855148, 0.18609847), (0.8855148, 0.18609847), (0.90993196, 0.17236203), (0.9152692, 0.2060134), (0.8918029, 0.22021165), (0.8594145, 0.19732565), (0.8855148, 0.18609847), (0.8918029, 0.22021165), (0.8683365, 0.23440994), (0.68677545, 0.17808673), (0.7618708, 0.18011129), (0.76212347, 0.21014534), (0.68648136, 0.20616397), (0.8096528, 0.17461607), (0.8535668, 0.16674343), (0.8594145, 0.19732565), (0.8121103, 0.20601878), (0.8121103, 0.20601878), (0.8594145, 0.19732565), (0.8683365, 0.23440994), (0.8154297, 0.23858912), (0.7618708, 0.18011129), (0.8096528, 0.17461607), (0.8121103, 0.20601878), (0.76212347, 0.21014534), (0.76212347, 0.21014534), (0.8121103, 0.20601878), (0.8154297, 0.23858912), (0.7626756, 0.23970613), (0.8032855, 0.11905667), (0.84263223, 0.12180099), (0.8480817, 0.14246713), (0.8064971, 0.14625534), (0.8064971, 0.14625534), (0.8480817, 0.14246713), (0.8535668, 0.16674343), (0.8096528, 0.17461607), (0.7621509, 0.11709509), (0.8032855, 0.11905667), (0.8064971, 0.14625534), (0.76192784, 0.14895685), (0.6876364, 0.1473896), (0.76192784, 0.14895685), (0.7618708, 0.18011129), (0.68677545, 0.17808673), (0.76091343, 0.08808256), (0.6851513, 0.08626496), (0.6814711, 0.057780474), (0.75951046, 0.059462305), (0.68648136, 0.20616397), (0.76212347, 0.21014534), (0.7626756, 0.23970613), (0.68660855, 0.23278734), (0.6888232, 0.11509977), (0.7621509, 0.11709509), (0.76192784, 0.14895685), (0.6876364, 0.1473896), (0.6050565, 0.19346917), (0.68648136, 0.20616397), (0.68660855, 0.23278734), (0.6071179, 0.22086997), (0.5044604, 0.15866953), (0.6050565, 0.19346917), (0.6071179, 0.22086997), (0.49973622, 0.1794209), (0.6030305, 0.13923901), (0.6876364, 0.1473896), (0.68677545, 0.17808673), (0.6038664, 0.16654116), (0.6038664, 0.16654116), (0.68677545, 0.17808673), (0.68648136, 0.20616397), (0.6050565, 0.19346917), (0.42404827, 0.10481551), (0.5078842, 0.13851635), (0.5044604, 0.15866953), (0.41831464, 0.11761068), (0.5078842, 0.13851635), (0.6038664, 0.16654116), (0.6050565, 0.19346917), (0.5044604, 0.15866953), (0.50984794, 0.0761224), (0.4288724, 0.065082744), (0.4274365, 0.04785051), (0.5086264, 0.052115392), (0.51100624, 0.10006899), (0.602291, 0.11158931), (0.6030305, 0.13923901), (0.5098463, 0.1190892), (0.41831464, 0.11761068), (0.5044604, 0.15866953), (0.49973622, 0.1794209), (0.41029072, 0.1310858), (0.5072217, 0.027921766), (0.4256997, 0.031757634), (0.4231175, 0.0162832), (0.5054419, 0.0033241117), (0.39378315, 0.089484885), (0.42404827, 0.10481551), (0.41831464, 0.11761068), (0.39097434, 0.10082483), (0.39097434, 0.10082483), (0.41831464, 0.11761068), (0.41029072, 0.1310858), (0.38795412, 0.11692232), (0.3360265, 0.051836614), (0.3649746, 0.071892306), (0.36477464, 0.08045531), (0.33859876, 0.05808345), (0.3649746, 0.071892306), (0.39378315, 0.089484885), (0.39097434, 0.10082483), (0.36477464, 0.08045531), (0.36477464, 0.08045531), (0.39097434, 0.10082483), (0.38795412, 0.11692232), (0.36456254, 0.090626314), (0.33859876, 0.05808345), (0.36477464, 0.08045531), (0.36456254, 0.090626314), (0.341171, 0.06433029), (0.33378577, 0.046395242), (0.36539775, 0.060899377), (0.36520687, 0.06576036), (0.33490616, 0.049115933), (0.36539775, 0.060899377), (0.39727336, 0.073491305), (0.39578047, 0.08079437), (0.36520687, 0.06576036), (0.36520687, 0.06576036), (0.39578047, 0.08079437), (0.39378315, 0.089484885), (0.3649746, 0.071892306), (0.33490616, 0.049115933), (0.36520687, 0.06576036), (0.3649746, 0.071892306), (0.3360265, 0.051836614), (0.39727336, 0.073491305), (0.43024525, 0.083010085), (0.42768478, 0.09346346), (0.39578047, 0.08079437), (0.42768478, 0.09346346), (0.5098463, 0.1190892), (0.5078842, 0.13851635), (0.42404827, 0.10481551), (0.39578047, 0.08079437), (0.42768478, 0.09346346), (0.42404827, 0.10481551), (0.39378315, 0.089484885), (0.39727336, 0.073491305), (0.36539775, 0.060899377), (0.36627412, 0.05223164), (0.3970696, 0.0594636), (0.36539775, 0.060899377), (0.33378577, 0.046395242), (0.33560783, 0.04397077), (0.36627412, 0.05223164), (0.36627412, 0.05223164), (0.33560783, 0.04397077), (0.33742976, 0.041546296), (0.3671478, 0.044315334), (0.3970696, 0.0594636), (0.36627412, 0.05223164), (0.3671478, 0.044315334), (0.39684385, 0.046501916), (0.43024525, 0.083010085), (0.51100624, 0.10006899), (0.5098463, 0.1190892), (0.42768478, 0.09346346), (0.43024525, 0.083010085), (0.39727336, 0.073491305), (0.3970696, 0.0594636), (0.4288724, 0.065082744), (0.4288724, 0.065082744), (0.3970696, 0.0594636), (0.39684385, 0.046501916), (0.4274365, 0.04785051), (0.51100624, 0.10006899), (0.43024525, 0.083010085), (0.4288724, 0.065082744), (0.50984794, 0.0761224), (0.6002577, 0.057135), (0.5086264, 0.052115392), (0.5072217, 0.027921766), (0.5993658, 0.029930927), (0.4274365, 0.04785051), (0.39684385, 0.046501916), (0.39662543, 0.035492778), (0.4256997, 0.031757634), (0.4256997, 0.031757634), (0.39662543, 0.035492778), (0.39682454, 0.027308024), (0.4231175, 0.0162832), (0.5086264, 0.052115392), (0.4274365, 0.04785051), (0.4256997, 0.031757634), (0.5072217, 0.027921766), (0.39684385, 0.046501916), (0.3671478, 0.044315334), (0.36802793, 0.037695415), (0.39662543, 0.035492778), (0.3671478, 0.044315334), (0.33742976, 0.041546296), (0.3392518, 0.039121885), (0.36802793, 0.037695415), (0.36802793, 0.037695415), (0.3392518, 0.039121885), (0.34107372, 0.036697466), (0.3689492, 0.03200275), (0.39662543, 0.035492778), (0.36802793, 0.037695415), (0.3689492, 0.03200275), (0.39682454, 0.027308024), (0.5993658, 0.029930927), (0.5072217, 0.027921766), (0.5054419, 0.0033241117), (0.5989925, 0.002734705), (0.602291, 0.11158931), (0.51100624, 0.10006899), (0.50984794, 0.0761224), (0.6012757, 0.08435663), (0.67772603, 0.029868152), (0.5993658, 0.029930927), (0.5989925, 0.002734705), (0.6737672, 0.002259369), (0.5098463, 0.1190892), (0.6030305, 0.13923901), (0.6038664, 0.16654116), (0.5078842, 0.13851635), (0.6851513, 0.08626496), (0.6012757, 0.08435663), (0.6002577, 0.057135), (0.6814711, 0.057780474), (0.6012757, 0.08435663), (0.50984794, 0.0761224), (0.5086264, 0.052115392), (0.6002577, 0.057135), (0.6888232, 0.11509977), (0.602291, 0.11158931), (0.6012757, 0.08435663), (0.6851513, 0.08626496), (0.6814711, 0.057780474), (0.6002577, 0.057135), (0.5993658, 0.029930927), (0.67772603, 0.029868152), (0.8094305, 0.06688222), (0.75951046, 0.059462305), (0.757822, 0.03142018), (0.81320655, 0.039876074), (0.75951046, 0.059462305), (0.6814711, 0.057780474), (0.67772603, 0.029868152), (0.757822, 0.03142018), (0.757822, 0.03142018), (0.67772603, 0.029868152), (0.6737672, 0.002259369), (0.75593096, 0.0034677712), (0.7621509, 0.11709509), (0.6888232, 0.11509977), (0.6851513, 0.08626496), (0.76091343, 0.08808256), (0.80627525, 0.09302558), (0.76091343, 0.08808256), (0.75951046, 0.059462305), (0.8094305, 0.06688222), (0.81320655, 0.039876074), (0.757822, 0.03142018), (0.75593096, 0.0034677712), (0.8177408, 0.012425809), (0.8032855, 0.11905667), (0.7621509, 0.11709509), (0.76091343, 0.08808256), (0.80627525, 0.09302558), (0.855044, 0.07884112), (0.8094305, 0.06688222), (0.81320655, 0.039876074), (0.8635603, 0.053615265), (0.8635603, 0.053615265), (0.81320655, 0.039876074), (0.8177408, 0.012425809), (0.8779957, 0.024638422), (0.84263223, 0.12180099), (0.8032855, 0.11905667), (0.80627525, 0.09302558), (0.8484222, 0.10113658), (0.8484222, 0.10113658), (0.80627525, 0.09302558), (0.8094305, 0.06688222), (0.855044, 0.07884112), (0.9034029, 0.117053345), (0.8802447, 0.093161836), (0.88861793, 0.06907764), (0.9109617, 0.08754863), (0.8802447, 0.093161836), (0.855044, 0.07884112), (0.8635603, 0.053615265), (0.88861793, 0.06907764), (0.88861793, 0.06907764), (0.8635603, 0.053615265), (0.8779957, 0.024638422), (0.8982581, 0.041341156), (0.9109617, 0.08754863), (0.88861793, 0.06907764), (0.8982581, 0.041341156), (0.9185203, 0.058043893), (0.9738213, 0.12292665), (0.971983, 0.12124247), (0.98583823, 0.118480004), (0.9861191, 0.11999179), (0.971983, 0.12124247), (0.9717158, 0.119748265), (0.9857144, 0.116987236), (0.98583823, 0.118480004), (0.98583823, 0.118480004), (0.9857144, 0.116987236), (0.9982549, 0.11407718), (0.99833596, 0.11556705), (0.9861191, 0.11999179), (0.98583823, 0.118480004), (0.99833596, 0.11556705), (0.99841684, 0.1170569), (0.9379134, 0.12742835), (0.9391693, 0.12563127), (0.9556706, 0.12366486), (0.9558676, 0.12517753), (0.9391693, 0.12563127), (0.9390547, 0.12419805), (0.9554937, 0.12220759), (0.9556706, 0.12366486), (0.9556706, 0.12366486), (0.9554937, 0.12220759), (0.9717158, 0.119748265), (0.971983, 0.12124247), (0.9558676, 0.12517753), (0.9556706, 0.12366486), (0.971983, 0.12124247), (0.9738213, 0.12292665), (0.9118721, 0.12931007), (0.9136789, 0.12828374), (0.9249788, 0.12700078), (0.92489296, 0.12836924), (0.9136789, 0.12828374), (0.91330564, 0.12650153), (0.92472064, 0.12560034), (0.9249788, 0.12700078), (0.9249788, 0.12700078), (0.92472064, 0.12560034), (0.9390547, 0.12419805), (0.9391693, 0.12563127), (0.92489296, 0.12836924), (0.9249788, 0.12700078), (0.9391693, 0.12563127), (0.9379134, 0.12742835), (0.90459466, 0.13871068), (0.8937026, 0.13299298), (0.9052789, 0.13016582), (0.9082334, 0.1340104), (0.8937026, 0.13299298), (0.88853973, 0.12444122), (0.9040235, 0.12680791), (0.9052789, 0.13016582), (0.9052789, 0.13016582), (0.9040235, 0.12680791), (0.91330564, 0.12650153), (0.9136789, 0.12828374), (0.9082334, 0.1340104), (0.9052789, 0.13016582), (0.9136789, 0.12828374), (0.9118721, 0.12931007), (0.9714713, 0.116993874), (0.9713099, 0.11593518), (0.9854338, 0.1131164), (0.9855343, 0.11418708), (0.9713099, 0.11593518), (0.97113013, 0.11502347), (0.9853258, 0.11218142), (0.9854338, 0.1131164), (0.9854338, 0.1131164), (0.9853258, 0.11218142), (0.9981153, 0.109209955), (0.9981046, 0.11015374), (0.9855343, 0.11418708), (0.9854338, 0.1131164), (0.9981046, 0.11015374), (0.99809325, 0.111097485), (0.9386046, 0.12158968), (0.93846565, 0.120586544), (0.95497835, 0.11848301), (0.95515025, 0.119514585), (0.93846565, 0.120586544), (0.9383664, 0.11972238), (0.9548063, 0.11759679), (0.95497835, 0.11848301), (0.95497835, 0.11848301), (0.9548063, 0.11759679), (0.97113013, 0.11502347), (0.9713099, 0.11593518), (0.95515025, 0.119514585), (0.95497835, 0.11848301), (0.9713099, 0.11593518), (0.9714713, 0.116993874), (0.91262376, 0.12404676), (0.9129097, 0.1231745), (0.924139, 0.122116625), (0.92420053, 0.123083174), (0.9129097, 0.1231745), (0.9128367, 0.122320086), (0.9241212, 0.121267006), (0.924139, 0.122116625), (0.924139, 0.122116625), (0.9241212, 0.121267006), (0.9383664, 0.11972238), (0.93846565, 0.120586544), (0.92420053, 0.123083174), (0.924139, 0.122116625), (0.93846565, 0.120586544), (0.9386046, 0.12158968), (0.88853973, 0.12444122), (0.9037044, 0.123034544), (0.90568614, 0.12379315), (0.9020369, 0.12454314), (0.9128367, 0.122320086), (0.9129097, 0.1231745), (0.90568614, 0.12379315), (0.9037044, 0.123034544), (0.91262376, 0.12404676), (0.9020369, 0.12454314), (0.90568614, 0.12379315), (0.9129097, 0.1231745), (0.602291, 0.11158931), (0.6888232, 0.11509977), (0.6876364, 0.1473896), (0.6030305, 0.13923901), (0.76192784, 0.14895685), (0.8064971, 0.14625534), (0.8096528, 0.17461607), (0.7618708, 0.18011129), (0.2603953, 0.6162693), (0.28546223, 0.6177885), (0.29154858, 0.62961376), (0.2684771, 0.62652403), (0.28546223, 0.6177885), (0.31052914, 0.6193077), (0.31458923, 0.6327289), (0.29154858, 0.62961376), (0.29154858, 0.62961376), (0.31458923, 0.6327289), (0.31877306, 0.6461457), (0.29798025, 0.64142686), (0.2684771, 0.62652403), (0.29154858, 0.62961376), (0.29798025, 0.64142686), (0.2765589, 0.63677865), (0.31052917, 0.61930776), (0.28546223, 0.6177885), (0.2889636, 0.609474), (0.3119747, 0.6082701), (0.28546223, 0.6177885), (0.2603953, 0.6162693), (0.26625165, 0.61076665), (0.2889636, 0.609474), (0.2889636, 0.609474), (0.26625165, 0.61076665), (0.27210802, 0.6052639), (0.29276085, 0.600839), (0.3119747, 0.6082701), (0.2889636, 0.609474), (0.29276085, 0.600839), (0.3135262, 0.5971177), (0.3135262, 0.5971177), (0.29276085, 0.600839), (0.29715893, 0.5915073), (0.3150253, 0.5858388), (0.29276085, 0.600839), (0.27210802, 0.6052639), (0.2805083, 0.59700555), (0.29715893, 0.5915073), (0.29715893, 0.5915073), (0.2805083, 0.59700555), (0.2889086, 0.5887471), (0.30162376, 0.58191997), (0.3150253, 0.5858388), (0.29715893, 0.5915073), (0.30162376, 0.58191997), (0.3143389, 0.57509273), (0.3589048, 0.5907813), (0.3356411, 0.59352267), (0.33561668, 0.5797941), (0.35795236, 0.57468987), (0.3356411, 0.59352267), (0.3135262, 0.5971177), (0.3150253, 0.5858388), (0.33561668, 0.5797941), (0.33561668, 0.5797941), (0.3150253, 0.5858388), (0.3143389, 0.57509273), (0.3353031, 0.5659337), (0.35795236, 0.57468987), (0.33561668, 0.5797941), (0.3353031, 0.5659337), (0.3562672, 0.5567745), (0.3606631, 0.62259936), (0.33559608, 0.62085867), (0.33561203, 0.6071978), (0.35978395, 0.6066904), (0.33559608, 0.62085867), (0.31052914, 0.61930776), (0.31197467, 0.60827017), (0.33561203, 0.6071978), (0.33561203, 0.6071978), (0.31197467, 0.60827017), (0.31352618, 0.59711784), (0.3356411, 0.5935226), (0.35978395, 0.6066904), (0.33561203, 0.6071978), (0.3356411, 0.5935226), (0.35890475, 0.59078133), (0.40743914, 0.5906195), (0.3828926, 0.5897274), (0.3814429, 0.57216), (0.4057093, 0.5722485), (0.3828926, 0.5897274), (0.3589048, 0.5907813), (0.35795236, 0.57468987), (0.3814429, 0.57216), (0.3814429, 0.57216), (0.35795236, 0.57468987), (0.3562672, 0.5567745), (0.37986898, 0.5541813), (0.4057093, 0.5722485), (0.3814429, 0.57216), (0.37986898, 0.5541813), (0.40347064, 0.5515879), (0.41079712, 0.62690383), (0.3857301, 0.6246567), (0.38431135, 0.60719204), (0.40911812, 0.6087616), (0.3857301, 0.6246567), (0.3606631, 0.62259936), (0.35978395, 0.6066904), (0.38431135, 0.60719204), (0.38431135, 0.60719204), (0.35978395, 0.6066904), (0.35890475, 0.59078133), (0.38289264, 0.5897275), (0.40911812, 0.6087616), (0.38431135, 0.60719204), (0.38289264, 0.5897275), (0.40743914, 0.59061956), (0.46032313, 0.5985633), (0.4327583, 0.5935552), (0.4309764, 0.5756144), (0.4585272, 0.5817601), (0.4327583, 0.5935552), (0.40743914, 0.5906195), (0.4057093, 0.5722485), (0.4309764, 0.5756144), (0.4309764, 0.5756144), (0.4057093, 0.5722485), (0.40347064, 0.5515879), (0.428904, 0.5572369), (0.4585272, 0.5817601), (0.4309764, 0.5756144), (0.428904, 0.5572369), (0.45433727, 0.5628858), (0.46339983, 0.6316513), (0.43617266, 0.6292064), (0.43446606, 0.61138225), (0.46186593, 0.6151199), (0.43617266, 0.6292064), (0.41079712, 0.62690383), (0.40911812, 0.6087616), (0.43446606, 0.61138225), (0.43446606, 0.61138225), (0.40911812, 0.6087616), (0.40743914, 0.59061956), (0.4327583, 0.5935552), (0.46186593, 0.6151199), (0.43446606, 0.61138225), (0.4327583, 0.5935552), (0.46032313, 0.59856325), (0.5258774, 0.6371586), (0.49371284, 0.6343338), (0.49251387, 0.6199476), (0.5250992, 0.62538505), (0.49371284, 0.6343338), (0.46339983, 0.6316513), (0.46186593, 0.6151199), (0.49251387, 0.6199476), (0.49251387, 0.6199476), (0.46186593, 0.6151199), (0.46032313, 0.59856325), (0.4912873, 0.6054907), (0.5250992, 0.62538505), (0.49251387, 0.6199476), (0.4912873, 0.6054907), (0.52426815, 0.613524), (0.52426815, 0.613524), (0.4912873, 0.60549074), (0.48995507, 0.59085435), (0.5233487, 0.6014749), (0.4912873, 0.60549074), (0.46032313, 0.5985633), (0.4585272, 0.5817601), (0.48995507, 0.59085435), (0.48995507, 0.59085435), (0.4585272, 0.5817601), (0.45433727, 0.5628858), (0.48835683, 0.57590014), (0.5233487, 0.6014749), (0.48995507, 0.59085435), (0.48835683, 0.57590014), (0.52237624, 0.5889144), (0.5864644, 0.6280457), (0.5570303, 0.621566), (0.5565625, 0.6124103), (0.58658206, 0.6216223), (0.5570303, 0.621566), (0.52426815, 0.613524), (0.5233487, 0.6014749), (0.5565625, 0.6124103), (0.5565625, 0.6124103), (0.5233487, 0.6014749), (0.52237624, 0.5889144), (0.55639565, 0.603455), (0.58658206, 0.6216223), (0.5565625, 0.6124103), (0.55639565, 0.603455), (0.590415, 0.6179955), (0.62756413, 0.6336516), (0.60993326, 0.6317851), (0.6100036, 0.6269911), (0.6277224, 0.6300819), (0.60993326, 0.6317851), (0.5864644, 0.6280457), (0.58658206, 0.6216223), (0.6100036, 0.6269911), (0.6100036, 0.6269911), (0.58658206, 0.6216223), (0.590415, 0.6179955), (0.61045486, 0.62258214), (0.6277224, 0.6300819), (0.6100036, 0.6269911), (0.61045486, 0.62258214), (0.63049465, 0.62716866), (0.62756413, 0.6336516), (0.62772244, 0.63008183), (0.6402016, 0.6319571), (0.6405594, 0.6346567), (0.62772244, 0.63008183), (0.63049465, 0.62716866), (0.6397885, 0.62949246), (0.6402016, 0.6319571), (0.6402016, 0.6319571), (0.6397885, 0.62949246), (0.64908206, 0.63181615), (0.6509037, 0.6322778), (0.6405594, 0.6346567), (0.6402016, 0.6319571), (0.6509037, 0.6322778), (0.6516575, 0.6343422), (0.6262369, 0.64103776), (0.6088106, 0.6417398), (0.60952485, 0.63673955), (0.627086, 0.6373307), (0.6088106, 0.6417398), (0.58627856, 0.641582), (0.58645546, 0.63479805), (0.60952485, 0.63673955), (0.60952485, 0.63673955), (0.58645546, 0.63479805), (0.5864644, 0.6280457), (0.6099333, 0.6317851), (0.627086, 0.6373307), (0.60952485, 0.63673955), (0.6099333, 0.6317851), (0.6275641, 0.63365155), (0.58627856, 0.641582), (0.60881066, 0.6417397), (0.6107272, 0.6457935), (0.5875668, 0.6472289), (0.60881066, 0.6417397), (0.6262369, 0.64103776), (0.62851757, 0.6439339), (0.6107272, 0.6457935), (0.6107272, 0.6457935), (0.62851757, 0.6439339), (0.63031685, 0.6466947), (0.6122896, 0.64977354), (0.5875668, 0.6472289), (0.6107272, 0.6457935), (0.6122896, 0.64977354), (0.5887287, 0.6529115), (0.58872867, 0.6529114), (0.6122895, 0.6497735), (0.6134122, 0.65359634), (0.59001565, 0.658666), (0.6122895, 0.6497735), (0.63031673, 0.64669466), (0.6315807, 0.6490799), (0.6134122, 0.65359634), (0.6134122, 0.65359634), (0.6315807, 0.6490799), (0.6350333, 0.64983344), (0.61478335, 0.6572086), (0.59001565, 0.658666), (0.6134122, 0.65359634), (0.61478335, 0.6572086), (0.5945332, 0.66458374), (0.5276675, 0.657122), (0.5597185, 0.65529853), (0.5607804, 0.66330856), (0.5286611, 0.66747904), (0.5597185, 0.65529853), (0.58872867, 0.6529114), (0.59001565, 0.658666), (0.5607804, 0.66330856), (0.5607804, 0.66330856), (0.59001565, 0.658666), (0.5945332, 0.66458374), (0.5621976, 0.67149884), (0.5286611, 0.66747904), (0.5607804, 0.66330856), (0.5621976, 0.67149884), (0.52986187, 0.67841387), (0.46345794, 0.6597671), (0.4951976, 0.65868604), (0.49599987, 0.6711282), (0.46336114, 0.67404175), (0.4951976, 0.65868604), (0.5276675, 0.657122), (0.5286611, 0.66747904), (0.49599987, 0.6711282), (0.49599987, 0.6711282), (0.5286611, 0.66747904), (0.52986187, 0.67841387), (0.49691564, 0.68380266), (0.46336114, 0.67404175), (0.49599987, 0.6711282), (0.49691564, 0.68380266), (0.46396932, 0.68919134), (0.40607885, 0.65940934), (0.43332782, 0.66005325), (0.43112957, 0.67570543), (0.40223932, 0.6760276), (0.43332782, 0.66005325), (0.46345794, 0.6597671), (0.46336114, 0.67404175), (0.43112957, 0.67570543), (0.43112957, 0.67570543), (0.46336114, 0.67404175), (0.46396932, 0.68919134), (0.42814314, 0.6916561), (0.40223932, 0.6760276), (0.43112957, 0.67570543), (0.42814314, 0.6916561), (0.39231688, 0.6941206), (0.41079712, 0.62690383), (0.43617266, 0.62920636), (0.43490127, 0.64458966), (0.40864897, 0.64310384), (0.43617266, 0.62920636), (0.46339983, 0.6316513), (0.46347633, 0.6456778), (0.43490127, 0.64458966), (0.43490127, 0.64458966), (0.46347633, 0.6456778), (0.4634579, 0.65976715), (0.4333278, 0.66005325), (0.40864897, 0.64310384), (0.43490127, 0.64458966), (0.4333278, 0.66005325), (0.40607885, 0.6594093), (0.46339983, 0.6316513), (0.49371284, 0.6343337), (0.49444693, 0.6464555), (0.46347633, 0.6456778), (0.49371284, 0.6343337), (0.52587736, 0.6371586), (0.5267536, 0.6470634), (0.49444693, 0.6464555), (0.49444693, 0.6464555), (0.5267536, 0.6470634), (0.5276675, 0.6571219), (0.4951976, 0.658686), (0.46347633, 0.6456778), (0.49444693, 0.6464555), (0.4951976, 0.658686), (0.4634579, 0.65976715), (0.36098808, 0.65487605), (0.3824913, 0.6577328), (0.38008726, 0.67450887), (0.36097804, 0.6712296), (0.3824913, 0.6577328), (0.40607885, 0.65940934), (0.40223932, 0.6760276), (0.38008726, 0.67450887), (0.38008726, 0.67450887), (0.40223932, 0.6760276), (0.39231688, 0.6941206), (0.37686986, 0.69165605), (0.36097804, 0.6712296), (0.38008726, 0.67450887), (0.37686986, 0.69165605), (0.36142278, 0.68919134), (0.36066306, 0.62259936), (0.38573006, 0.6246567), (0.38426235, 0.6411568), (0.36087832, 0.63872445), (0.38573006, 0.6246567), (0.41079712, 0.62690383), (0.40864897, 0.64310384), (0.38426235, 0.6411568), (0.38426235, 0.6411568), (0.40864897, 0.64310384), (0.40607885, 0.6594093), (0.3824913, 0.6577328), (0.36087832, 0.63872445), (0.38426235, 0.6411568), (0.3824913, 0.6577328), (0.3609881, 0.654876), (0.31052917, 0.61930776), (0.33559608, 0.6208586), (0.33769852, 0.63584036), (0.31458926, 0.632729), (0.33559608, 0.6208586), (0.36066306, 0.62259936), (0.36087832, 0.63872445), (0.33769852, 0.63584036), (0.33769852, 0.63584036), (0.36087832, 0.63872445), (0.3609881, 0.654876), (0.33980316, 0.6508249), (0.31458926, 0.632729), (0.33769852, 0.63584036), (0.33980316, 0.6508249), (0.3187731, 0.64614576), (0.31877306, 0.6461457), (0.33980316, 0.650825), (0.34190097, 0.6658519), (0.32306445, 0.659548), (0.33980316, 0.650825), (0.36098808, 0.65487605), (0.36097804, 0.6712296), (0.34190097, 0.6658519), (0.34190097, 0.6658519), (0.36097804, 0.6712296), (0.36142278, 0.68919134), (0.34395868, 0.6810324), (0.32306445, 0.659548), (0.34190097, 0.6658519), (0.34395868, 0.6810324), (0.32649443, 0.6728733), (0.2765589, 0.63677865), (0.29798025, 0.64142686), (0.30515504, 0.6532105), (0.2876087, 0.64692736), (0.29798025, 0.64142686), (0.31877306, 0.6461457), (0.32306445, 0.659548), (0.30515504, 0.6532105), (0.30515504, 0.6532105), (0.32306445, 0.659548), (0.32649443, 0.6728733), (0.31257647, 0.6649747), (0.2876087, 0.64692736), (0.30515504, 0.6532105), (0.31257647, 0.6649747), (0.2986585, 0.657076), (0.52587736, 0.6371586), (0.55778235, 0.6398479), (0.55874914, 0.64751065), (0.5267536, 0.6470634), (0.55778235, 0.6398479), (0.58627856, 0.641582), (0.5875668, 0.6472289), (0.55874914, 0.64751065), (0.55874914, 0.64751065), (0.5875668, 0.6472289), (0.5887287, 0.6529115), (0.55971843, 0.6552986), (0.5267536, 0.6470634), (0.55874914, 0.64751065), (0.55971843, 0.6552986), (0.5276675, 0.6571219), (0.58627856, 0.641582), (0.55778235, 0.6398479), (0.55744994, 0.63072383), (0.58645546, 0.63479805), (0.55778235, 0.6398479), (0.5258774, 0.6371586), (0.5250992, 0.62538505), (0.55744994, 0.63072383), (0.55744994, 0.63072383), (0.5250992, 0.62538505), (0.52426815, 0.613524), (0.5570303, 0.621566), (0.58645546, 0.63479805), (0.55744994, 0.63072383), (0.5570303, 0.621566), (0.5864644, 0.6280457), (0.65491223, 0.64226526), (0.6538278, 0.64053845), (0.6654453, 0.63786805), (0.6662618, 0.6395356), (0.6538278, 0.64053845), (0.65277666, 0.6386719), (0.6646692, 0.63610125), (0.6654453, 0.63786805), (0.6654453, 0.63786805), (0.6646692, 0.63610125), (0.676565, 0.63266635), (0.6771941, 0.63449246), (0.6662618, 0.6395356), (0.6654453, 0.63786805), (0.6771941, 0.63449246), (0.677867, 0.6362333), (0.67786694, 0.6362333), (0.67719424, 0.6344926), (0.6888191, 0.6307015), (0.6893676, 0.6325412), (0.67719424, 0.6344926), (0.67656505, 0.63266635), (0.6883188, 0.6287672), (0.6888191, 0.6307015), (0.6888191, 0.6307015), (0.6883188, 0.6287672), (0.6998919, 0.6244889), (0.700267, 0.6265541), (0.6893676, 0.6325412), (0.6888191, 0.6307015), (0.700267, 0.6265541), (0.70069146, 0.6284956), (0.6754961, 0.6286441), (0.6633367, 0.6321565), (0.6626638, 0.6301711), (0.67501044, 0.6266129), (0.6633367, 0.6321565), (0.6516575, 0.6343423), (0.6509037, 0.6322777), (0.6626638, 0.6301711), (0.6626638, 0.6301711), (0.6509037, 0.6322777), (0.64908206, 0.63181615), (0.6619016, 0.628383), (0.67501044, 0.6266129), (0.6626638, 0.6301711), (0.6619016, 0.628383), (0.674721, 0.62494975), (0.699357, 0.6198228), (0.68752587, 0.6244874), (0.68716764, 0.6223027), (0.6991273, 0.6174441), (0.68752587, 0.6244874), (0.6754961, 0.6286441), (0.67501044, 0.6266129), (0.68716764, 0.6223027), (0.68716764, 0.6223027), (0.67501044, 0.6266129), (0.674721, 0.62494975), (0.6868339, 0.6201917), (0.6991273, 0.6174441), (0.68716764, 0.6223027), (0.6868339, 0.6201917), (0.6989467, 0.6154335), (0.7226876, 0.6093085), (0.7110554, 0.6146926), (0.7109667, 0.61200315), (0.72275347, 0.606288), (0.7110554, 0.6146926), (0.699357, 0.6198228), (0.6991273, 0.6174441), (0.7109667, 0.61200315), (0.7109667, 0.61200315), (0.6991273, 0.6174441), (0.6989467, 0.6154335), (0.71088296, 0.6093505), (0.72275347, 0.606288), (0.7109667, 0.61200315), (0.71088296, 0.6093505), (0.72281915, 0.60326743), (0.70069146, 0.6284955), (0.700267, 0.62655413), (0.7115517, 0.622086), (0.71185344, 0.6241262), (0.700267, 0.62655413), (0.69989204, 0.6244889), (0.7113014, 0.6198883), (0.7115517, 0.622086), (0.7115517, 0.622086), (0.7113014, 0.6198883), (0.7225562, 0.6153496), (0.7227417, 0.617465), (0.71185344, 0.6241262), (0.7115517, 0.622086), (0.7227417, 0.617465), (0.7229271, 0.61958015), (0.7225562, 0.6153496), (0.7113013, 0.6198883), (0.71115273, 0.61736923), (0.722622, 0.61232907), (0.7113013, 0.6198883), (0.69989204, 0.62448883), (0.69959974, 0.62221766), (0.71115273, 0.61736923), (0.71115273, 0.61736923), (0.69959974, 0.62221766), (0.699357, 0.6198228), (0.7110554, 0.6146926), (0.722622, 0.61232907), (0.71115273, 0.61736923), (0.7110554, 0.6146926), (0.7226876, 0.6093085), (0.699892, 0.6244889), (0.6883187, 0.6287672), (0.6878982, 0.6266748), (0.6995996, 0.62221766), (0.6883187, 0.6287672), (0.676565, 0.6326663), (0.67600876, 0.63069797), (0.6878982, 0.6266748), (0.6878982, 0.6266748), (0.67600876, 0.63069797), (0.6754961, 0.62864417), (0.6875259, 0.62448746), (0.6995996, 0.62221766), (0.6878982, 0.6266748), (0.6875259, 0.62448746), (0.69935685, 0.6198228), (0.67656505, 0.63266623), (0.66466916, 0.63610125), (0.66398084, 0.63417596), (0.6760087, 0.63069785), (0.66466916, 0.63610125), (0.65277666, 0.6386719), (0.65218484, 0.636557), (0.66398084, 0.63417596), (0.66398084, 0.63417596), (0.65218484, 0.636557), (0.6516575, 0.6343423), (0.6633367, 0.6321565), (0.6760087, 0.63069785), (0.66398084, 0.63417596), (0.6633367, 0.6321565), (0.6754961, 0.6286441), (0.70167464, 0.63257295), (0.701134, 0.6304362), (0.71216494, 0.62614924), (0.7124864, 0.62819195), (0.701134, 0.6304362), (0.70069146, 0.6284955), (0.71185344, 0.6241262), (0.71216494, 0.62614924), (0.71216494, 0.62614924), (0.71185344, 0.6241262), (0.7229271, 0.61958015), (0.7231126, 0.62169546), (0.7124864, 0.62819195), (0.71216494, 0.62614924), (0.7231126, 0.62169546), (0.723298, 0.62381077), (0.679345, 0.639922), (0.67855686, 0.63797957), (0.6899289, 0.6343746), (0.69050986, 0.63624763), (0.67855686, 0.63797957), (0.677867, 0.6362333), (0.6893675, 0.63254106), (0.6899289, 0.6343746), (0.6899289, 0.6343746), (0.6893675, 0.63254106), (0.70069146, 0.6284955), (0.701134, 0.6304362), (0.69050986, 0.63624763), (0.6899289, 0.6343746), (0.701134, 0.6304362), (0.70167464, 0.63257295), (0.6563085, 0.6458578), (0.6557924, 0.6439434), (0.6670591, 0.6411916), (0.66782683, 0.64289), (0.6557924, 0.6439434), (0.65491223, 0.64226526), (0.6662618, 0.6395356), (0.6670591, 0.6411916), (0.6670591, 0.6411916), (0.6662618, 0.6395356), (0.677867, 0.6362333), (0.67855686, 0.63797957), (0.66782683, 0.64289), (0.6670591, 0.6411916), (0.67855686, 0.63797957), (0.679345, 0.639922), (0.65277666, 0.6386719), (0.6538277, 0.64053845), (0.6421594, 0.64235735), (0.6402916, 0.6402006), (0.6538277, 0.64053845), (0.6549123, 0.6422652), (0.6437017, 0.64439845), (0.6421594, 0.64235735), (0.6421594, 0.64235735), (0.6437017, 0.64439845), (0.63031673, 0.64669466), (0.6285175, 0.6439339), (0.6402916, 0.6402006), (0.6421594, 0.64235735), (0.6285175, 0.6439339), (0.6262369, 0.64103776), (0.6350333, 0.64983344), (0.63158065, 0.64908004), (0.64473677, 0.6462346), (0.64567095, 0.6478457), (0.63158065, 0.64908004), (0.63031673, 0.64669466), (0.64370173, 0.6443984), (0.64473677, 0.6462346), (0.64473677, 0.6462346), (0.64370173, 0.6443984), (0.65491223, 0.64226526), (0.6557924, 0.6439434), (0.64567095, 0.6478457), (0.64473677, 0.6462346), (0.6557924, 0.6439434), (0.6563085, 0.6458578), (0.65277666, 0.6386719), (0.6402916, 0.6402006), (0.6405447, 0.63742906), (0.65218484, 0.636557), (0.6402916, 0.6402006), (0.6262369, 0.64103776), (0.627086, 0.63733065), (0.6405447, 0.63742906), (0.6405447, 0.63742906), (0.627086, 0.63733065), (0.62756413, 0.6336516), (0.64055943, 0.6346567), (0.65218484, 0.636557), (0.6405447, 0.63742906), (0.64055943, 0.6346567), (0.6516575, 0.6343423), (0.8607483, 0.74581325), (0.8644829, 0.7895379), (0.8467455, 0.78144735), (0.8380861, 0.75132036), (0.8708762, 0.8312687), (0.840492, 0.7997451), (0.8467455, 0.78144735), (0.8644829, 0.7895379), (0.81010777, 0.7682215), (0.8380862, 0.7513204), (0.8467455, 0.78144735), (0.840492, 0.7997451), (0.8708762, 0.8312687), (0.8644828, 0.789538), (0.89001304, 0.79614526), (0.88796735, 0.8388648), (0.8644828, 0.789538), (0.8607482, 0.7458133), (0.8922005, 0.75192964), (0.89001304, 0.79614526), (0.89001304, 0.79614526), (0.8922005, 0.75192964), (0.92322564, 0.757144), (0.91637075, 0.80080277), (0.88796735, 0.8388648), (0.89001304, 0.79614526), (0.91637075, 0.80080277), (0.9050584, 0.84646076), (0.8075126, 0.66352266), (0.8080589, 0.715437), (0.7793263, 0.7247355), (0.77752125, 0.67301786), (0.8080589, 0.715437), (0.81010777, 0.7682215), (0.7820024, 0.7773368), (0.7793263, 0.7247355), (0.7793263, 0.7247355), (0.7820024, 0.7773368), (0.753897, 0.7864521), (0.74971926, 0.73403937), (0.77752125, 0.67301786), (0.7793263, 0.7247355), (0.74971926, 0.73403937), (0.7455414, 0.6816266), (0.8645462, 0.6459253), (0.8614129, 0.6982905), (0.8353385, 0.7061595), (0.836338, 0.654534), (0.8614129, 0.6982905), (0.8607482, 0.74581337), (0.8380861, 0.75132036), (0.8353385, 0.7061595), (0.8353385, 0.7061595), (0.8380861, 0.75132036), (0.81010777, 0.7682215), (0.8080589, 0.715437), (0.836338, 0.654534), (0.8353385, 0.7061595), (0.8080589, 0.715437), (0.8075126, 0.66352266), (0.8075126, 0.6635226), (0.7775213, 0.67301786), (0.77786535, 0.62341756), (0.8085781, 0.61250526), (0.7775213, 0.67301786), (0.7455414, 0.6816266), (0.74630105, 0.63377166), (0.77786535, 0.62341756), (0.77786535, 0.62341756), (0.74630105, 0.63377166), (0.74706054, 0.5859164), (0.7825272, 0.5772838), (0.8085781, 0.61250526), (0.77786535, 0.62341756), (0.7825272, 0.5772838), (0.81413776, 0.56530154), (0.85492444, 0.48109078), (0.8274756, 0.523799), (0.794035, 0.5362674), (0.81010795, 0.49742237), (0.8274756, 0.523799), (0.81413776, 0.56530154), (0.7825272, 0.5772838), (0.794035, 0.5362674), (0.794035, 0.5362674), (0.7825272, 0.5772838), (0.74706054, 0.5859164), (0.75617594, 0.54983515), (0.81010795, 0.49742237), (0.794035, 0.5362674), (0.75617594, 0.54983515), (0.7652913, 0.5137539), (0.8702423, 0.54034007), (0.8677269, 0.5899993), (0.8383938, 0.6013046), (0.8429576, 0.5528603), (0.8677269, 0.5899993), (0.86454624, 0.6459252), (0.836338, 0.6545341), (0.8383938, 0.6013046), (0.8383938, 0.6013046), (0.836338, 0.6545341), (0.8075125, 0.6635227), (0.8085781, 0.6125052), (0.8429576, 0.5528603), (0.8383938, 0.6013046), (0.8085781, 0.6125052), (0.8141378, 0.56530154), (0.8729611, 0.48673728), (0.87191004, 0.5062937), (0.85154146, 0.5148528), (0.861341, 0.4891425), (0.87191004, 0.5062937), (0.87024224, 0.54034007), (0.8429576, 0.5528603), (0.85154146, 0.5148528), (0.85154146, 0.5148528), (0.8429576, 0.5528603), (0.81413776, 0.56530154), (0.8274756, 0.523799), (0.861341, 0.4891425), (0.85154146, 0.5148528), (0.8274756, 0.523799), (0.85492444, 0.48109078), (0.86454624, 0.6459252), (0.867727, 0.5899993), (0.894597, 0.5988926), (0.89612526, 0.6527853), (0.867727, 0.5899993), (0.87024224, 0.54034), (0.891116, 0.54993534), (0.894597, 0.5988926), (0.894597, 0.5988926), (0.891116, 0.54993534), (0.91645235, 0.5586128), (0.9234076, 0.6067395), (0.89612526, 0.6527853), (0.894597, 0.5988926), (0.9234076, 0.6067395), (0.9276567, 0.65902835), (0.87024224, 0.54034007), (0.87191004, 0.50629365), (0.8868187, 0.5129295), (0.891116, 0.5499353), (0.87191004, 0.50629365), (0.8729611, 0.48673728), (0.8822067, 0.4888343), (0.8868187, 0.5129295), (0.8868187, 0.5129295), (0.8822067, 0.4888343), (0.8891067, 0.4818506), (0.90791255, 0.51911676), (0.891116, 0.5499353), (0.8868187, 0.5129295), (0.90791255, 0.51911676), (0.91645235, 0.5586128), (0.92765677, 0.65902823), (0.9234077, 0.6067395), (0.95550525, 0.6127026), (0.9592674, 0.66429543), (0.9234077, 0.6067395), (0.91645235, 0.5586128), (0.949279, 0.5651486), (0.95550525, 0.6127026), (0.95550525, 0.6127026), (0.949279, 0.5651486), (0.9870957, 0.5646474), (0.9897545, 0.6170601), (0.9592674, 0.66429543), (0.95550525, 0.6127026), (0.9897545, 0.6170601), (0.99241304, 0.66947275), (0.91645235, 0.5586128), (0.90791255, 0.51911676), (0.94201136, 0.5267667), (0.949279, 0.5651486), (0.90791255, 0.51911676), (0.8891067, 0.4818506), (0.9335437, 0.49286485), (0.94201136, 0.5267667), (0.94201136, 0.5267667), (0.9335437, 0.49286485), (0.97798055, 0.503879), (0.9825382, 0.5342632), (0.949279, 0.5651486), (0.94201136, 0.5267667), (0.9825382, 0.5342632), (0.9870957, 0.5646474), (0.92322564, 0.757144), (0.92734027, 0.7098427), (0.9585783, 0.714823), (0.9537813, 0.76142454), (0.92734027, 0.7098427), (0.92765677, 0.65902823), (0.9592674, 0.66429543), (0.9585783, 0.714823), (0.9585783, 0.714823), (0.9592674, 0.66429543), (0.99241304, 0.66947275), (0.98937464, 0.7199866), (0.9537813, 0.76142454), (0.9585783, 0.714823), (0.98937464, 0.7199866), (0.98633605, 0.7705003), (0.9050584, 0.84646076), (0.91637075, 0.80080277), (0.9449314, 0.8013438), (0.9339235, 0.838485), (0.91637075, 0.80080277), (0.92322564, 0.757144), (0.9537813, 0.76142454), (0.9449314, 0.8013438), (0.9449314, 0.8013438), (0.9537813, 0.76142454), (0.98633605, 0.7705003), (0.97456235, 0.8005047), (0.9339235, 0.838485), (0.9449314, 0.8013438), (0.97456235, 0.8005047), (0.9627885, 0.8305092), (0.8607482, 0.7458133), (0.8614129, 0.6982905), (0.89479786, 0.70428616), (0.8922005, 0.75192964), (0.8614129, 0.6982905), (0.8645462, 0.6459252), (0.89612526, 0.65278536), (0.89479786, 0.70428616), (0.89479786, 0.70428616), (0.89612526, 0.65278536), (0.92765677, 0.65902823), (0.92734027, 0.7098427), (0.8922005, 0.75192964), (0.89479786, 0.70428616), (0.92734027, 0.7098427), (0.92322564, 0.757144), (0.8729611, 0.48673728), (0.8737104, 0.47660872), (0.8749044, 0.47454533), (0.8761708, 0.47654825), (0.8744006, 0.46556458), (0.8755613, 0.46557018), (0.8749044, 0.47454533), (0.87371045, 0.47660872), (0.8769115, 0.4658951), (0.8761708, 0.47654825), (0.8749044, 0.47454533), (0.8755613, 0.46557018), (0.87691146, 0.46589506), (0.8755613, 0.46557018), (0.876478, 0.4454631), (0.87771845, 0.4456687), (0.8755613, 0.46557018), (0.8744006, 0.46556458), (0.8752558, 0.4453448), (0.876478, 0.4454631), (0.876478, 0.4454631), (0.8752558, 0.4453448), (0.87652594, 0.4197344), (0.87775856, 0.41988066), (0.87771845, 0.4456687), (0.876478, 0.4454631), (0.87775856, 0.41988066), (0.8789996, 0.42007002), (0.8789996, 0.42007), (0.87775844, 0.41988066), (0.879591, 0.3950816), (0.88085866, 0.39525026), (0.87775844, 0.41988066), (0.8765259, 0.4197344), (0.87833226, 0.39492694), (0.879591, 0.3950816), (0.879591, 0.3950816), (0.87833226, 0.39492694), (0.8805827, 0.37272927), (0.881867, 0.37288636), (0.88085866, 0.39525026), (0.879591, 0.3950816), (0.881867, 0.37288636), (0.88314503, 0.37303147), (0.87167436, 0.46571955), (0.86964685, 0.4666595), (0.8713966, 0.44559023), (0.87272996, 0.44537583), (0.86964685, 0.4666595), (0.8687765, 0.47441372), (0.8701578, 0.44638258), (0.8713966, 0.44559023), (0.8713966, 0.44559023), (0.8701578, 0.44638258), (0.871539, 0.41835132), (0.8728765, 0.4195016), (0.87272996, 0.44537583), (0.8713966, 0.44559023), (0.8728765, 0.4195016), (0.8740971, 0.41962826), (0.8740971, 0.41962826), (0.8728765, 0.4195016), (0.87461394, 0.39448968), (0.8758547, 0.3946785), (0.8728765, 0.4195016), (0.871539, 0.41835132), (0.87334156, 0.39400494), (0.87461394, 0.39448968), (0.87461394, 0.39448968), (0.87334156, 0.39400494), (0.8751439, 0.36965844), (0.8766659, 0.3719786), (0.8758547, 0.3946785), (0.87461394, 0.39448968), (0.8766659, 0.3719786), (0.87798756, 0.37236318), (0.8729611, 0.48673728), (0.861341, 0.48914248), (0.86666787, 0.47739825), (0.8710223, 0.47644487), (0.861341, 0.48914248), (0.85492444, 0.48109078), (0.8618506, 0.47775233), (0.86666787, 0.47739825), (0.86666787, 0.47739825), (0.8618506, 0.47775233), (0.8687765, 0.47441372), (0.86964685, 0.4666595), (0.8710223, 0.47644487), (0.86666787, 0.47739825), (0.86964685, 0.4666595), (0.87167436, 0.46571955), (0.87798756, 0.37236318), (0.8766659, 0.3719786), (0.879075, 0.35275793), (0.8804558, 0.35303488), (0.8766659, 0.3719786), (0.8751439, 0.36965844), (0.8776672, 0.3522798), (0.879075, 0.35275793), (0.879075, 0.35275793), (0.8776672, 0.3522798), (0.88019025, 0.3349011), (0.88173693, 0.33522612), (0.8804558, 0.35303488), (0.879075, 0.35275793), (0.88173693, 0.33522612), (0.8832128, 0.33547464), (0.8832128, 0.33547464), (0.88173693, 0.33522612), (0.88461435, 0.3181502), (0.88622427, 0.31842342), (0.88173693, 0.33522612), (0.88019025, 0.3349011), (0.8829685, 0.31779775), (0.88461435, 0.3181502), (0.88314503, 0.37303147), (0.881867, 0.37288636), (0.88444626, 0.35362402), (0.8856993, 0.35376722), (0.881867, 0.37288636), (0.8805827, 0.37272927), (0.8831618, 0.3534591), (0.88444626, 0.35362402), (0.88444626, 0.35362402), (0.8831618, 0.3534591), (0.88606626, 0.33592778), (0.8873566, 0.33610797), (0.8856993, 0.35376722), (0.88444626, 0.35362402), (0.8873566, 0.33610797), (0.88858366, 0.3362667), (0.88858366, 0.3362667), (0.8873566, 0.33610797), (0.89062846, 0.31910813), (0.89186305, 0.31929198), (0.8873566, 0.33610797), (0.88606626, 0.33592778), (0.8892986, 0.3189062), (0.89062846, 0.31910813), (0.8906562, 0.3364446), (0.8897703, 0.33641085), (0.893074, 0.3194539), (0.89425457, 0.31954062), (0.8897703, 0.33641085), (0.8885837, 0.33626676), (0.8918631, 0.31929198), (0.893074, 0.3194539), (0.88562447, 0.37104735), (0.88441586, 0.37298536), (0.88693804, 0.3538567), (0.88814044, 0.35374603), (0.88441586, 0.37298536), (0.8831451, 0.37303147), (0.8856994, 0.35376728), (0.88693804, 0.3538567), (0.88693804, 0.3538567), (0.8856994, 0.35376728), (0.8885837, 0.33626676), (0.8897703, 0.33641085), (0.88814044, 0.35374603), (0.88693804, 0.3538567), (0.8897703, 0.33641085), (0.8906562, 0.3364446), (0.8810406, 0.41927183), (0.88020515, 0.4201673), (0.8821173, 0.3953492), (0.8833326, 0.39515966), (0.88020515, 0.4201673), (0.8789996, 0.42007002), (0.88085884, 0.39525023), (0.8821173, 0.3953492), (0.8821173, 0.3953492), (0.88085884, 0.39525023), (0.8831451, 0.37303147), (0.88441586, 0.37298536), (0.8833326, 0.39515966), (0.8821173, 0.3953492), (0.88441586, 0.37298536), (0.88562447, 0.37104735), (0.87912023, 0.4746436), (0.87866026, 0.4669386), (0.8789778, 0.44603014), (0.8800805, 0.44695777), (0.87866026, 0.4669386), (0.87691146, 0.46589506), (0.87771845, 0.4456687), (0.8789778, 0.44603014), (0.8789778, 0.44603014), (0.87771845, 0.4456687), (0.8789996, 0.42007002), (0.88020515, 0.4201673), (0.8800805, 0.44695777), (0.8789778, 0.44603014), (0.88020515, 0.4201673), (0.8810406, 0.41927183), (0.8891067, 0.4818506), (0.8822067, 0.48883426), (0.87979853, 0.47762504), (0.8841136, 0.47824717), (0.8822067, 0.48883426), (0.8729611, 0.48673728), (0.87617093, 0.47654822), (0.87979853, 0.47762504), (0.87979853, 0.47762504), (0.87617093, 0.47654822), (0.87691146, 0.46589506), (0.87866026, 0.4669386), (0.8841136, 0.47824717), (0.87979853, 0.47762504), (0.87866026, 0.4669386), (0.87912023, 0.4746436), (0.88606626, 0.33592778), (0.88467103, 0.33571193), (0.8878092, 0.3186739), (0.8892986, 0.3189062), (0.88467103, 0.33571193), (0.88321286, 0.33547458), (0.8862244, 0.31842345), (0.8878092, 0.3186739), (0.8805827, 0.37272927), (0.8792882, 0.3725522), (0.8818245, 0.35325786), (0.8831618, 0.3534591), (0.8792882, 0.3725522), (0.87798756, 0.37236315), (0.88045585, 0.35303482), (0.8818245, 0.35325786), (0.8818245, 0.35325786), (0.88045585, 0.35303482), (0.88321286, 0.33547458), (0.88467103, 0.33571193), (0.8831618, 0.3534591), (0.8818245, 0.35325786), (0.88467103, 0.33571193), (0.88606626, 0.33592778), (0.8729611, 0.48673728), (0.8710223, 0.47644487), (0.8728526, 0.47449425), (0.8737104, 0.47660872), (0.87167436, 0.46571958), (0.873221, 0.46548864), (0.8728526, 0.47449425), (0.8710222, 0.47644484), (0.8744006, 0.46556458), (0.87371045, 0.47660872), (0.8728526, 0.47449425), (0.873221, 0.4654886), (0.8765259, 0.4197344), (0.8753072, 0.4196598), (0.87708884, 0.3947957), (0.87833226, 0.39492694), (0.8753072, 0.4196598), (0.8740971, 0.41962832), (0.8758546, 0.39467856), (0.87708884, 0.3947957), (0.87708884, 0.3947957), (0.8758546, 0.39467856), (0.87798756, 0.37236315), (0.8792882, 0.3725522), (0.87833226, 0.39492694), (0.87708884, 0.3947957), (0.8792882, 0.3725522), (0.8805827, 0.37272927), (0.8744006, 0.46556458), (0.873221, 0.46548864), (0.8740186, 0.44531742), (0.8752558, 0.4453448), (0.873221, 0.46548864), (0.87167436, 0.46571955), (0.87272996, 0.44537583), (0.8740186, 0.44531742), (0.8740186, 0.44531742), (0.87272996, 0.44537583), (0.8740971, 0.41962826), (0.8753072, 0.41965982), (0.8752558, 0.4453448), (0.8740186, 0.44531742), (0.8753072, 0.41965982), (0.87652594, 0.4197344)] (
                interpolation = "faceVarying"
            )
            uniform token subdivisionScheme = "none"
            custom string userProperties:blender:data_name = "Plane.033"
        }
    }

    def Scope "_materials"
    {
        def Material "weed_plant_02"
        {
            token outputs:surface.connect = </root/_materials/weed_plant_02/PBRShader.outputs:surface>
            custom string userProperties:blender:data_name = "weed_plant_02"

            def Shader "PBRShader"
            {
                uniform token info:id = "UsdPreviewSurface"
                color3f inputs:diffuseColor.connect = </root/_materials/weed_plant_02/diffuseTex.outputs:rgb>
                float inputs:metallic = 0
                normal3f inputs:normal.connect = </root/_materials/weed_plant_02/normalTex.outputs:rgb>
                float inputs:opacity.connect = </root/_materials/weed_plant_02/opacityTex.outputs:r>
                float inputs:opacityThreshold = 0.35
                float inputs:roughness = 0.8
                float inputs:roughness.connect = </root/_materials/weed_plant_02/roughTex.outputs:r>
                token outputs:surface
            }

            def Shader "stReader"
            {
                uniform token info:id = "UsdPrimvarReader_float2"
                token inputs:varname = "UVMap"
                float2 outputs:result
            }

            def Shader "diffuseTex"
            {
                uniform token info:id = "UsdUVTexture"
                asset inputs:file = @textures/weed_plant_02_diff_4k.jpg@
                token inputs:sourceColorSpace = "sRGB"
                float2 inputs:st.connect = </root/_materials/weed_plant_02/stReader.outputs:result>
                token inputs:wrapS = "repeat"
                token inputs:wrapT = "repeat"
                float3 outputs:rgb
            }

            def Shader "opacityTex"
            {
                uniform token info:id = "UsdUVTexture"
                asset inputs:file = @textures/weed_plant_02_alpha_4k.png@
                token inputs:sourceColorSpace = "raw"
                float2 inputs:st.connect = </root/_materials/weed_plant_02/stReader.outputs:result>
                token inputs:wrapS = "repeat"
                token inputs:wrapT = "repeat"
                float outputs:r
            }

            def Shader "roughTex"
            {
                uniform token info:id = "UsdUVTexture"
                asset inputs:file = @textures/weed_plant_02_rough_4k.exr@
                token inputs:sourceColorSpace = "raw"
                float2 inputs:st.connect = </root/_materials/weed_plant_02/stReader.outputs:result>
                token inputs:wrapS = "repeat"
                token inputs:wrapT = "repeat"
                float outputs:r
            }

            def Shader "normalTex"
            {
                uniform token info:id = "UsdUVTexture"
                float4 inputs:bias = (-1, -1, -1, 0)
                asset inputs:file = @textures/weed_plant_02_nor_gl_4k.exr@
                float4 inputs:scale = (2, 2, 2, 1)
                token inputs:sourceColorSpace = "raw"
                float2 inputs:st.connect = </root/_materials/weed_plant_02/stReader.outputs:result>
                token inputs:wrapS = "repeat"
                token inputs:wrapT = "repeat"
                normal3f outputs:rgb
            }
        }
    }
}

