#usda 1.0
(
    defaultPrim = "root"
    doc = "Blender v4.2.10 LTS"
    metersPerUnit = 1
    upAxis = "Z"
)

def Xform "root" (
    customData = {
        dictionary Blender = {
            bool generated = 1
        }
    }
)
{
    def Xform "weed_plant_02_d_LOD0"
    {
        custom string userProperties:blender:object_name = "weed_plant_02_d_LOD0"

        def Mesh "Plane_042" (
            active = true
            prepend apiSchemas = ["MaterialBindingAPI"]
        )
        {
            int[] creaseIndices = [0, 70, 70, 2, 0, 71, 71, 4, 38, 122, 122, 41, 36, 157, 157, 38, 33, 158, 158, 36, 30, 160, 160, 33, 26, 162, 162, 30, 23, 165, 165, 26, 2, 167, 167, 23, 248, 322, 322, 243, 249, 323, 323, 248, 258, 324, 324, 249, 252, 330, 330, 250, 254, 333, 333, 252, 256, 336, 336, 254, 250, 338, 338, 258, 243, 385, 385, 283, 513, 574, 574, 515, 537, 600, 600, 536, 538, 601, 601, 537, 555, 631, 631, 538, 528, 633, 633, 555, 525, 654, 654, 528, 522, 655, 655, 525, 515, 657, 657, 522, 720, 781, 781, 722, 744, 807, 807, 743, 745, 808, 808, 744, 762, 838, 838, 745, 735, 840, 840, 762, 732, 861, 861, 735, 729, 862, 862, 732, 722, 864, 864, 729, 927, 988, 988, 929, 951, 1014, 1014, 950, 952, 1015, 1015, 951, 969, 1045, 1045, 952, 942, 1047, 1047, 969, 939, 1068, 1068, 942, 936, 1069, 1069, 939, 929, 1071, 1071, 936]
            int[] creaseLengths = [2, 2, 2, 2, 2, 2, 2, 2, 2, 2, 2, 2, 2, 2, 2, 2, 2, 2, 2, 2, 2, 2, 2, 2, 2, 2, 2, 2, 2, 2, 2, 2, 2, 2, 2, 2, 2, 2, 2, 2, 2, 2, 2, 2, 2, 2, 2, 2, 2, 2, 2, 2, 2, 2, 2, 2, 2, 2, 2, 2, 2, 2, 2, 2, 2, 2, 2, 2, 2, 2, 2, 2, 2, 2, 2, 2, 2, 2, 2, 2, 2, 2]
            float[] creaseSharpnesses = [10, 10, 10, 10, 10, 10, 10, 10, 10, 10, 10, 10, 10, 10, 10, 10, 10, 10, 10, 10, 10, 10, 10, 10, 10, 10, 10, 10, 10, 10, 10, 10, 10, 10, 10, 10, 10, 10, 10, 10, 10, 10, 10, 10, 10, 10, 10, 10, 10, 10, 10, 10, 10, 10, 10, 10, 10, 10, 10, 10, 10, 10, 10, 10, 10, 10, 10, 10, 10, 10, 10, 10, 10, 10, 10, 10, 10, 10, 10, 10, 10, 10]
            uniform bool doubleSided = 1
            float3[] extent = [(-0.07664976, -0.04627428, -0.0004347926), (0.077415556, 0.061834324, 0.03851134)]
            int[] faceVertexCounts = [4, 4, 4, 4, 4, 4, 4, 4, 4, 4, 4, 4, 4, 4, 4, 4, 4, 4, 4, 4, 4, 4, 4, 4, 4, 4, 4, 4, 4, 4, 4, 4, 4, 4, 4, 4, 4, 4, 4, 4, 4, 4, 4, 4, 4, 4, 4, 4, 4, 4, 4, 4, 4, 4, 4, 4, 4, 4, 4, 4, 4, 4, 4, 4, 4, 4, 4, 4, 4, 4, 4, 4, 4, 4, 4, 4, 4, 4, 4, 4, 4, 4, 4, 4, 4, 4, 4, 4, 4, 4, 4, 4, 4, 4, 4, 4, 4, 4, 4, 4, 4, 4, 4, 4, 4, 4, 4, 4, 4, 4, 4, 4, 4, 4, 4, 4, 4, 4, 4, 4, 4, 4, 4, 4, 4, 4, 4, 4, 4, 4, 4, 4, 4, 4, 4, 4, 4, 4, 4, 4, 4, 4, 4, 4, 4, 4, 4, 4, 4, 4, 4, 4, 4, 4, 4, 4, 4, 4, 4, 4, 4, 4, 4, 4, 4, 4, 4, 4, 4, 4, 4, 4, 4, 4, 4, 4, 4, 4, 4, 4, 4, 4, 4, 4, 4, 4, 4, 4, 4, 4, 4, 4, 4, 4, 4, 4, 4, 4, 4, 4, 4, 4, 4, 4, 4, 4, 4, 4, 4, 4, 4, 4, 4, 4, 4, 4, 4, 4, 4, 4, 4, 4, 4, 4, 4, 4, 4, 4, 4, 4, 4, 4, 4, 4, 4, 4, 4, 4, 4, 4, 4, 4, 4, 4, 4, 4, 4, 4, 4, 4, 4, 4, 4, 4, 4, 4, 4, 4, 4, 4, 4, 4, 4, 4, 4, 4, 4, 4, 4, 4, 4, 4, 4, 4, 4, 4, 4, 4, 4, 4, 4, 4, 4, 4, 4, 4, 4, 4, 4, 4, 4, 4, 4, 4, 4, 4, 4, 4, 4, 4, 4, 4, 4, 4, 4, 4, 4, 4, 4, 4, 4, 4, 4, 4, 4, 4, 4, 4, 4, 4, 4, 4, 4, 4, 4, 4, 4, 4, 4, 4, 4, 4, 4, 4, 4, 4, 4, 4, 4, 4, 4, 4, 4, 4, 4, 4, 4, 4, 4, 4, 4, 4, 4, 4, 4, 4, 4, 4, 4, 4, 4, 4, 4, 4, 4, 4, 4, 4, 4, 4, 4, 4, 4, 4, 4, 4, 4, 4, 4, 4, 4, 4, 4, 4, 4, 4, 4, 4, 4, 4, 4, 4, 4, 4, 4, 4, 4, 4, 4, 4, 4, 4, 4, 4, 4, 4, 4, 4, 4, 4, 4, 4, 4, 4, 4, 4, 4, 4, 4, 4, 4, 4, 4, 4, 4, 4, 4, 4, 4, 4, 4, 4, 4, 4, 4, 4, 4, 4, 4, 4, 4, 4, 4, 4, 4, 4, 4, 4, 4, 4, 4, 4, 4, 4, 4, 4, 4, 4, 4, 4, 4, 4, 4, 4, 4, 4, 4, 4, 4, 4, 4, 4, 4, 4, 4, 4, 4, 4, 4, 4, 4, 4, 4, 4, 4, 4, 4, 4, 4, 4, 4, 4, 4, 4, 4, 4, 4, 4, 4, 4, 4, 4, 4, 4, 4, 4, 4, 4, 4, 4, 4, 4, 4, 4, 4, 4, 4, 4, 4, 4, 4, 4, 4, 4, 4, 4, 4, 4, 4, 4, 4, 4, 4, 4, 4, 4, 4, 4, 4, 4, 4, 4, 4, 4, 4, 4, 4, 4, 4, 4, 4, 4, 4, 4, 4, 4, 4, 4, 4, 4, 4, 4, 4, 4, 4, 4, 4, 4, 4, 4, 4, 4, 4, 4, 4, 4, 4, 4, 4, 4, 4, 4, 4, 4, 4, 4, 4, 4, 4, 4, 4, 4, 4, 4, 4, 4, 4, 4, 4, 4, 4, 4, 4, 4, 4, 4, 4, 4, 4, 4, 4, 4, 4, 4, 4, 4, 4, 4, 4, 4, 4, 4, 4, 4, 4, 4, 4, 4, 4, 4, 4, 4, 4, 4, 4, 4, 4, 4, 4, 4, 4, 4, 4, 4, 4, 4, 4, 4, 4, 4, 4, 4, 4, 4, 4, 4, 4, 4, 4, 4, 4, 4, 4, 4, 4, 4, 4, 4, 4, 4, 4, 4, 4, 4, 4, 4, 4, 4, 4, 4, 4, 4, 4, 4, 4, 4, 4, 4, 4, 4, 4, 4, 4, 4, 4, 4, 4, 4, 4, 4, 4, 4, 4, 4, 4, 4, 4, 4, 4, 4, 4, 4, 4, 4, 4, 4, 4, 4, 4, 4, 4, 4, 4, 4, 4, 4, 4, 4, 4, 4, 4, 4, 4, 4, 4, 4, 4, 4, 4, 4, 4, 4, 4, 4, 4, 4, 4, 4, 4, 4, 4, 4, 4, 4, 4, 4, 4, 4, 4, 4, 4, 4, 4, 4, 4, 4, 4, 4, 4, 4, 4, 4, 4, 4, 4, 4, 4, 4, 4, 4, 4, 4, 4, 4, 4, 4, 4, 4, 4, 4, 4, 4, 4, 4, 4, 4, 4, 4, 4, 4, 4, 4, 4, 4, 4, 4, 4, 4, 4, 4, 4, 4, 4, 4, 4, 4, 4, 4, 4, 4, 4, 4, 4, 4, 4, 4, 4, 4, 4, 4, 4, 4, 4, 4, 4, 4, 4, 4, 4, 4, 4, 4, 4, 4, 4, 4, 4, 4, 4, 4, 4, 4, 4, 4, 4, 4, 4, 4, 4, 4, 4, 4, 4, 4, 4, 4, 4, 4, 4, 4, 4, 4, 4, 4, 4, 4, 4, 4, 4, 4, 4, 4, 4, 4, 4, 4, 4, 4, 4, 4, 4, 4, 4, 4, 4, 4, 4, 4, 4, 4, 4, 4, 4, 4, 4, 4, 4, 4, 4, 4, 4, 4, 4, 4, 4, 4, 4, 4, 4, 4, 4, 4, 4, 4, 4, 4, 4, 4, 4, 4, 4, 4, 4, 4, 4, 4, 4, 4, 4, 4, 4, 4, 4, 4, 4, 4, 4, 4, 4, 4, 4, 4, 4, 4, 4, 4, 4, 4, 4, 4, 4, 4, 4, 4]
            int[] faceVertexIndices = [0, 178, 191, 188, 178, 60, 169, 191, 191, 169, 5, 95, 188, 191, 95, 1, 0, 188, 192, 70, 188, 1, 149, 192, 192, 149, 58, 150, 70, 192, 150, 2, 2, 99, 193, 70, 99, 20, 97, 193, 193, 97, 3, 189, 70, 193, 189, 0, 0, 190, 194, 71, 65, 179, 194, 190, 4, 71, 194, 179, 60, 177, 195, 169, 177, 61, 170, 195, 195, 170, 8, 93, 169, 195, 93, 5, 65, 187, 196, 179, 187, 66, 180, 196, 196, 180, 7, 74, 179, 196, 74, 4, 61, 176, 197, 170, 176, 62, 171, 197, 197, 171, 12, 91, 170, 197, 91, 8, 66, 186, 198, 180, 186, 67, 181, 198, 198, 181, 10, 77, 180, 198, 77, 7, 67, 185, 199, 181, 185, 68, 182, 199, 199, 182, 11, 78, 181, 199, 78, 10, 62, 175, 200, 171, 175, 64, 173, 200, 200, 173, 18, 89, 171, 200, 89, 12, 68, 184, 201, 182, 184, 69, 183, 201, 201, 183, 16, 87, 182, 201, 87, 11, 64, 174, 202, 173, 174, 63, 172, 202, 202, 172, 17, 88, 173, 202, 88, 18, 20, 98, 203, 97, 98, 21, 168, 203, 203, 168, 19, 96, 97, 203, 96, 3, 22, 102, 204, 100, 102, 24, 166, 204, 204, 166, 21, 98, 100, 204, 98, 20, 23, 101, 205, 167, 101, 22, 100, 205, 205, 100, 20, 99, 167, 205, 99, 2, 26, 104, 206, 165, 104, 25, 103, 206, 206, 103, 22, 101, 165, 206, 101, 23, 25, 105, 207, 103, 105, 27, 164, 207, 207, 164, 24, 102, 103, 207, 102, 22, 30, 108, 208, 162, 108, 28, 106, 208, 208, 106, 25, 104, 162, 208, 104, 26, 28, 107, 209, 106, 107, 29, 163, 209, 209, 163, 27, 105, 106, 209, 105, 25, 31, 110, 210, 109, 110, 32, 161, 210, 210, 161, 29, 107, 109, 210, 107, 28, 33, 111, 211, 160, 111, 31, 109, 211, 211, 109, 28, 108, 160, 211, 108, 30, 34, 113, 212, 112, 113, 35, 159, 212, 212, 159, 32, 110, 112, 212, 110, 31, 36, 114, 213, 158, 114, 34, 112, 213, 213, 112, 31, 111, 158, 213, 111, 33, 37, 117, 214, 115, 117, 39, 156, 214, 214, 156, 35, 113, 115, 214, 113, 34, 38, 116, 215, 157, 116, 37, 115, 215, 215, 115, 34, 114, 157, 215, 114, 36, 41, 119, 216, 122, 119, 40, 118, 216, 216, 118, 37, 116, 122, 216, 116, 38, 40, 120, 217, 118, 120, 42, 121, 217, 217, 121, 39, 117, 118, 217, 117, 37, 38, 155, 218, 122, 155, 44, 124, 218, 218, 124, 43, 123, 122, 218, 123, 41, 44, 128, 219, 124, 128, 46, 126, 219, 219, 126, 45, 125, 124, 219, 125, 43, 49, 130, 220, 131, 130, 47, 127, 220, 220, 127, 46, 128, 131, 220, 128, 44, 50, 136, 221, 132, 136, 48, 129, 221, 221, 129, 47, 130, 132, 221, 130, 49, 36, 133, 222, 157, 133, 49, 131, 222, 222, 131, 44, 155, 157, 222, 155, 38, 33, 135, 223, 158, 135, 50, 132, 223, 223, 132, 49, 133, 158, 223, 133, 36, 51, 138, 224, 134, 138, 53, 140, 224, 224, 140, 48, 136, 134, 224, 136, 50, 30, 139, 225, 160, 139, 51, 134, 225, 225, 134, 50, 135, 160, 225, 135, 33, 26, 154, 226, 162, 154, 52, 137, 226, 226, 137, 51, 139, 162, 226, 139, 30, 52, 143, 227, 137, 143, 54, 141, 227, 227, 141, 53, 138, 137, 227, 138, 51, 57, 145, 228, 146, 145, 55, 142, 228, 228, 142, 54, 143, 146, 228, 143, 52, 58, 151, 229, 147, 151, 56, 144, 229, 229, 144, 55, 145, 147, 229, 145, 57, 23, 148, 230, 165, 148, 57, 146, 230, 230, 146, 52, 154, 165, 230, 154, 26, 2, 150, 231, 167, 150, 58, 147, 231, 231, 147, 57, 148, 167, 231, 148, 23, 1, 153, 232, 149, 153, 59, 152, 232, 232, 152, 56, 151, 149, 232, 151, 58, 11, 87, 233, 90, 87, 16, 86, 233, 233, 86, 63, 174, 90, 233, 174, 64, 10, 78, 234, 79, 78, 11, 90, 234, 234, 90, 64, 175, 79, 234, 175, 62, 7, 77, 235, 75, 77, 10, 79, 235, 235, 79, 62, 176, 75, 235, 176, 61, 4, 74, 236, 72, 74, 7, 75, 236, 236, 75, 61, 177, 72, 236, 177, 60, 0, 71, 237, 178, 4, 72, 237, 71, 60, 178, 237, 72, 14, 83, 238, 84, 83, 15, 85, 238, 238, 85, 69, 184, 84, 238, 184, 68, 13, 82, 239, 80, 82, 14, 84, 239, 239, 84, 68, 185, 80, 239, 185, 67, 9, 81, 240, 76, 81, 13, 80, 240, 240, 80, 67, 186, 76, 240, 186, 66, 6, 92, 241, 73, 92, 9, 76, 241, 241, 76, 66, 187, 73, 241, 187, 65, 3, 94, 242, 189, 94, 6, 73, 242, 242, 73, 65, 190, 189, 242, 190, 0, 268, 367, 453, 354, 367, 267, 321, 453, 453, 321, 246, 318, 354, 453, 318, 245, 269, 366, 454, 355, 366, 268, 354, 454, 454, 354, 245, 320, 355, 454, 320, 244, 274, 365, 455, 339, 365, 269, 355, 455, 455, 355, 244, 337, 339, 455, 337, 257, 270, 356, 456, 364, 356, 247, 329, 456, 456, 329, 251, 357, 364, 456, 357, 271, 271, 357, 457, 363, 357, 251, 332, 457, 457, 332, 253, 358, 363, 457, 358, 272, 272, 358, 458, 362, 358, 253, 335, 458, 458, 335, 255, 359, 362, 458, 359, 273, 270, 361, 459, 356, 361, 274, 339, 459, 459, 339, 257, 319, 356, 459, 319, 247, 276, 382, 460, 369, 382, 275, 347, 460, 460, 347, 265, 345, 369, 460, 345, 264, 278, 381, 461, 371, 381, 277, 349, 461, 461, 349, 261, 341, 371, 461, 341, 260, 280, 380, 462, 373, 380, 279, 351, 462, 462, 351, 263, 343, 373, 462, 343, 262, 277, 379, 463, 349, 379, 281, 353, 463, 463, 353, 266, 342, 349, 463, 342, 261, 279, 378, 464, 351, 378, 276, 369, 464, 464, 369, 264, 344, 351, 464, 344, 263, 282, 377, 465, 375, 377, 278, 371, 465, 465, 371, 260, 340, 375, 465, 340, 259, 281, 376, 466, 353, 376, 280, 373, 466, 466, 373, 262, 346, 353, 466, 346, 266, 250, 338, 467, 327, 338, 258, 360, 467, 467, 360, 274, 361, 327, 467, 361, 270, 254, 331, 468, 336, 331, 272, 362, 468, 468, 362, 273, 334, 336, 468, 334, 256, 252, 328, 469, 333, 328, 271, 363, 469, 469, 363, 272, 331, 333, 469, 331, 254, 250, 327, 470, 330, 327, 270, 364, 470, 470, 364, 271, 328, 330, 470, 328, 252, 258, 324, 471, 360, 324, 249, 326, 471, 471, 326, 269, 365, 360, 471, 365, 274, 249, 323, 472, 326, 323, 248, 325, 472, 472, 325, 268, 366, 326, 472, 366, 269, 248, 322, 473, 325, 322, 243, 450, 473, 473, 450, 267, 367, 325, 473, 367, 268, 258, 338, 474, 374, 338, 250, 352, 474, 474, 352, 280, 376, 374, 474, 376, 281, 243, 322, 475, 451, 322, 248, 350, 475, 475, 350, 278, 377, 451, 475, 377, 282, 252, 333, 476, 372, 333, 254, 348, 476, 476, 348, 276, 378, 372, 476, 378, 279, 249, 324, 477, 370, 324, 258, 374, 477, 477, 374, 281, 379, 370, 477, 379, 277, 250, 330, 478, 352, 330, 252, 372, 478, 478, 372, 279, 380, 352, 478, 380, 280, 248, 323, 479, 350, 323, 249, 370, 479, 479, 370, 277, 381, 350, 479, 381, 278, 254, 336, 480, 348, 336, 256, 368, 480, 480, 368, 275, 382, 348, 480, 382, 276, 243, 385, 481, 435, 283, 421, 481, 385, 304, 435, 481, 421, 243, 451, 482, 452, 451, 282, 387, 482, 482, 387, 285, 436, 452, 482, 436, 311, 309, 426, 483, 434, 426, 298, 390, 483, 483, 390, 286, 422, 434, 483, 422, 305, 316, 441, 484, 449, 441, 300, 392, 484, 484, 392, 288, 437, 449, 484, 437, 312, 307, 424, 485, 433, 424, 292, 395, 485, 485, 395, 289, 423, 433, 485, 423, 306, 314, 439, 486, 448, 439, 294, 397, 486, 486, 397, 291, 438, 448, 486, 438, 313, 312, 437, 487, 447, 437, 288, 400, 487, 487, 400, 294, 439, 447, 487, 439, 314, 305, 422, 488, 432, 422, 286, 398, 488, 488, 398, 292, 424, 432, 488, 424, 307, 306, 423, 489, 431, 423, 289, 405, 489, 489, 405, 295, 425, 431, 489, 425, 308, 313, 438, 490, 446, 438, 291, 407, 490, 490, 407, 297, 440, 446, 490, 440, 315, 308, 425, 491, 430, 425, 295, 408, 491, 315, 440, 492, 445, 440, 297, 410, 492, 317, 442, 493, 444, 442, 303, 413, 493, 493, 413, 300, 441, 444, 493, 441, 316, 310, 427, 494, 429, 427, 302, 411, 494, 494, 411, 298, 426, 429, 494, 426, 309, 304, 421, 495, 428, 421, 283, 417, 495, 495, 417, 302, 427, 428, 495, 427, 310, 311, 436, 496, 443, 436, 285, 418, 496, 496, 418, 303, 442, 443, 496, 442, 317, 284, 384, 497, 391, 384, 304, 428, 497, 497, 428, 310, 419, 391, 497, 419, 301, 301, 419, 498, 416, 419, 310, 429, 498, 498, 429, 309, 415, 416, 498, 415, 299, 296, 404, 499, 409, 404, 308, 430, 499, 290, 394, 500, 406, 394, 306, 431, 500, 500, 431, 308, 404, 406, 500, 404, 296, 287, 389, 501, 396, 389, 305, 432, 501, 501, 432, 307, 402, 396, 501, 402, 293, 293, 402, 502, 399, 402, 307, 433, 502, 502, 433, 306, 394, 399, 502, 394, 290, 299, 415, 503, 412, 415, 309, 434, 503, 503, 434, 305, 389, 412, 503, 389, 287, 267, 450, 504, 386, 450, 243, 435, 504, 504, 435, 304, 384, 386, 504, 384, 284, 283, 383, 505, 417, 383, 311, 443, 505, 505, 443, 317, 420, 417, 505, 420, 302, 302, 420, 506, 411, 420, 317, 444, 506, 506, 444, 316, 414, 411, 506, 414, 298, 295, 403, 507, 408, 403, 315, 445, 507, 289, 393, 508, 405, 393, 313, 446, 508, 508, 446, 315, 403, 405, 508, 403, 295, 286, 388, 509, 398, 388, 312, 447, 509, 509, 447, 314, 401, 398, 509, 401, 292, 292, 401, 510, 395, 401, 314, 448, 510, 510, 448, 313, 393, 395, 510, 393, 289, 298, 414, 511, 390, 414, 316, 449, 511, 511, 449, 312, 388, 390, 511, 388, 286, 243, 452, 512, 385, 311, 383, 512, 452, 283, 385, 512, 383, 513, 574, 676, 573, 574, 515, 623, 676, 676, 623, 552, 624, 573, 676, 624, 514, 515, 574, 677, 579, 574, 513, 575, 677, 677, 575, 516, 577, 579, 677, 577, 518, 518, 577, 678, 578, 577, 516, 576, 678, 678, 576, 517, 659, 578, 678, 659, 519, 520, 580, 679, 581, 580, 518, 578, 679, 679, 578, 519, 658, 581, 679, 658, 521, 522, 657, 680, 582, 657, 515, 579, 680, 680, 579, 518, 580, 582, 680, 580, 520, 523, 583, 681, 584, 583, 520, 581, 681, 681, 581, 521, 656, 584, 681, 656, 524, 525, 655, 682, 585, 655, 522, 582, 682, 682, 582, 520, 583, 585, 682, 583, 523, 526, 586, 683, 589, 586, 523, 584, 683, 683, 584, 524, 590, 589, 683, 590, 529, 528, 654, 684, 588, 654, 525, 585, 684, 684, 585, 523, 586, 588, 684, 586, 526, 555, 633, 685, 632, 633, 528, 588, 685, 685, 588, 526, 587, 632, 685, 587, 527, 527, 587, 686, 593, 587, 526, 589, 686, 686, 589, 529, 591, 593, 686, 591, 530, 532, 653, 687, 594, 653, 527, 593, 687, 687, 593, 530, 592, 594, 687, 592, 531, 535, 598, 688, 597, 598, 532, 594, 688, 688, 594, 531, 595, 597, 688, 595, 533, 535, 597, 689, 674, 597, 533, 596, 689, 689, 596, 534, 652, 674, 689, 652, 568, 537, 601, 690, 599, 601, 538, 651, 690, 690, 651, 532, 598, 599, 690, 598, 535, 538, 601, 691, 650, 601, 537, 602, 691, 691, 602, 539, 603, 650, 691, 603, 540, 540, 603, 692, 608, 603, 539, 604, 692, 692, 604, 541, 606, 608, 692, 606, 543, 545, 629, 693, 609, 629, 540, 608, 693, 693, 608, 543, 607, 609, 693, 607, 544, 548, 614, 694, 612, 614, 545, 609, 694, 694, 609, 544, 610, 612, 694, 610, 546, 549, 615, 695, 616, 615, 548, 612, 695, 695, 612, 546, 611, 616, 695, 611, 547, 525, 654, 696, 617, 654, 528, 613, 696, 696, 613, 548, 615, 617, 696, 615, 549, 528, 633, 697, 613, 633, 555, 630, 697, 697, 630, 545, 614, 613, 697, 614, 548, 550, 618, 698, 620, 618, 549, 616, 698, 698, 616, 547, 628, 620, 698, 628, 551, 522, 655, 699, 619, 655, 525, 617, 699, 699, 617, 549, 618, 619, 699, 618, 550, 515, 657, 700, 623, 657, 522, 619, 700, 700, 619, 550, 621, 623, 700, 621, 552, 552, 621, 701, 622, 621, 550, 620, 701, 701, 620, 551, 625, 622, 701, 625, 553, 514, 624, 702, 627, 624, 552, 622, 702, 702, 622, 553, 626, 627, 702, 626, 554, 555, 631, 703, 630, 631, 538, 650, 703, 703, 650, 540, 629, 630, 703, 629, 545, 538, 631, 704, 651, 631, 555, 632, 704, 704, 632, 527, 653, 651, 704, 653, 532, 569, 667, 705, 673, 667, 536, 638, 705, 705, 638, 558, 668, 673, 705, 668, 570, 570, 668, 706, 672, 668, 558, 639, 706, 706, 639, 559, 670, 672, 706, 670, 572, 565, 666, 707, 640, 666, 568, 652, 707, 707, 652, 534, 641, 640, 707, 641, 560, 566, 665, 708, 644, 665, 565, 640, 708, 708, 640, 560, 642, 644, 708, 642, 561, 567, 664, 709, 662, 664, 566, 644, 709, 709, 644, 561, 643, 662, 709, 643, 562, 572, 670, 710, 671, 670, 559, 646, 710, 710, 646, 563, 669, 671, 710, 669, 571, 563, 646, 711, 645, 646, 559, 661, 711, 711, 661, 566, 664, 645, 711, 664, 567, 559, 639, 712, 661, 639, 558, 660, 712, 712, 660, 565, 665, 661, 712, 665, 566, 558, 638, 713, 660, 638, 536, 663, 713, 713, 663, 568, 666, 660, 713, 666, 565, 557, 649, 714, 648, 649, 572, 671, 714, 714, 671, 571, 647, 648, 714, 647, 564, 556, 637, 715, 636, 637, 570, 672, 715, 715, 672, 572, 649, 636, 715, 649, 557, 542, 635, 716, 634, 635, 569, 673, 716, 716, 673, 570, 637, 634, 716, 637, 556, 536, 667, 717, 600, 667, 569, 675, 717, 717, 675, 539, 602, 600, 717, 602, 537, 541, 604, 718, 605, 604, 539, 675, 718, 718, 675, 569, 635, 605, 718, 635, 542, 536, 600, 719, 663, 600, 537, 599, 719, 719, 599, 535, 674, 663, 719, 674, 568, 720, 781, 883, 780, 781, 722, 830, 883, 883, 830, 759, 831, 780, 883, 831, 721, 722, 781, 884, 786, 781, 720, 782, 884, 884, 782, 723, 784, 786, 884, 784, 725, 725, 784, 885, 785, 784, 723, 783, 885, 885, 783, 724, 866, 785, 885, 866, 726, 727, 787, 886, 788, 787, 725, 785, 886, 886, 785, 726, 865, 788, 886, 865, 728, 729, 864, 887, 789, 864, 722, 786, 887, 887, 786, 725, 787, 789, 887, 787, 727, 730, 790, 888, 791, 790, 727, 788, 888, 888, 788, 728, 863, 791, 888, 863, 731, 732, 862, 889, 792, 862, 729, 789, 889, 889, 789, 727, 790, 792, 889, 790, 730, 733, 793, 890, 796, 793, 730, 791, 890, 890, 791, 731, 797, 796, 890, 797, 736, 735, 861, 891, 795, 861, 732, 792, 891, 891, 792, 730, 793, 795, 891, 793, 733, 762, 840, 892, 839, 840, 735, 795, 892, 892, 795, 733, 794, 839, 892, 794, 734, 734, 794, 893, 800, 794, 733, 796, 893, 893, 796, 736, 798, 800, 893, 798, 737, 739, 860, 894, 801, 860, 734, 800, 894, 894, 800, 737, 799, 801, 894, 799, 738, 742, 805, 895, 804, 805, 739, 801, 895, 895, 801, 738, 802, 804, 895, 802, 740, 742, 804, 896, 881, 804, 740, 803, 896, 896, 803, 741, 859, 881, 896, 859, 775, 744, 808, 897, 806, 808, 745, 858, 897, 897, 858, 739, 805, 806, 897, 805, 742, 745, 808, 898, 857, 808, 744, 809, 898, 898, 809, 746, 810, 857, 898, 810, 747, 747, 810, 899, 815, 810, 746, 811, 899, 899, 811, 748, 813, 815, 899, 813, 750, 752, 836, 900, 816, 836, 747, 815, 900, 900, 815, 750, 814, 816, 900, 814, 751, 755, 821, 901, 819, 821, 752, 816, 901, 901, 816, 751, 817, 819, 901, 817, 753, 756, 822, 902, 823, 822, 755, 819, 902, 902, 819, 753, 818, 823, 902, 818, 754, 732, 861, 903, 824, 861, 735, 820, 903, 903, 820, 755, 822, 824, 903, 822, 756, 735, 840, 904, 820, 840, 762, 837, 904, 904, 837, 752, 821, 820, 904, 821, 755, 757, 825, 905, 827, 825, 756, 823, 905, 905, 823, 754, 835, 827, 905, 835, 758, 729, 862, 906, 826, 862, 732, 824, 906, 906, 824, 756, 825, 826, 906, 825, 757, 722, 864, 907, 830, 864, 729, 826, 907, 907, 826, 757, 828, 830, 907, 828, 759, 759, 828, 908, 829, 828, 757, 827, 908, 908, 827, 758, 832, 829, 908, 832, 760, 721, 831, 909, 834, 831, 759, 829, 909, 909, 829, 760, 833, 834, 909, 833, 761, 762, 838, 910, 837, 838, 745, 857, 910, 910, 857, 747, 836, 837, 910, 836, 752, 745, 838, 911, 858, 838, 762, 839, 911, 911, 839, 734, 860, 858, 911, 860, 739, 776, 874, 912, 880, 874, 743, 845, 912, 912, 845, 765, 875, 880, 912, 875, 777, 777, 875, 913, 879, 875, 765, 846, 913, 913, 846, 766, 877, 879, 913, 877, 779, 772, 873, 914, 847, 873, 775, 859, 914, 914, 859, 741, 848, 847, 914, 848, 767, 773, 872, 915, 851, 872, 772, 847, 915, 915, 847, 767, 849, 851, 915, 849, 768, 774, 871, 916, 869, 871, 773, 851, 916, 916, 851, 768, 850, 869, 916, 850, 769, 779, 877, 917, 878, 877, 766, 853, 917, 917, 853, 770, 876, 878, 917, 876, 778, 770, 853, 918, 852, 853, 766, 868, 918, 918, 868, 773, 871, 852, 918, 871, 774, 766, 846, 919, 868, 846, 765, 867, 919, 919, 867, 772, 872, 868, 919, 872, 773, 765, 845, 920, 867, 845, 743, 870, 920, 920, 870, 775, 873, 867, 920, 873, 772, 764, 856, 921, 855, 856, 779, 878, 921, 921, 878, 778, 854, 855, 921, 854, 771, 763, 844, 922, 843, 844, 777, 879, 922, 922, 879, 779, 856, 843, 922, 856, 764, 749, 842, 923, 841, 842, 776, 880, 923, 923, 880, 777, 844, 841, 923, 844, 763, 743, 874, 924, 807, 874, 776, 882, 924, 924, 882, 746, 809, 807, 924, 809, 744, 748, 811, 925, 812, 811, 746, 882, 925, 925, 882, 776, 842, 812, 925, 842, 749, 743, 807, 926, 870, 807, 744, 806, 926, 926, 806, 742, 881, 870, 926, 881, 775, 927, 988, 1090, 987, 988, 929, 1037, 1090, 1090, 1037, 966, 1038, 987, 1090, 1038, 928, 929, 988, 1091, 993, 988, 927, 989, 1091, 1091, 989, 930, 991, 993, 1091, 991, 932, 932, 991, 1092, 992, 991, 930, 990, 1092, 1092, 990, 931, 1073, 992, 1092, 1073, 933, 934, 994, 1093, 995, 994, 932, 992, 1093, 1093, 992, 933, 1072, 995, 1093, 1072, 935, 936, 1071, 1094, 996, 1071, 929, 993, 1094, 1094, 993, 932, 994, 996, 1094, 994, 934, 937, 997, 1095, 998, 997, 934, 995, 1095, 1095, 995, 935, 1070, 998, 1095, 1070, 938, 939, 1069, 1096, 999, 1069, 936, 996, 1096, 1096, 996, 934, 997, 999, 1096, 997, 937, 940, 1000, 1097, 1003, 1000, 937, 998, 1097, 1097, 998, 938, 1004, 1003, 1097, 1004, 943, 942, 1068, 1098, 1002, 1068, 939, 999, 1098, 1098, 999, 937, 1000, 1002, 1098, 1000, 940, 969, 1047, 1099, 1046, 1047, 942, 1002, 1099, 1099, 1002, 940, 1001, 1046, 1099, 1001, 941, 941, 1001, 1100, 1007, 1001, 940, 1003, 1100, 1100, 1003, 943, 1005, 1007, 1100, 1005, 944, 946, 1067, 1101, 1008, 1067, 941, 1007, 1101, 1101, 1007, 944, 1006, 1008, 1101, 1006, 945, 949, 1012, 1102, 1011, 1012, 946, 1008, 1102, 1102, 1008, 945, 1009, 1011, 1102, 1009, 947, 949, 1011, 1103, 1088, 1011, 947, 1010, 1103, 1103, 1010, 948, 1066, 1088, 1103, 1066, 982, 951, 1015, 1104, 1013, 1015, 952, 1065, 1104, 1104, 1065, 946, 1012, 1013, 1104, 1012, 949, 952, 1015, 1105, 1064, 1015, 951, 1016, 1105, 1105, 1016, 953, 1017, 1064, 1105, 1017, 954, 954, 1017, 1106, 1022, 1017, 953, 1018, 1106, 1106, 1018, 955, 1020, 1022, 1106, 1020, 957, 959, 1043, 1107, 1023, 1043, 954, 1022, 1107, 1107, 1022, 957, 1021, 1023, 1107, 1021, 958, 962, 1028, 1108, 1026, 1028, 959, 1023, 1108, 1108, 1023, 958, 1024, 1026, 1108, 1024, 960, 963, 1029, 1109, 1030, 1029, 962, 1026, 1109, 1109, 1026, 960, 1025, 1030, 1109, 1025, 961, 939, 1068, 1110, 1031, 1068, 942, 1027, 1110, 1110, 1027, 962, 1029, 1031, 1110, 1029, 963, 942, 1047, 1111, 1027, 1047, 969, 1044, 1111, 1111, 1044, 959, 1028, 1027, 1111, 1028, 962, 964, 1032, 1112, 1034, 1032, 963, 1030, 1112, 1112, 1030, 961, 1042, 1034, 1112, 1042, 965, 936, 1069, 1113, 1033, 1069, 939, 1031, 1113, 1113, 1031, 963, 1032, 1033, 1113, 1032, 964, 929, 1071, 1114, 1037, 1071, 936, 1033, 1114, 1114, 1033, 964, 1035, 1037, 1114, 1035, 966, 966, 1035, 1115, 1036, 1035, 964, 1034, 1115, 1115, 1034, 965, 1039, 1036, 1115, 1039, 967, 928, 1038, 1116, 1041, 1038, 966, 1036, 1116, 1116, 1036, 967, 1040, 1041, 1116, 1040, 968, 969, 1045, 1117, 1044, 1045, 952, 1064, 1117, 1117, 1064, 954, 1043, 1044, 1117, 1043, 959, 952, 1045, 1118, 1065, 1045, 969, 1046, 1118, 1118, 1046, 941, 1067, 1065, 1118, 1067, 946, 983, 1081, 1119, 1087, 1081, 950, 1052, 1119, 1119, 1052, 972, 1082, 1087, 1119, 1082, 984, 984, 1082, 1120, 1086, 1082, 972, 1053, 1120, 1120, 1053, 973, 1084, 1086, 1120, 1084, 986, 979, 1080, 1121, 1054, 1080, 982, 1066, 1121, 1121, 1066, 948, 1055, 1054, 1121, 1055, 974, 980, 1079, 1122, 1058, 1079, 979, 1054, 1122, 1122, 1054, 974, 1056, 1058, 1122, 1056, 975, 981, 1078, 1123, 1076, 1078, 980, 1058, 1123, 1123, 1058, 975, 1057, 1076, 1123, 1057, 976, 986, 1084, 1124, 1085, 1084, 973, 1060, 1124, 1124, 1060, 977, 1083, 1085, 1124, 1083, 985, 977, 1060, 1125, 1059, 1060, 973, 1075, 1125, 1125, 1075, 980, 1078, 1059, 1125, 1078, 981, 973, 1053, 1126, 1075, 1053, 972, 1074, 1126, 1126, 1074, 979, 1079, 1075, 1126, 1079, 980, 972, 1052, 1127, 1074, 1052, 950, 1077, 1127, 1127, 1077, 982, 1080, 1074, 1127, 1080, 979, 971, 1063, 1128, 1062, 1063, 986, 1085, 1128, 1128, 1085, 985, 1061, 1062, 1128, 1061, 978, 970, 1051, 1129, 1050, 1051, 984, 1086, 1129, 1129, 1086, 986, 1063, 1050, 1129, 1063, 971, 956, 1049, 1130, 1048, 1049, 983, 1087, 1130, 1130, 1087, 984, 1051, 1048, 1130, 1051, 970, 950, 1081, 1131, 1014, 1081, 983, 1089, 1131, 1131, 1089, 953, 1016, 1014, 1131, 1016, 951, 955, 1018, 1132, 1019, 1018, 953, 1089, 1132, 1132, 1089, 983, 1049, 1019, 1132, 1049, 956, 950, 1014, 1133, 1077, 1014, 951, 1013, 1133, 1133, 1013, 949, 1088, 1077, 1133, 1088, 982]
            rel material:binding = </root/_materials/weed_plant_02>
            normal3f[] normals = [(-0.08481644, 0.6197886, 0.780172), (-0.04879906, 0.036762375, 0.9981318), (-0.045356296, 0.27042857, 0.96167105), (-0.06934034, 0.35724184, 0.9314345), (-0.04879906, 0.036762375, 0.9981318), (0.12859872, 0.0018793093, 0.991695), (0.13348587, 0.12705307, 0.98287284), (-0.045356296, 0.27042857, 0.96167105), (-0.045356296, 0.27042857, 0.96167105), (0.13348587, 0.12705307, 0.98287284), (0.1834977, 0.19153449, 0.9641801), (-0.033148564, 0.35430652, 0.93454164), (-0.06934034, 0.35724184, 0.9314345), (-0.045356296, 0.27042857, 0.96167105), (-0.033148564, 0.35430652, 0.93454164), (0.01156089, 0.48736972, 0.8731192), (-0.08481644, 0.6197886, 0.780172), (-0.06934034, 0.35724184, 0.9314345), (-0.023156524, 0.3659245, 0.93035644), (-0.03908418, 0.6402226, 0.7671945), (-0.06934034, 0.35724184, 0.9314345), (0.01156089, 0.48736972, 0.8731192), (0.0696118, 0.45305747, 0.8887593), (-0.023156524, 0.3659245, 0.93035644), (-0.023156524, 0.3659245, 0.93035644), (0.0696118, 0.45305747, 0.8887593), (0.08405018, 0.41719666, 0.90492123), (-0.0038989056, 0.3407383, 0.9401501), (-0.03908418, 0.6402226, 0.7671945), (-0.023156524, 0.3659245, 0.93035644), (-0.0038989056, 0.3407383, 0.9401501), (-0.06086207, 0.65549064, 0.7527468), (-0.06086207, 0.65549064, 0.7527468), (0.014565984, 0.9127677, 0.40821922), (0.0049631684, 0.8697139, 0.49353126), (-0.03908418, 0.6402226, 0.7671945), (0.014565984, 0.9127677, 0.40821922), (0.1881865, 0.89937, 0.394613), (0.13743517, 0.8379452, 0.528166), (0.0049631684, 0.8697139, 0.49353126), (0.0049631684, 0.8697139, 0.49353126), (0.13743517, 0.8379452, 0.528166), (0.05489701, 0.79492146, 0.6042236), (-0.013437331, 0.8566179, 0.5157762), (-0.03908418, 0.6402226, 0.7671945), (0.0049631684, 0.8697139, 0.49353126), (-0.013437331, 0.8566179, 0.5157762), (-0.08481644, 0.6197886, 0.780172), (-0.08481644, 0.6197886, 0.780172), (0.041510835, 0.95561093, 0.2916927), (0.07861843, 0.9797767, 0.18400177), (0.011847435, 0.597557, 0.8017389), (0.1304139, 0.9652417, 0.2264967), (0.15228626, 0.9704268, 0.18729837), (0.07861843, 0.9797767, 0.18400177), (0.041510835, 0.95561093, 0.2916927), (0.16389978, 0.63127625, 0.7580416), (0.011847435, 0.597557, 0.8017389), (0.07861843, 0.9797767, 0.18400177), (0.15228626, 0.9704268, 0.18729837), (0.12859872, 0.0018793093, 0.991695), (0.4016241, -0.09659587, 0.9106961), (0.4310663, 0.073972374, 0.899283), (0.13348587, 0.12705307, 0.98287284), (0.4016241, -0.09659587, 0.9106961), (0.5272807, -0.19994077, 0.8258322), (0.57542944, -0.006164327, 0.8178283), (0.4310663, 0.073972374, 0.899283), (0.4310663, 0.073972374, 0.899283), (0.57542944, -0.006164327, 0.8178283), (0.59407145, 0.099174514, 0.7982754), (0.45916232, 0.16923508, 0.8720834), (0.13348587, 0.12705307, 0.98287284), (0.4310663, 0.073972374, 0.899283), (0.45916232, 0.16923508, 0.8720834), (0.1834977, 0.19153449, 0.9641801), (0.1304139, 0.9652417, 0.2264967), (0.31531644, 0.92979085, 0.18990663), (0.31480116, 0.9284017, 0.1974094), (0.15228626, 0.9704268, 0.18729837), (0.31531644, 0.92979085, 0.18990663), (0.51865876, 0.8172844, 0.25107628), (0.50354195, 0.8203769, 0.27097464), (0.31480116, 0.9284017, 0.1974094), (0.31480116, 0.9284017, 0.1974094), (0.50354195, 0.8203769, 0.27097464), (0.63150483, 0.44242492, 0.6367589), (0.4678693, 0.59235024, 0.6559112), (0.15228626, 0.9704268, 0.18729837), (0.31480116, 0.9284017, 0.1974094), (0.4678693, 0.59235024, 0.6559112), (0.16389978, 0.63127625, 0.7580416), (0.5272807, -0.19994077, 0.8258322), (0.4300805, -0.30568153, 0.8494643), (0.5073786, -0.111147135, 0.8545252), (0.57542944, -0.006164327, 0.8178283), (0.4300805, -0.30568153, 0.8494643), (0.26743945, -0.4787402, 0.83623207), (0.4083468, -0.26376313, 0.87388897), (0.5073786, -0.111147135, 0.8545252), (0.5073786, -0.111147135, 0.8545252), (0.4083468, -0.26376313, 0.87388897), (0.46542016, -0.1406172, 0.8738483), (0.54313385, -0.006507681, 0.8396209), (0.57542944, -0.006164327, 0.8178283), (0.5073786, -0.111147135, 0.8545252), (0.54313385, -0.006507681, 0.8396209), (0.59407145, 0.099174514, 0.7982754), (0.51865876, 0.8172844, 0.25107628), (0.6407731, 0.6564349, 0.39812434), (0.62341017, 0.6578459, 0.4226091), (0.50354195, 0.8203769, 0.27097464), (0.6407731, 0.6564349, 0.39812434), (0.72910905, 0.45387635, 0.5122463), (0.71879894, 0.4465122, 0.5328743), (0.62341017, 0.6578459, 0.4226091), (0.62341017, 0.6578459, 0.4226091), (0.71879894, 0.4465122, 0.5328743), (0.604004, -0.003076873, 0.7969754), (0.62714213, 0.24667177, 0.73881376), (0.50354195, 0.8203769, 0.27097464), (0.62341017, 0.6578459, 0.4226091), (0.62714213, 0.24667177, 0.73881376), (0.63150483, 0.44242492, 0.6367589), (0.72910905, 0.45387635, 0.5122463), (0.81044436, 0.28411853, 0.5123053), (0.8065855, 0.26381505, 0.5289816), (0.71879894, 0.4465122, 0.5328743), (0.81044436, 0.28411853, 0.5123053), (0.8674407, 0.1888461, 0.46030837), (0.86804444, 0.18639956, 0.4601674), (0.8065855, 0.26381505, 0.5289816), (0.8065855, 0.26381505, 0.5289816), (0.86804444, 0.18639956, 0.4601674), (0.73067296, -0.29632145, 0.61506957), (0.63538355, -0.2147405, 0.74173737), (0.71879894, 0.4465122, 0.5328743), (0.8065855, 0.26381505, 0.5289816), (0.63538355, -0.2147405, 0.74173737), (0.604004, -0.003076873, 0.7969754), (0.26743945, -0.4787402, 0.83623207), (0.19877055, -0.6614694, 0.72315174), (0.39608255, -0.46963882, 0.78902346), (0.4083468, -0.26376313, 0.87388897), (0.19877055, -0.6614694, 0.72315174), (0.2590389, -0.76823455, 0.5854182), (0.4479784, -0.6236603, 0.6405959), (0.39608255, -0.46963882, 0.78902346), (0.39608255, -0.46963882, 0.78902346), (0.4479784, -0.6236603, 0.6405959), (0.53070563, -0.52389604, 0.6662466), (0.47788626, -0.33587354, 0.8116734), (0.4083468, -0.26376313, 0.87388897), (0.39608255, -0.46963882, 0.78902346), (0.47788626, -0.33587354, 0.8116734), (0.46542016, -0.1406172, 0.8738483), (0.8674407, 0.1888461, 0.46030837), (0.94716316, 0.119123794, 0.2978111), (0.94996345, 0.12918857, 0.28439343), (0.86804444, 0.18639956, 0.4601674), (0.94716316, 0.119123794, 0.2978111), (0.98424274, 0.08310785, 0.15607472), (0.9853305, 0.0809447, 0.15023892), (0.94996345, 0.12918857, 0.28439343), (0.94996345, 0.12918857, 0.28439343), (0.9853305, 0.0809447, 0.15023892), (0.9242524, -0.29839706, 0.23815285), (0.8543973, -0.34978393, 0.38426092), (0.86804444, 0.18639956, 0.4601674), (0.94996345, 0.12918857, 0.28439343), (0.8543973, -0.34978393, 0.38426092), (0.73067296, -0.29632145, 0.61506957), (0.2590389, -0.76823455, 0.5854182), (0.41476774, -0.8143888, 0.4058801), (0.39042675, -0.81356144, 0.43091154), (0.4479784, -0.6236603, 0.6405959), (0.41476774, -0.8143888, 0.4058801), (0.42802104, -0.8511173, 0.30396932), (0.48877352, -0.812296, 0.31823832), (0.39042675, -0.81356144, 0.43091154), (0.39042675, -0.81356144, 0.43091154), (0.48877352, -0.812296, 0.31823832), (0.19378081, -0.92685837, 0.3215316), (0.4939465, -0.69667107, 0.5202561), (0.4479784, -0.6236603, 0.6405959), (0.39042675, -0.81356144, 0.43091154), (0.4939465, -0.69667107, 0.5202561), (0.53070563, -0.52389604, 0.6662466), (0.1881865, 0.89937, 0.394613), (0.33336788, 0.82057196, 0.4642494), (0.2974076, 0.7953818, 0.5281254), (0.13743517, 0.8379452, 0.528166), (0.33336788, 0.82057196, 0.4642494), (0.3675222, 0.775796, 0.51290154), (0.3847154, 0.7758381, 0.50006944), (0.2974076, 0.7953818, 0.5281254), (0.2974076, 0.7953818, 0.5281254), (0.3847154, 0.7758381, 0.50006944), (0.30488572, 0.7578795, 0.5767697), (0.19797394, 0.76955557, 0.60711664), (0.13743517, 0.8379452, 0.528166), (0.2974076, 0.7953818, 0.5281254), (0.19797394, 0.76955557, 0.60711664), (0.05489701, 0.79492146, 0.6042236), (-0.18057159, 0.91039723, 0.3722508), (-0.21081306, 0.7965094, 0.5666838), (0.0816207, 0.83675426, 0.5414614), (0.0068652066, 0.9356195, 0.35294357), (-0.21081306, 0.7965094, 0.5666838), (-0.20686148, 0.7480997, 0.63051975), (0.110034436, 0.7756555, 0.62149096), (0.0816207, 0.83675426, 0.5414614), (0.0816207, 0.83675426, 0.5414614), (0.110034436, 0.7756555, 0.62149096), (0.3675222, 0.775796, 0.51290154), (0.33336788, 0.82057196, 0.4642494), (0.0068652066, 0.9356195, 0.35294357), (0.0816207, 0.83675426, 0.5414614), (0.33336788, 0.82057196, 0.4642494), (0.1881865, 0.89937, 0.394613), (-0.0648776, 0.63999444, 0.7656356), (-0.1257586, 0.93984103, 0.31762186), (-0.1128334, 0.93805766, 0.32759196), (-0.17774796, 0.65079653, 0.73815286), (-0.1257586, 0.93984103, 0.31762186), (-0.18057159, 0.91039723, 0.3722508), (0.0068652066, 0.9356195, 0.35294357), (-0.1128334, 0.93805766, 0.32759196), (-0.1128334, 0.93805766, 0.32759196), (0.0068652066, 0.9356195, 0.35294357), (0.1881865, 0.89937, 0.394613), (0.014565984, 0.9127677, 0.40821922), (-0.17774796, 0.65079653, 0.73815286), (-0.1128334, 0.93805766, 0.32759196), (0.014565984, 0.9127677, 0.40821922), (-0.06086207, 0.65549064, 0.7527468), (0.3985986, 0.50066656, 0.7684088), (0.29879758, 0.7881972, 0.5380196), (0.12417249, 0.90910715, 0.3976246), (0.23168397, 0.58758, 0.7752885), (0.29879758, 0.7881972, 0.5380196), (0.12219699, 0.67388934, 0.7286571), (-0.048191763, 0.8530631, 0.5195777), (0.12417249, 0.90910715, 0.3976246), (0.12417249, 0.90910715, 0.3976246), (-0.048191763, 0.8530631, 0.5195777), (-0.18057159, 0.91039723, 0.3722508), (-0.1257586, 0.93984103, 0.31762186), (0.23168397, 0.58758, 0.7752885), (0.12417249, 0.90910715, 0.3976246), (-0.1257586, 0.93984103, 0.31762186), (-0.0648776, 0.63999444, 0.7656356), (0.12219699, 0.67388934, 0.7286571), (-0.09966684, 0.5670973, 0.8175984), (-0.23180223, 0.72621334, 0.6472109), (-0.048191763, 0.8530631, 0.5195777), (-0.09966684, 0.5670973, 0.8175984), (-0.21663895, 0.5930704, 0.7754579), (-0.3110771, 0.7256142, 0.6137712), (-0.23180223, 0.72621334, 0.6472109), (-0.23180223, 0.72621334, 0.6472109), (-0.3110771, 0.7256142, 0.6137712), (-0.20686148, 0.7480997, 0.63051975), (-0.21081306, 0.7965094, 0.5666838), (-0.048191763, 0.8530631, 0.5195777), (-0.23180223, 0.72621334, 0.6472109), (-0.21081306, 0.7965094, 0.5666838), (-0.18057159, 0.91039723, 0.3722508), (-0.07440726, 0.52183306, 0.8497963), (-0.040777296, 0.6584721, 0.75149965), (0.1967942, 0.6966057, 0.68993664), (0.26249748, 0.47730446, 0.8386152), (-0.040777296, 0.6584721, 0.75149965), (-0.057950385, 0.54313654, 0.83764213), (0.121720515, 0.5500531, 0.82621163), (0.1967942, 0.6966057, 0.68993664), (0.1967942, 0.6966057, 0.68993664), (0.121720515, 0.5500531, 0.82621163), (0.12219699, 0.67388934, 0.7286571), (0.29879758, 0.7881972, 0.5380196), (0.26249748, 0.47730446, 0.8386152), (0.1967942, 0.6966057, 0.68993664), (0.29879758, 0.7881972, 0.5380196), (0.3985986, 0.50066656, 0.7684088), (-0.057950385, 0.54313654, 0.83764213), (-0.02662012, 0.4086784, 0.91229016), (0.061573777, 0.42059827, 0.9051552), (0.121720515, 0.5500531, 0.82621163), (-0.02662012, 0.4086784, 0.91229016), (-0.009959274, 0.3621708, 0.9320585), (0.05865826, 0.39723647, 0.9158397), (0.061573777, 0.42059827, 0.9051552), (0.061573777, 0.42059827, 0.9051552), (0.05865826, 0.39723647, 0.9158397), (-0.21663895, 0.5930704, 0.7754579), (-0.09966684, 0.5670973, 0.8175984), (0.121720515, 0.5500531, 0.82621163), (0.061573777, 0.42059827, 0.9051552), (-0.09966684, 0.5670973, 0.8175984), (0.12219699, 0.67388934, 0.7286571), (-0.41175908, 0.49092412, 0.76775515), (-0.3387281, 0.54295874, 0.7684133), (-0.3012456, 0.46583942, 0.83201253), (-0.32518032, 0.51854885, 0.79080015), (-0.3387281, 0.54295874, 0.7684133), (-0.28793797, 0.5715457, 0.7683926), (-0.24951361, 0.45016164, 0.8573783), (-0.3012456, 0.46583942, 0.83201253), (-0.3012456, 0.46583942, 0.83201253), (-0.24951361, 0.45016164, 0.8573783), (-0.009959274, 0.3621708, 0.9320585), (-0.02662012, 0.4086784, 0.91229016), (-0.32518032, 0.51854885, 0.79080015), (-0.3012456, 0.46583942, 0.83201253), (-0.02662012, 0.4086784, 0.91229016), (-0.057950385, 0.54313654, 0.83764213), (-0.40196773, 0.6225769, 0.67143124), (-0.39068606, 0.6064652, 0.69250584), (-0.273885, 0.6310898, 0.7257497), (-0.3206711, 0.5776155, 0.7506865), (-0.39068606, 0.6064652, 0.69250584), (-0.41175908, 0.49092412, 0.76775515), (-0.32518032, 0.51854885, 0.79080015), (-0.273885, 0.6310898, 0.7257497), (-0.273885, 0.6310898, 0.7257497), (-0.32518032, 0.51854885, 0.79080015), (-0.057950385, 0.54313654, 0.83764213), (-0.040777296, 0.6584721, 0.75149965), (-0.3206711, 0.5776155, 0.7506865), (-0.273885, 0.6310898, 0.7257497), (-0.040777296, 0.6584721, 0.75149965), (-0.07440726, 0.52183306, 0.8497963), (-0.39569524, 0.66451544, 0.633912), (-0.255894, 0.6842642, 0.68286216), (-0.26710403, 0.62221384, 0.7358705), (-0.39898163, 0.54594266, 0.73672265), (-0.255894, 0.6842642, 0.68286216), (-0.20745854, 0.69517934, 0.688249), (-0.19785412, 0.6640002, 0.7210808), (-0.26710403, 0.62221384, 0.7358705), (-0.26710403, 0.62221384, 0.7358705), (-0.19785412, 0.6640002, 0.7210808), (-0.28793797, 0.5715457, 0.7683926), (-0.3387281, 0.54295874, 0.7684133), (-0.39898163, 0.54594266, 0.73672265), (-0.26710403, 0.62221384, 0.7358705), (-0.3387281, 0.54295874, 0.7684133), (-0.41175908, 0.49092412, 0.76775515), (-0.60976285, 0.56455207, 0.55630046), (-0.5426779, 0.66283566, 0.51589686), (-0.4864184, 0.6011252, 0.6340707), (-0.5030588, 0.61217356, 0.6100617), (-0.5426779, 0.66283566, 0.51589686), (-0.39569524, 0.66451544, 0.633912), (-0.39898163, 0.54594266, 0.73672265), (-0.4864184, 0.6011252, 0.6340707), (-0.4864184, 0.6011252, 0.6340707), (-0.39898163, 0.54594266, 0.73672265), (-0.41175908, 0.49092412, 0.76775515), (-0.39068606, 0.6064652, 0.69250584), (-0.5030588, 0.61217356, 0.6100617), (-0.4864184, 0.6011252, 0.6340707), (-0.39068606, 0.6064652, 0.69250584), (-0.40196773, 0.6225769, 0.67143124), (-0.15452155, 0.8632185, 0.48060066), (-0.14190397, 0.8169072, 0.5590402), (-0.2204391, 0.75038046, 0.6231659), (-0.3007378, 0.7920835, 0.5311877), (-0.14190397, 0.8169072, 0.5590402), (-0.14188732, 0.7730488, 0.6182746), (-0.19802968, 0.72119313, 0.66382587), (-0.2204391, 0.75038046, 0.6231659), (-0.2204391, 0.75038046, 0.6231659), (-0.19802968, 0.72119313, 0.66382587), (-0.20745854, 0.69517934, 0.688249), (-0.255894, 0.6842642, 0.68286216), (-0.3007378, 0.7920835, 0.5311877), (-0.2204391, 0.75038046, 0.6231659), (-0.255894, 0.6842642, 0.68286216), (-0.39569524, 0.66451544, 0.633912), (-0.21128333, 0.72269124, 0.6580856), (-0.17433867, 0.8705731, 0.460118), (-0.38274902, 0.79706544, 0.46710792), (-0.43929303, 0.64381444, 0.62651783), (-0.17433867, 0.8705731, 0.460118), (-0.15452155, 0.8632185, 0.48060066), (-0.3007378, 0.7920835, 0.5311877), (-0.38274902, 0.79706544, 0.46710792), (-0.38274902, 0.79706544, 0.46710792), (-0.3007378, 0.7920835, 0.5311877), (-0.39569524, 0.66451544, 0.633912), (-0.5426779, 0.66283566, 0.51589686), (-0.43929303, 0.64381444, 0.62651783), (-0.38274902, 0.79706544, 0.46710792), (-0.5426779, 0.66283566, 0.51589686), (-0.60976285, 0.56455207, 0.55630046), (-0.47042507, 0.69875234, 0.53892976), (-0.4050973, 0.85373604, 0.3271559), (-0.25791588, 0.87586683, 0.40784392), (-0.3236576, 0.75628847, 0.5685714), (-0.4050973, 0.85373604, 0.3271559), (-0.36642578, 0.83675665, 0.40690362), (-0.23188797, 0.86086774, 0.45291802), (-0.25791588, 0.87586683, 0.40784392), (-0.25791588, 0.87586683, 0.40784392), (-0.23188797, 0.86086774, 0.45291802), (-0.15452155, 0.8632185, 0.48060066), (-0.17433867, 0.8705731, 0.460118), (-0.3236576, 0.75628847, 0.5685714), (-0.25791588, 0.87586683, 0.40784392), (-0.17433867, 0.8705731, 0.460118), (-0.21128333, 0.72269124, 0.6580856), (-0.36642578, 0.83675665, 0.40690362), (-0.34643507, 0.8193809, 0.456725), (-0.21821286, 0.84043044, 0.4960442), (-0.23188797, 0.86086774, 0.45291802), (-0.34643507, 0.8193809, 0.456725), (-0.3178397, 0.81746656, 0.48033994), (-0.14282435, 0.8212505, 0.5524027), (-0.21821286, 0.84043044, 0.4960442), (-0.21821286, 0.84043044, 0.4960442), (-0.14282435, 0.8212505, 0.5524027), (-0.14188732, 0.7730488, 0.6182746), (-0.14190397, 0.8169072, 0.5590402), (-0.23188797, 0.86086774, 0.45291802), (-0.21821286, 0.84043044, 0.4960442), (-0.14190397, 0.8169072, 0.5590402), (-0.15452155, 0.8632185, 0.48060066), (-0.21128333, 0.72269124, 0.6580856), (-0.25746256, 0.5693077, 0.78077), (-0.37059417, 0.5980317, 0.7106463), (-0.3236576, 0.75628847, 0.5685714), (-0.25746256, 0.5693077, 0.78077), (-0.3047848, 0.5767202, 0.7579578), (-0.45087472, 0.58227885, 0.6765081), (-0.37059417, 0.5980317, 0.7106463), (-0.37059417, 0.5980317, 0.7106463), (-0.45087472, 0.58227885, 0.6765081), (-0.55187833, 0.5791452, 0.60001767), (-0.50003535, 0.5766017, 0.6461386), (-0.3236576, 0.75628847, 0.5685714), (-0.37059417, 0.5980317, 0.7106463), (-0.50003535, 0.5766017, 0.6461386), (-0.47042507, 0.69875234, 0.53892976), (-0.3047848, 0.5767202, 0.7579578), (-0.2831012, 0.5410637, 0.7918988), (-0.49834806, 0.48702624, 0.71725494), (-0.45087472, 0.58227885, 0.6765081), (-0.2831012, 0.5410637, 0.7918988), (-0.22584446, 0.50376356, 0.8337964), (-0.46487877, 0.44065836, 0.76792455), (-0.49834806, 0.48702624, 0.71725494), (-0.49834806, 0.48702624, 0.71725494), (-0.46487877, 0.44065836, 0.76792455), (-0.6301207, 0.38480112, 0.67444503), (-0.6058818, 0.48111993, 0.6335858), (-0.45087472, 0.58227885, 0.6765081), (-0.49834806, 0.48702624, 0.71725494), (-0.6058818, 0.48111993, 0.6335858), (-0.55187833, 0.5791452, 0.60001767), (-0.48645398, 0.64310914, 0.59141624), (-0.3459906, 0.69705343, 0.62801844), (-0.24525078, 0.612294, 0.75163025), (-0.35357985, 0.5992631, 0.71823746), (-0.3459906, 0.69705343, 0.62801844), (-0.2655858, 0.658696, 0.7039771), (-0.17352644, 0.55726254, 0.8120019), (-0.24525078, 0.612294, 0.75163025), (-0.24525078, 0.612294, 0.75163025), (-0.17352644, 0.55726254, 0.8120019), (-0.22584446, 0.50376356, 0.8337964), (-0.2831012, 0.5410637, 0.7918988), (-0.35357985, 0.5992631, 0.71823746), (-0.24525078, 0.612294, 0.75163025), (-0.2831012, 0.5410637, 0.7918988), (-0.3047848, 0.5767202, 0.7579578), (-0.5166304, 0.6619476, 0.5430639), (-0.547675, 0.71812075, 0.4293654), (-0.44133377, 0.75194204, 0.4897015), (-0.49980056, 0.68774587, 0.52650255), (-0.547675, 0.71812075, 0.4293654), (-0.56402546, 0.71092457, 0.42007333), (-0.4116913, 0.7374773, 0.53538543), (-0.44133377, 0.75194204, 0.4897015), (-0.44133377, 0.75194204, 0.4897015), (-0.4116913, 0.7374773, 0.53538543), (-0.2655858, 0.658696, 0.7039771), (-0.3459906, 0.69705343, 0.62801844), (-0.49980056, 0.68774587, 0.52650255), (-0.44133377, 0.75194204, 0.4897015), (-0.3459906, 0.69705343, 0.62801844), (-0.48645398, 0.64310914, 0.59141624), (-0.60976285, 0.56455207, 0.55630046), (-0.57178277, 0.49071193, 0.65746963), (-0.4084491, 0.5069041, 0.7590899), (-0.43929303, 0.64381444, 0.62651783), (-0.57178277, 0.49071193, 0.65746963), (-0.48645398, 0.64310914, 0.59141624), (-0.35357985, 0.5992631, 0.71823746), (-0.4084491, 0.5069041, 0.7590899), (-0.4084491, 0.5069041, 0.7590899), (-0.35357985, 0.5992631, 0.71823746), (-0.3047848, 0.5767202, 0.7579578), (-0.25746256, 0.5693077, 0.78077), (-0.43929303, 0.64381444, 0.62651783), (-0.4084491, 0.5069041, 0.7590899), (-0.25746256, 0.5693077, 0.78077), (-0.21128333, 0.72269124, 0.6580856), (-0.40196773, 0.6225769, 0.67143124), (-0.4659868, 0.5681874, 0.6782473), (-0.5208884, 0.5621406, 0.6423965), (-0.5030588, 0.61217356, 0.6100617), (-0.4659868, 0.5681874, 0.6782473), (-0.5166304, 0.6619476, 0.5430639), (-0.49980056, 0.68774587, 0.52650255), (-0.5208884, 0.5621406, 0.6423965), (-0.5208884, 0.5621406, 0.6423965), (-0.49980056, 0.68774587, 0.52650255), (-0.48645398, 0.64310914, 0.59141624), (-0.57178277, 0.49071193, 0.65746963), (-0.5030588, 0.61217356, 0.6100617), (-0.5208884, 0.5621406, 0.6423965), (-0.57178277, 0.49071193, 0.65746963), (-0.60976285, 0.56455207, 0.55630046), (-0.25464433, 0.6952034, 0.67219675), (-0.20425932, 0.7949139, 0.57130545), (-0.48224375, 0.7144282, 0.50698453), (-0.47097108, 0.64030373, 0.6067927), (-0.20425932, 0.7949139, 0.57130545), (-0.16095023, 0.80522585, 0.57070684), (-0.4981311, 0.7228563, 0.47889894), (-0.48224375, 0.7144282, 0.50698453), (-0.48224375, 0.7144282, 0.50698453), (-0.4981311, 0.7228563, 0.47889894), (-0.56402546, 0.71092457, 0.42007333), (-0.547675, 0.71812075, 0.4293654), (-0.47097108, 0.64030373, 0.6067927), (-0.48224375, 0.7144282, 0.50698453), (-0.547675, 0.71812075, 0.4293654), (-0.5166304, 0.6619476, 0.5430639), (-0.07440726, 0.52183306, 0.8497963), (-0.20867687, 0.47902992, 0.8526338), (-0.4331731, 0.51283413, 0.7411897), (-0.3206711, 0.5776155, 0.7506865), (-0.20867687, 0.47902992, 0.8526338), (-0.25464433, 0.6952034, 0.67219675), (-0.47097108, 0.64030373, 0.6067927), (-0.4331731, 0.51283413, 0.7411897), (-0.4331731, 0.51283413, 0.7411897), (-0.47097108, 0.64030373, 0.6067927), (-0.5166304, 0.6619476, 0.5430639), (-0.4659868, 0.5681874, 0.6782473), (-0.3206711, 0.5776155, 0.7506865), (-0.4331731, 0.51283413, 0.7411897), (-0.4659868, 0.5681874, 0.6782473), (-0.40196773, 0.6225769, 0.67143124), (0.3985986, 0.50066656, 0.7684088), (0.3063326, 0.17647575, 0.9354232), (0.10330093, 0.35504776, 0.9291232), (0.26249748, 0.47730446, 0.8386152), (0.3063326, 0.17647575, 0.9354232), (0.12816037, 0.5020859, 0.8552687), (-0.05032955, 0.6753001, 0.73582375), (0.10330093, 0.35504776, 0.9291232), (0.10330093, 0.35504776, 0.9291232), (-0.05032955, 0.6753001, 0.73582375), (-0.25464433, 0.6952034, 0.67219675), (-0.20867687, 0.47902992, 0.8526338), (0.26249748, 0.47730446, 0.8386152), (0.10330093, 0.35504776, 0.9291232), (-0.20867687, 0.47902992, 0.8526338), (-0.07440726, 0.52183306, 0.8497963), (0.12816037, 0.5020859, 0.8552687), (-0.037340738, 0.8117683, 0.58278465), (-0.0889463, 0.8391308, 0.53660786), (-0.05032955, 0.6753001, 0.73582375), (-0.037340738, 0.8117683, 0.58278465), (-0.092494674, 0.8755135, 0.4742583), (-0.06461991, 0.84912014, 0.5242321), (-0.0889463, 0.8391308, 0.53660786), (-0.0889463, 0.8391308, 0.53660786), (-0.06461991, 0.84912014, 0.5242321), (-0.16095023, 0.80522585, 0.57070684), (-0.20425932, 0.7949139, 0.57130545), (-0.05032955, 0.6753001, 0.73582375), (-0.0889463, 0.8391308, 0.53660786), (-0.20425932, 0.7949139, 0.57130545), (-0.25464433, 0.6952034, 0.67219675), (0.18451664, 0.26593718, 0.9461665), (0.25724897, 0.5104222, 0.8205439), (0.18665206, 0.6642883, 0.7237971), (0.26324886, 0.28395295, 0.92199284), (0.25724897, 0.5104222, 0.8205439), (0.24865359, 0.65739334, 0.7113406), (0.11529809, 0.8290301, 0.54718864), (0.18665206, 0.6642883, 0.7237971), (0.18665206, 0.6642883, 0.7237971), (0.11529809, 0.8290301, 0.54718864), (-0.092494674, 0.8755135, 0.4742583), (-0.037340738, 0.8117683, 0.58278465), (0.26324886, 0.28395295, 0.92199284), (0.18665206, 0.6642883, 0.7237971), (-0.037340738, 0.8117683, 0.58278465), (0.12816037, 0.5020859, 0.8552687), (0.08405018, 0.41719666, 0.90492123), (0.12953526, 0.48441648, 0.8651943), (0.15863663, 0.4908822, 0.85666156), (0.076134086, 0.36889568, 0.9263475), (0.12953526, 0.48441648, 0.8651943), (0.12227065, 0.5047157, 0.8545829), (0.16661024, 0.5452483, 0.8215506), (0.15863663, 0.4908822, 0.85666156), (0.15863663, 0.4908822, 0.85666156), (0.16661024, 0.5452483, 0.8215506), (0.24865359, 0.65739334, 0.7113406), (0.25724897, 0.5104222, 0.8205439), (0.076134086, 0.36889568, 0.9263475), (0.15863663, 0.4908822, 0.85666156), (0.25724897, 0.5104222, 0.8205439), (0.18451664, 0.26593718, 0.9461665), (-0.0648776, 0.63999444, 0.7656356), (0.03395418, 0.20754777, 0.9776355), (0.26219687, 0.13090058, 0.9560951), (0.23168397, 0.58758, 0.7752885), (0.03395418, 0.20754777, 0.9776355), (0.18451664, 0.26593718, 0.9461665), (0.26324886, 0.28395295, 0.92199284), (0.26219687, 0.13090058, 0.9560951), (0.26219687, 0.13090058, 0.9560951), (0.26324886, 0.28395295, 0.92199284), (0.12816037, 0.5020859, 0.8552687), (0.3063326, 0.17647575, 0.9354232), (0.23168397, 0.58758, 0.7752885), (0.26219687, 0.13090058, 0.9560951), (0.3063326, 0.17647575, 0.9354232), (0.3985986, 0.50066656, 0.7684088), (-0.06086207, 0.65549064, 0.7527468), (-0.0038989056, 0.3407383, 0.9401501), (-0.06988476, 0.29606426, 0.952608), (-0.17774796, 0.65079653, 0.73815286), (-0.0038989056, 0.3407383, 0.9401501), (0.08405018, 0.41719666, 0.90492123), (0.076134086, 0.36889568, 0.9263475), (-0.06988476, 0.29606426, 0.952608), (-0.06988476, 0.29606426, 0.952608), (0.076134086, 0.36889568, 0.9263475), (0.18451664, 0.26593718, 0.9461665), (0.03395418, 0.20754777, 0.9776355), (-0.17774796, 0.65079653, 0.73815286), (-0.06988476, 0.29606426, 0.952608), (0.03395418, 0.20754777, 0.9776355), (-0.0648776, 0.63999444, 0.7656356), (0.01156089, 0.48736972, 0.8731192), (0.1420333, 0.50028896, 0.8541296), (0.14698017, 0.47977903, 0.8649908), (0.0696118, 0.45305747, 0.8887593), (0.1420333, 0.50028896, 0.8541296), (0.17997304, 0.46821228, 0.8650936), (0.15011509, 0.48065066, 0.8639678), (0.14698017, 0.47977903, 0.8649908), (0.14698017, 0.47977903, 0.8649908), (0.15011509, 0.48065066, 0.8639678), (0.12227065, 0.5047157, 0.8545829), (0.12953526, 0.48441648, 0.8651943), (0.0696118, 0.45305747, 0.8887593), (0.14698017, 0.47977903, 0.8649908), (0.12953526, 0.48441648, 0.8651943), (0.08405018, 0.41719666, 0.90492123), (0.73067296, -0.29632145, 0.61506957), (0.8543973, -0.34978393, 0.38426092), (0.43595016, -0.79944336, 0.4133253), (0.29737088, -0.7491031, 0.5919587), (0.8543973, -0.34978393, 0.38426092), (0.9242524, -0.29839706, 0.23815285), (0.5810788, -0.75600034, 0.30134848), (0.43595016, -0.79944336, 0.4133253), (0.43595016, -0.79944336, 0.4133253), (0.5810788, -0.75600034, 0.30134848), (0.42802104, -0.8511173, 0.30396932), (0.41476774, -0.8143888, 0.4058801), (0.29737088, -0.7491031, 0.5919587), (0.43595016, -0.79944336, 0.4133253), (0.41476774, -0.8143888, 0.4058801), (0.2590389, -0.76823455, 0.5854182), (0.604004, -0.003076873, 0.7969754), (0.63538355, -0.2147405, 0.74173737), (0.22195137, -0.65414906, 0.7230675), (0.28742594, -0.47563577, 0.8313585), (0.63538355, -0.2147405, 0.74173737), (0.73067296, -0.29632145, 0.61506957), (0.29737088, -0.7491031, 0.5919587), (0.22195137, -0.65414906, 0.7230675), (0.22195137, -0.65414906, 0.7230675), (0.29737088, -0.7491031, 0.5919587), (0.2590389, -0.76823455, 0.5854182), (0.19877055, -0.6614694, 0.72315174), (0.28742594, -0.47563577, 0.8313585), (0.22195137, -0.65414906, 0.7230675), (0.19877055, -0.6614694, 0.72315174), (0.26743945, -0.4787402, 0.83623207), (0.63150483, 0.44242492, 0.6367589), (0.62714213, 0.24667177, 0.73881376), (0.45424867, -0.263736, 0.8509415), (0.56070465, -0.11951291, 0.8193455), (0.62714213, 0.24667177, 0.73881376), (0.604004, -0.003076873, 0.7969754), (0.28742594, -0.47563577, 0.8313585), (0.45424867, -0.263736, 0.8509415), (0.45424867, -0.263736, 0.8509415), (0.28742594, -0.47563577, 0.8313585), (0.26743945, -0.4787402, 0.83623207), (0.4300805, -0.30568153, 0.8494643), (0.56070465, -0.11951291, 0.8193455), (0.45424867, -0.263736, 0.8509415), (0.4300805, -0.30568153, 0.8494643), (0.5272807, -0.19994077, 0.8258322), (0.16389978, 0.63127625, 0.7580416), (0.4678693, 0.59235024, 0.6559112), (0.4339686, -0.032729454, 0.9003333), (0.16691679, -0.015829131, 0.98584396), (0.4678693, 0.59235024, 0.6559112), (0.63150483, 0.44242492, 0.6367589), (0.56070465, -0.11951291, 0.8193455), (0.4339686, -0.032729454, 0.9003333), (0.4339686, -0.032729454, 0.9003333), (0.56070465, -0.11951291, 0.8193455), (0.5272807, -0.19994077, 0.8258322), (0.4016241, -0.09659587, 0.9106961), (0.16691679, -0.015829131, 0.98584396), (0.4339686, -0.032729454, 0.9003333), (0.4016241, -0.09659587, 0.9106961), (0.12859872, 0.0018793093, 0.991695), (-0.08481644, 0.6197886, 0.780172), (0.011847435, 0.597557, 0.8017389), (-0.007695146, -0.059556764, 0.9981953), (-0.04879906, 0.036762375, 0.9981318), (0.16389978, 0.63127625, 0.7580416), (0.16691679, -0.015829131, 0.98584396), (-0.007695146, -0.059556764, 0.9981953), (0.011847435, 0.597557, 0.8017389), (0.12859872, 0.0018793093, 0.991695), (-0.04879906, 0.036762375, 0.9981318), (-0.007695146, -0.059556764, 0.9981953), (0.16691679, -0.015829131, 0.98584396), (0.8391461, -0.012694589, 0.543758), (0.9254397, 0.07248135, 0.37189752), (0.9463677, 0.082730405, 0.3123201), (0.84879404, 0.04674626, 0.526653), (0.9254397, 0.07248135, 0.37189752), (0.96404785, 0.21486765, 0.15634467), (0.98134184, 0.08032826, 0.17468695), (0.9463677, 0.082730405, 0.3123201), (0.9463677, 0.082730405, 0.3123201), (0.98134184, 0.08032826, 0.17468695), (0.98424274, 0.08310785, 0.15607472), (0.94716316, 0.119123794, 0.2978111), (0.84879404, 0.04674626, 0.526653), (0.9463677, 0.082730405, 0.3123201), (0.94716316, 0.119123794, 0.2978111), (0.8674407, 0.1888461, 0.46030837), (0.72794646, 0.23123714, 0.6454636), (0.7754045, 0.053541142, 0.6291909), (0.7909569, 0.14020172, 0.59559274), (0.7329692, 0.31576142, 0.60253704), (0.7754045, 0.053541142, 0.6291909), (0.8391461, -0.012694589, 0.543758), (0.84879404, 0.04674626, 0.526653), (0.7909569, 0.14020172, 0.59559274), (0.7909569, 0.14020172, 0.59559274), (0.84879404, 0.04674626, 0.526653), (0.8674407, 0.1888461, 0.46030837), (0.81044436, 0.28411853, 0.5123053), (0.7329692, 0.31576142, 0.60253704), (0.7909569, 0.14020172, 0.59559274), (0.81044436, 0.28411853, 0.5123053), (0.72910905, 0.45387635, 0.5122463), (0.6320774, 0.63606286, 0.4426083), (0.7097228, 0.44034514, 0.5498997), (0.69279647, 0.5151301, 0.5046524), (0.603852, 0.70059216, 0.38017547), (0.7097228, 0.44034514, 0.5498997), (0.72794646, 0.23123714, 0.6454636), (0.7329692, 0.31576142, 0.60253704), (0.69279647, 0.5151301, 0.5046524), (0.69279647, 0.5151301, 0.5046524), (0.7329692, 0.31576142, 0.60253704), (0.72910905, 0.45387635, 0.5122463), (0.6407731, 0.6564349, 0.39812434), (0.603852, 0.70059216, 0.38017547), (0.69279647, 0.5151301, 0.5046524), (0.6407731, 0.6564349, 0.39812434), (0.51865876, 0.8172844, 0.25107628), (0.19616623, 0.8770508, 0.43852094), (0.4224056, 0.80413157, 0.4182653), (0.38892323, 0.85392916, 0.3457509), (0.14534502, 0.91167223, 0.3843547), (0.4224056, 0.80413157, 0.4182653), (0.6320774, 0.63606286, 0.4426083), (0.603852, 0.70059216, 0.38017547), (0.38892323, 0.85392916, 0.3457509), (0.38892323, 0.85392916, 0.3457509), (0.603852, 0.70059216, 0.38017547), (0.51865876, 0.8172844, 0.25107628), (0.31531644, 0.92979085, 0.18990663), (0.14534502, 0.91167223, 0.3843547), (0.38892323, 0.85392916, 0.3457509), (0.31531644, 0.92979085, 0.18990663), (0.1304139, 0.9652417, 0.2264967), (0.05489701, 0.79492146, 0.6042236), (0.03275523, 0.83640915, 0.547126), (0.028178075, 0.8783464, 0.47719344), (-0.013437331, 0.8566179, 0.5157762), (0.03275523, 0.83640915, 0.547126), (0.19616623, 0.8770508, 0.43852094), (0.14534502, 0.91167223, 0.3843547), (0.028178075, 0.8783464, 0.47719344), (0.028178075, 0.8783464, 0.47719344), (0.14534502, 0.91167223, 0.3843547), (0.1304139, 0.9652417, 0.2264967), (0.041510835, 0.95561093, 0.2916927), (-0.013437331, 0.8566179, 0.5157762), (0.028178075, 0.8783464, 0.47719344), (0.041510835, 0.95561093, 0.2916927), (-0.08481644, 0.6197886, 0.780172), (0.08146719, -0.4351954, 0.8966427), (-0.067887165, -0.411365, 0.90893906), (-0.08480936, -0.5415611, 0.8363725), (0.101379305, -0.5079648, 0.85539114), (-0.067887165, -0.411365, 0.90893906), (-0.10696469, -0.25443676, 0.9611558), (-0.14923902, -0.5060038, 0.8495221), (-0.08480936, -0.5415611, 0.8363725), (-0.08480936, -0.5415611, 0.8363725), (-0.14923902, -0.5060038, 0.8495221), (-0.15111765, -0.56582516, 0.8105587), (-0.04377432, -0.53070015, 0.84642845), (0.101379305, -0.5079648, 0.85539114), (-0.08480936, -0.5415611, 0.8363725), (-0.04377432, -0.53070015, 0.84642845), (0.17829746, -0.47886115, 0.8595941), (0.1679332, -0.38005602, 0.909591), (0.17237204, -0.4117993, 0.8948236), (0.23587666, -0.5080032, 0.82842916), (0.23247331, -0.5505568, 0.80177516), (0.17237204, -0.4117993, 0.8948236), (0.08146719, -0.4351954, 0.8966427), (0.101379305, -0.5079648, 0.85539114), (0.23587666, -0.5080032, 0.82842916), (0.23587666, -0.5080032, 0.82842916), (0.101379305, -0.5079648, 0.85539114), (0.17829746, -0.47886115, 0.8595941), (0.26736447, -0.51114225, 0.8168536), (0.23247331, -0.5505568, 0.80177516), (0.23587666, -0.5080032, 0.82842916), (0.26736447, -0.51114225, 0.8168536), (0.24564317, -0.58887374, 0.76999164), (0.30190304, -0.2272877, 0.9258481), (0.09852605, -0.3594511, 0.927948), (0.15849753, -0.5863687, 0.79438674), (0.38532344, -0.4112534, 0.82607293), (0.09852605, -0.3594511, 0.927948), (0.1679332, -0.38005602, 0.909591), (0.23247331, -0.5505568, 0.80177516), (0.15849753, -0.5863687, 0.79438674), (0.15849753, -0.5863687, 0.79438674), (0.23247331, -0.5505568, 0.80177516), (0.24564317, -0.58887374, 0.76999164), (0.17664671, -0.6488077, 0.7401652), (0.38532344, -0.4112534, 0.82607293), (0.15849753, -0.5863687, 0.79438674), (0.17664671, -0.6488077, 0.7401652), (0.40600532, -0.5084466, 0.7593694), (0.7696905, -0.09918081, 0.63066596), (0.80763024, -0.018967103, 0.5893841), (0.75771284, -0.20424604, 0.61980224), (0.75011075, -0.26140043, 0.60745674), (0.80763024, -0.018967103, 0.5893841), (0.83099854, 0.0058323154, 0.556244), (0.7837604, -0.1959224, 0.5893504), (0.75771284, -0.20424604, 0.61980224), (0.75771284, -0.20424604, 0.61980224), (0.7837604, -0.1959224, 0.5893504), (0.7689342, -0.24891956, 0.5888796), (0.7647551, -0.23980106, 0.5980344), (0.75011075, -0.26140043, 0.60745674), (0.75771284, -0.20424604, 0.61980224), (0.7647551, -0.23980106, 0.5980344), (0.76707774, -0.30056685, 0.56679034), (0.76707774, -0.30056685, 0.56679034), (0.7647551, -0.23980106, 0.5980344), (0.831248, -0.22838102, 0.5068224), (0.80922544, -0.30204555, 0.50390726), (0.7647551, -0.23980106, 0.5980344), (0.7689342, -0.24891956, 0.5888796), (0.8393857, -0.18443939, 0.5112863), (0.831248, -0.22838102, 0.5068224), (0.831248, -0.22838102, 0.5068224), (0.8393857, -0.18443939, 0.5112863), (0.8207219, -0.30737928, 0.48159486), (0.78457415, -0.3701239, 0.4974452), (0.80922544, -0.30204555, 0.50390726), (0.831248, -0.22838102, 0.5068224), (0.78457415, -0.3701239, 0.4974452), (0.7758784, -0.3603046, 0.51787376), (0.7758784, -0.3603046, 0.51787376), (0.78457415, -0.3701239, 0.4974452), (0.65482235, -0.4223096, 0.6267873), (0.6681663, -0.35054657, 0.6562553), (0.78457415, -0.3701239, 0.4974452), (0.8207219, -0.30737928, 0.48159486), (0.69237655, -0.46509287, 0.55163693), (0.65482235, -0.4223096, 0.6267873), (0.65482235, -0.4223096, 0.6267873), (0.69237655, -0.46509287, 0.55163693), (0.5793769, -0.417168, 0.7002095), (0.5976499, -0.3522831, 0.72021616), (0.6681663, -0.35054657, 0.6562553), (0.65482235, -0.4223096, 0.6267873), (0.5976499, -0.3522831, 0.72021616), (0.59533936, -0.3005702, 0.7451367), (0.7696905, -0.09918081, 0.63066596), (0.6744494, -0.006624398, 0.7382913), (0.73097456, -0.052896135, 0.68035156), (0.80763024, -0.018967103, 0.5893841), (0.6744494, -0.006624398, 0.7382913), (0.30190304, -0.2272877, 0.9258481), (0.38532344, -0.4112534, 0.82607293), (0.73097456, -0.052896135, 0.68035156), (0.73097456, -0.052896135, 0.68035156), (0.38532344, -0.4112534, 0.82607293), (0.40600532, -0.5084466, 0.7593694), (0.75738895, -0.1062114, 0.64426786), (0.80763024, -0.018967103, 0.5893841), (0.73097456, -0.052896135, 0.68035156), (0.75738895, -0.1062114, 0.64426786), (0.83099854, 0.0058323154, 0.556244), (0.8292661, -0.52529186, 0.19075188), (0.7711677, -0.5503179, 0.320079), (0.7715135, -0.56502354, 0.29242983), (0.8257862, -0.54751956, 0.13527557), (0.7711677, -0.5503179, 0.320079), (0.724376, -0.5761797, 0.37854517), (0.7243292, -0.59136534, 0.3544495), (0.7715135, -0.56502354, 0.29242983), (0.7715135, -0.56502354, 0.29242983), (0.7243292, -0.59136534, 0.3544495), (0.7352963, -0.583792, 0.3442765), (0.79047894, -0.5646781, 0.23723745), (0.8257862, -0.54751956, 0.13527557), (0.7715135, -0.56502354, 0.29242983), (0.79047894, -0.5646781, 0.23723745), (0.8296914, -0.55539906, 0.05607132), (0.44939637, -0.69959396, 0.5555279), (0.41135046, -0.66748255, 0.6206915), (0.4612804, -0.5977607, 0.6556696), (0.49316007, -0.612975, 0.6172964), (0.41135046, -0.66748255, 0.6206915), (0.32031816, -0.6282477, 0.7090142), (0.3759565, -0.595382, 0.7100542), (0.4612804, -0.5977607, 0.6556696), (0.4612804, -0.5977607, 0.6556696), (0.3759565, -0.595382, 0.7100542), (0.46708947, -0.7074014, 0.5304817), (0.54386514, -0.6372913, 0.5459584), (0.49316007, -0.612975, 0.6172964), (0.4612804, -0.5977607, 0.6556696), (0.54386514, -0.6372913, 0.5459584), (0.5602903, -0.62835187, 0.5396747), (0.44178656, -0.8368014, 0.32340077), (0.57462144, -0.8059241, 0.14246574), (0.400684, -0.9089621, -0.1150664), (0.20176071, -0.97290194, 0.11293561), (0.57462144, -0.8059241, 0.14246574), (0.7275494, -0.68420696, 0.050328095), (0.66099036, -0.73899543, -0.13029732), (0.400684, -0.9089621, -0.1150664), (0.400684, -0.9089621, -0.1150664), (0.66099036, -0.73899543, -0.13029732), (0.52247345, -0.8101513, -0.26585045), (0.25231907, -0.94007224, -0.22934535), (0.20176071, -0.97290194, 0.11293561), (0.400684, -0.9089621, -0.1150664), (0.25231907, -0.94007224, -0.22934535), (0.065758504, -0.99758786, -0.02223209), (0.32031816, -0.6282477, 0.7090142), (0.33905792, -0.5638368, 0.7530788), (0.36771044, -0.6234944, 0.68995917), (0.3759565, -0.595382, 0.7100542), (0.33905792, -0.5638368, 0.7530788), (0.37444794, -0.59958327, 0.7073108), (0.3241008, -0.7186942, 0.61517256), (0.36771044, -0.6234944, 0.68995917), (0.36771044, -0.6234944, 0.68995917), (0.3241008, -0.7186942, 0.61517256), (0.3079354, -0.822128, 0.4788334), (0.45013395, -0.74138355, 0.49772468), (0.3759565, -0.595382, 0.7100542), (0.36771044, -0.6234944, 0.68995917), (0.45013395, -0.74138355, 0.49772468), (0.46708947, -0.7074014, 0.5304817), (0.7275494, -0.68420696, 0.050328095), (0.82219404, -0.5651593, 0.0677634), (0.80883217, -0.58728796, -0.02971971), (0.66099036, -0.73899543, -0.13029732), (0.82219404, -0.5651593, 0.0677634), (0.8292661, -0.52529186, 0.19075188), (0.8257862, -0.54751956, 0.13527557), (0.80883217, -0.58728796, -0.02971971), (0.80883217, -0.58728796, -0.02971971), (0.8257862, -0.54751956, 0.13527557), (0.8296914, -0.55539906, 0.05607132), (0.77398646, -0.62050664, -0.12616023), (0.66099036, -0.73899543, -0.13029732), (0.80883217, -0.58728796, -0.02971971), (0.77398646, -0.62050664, -0.12616023), (0.52247345, -0.8101513, -0.26585045), (0.018391138, -0.8859801, 0.4633584), (0.13331275, -0.8314249, 0.53940755), (0.36801586, -0.74719495, 0.55341136), (-0.038484555, -0.8163009, 0.5763434), (0.13331275, -0.8314249, 0.53940755), (0.44939637, -0.69959396, 0.5555279), (0.49316007, -0.612975, 0.6172964), (0.36801586, -0.74719495, 0.55341136), (0.36801586, -0.74719495, 0.55341136), (0.49316007, -0.612975, 0.6172964), (0.5602903, -0.62835187, 0.5396747), (0.50953865, -0.651411, 0.56216913), (-0.038484555, -0.8163009, 0.5763434), (0.36801586, -0.74719495, 0.55341136), (0.50953865, -0.651411, 0.56216913), (0.39333135, -0.7992651, 0.4543851), (0.37444794, -0.59958327, 0.7073108), (0.378561, -0.7474323, 0.5459271), (0.17618759, -0.8896759, 0.42122996), (0.3241008, -0.7186942, 0.61517256), (0.378561, -0.7474323, 0.5459271), (0.44178656, -0.8368014, 0.32340077), (0.20176071, -0.97290194, 0.11293561), (0.17618759, -0.8896759, 0.42122996), (0.17618759, -0.8896759, 0.42122996), (0.20176071, -0.97290194, 0.11293561), (0.065758504, -0.99758786, -0.02223209), (0.072730616, -0.952521, 0.29565862), (0.3241008, -0.7186942, 0.61517256), (0.17618759, -0.8896759, 0.42122996), (0.072730616, -0.952521, 0.29565862), (0.3079354, -0.822128, 0.4788334), (0.6657526, -0.49536538, 0.55802023), (0.5995715, -0.40618783, 0.6895835), (0.61841, -0.08541451, 0.7812), (0.72530067, -0.25014877, 0.6413771), (0.5995715, -0.40618783, 0.6895835), (0.4103071, -0.41530094, 0.8118948), (0.2687473, -0.12104076, 0.95557517), (0.61841, -0.08541451, 0.7812), (0.61841, -0.08541451, 0.7812), (0.2687473, -0.12104076, 0.95557517), (0.30190304, -0.2272877, 0.9258481), (0.6744494, -0.006624398, 0.7382913), (0.72530067, -0.25014877, 0.6413771), (0.61841, -0.08541451, 0.7812), (0.6744494, -0.006624398, 0.7382913), (0.7696905, -0.09918081, 0.63066596), (0.8174683, -0.37784472, 0.4347171), (0.7780609, -0.3030871, 0.5502358), (0.6723667, -0.28579703, 0.68282), (0.7392768, -0.39682186, 0.5440608), (0.7780609, -0.3030871, 0.5502358), (0.7758784, -0.3603046, 0.51787376), (0.6681663, -0.35054657, 0.6562553), (0.6723667, -0.28579703, 0.68282), (0.6723667, -0.28579703, 0.68282), (0.6681663, -0.35054657, 0.6562553), (0.59533936, -0.3005702, 0.7451367), (0.59638417, -0.26326612, 0.75829864), (0.7392768, -0.39682186, 0.5440608), (0.6723667, -0.28579703, 0.68282), (0.59638417, -0.26326612, 0.75829864), (0.6903261, -0.44245994, 0.5724325), (0.7912198, -0.5150843, 0.32963508), (0.7809739, -0.3716699, 0.5019374), (0.8045334, -0.32153058, 0.49934366), (0.828268, -0.43347418, 0.3550666), (0.7809739, -0.3716699, 0.5019374), (0.76707774, -0.30056685, 0.56679034), (0.80922544, -0.30204555, 0.50390726), (0.8045334, -0.32153058, 0.49934366), (0.8045334, -0.32153058, 0.49934366), (0.80922544, -0.30204555, 0.50390726), (0.7758784, -0.3603046, 0.51787376), (0.7780609, -0.3030871, 0.5502358), (0.828268, -0.43347418, 0.3550666), (0.8045334, -0.32153058, 0.49934366), (0.7780609, -0.3030871, 0.5502358), (0.8174683, -0.37784472, 0.4347171), (0.6657526, -0.49536538, 0.55802023), (0.72530067, -0.25014877, 0.6413771), (0.75416195, -0.37105826, 0.5418076), (0.7339413, -0.54246646, 0.40873018), (0.72530067, -0.25014877, 0.6413771), (0.7696905, -0.09918081, 0.63066596), (0.75011075, -0.26140043, 0.60745674), (0.75416195, -0.37105826, 0.5418076), (0.75416195, -0.37105826, 0.5418076), (0.75011075, -0.26140043, 0.60745674), (0.76707774, -0.30056685, 0.56679034), (0.7809739, -0.3716699, 0.5019374), (0.7339413, -0.54246646, 0.40873018), (0.75416195, -0.37105826, 0.5418076), (0.7809739, -0.3716699, 0.5019374), (0.7912198, -0.5150843, 0.32963508), (0.4103071, -0.41530094, 0.8118948), (0.2078113, -0.48215047, 0.8510849), (0.034392297, -0.17960672, 0.9831371), (0.2687473, -0.12104076, 0.95557517), (0.2078113, -0.48215047, 0.8510849), (0.19525807, -0.44600502, 0.8734723), (0.07599736, -0.15295899, 0.98530596), (0.034392297, -0.17960672, 0.9831371), (0.034392297, -0.17960672, 0.9831371), (0.07599736, -0.15295899, 0.98530596), (0.1679332, -0.38005602, 0.909591), (0.09852605, -0.3594511, 0.927948), (0.2687473, -0.12104076, 0.95557517), (0.034392297, -0.17960672, 0.9831371), (0.09852605, -0.3594511, 0.927948), (0.30190304, -0.2272877, 0.9258481), (0.19525807, -0.44600502, 0.8734723), (0.25242513, -0.39405206, 0.8837446), (0.11118737, -0.15700907, 0.9813183), (0.07599736, -0.15295899, 0.98530596), (0.25242513, -0.39405206, 0.8837446), (0.22331454, -0.44997063, 0.8646716), (0.07406187, -0.18857287, 0.9792626), (0.11118737, -0.15700907, 0.9813183), (0.11118737, -0.15700907, 0.9813183), (0.07406187, -0.18857287, 0.9792626), (0.08146719, -0.4351954, 0.8966427), (0.17237204, -0.4117993, 0.8948236), (0.07599736, -0.15295899, 0.98530596), (0.11118737, -0.15700907, 0.9813183), (0.17237204, -0.4117993, 0.8948236), (0.1679332, -0.38005602, 0.909591), (0.22331454, -0.44997063, 0.8646716), (0.0076775528, -0.5502645, 0.83495516), (-0.056163896, -0.16998896, 0.98384416), (0.07406187, -0.18857287, 0.9792626), (0.0076775528, -0.5502645, 0.83495516), (-0.05393333, -0.5698833, 0.81995386), (-0.122319415, -0.083595805, 0.9889639), (-0.056163896, -0.16998896, 0.98384416), (-0.056163896, -0.16998896, 0.98384416), (-0.122319415, -0.083595805, 0.9889639), (-0.10696469, -0.25443676, 0.9611558), (-0.067887165, -0.411365, 0.90893906), (0.07406187, -0.18857287, 0.9792626), (-0.056163896, -0.16998896, 0.98384416), (-0.067887165, -0.411365, 0.90893906), (0.08146719, -0.4351954, 0.8966427), (0.4103071, -0.41530094, 0.8118948), (0.5995715, -0.40618783, 0.6895835), (0.52844554, -0.6509852, 0.5449436), (0.4737731, -0.6216982, 0.62372303), (0.5995715, -0.40618783, 0.6895835), (0.6657526, -0.49536538, 0.55802023), (0.57628673, -0.70329475, 0.41625717), (0.52844554, -0.6509852, 0.5449436), (0.52844554, -0.6509852, 0.5449436), (0.57628673, -0.70329475, 0.41625717), (0.44178656, -0.8368014, 0.32340077), (0.378561, -0.7474323, 0.5459271), (0.4737731, -0.6216982, 0.62372303), (0.52844554, -0.6509852, 0.5449436), (0.378561, -0.7474323, 0.5459271), (0.37444794, -0.59958327, 0.7073108), (-0.05393333, -0.5698833, 0.81995386), (0.0076775528, -0.5502645, 0.83495516), (0.13864702, -0.8819495, 0.450491), (0.04950364, -0.911792, 0.4076577), (0.0076775528, -0.5502645, 0.83495516), (0.22331454, -0.44997063, 0.8646716), (0.39375648, -0.77872676, 0.48840603), (0.13864702, -0.8819495, 0.450491), (0.13864702, -0.8819495, 0.450491), (0.39375648, -0.77872676, 0.48840603), (0.44939637, -0.69959396, 0.5555279), (0.13331275, -0.8314249, 0.53940755), (0.04950364, -0.911792, 0.4076577), (0.13864702, -0.8819495, 0.450491), (0.13331275, -0.8314249, 0.53940755), (0.018391138, -0.8859801, 0.4633584), (0.7912198, -0.5150843, 0.32963508), (0.828268, -0.43347418, 0.3550666), (0.82258314, -0.5471069, 0.15501946), (0.76110685, -0.6286761, 0.15963295), (0.828268, -0.43347418, 0.3550666), (0.8174683, -0.37784472, 0.4347171), (0.8286404, -0.5026647, 0.24633959), (0.82258314, -0.5471069, 0.15501946), (0.82258314, -0.5471069, 0.15501946), (0.8286404, -0.5026647, 0.24633959), (0.8292661, -0.52529186, 0.19075188), (0.82219404, -0.5651593, 0.0677634), (0.76110685, -0.6286761, 0.15963295), (0.82258314, -0.5471069, 0.15501946), (0.82219404, -0.5651593, 0.0677634), (0.7275494, -0.68420696, 0.050328095), (0.19525807, -0.44600502, 0.8734723), (0.2078113, -0.48215047, 0.8510849), (0.3852084, -0.6926102, 0.6098407), (0.34786558, -0.7502121, 0.5622912), (0.2078113, -0.48215047, 0.8510849), (0.4103071, -0.41530094, 0.8118948), (0.4737731, -0.6216982, 0.62372303), (0.3852084, -0.6926102, 0.6098407), (0.3852084, -0.6926102, 0.6098407), (0.4737731, -0.6216982, 0.62372303), (0.37444794, -0.59958327, 0.7073108), (0.33905792, -0.5638368, 0.7530788), (0.34786558, -0.7502121, 0.5622912), (0.3852084, -0.6926102, 0.6098407), (0.33905792, -0.5638368, 0.7530788), (0.32031816, -0.6282477, 0.7090142), (0.6657526, -0.49536538, 0.55802023), (0.7339413, -0.54246646, 0.40873018), (0.67050713, -0.68991286, 0.2728379), (0.57628673, -0.70329475, 0.41625717), (0.7339413, -0.54246646, 0.40873018), (0.7912198, -0.5150843, 0.32963508), (0.76110685, -0.6286761, 0.15963295), (0.67050713, -0.68991286, 0.2728379), (0.67050713, -0.68991286, 0.2728379), (0.76110685, -0.6286761, 0.15963295), (0.7275494, -0.68420696, 0.050328095), (0.57462144, -0.8059241, 0.14246574), (0.57628673, -0.70329475, 0.41625717), (0.67050713, -0.68991286, 0.2728379), (0.57462144, -0.8059241, 0.14246574), (0.44178656, -0.8368014, 0.32340077), (0.22331454, -0.44997063, 0.8646716), (0.25242513, -0.39405206, 0.8837446), (0.4132566, -0.7382229, 0.5331473), (0.39375648, -0.77872676, 0.48840603), (0.25242513, -0.39405206, 0.8837446), (0.19525807, -0.44600502, 0.8734723), (0.34786558, -0.7502121, 0.5622912), (0.4132566, -0.7382229, 0.5331473), (0.4132566, -0.7382229, 0.5331473), (0.34786558, -0.7502121, 0.5622912), (0.32031816, -0.6282477, 0.7090142), (0.41135046, -0.66748255, 0.6206915), (0.39375648, -0.77872676, 0.48840603), (0.4132566, -0.7382229, 0.5331473), (0.41135046, -0.66748255, 0.6206915), (0.44939637, -0.69959396, 0.5555279), (0.8174683, -0.37784472, 0.4347171), (0.7392768, -0.39682186, 0.5440608), (0.7739068, -0.5300328, 0.34660265), (0.8286404, -0.5026647, 0.24633959), (0.7392768, -0.39682186, 0.5440608), (0.6903261, -0.44245994, 0.5724325), (0.7249453, -0.56192553, 0.39836416), (0.7739068, -0.5300328, 0.34660265), (0.7739068, -0.5300328, 0.34660265), (0.7249453, -0.56192553, 0.39836416), (0.724376, -0.5761797, 0.37854517), (0.7711677, -0.5503179, 0.320079), (0.8286404, -0.5026647, 0.24633959), (0.7739068, -0.5300328, 0.34660265), (0.7711677, -0.5503179, 0.320079), (0.8292661, -0.52529186, 0.19075188), (-0.05393333, -0.5698833, 0.81995386), (-0.11027642, -0.55111116, 0.8271128), (-0.32379693, 0.22371194, 0.9192979), (-0.25152826, 0.15044075, 0.9560863), (0.0055197347, -0.5400059, 0.8416431), (-0.30378303, 0.15128018, 0.9406541), (-0.32379693, 0.22371194, 0.9192979), (-0.11027642, -0.55111116, 0.8271128), (-0.31176224, 0.10237198, 0.94462925), (-0.25152826, 0.15044075, 0.9560863), (-0.32379693, 0.22371194, 0.9192979), (-0.30378303, 0.15128018, 0.9406541), (-0.05393333, -0.5698833, 0.81995386), (0.04950364, -0.911792, 0.4076577), (0.057298847, -0.91471314, 0.40002087), (0.09567391, -0.95666593, 0.27502143), (0.04950364, -0.911792, 0.4076577), (0.018391138, -0.8859801, 0.4633584), (0.048089895, -0.90437233, 0.42402592), (0.057298847, -0.91471314, 0.40002087), (0.057298847, -0.91471314, 0.40002087), (0.048089895, -0.90437233, 0.42402592), (0.07107819, -0.8753009, 0.47832656), (0.14223988, -0.8786927, 0.45570487), (0.09567391, -0.95666593, 0.27502143), (0.057298847, -0.91471314, 0.40002087), (0.14223988, -0.8786927, 0.45570487), (0.2205163, -0.92639005, 0.3052442), (-0.55934364, 0.08905535, 0.82413816), (-0.5539125, 0.033912264, 0.83188397), (-0.6626955, 0.050550666, 0.7471808), (-0.67894, 0.11527128, 0.7250883), (-0.5539125, 0.033912264, 0.83188397), (-0.21774958, -0.6042132, 0.766493), (-0.24485536, -0.56703705, 0.7864571), (-0.6626955, 0.050550666, 0.7471808), (-0.6626955, 0.050550666, 0.7471808), (-0.24485536, -0.56703705, 0.7864571), (-0.2206322, -0.5018844, 0.8363214), (-0.73025, 0.032612156, 0.68240124), (-0.67894, 0.11527128, 0.7250883), (-0.6626955, 0.050550666, 0.7471808), (-0.73025, 0.032612156, 0.68240124), (-0.7579552, 0.09034539, 0.6460199), (0.17301221, -0.9122769, 0.3712379), (0.0279936, -0.8429953, 0.53719205), (0.0528654, -0.79508454, 0.6041902), (0.22484508, -0.85927176, 0.45945257), (0.0279936, -0.8429953, 0.53719205), (-0.036918554, -0.7943092, 0.60639095), (-0.035167906, -0.751905, 0.65833277), (0.0528654, -0.79508454, 0.6041902), (0.0528654, -0.79508454, 0.6041902), (-0.035167906, -0.751905, 0.65833277), (0.04154298, -0.6646957, 0.7459583), (0.13566343, -0.69764704, 0.7034799), (0.22484508, -0.85927176, 0.45945257), (0.0528654, -0.79508454, 0.6041902), (0.13566343, -0.69764704, 0.7034799), (0.3196297, -0.7468092, 0.583192), (-0.79790413, -0.08760034, 0.596385), (-0.7711709, -0.11294826, 0.6265287), (-0.7516446, -0.22914062, 0.61848605), (-0.7781363, -0.20998876, 0.5919533), (-0.7711709, -0.11294826, 0.6265287), (-0.23385632, -0.51449144, 0.8249908), (-0.19896887, -0.58953696, 0.7828521), (-0.7516446, -0.22914062, 0.61848605), (-0.7516446, -0.22914062, 0.61848605), (-0.19896887, -0.58953696, 0.7828521), (-0.17634755, -0.7044307, 0.68751645), (-0.74262077, -0.39318955, 0.5421404), (-0.7781363, -0.20998876, 0.5919533), (-0.7516446, -0.22914062, 0.61848605), (-0.74262077, -0.39318955, 0.5421404), (-0.76772034, -0.37577412, 0.519037), (0.3876485, -0.6628059, 0.6406379), (0.19939092, -0.64186865, 0.7404377), (0.2371305, -0.6767614, 0.69696707), (0.42423806, -0.67798615, 0.6002974), (0.19939092, -0.64186865, 0.7404377), (0.1003443, -0.6204095, 0.7778323), (0.14053418, -0.6679969, 0.73077387), (0.2371305, -0.6767614, 0.69696707), (0.2371305, -0.6767614, 0.69696707), (0.14053418, -0.6679969, 0.73077387), (0.16049683, -0.751175, 0.6402943), (0.25610167, -0.7450127, 0.61592865), (0.42423806, -0.67798615, 0.6002974), (0.2371305, -0.6767614, 0.69696707), (0.25610167, -0.7450127, 0.61592865), (0.4436654, -0.7159414, 0.539063), (0.3196297, -0.7468092, 0.583192), (0.13566343, -0.69764704, 0.7034799), (0.17663741, -0.6363478, 0.75090665), (0.36424586, -0.66828954, 0.64862466), (0.13566343, -0.69764704, 0.7034799), (0.04154298, -0.6646957, 0.7459583), (0.08084754, -0.6091823, 0.78889835), (0.17663741, -0.6363478, 0.75090665), (0.17663741, -0.6363478, 0.75090665), (0.08084754, -0.6091823, 0.78889835), (0.1003443, -0.6204095, 0.7778323), (0.19939092, -0.64186865, 0.7404377), (0.36424586, -0.66828954, 0.64862466), (0.17663741, -0.6363478, 0.75090665), (0.19939092, -0.64186865, 0.7404377), (0.3876485, -0.6628059, 0.6406379), (-0.7579552, 0.09034539, 0.6460199), (-0.73025, 0.032612156, 0.68240124), (-0.77283204, -0.026646005, 0.63405097), (-0.79908895, 0.007974696, 0.60115993), (-0.73025, 0.032612156, 0.68240124), (-0.2206322, -0.5018844, 0.8363214), (-0.23533764, -0.47538054, 0.84772015), (-0.77283204, -0.026646005, 0.63405097), (-0.77283204, -0.026646005, 0.63405097), (-0.23533764, -0.47538054, 0.84772015), (-0.23385632, -0.51449144, 0.8249908), (-0.7711709, -0.11294826, 0.6265287), (-0.79908895, 0.007974696, 0.60115993), (-0.77283204, -0.026646005, 0.63405097), (-0.7711709, -0.11294826, 0.6265287), (-0.79790413, -0.08760034, 0.596385), (-0.76772034, -0.37577412, 0.519037), (-0.74262077, -0.39318955, 0.5421404), (-0.7257385, -0.48410034, 0.48882568), (-0.74603206, -0.46595573, 0.47573262), (-0.74262077, -0.39318955, 0.5421404), (-0.17634755, -0.7044307, 0.68751645), (-0.19424604, -0.7764664, 0.5994733), (-0.7257385, -0.48410034, 0.48882568), (-0.7257385, -0.48410034, 0.48882568), (-0.19424604, -0.7764664, 0.5994733), (-0.21701665, -0.86577153, 0.45093617), (-0.7473147, -0.5164164, 0.41813266), (-0.74603206, -0.46595573, 0.47573262), (-0.7257385, -0.48410034, 0.48882568), (-0.7473147, -0.5164164, 0.41813266), (-0.75296897, -0.51223105, 0.4131068), (0.4436654, -0.7159414, 0.539063), (0.25610167, -0.7450127, 0.61592865), (0.26310703, -0.8097263, 0.524517), (0.45347038, -0.764204, 0.45864677), (0.25610167, -0.7450127, 0.61592865), (0.16049683, -0.751175, 0.6402943), (0.16169682, -0.8213117, 0.54708415), (0.26310703, -0.8097263, 0.524517), (0.26310703, -0.8097263, 0.524517), (0.16169682, -0.8213117, 0.54708415), (0.17890066, -0.9248046, 0.3357544), (0.28242692, -0.9023579, 0.32555375), (0.45347038, -0.764204, 0.45864677), (0.26310703, -0.8097263, 0.524517), (0.28242692, -0.9023579, 0.32555375), (0.48134127, -0.8381987, 0.2563853), (-0.75296897, -0.51223105, 0.4131068), (-0.7473147, -0.5164164, 0.41813266), (-0.7606764, -0.5592539, 0.32955506), (-0.7769294, -0.53510976, 0.3317201), (-0.7473147, -0.5164164, 0.41813266), (-0.21701665, -0.86577153, 0.45093617), (-0.14819482, -0.9536483, 0.26190272), (-0.7606764, -0.5592539, 0.32955506), (0.48134127, -0.8381987, 0.2563853), (0.28242692, -0.9023579, 0.32555375), (0.28758147, -0.9441462, 0.16088715), (0.48518777, -0.869345, 0.09397972), (0.28242692, -0.9023579, 0.32555375), (0.17890066, -0.9248046, 0.3357544), (0.18860285, -0.96380913, 0.18841666), (0.28758147, -0.9441462, 0.16088715), (0.31301, -0.89048094, 0.33025503), (0.20765525, -0.82470953, 0.5260546), (0.108003564, -0.8451389, 0.52352214), (0.22560635, -0.913208, 0.3393419), (0.20765525, -0.82470953, 0.5260546), (0.15894325, -0.7712511, 0.6163675), (0.05836558, -0.79147077, 0.608414), (0.108003564, -0.8451389, 0.52352214), (0.108003564, -0.8451389, 0.52352214), (0.05836558, -0.79147077, 0.608414), (-0.036918554, -0.7943092, 0.60639095), (0.0279936, -0.8429953, 0.53719205), (0.22560635, -0.913208, 0.3393419), (0.108003564, -0.8451389, 0.52352214), (0.0279936, -0.8429953, 0.53719205), (0.17301221, -0.9122769, 0.3712379), (-0.38511935, 0.021658821, 0.92261255), (-0.3798791, 0.0051685986, 0.92502177), (-0.4411212, 0.010088996, 0.8973908), (-0.44307858, 0.042658478, 0.8954673), (-0.3798791, 0.0051685986, 0.92502177), (-0.050124653, -0.5703977, 0.81983775), (-0.13709946, -0.59371734, 0.79290825), (-0.4411212, 0.010088996, 0.8973908), (-0.4411212, 0.010088996, 0.8973908), (-0.13709946, -0.59371734, 0.79290825), (-0.21774958, -0.6042132, 0.766493), (-0.5539125, 0.033912264, 0.83188397), (-0.44307858, 0.042658478, 0.8954673), (-0.4411212, 0.010088996, 0.8973908), (-0.5539125, 0.033912264, 0.83188397), (-0.55934364, 0.08905535, 0.82413816), (-0.31176224, 0.10237198, 0.94462925), (-0.30378303, 0.15128018, 0.9406541), (-0.32114616, 0.058246203, 0.94523674), (-0.32825813, 0.070439175, 0.941958), (-0.30378303, 0.15128018, 0.9406541), (0.0055197347, -0.5400059, 0.8416431), (0.034927342, -0.54394656, 0.8383927), (-0.32114616, 0.058246203, 0.94523674), (-0.32114616, 0.058246203, 0.94523674), (0.034927342, -0.54394656, 0.8383927), (-0.050124653, -0.5703977, 0.81983775), (-0.3798791, 0.0051685986, 0.92502177), (-0.32825813, 0.070439175, 0.941958), (-0.32114616, 0.058246203, 0.94523674), (-0.3798791, 0.0051685986, 0.92502177), (-0.38511935, 0.021658821, 0.92261255), (0.2205163, -0.92639005, 0.3052442), (0.14223988, -0.8786927, 0.45570487), (0.2631663, -0.8194209, 0.50920814), (0.35066193, -0.87990826, 0.3206208), (0.14223988, -0.8786927, 0.45570487), (0.07107819, -0.8753009, 0.47832656), (0.22033434, -0.7837572, 0.5806698), (0.2631663, -0.8194209, 0.50920814), (0.2631663, -0.8194209, 0.50920814), (0.22033434, -0.7837572, 0.5806698), (0.15894325, -0.7712511, 0.6163675), (0.20765525, -0.82470953, 0.5260546), (0.35066193, -0.87990826, 0.3206208), (0.2631663, -0.8194209, 0.50920814), (0.20765525, -0.82470953, 0.5260546), (0.31301, -0.89048094, 0.33025503), (-0.2634674, -0.09075659, 0.9603896), (-0.26175183, -0.043823488, 0.96413976), (-0.23893666, -0.109695904, 0.9648192), (-0.19521028, -0.19421238, 0.9613399), (-0.26175183, -0.043823488, 0.96413976), (-0.31176224, 0.10237198, 0.94462925), (-0.32825813, 0.070439175, 0.941958), (-0.23893666, -0.109695904, 0.9648192), (-0.23893666, -0.109695904, 0.9648192), (-0.32825813, 0.070439175, 0.941958), (-0.38511935, 0.021658821, 0.92261255), (-0.28556687, -0.18298192, 0.940728), (-0.19521028, -0.19421238, 0.9613399), (-0.23893666, -0.109695904, 0.9648192), (-0.28556687, -0.18298192, 0.940728), (-0.23125194, -0.27868855, 0.9321241), (-0.23125194, -0.27868855, 0.9321241), (-0.28556687, -0.18298192, 0.940728), (-0.35041922, -0.18026876, 0.9190808), (-0.29058683, -0.29382265, 0.9106193), (-0.28556687, -0.18298192, 0.940728), (-0.38511935, 0.021658821, 0.92261255), (-0.44307858, 0.042658478, 0.8954673), (-0.35041922, -0.18026876, 0.9190808), (-0.35041922, -0.18026876, 0.9190808), (-0.44307858, 0.042658478, 0.8954673), (-0.55934364, 0.08905535, 0.82413816), (-0.47116378, -0.1408624, 0.87072533), (-0.29058683, -0.29382265, 0.9106193), (-0.35041922, -0.18026876, 0.9190808), (-0.47116378, -0.1408624, 0.87072533), (-0.4016751, -0.27346563, 0.87399864), (-0.5105446, -0.72501254, 0.46227822), (-0.5986949, -0.6685323, 0.44116756), (-0.63099355, -0.69790256, 0.33879074), (-0.5275909, -0.77988523, 0.336789), (-0.5986949, -0.6685323, 0.44116756), (-0.75296897, -0.51223105, 0.4131068), (-0.7769294, -0.53510976, 0.3317201), (-0.63099355, -0.69790256, 0.33879074), (-0.52060664, -0.57400084, 0.6320536), (-0.6135302, -0.51408243, 0.59941626), (-0.5888609, -0.6027273, 0.5384818), (-0.5006697, -0.65955526, 0.56063944), (-0.6135302, -0.51408243, 0.59941626), (-0.76772034, -0.37577412, 0.519037), (-0.74603206, -0.46595573, 0.47573262), (-0.5888609, -0.6027273, 0.5384818), (-0.5888609, -0.6027273, 0.5384818), (-0.74603206, -0.46595573, 0.47573262), (-0.75296897, -0.51223105, 0.4131068), (-0.5986949, -0.6685323, 0.44116756), (-0.5006697, -0.65955526, 0.56063944), (-0.5888609, -0.6027273, 0.5384818), (-0.5986949, -0.6685323, 0.44116756), (-0.5105446, -0.72501254, 0.46227822), (-0.54555404, -0.21120284, 0.81102663), (-0.637221, -0.098952934, 0.7643021), (-0.6598392, -0.1624751, 0.73363066), (-0.5625115, -0.25012013, 0.78804874), (-0.637221, -0.098952934, 0.7643021), (-0.7579552, 0.09034539, 0.6460199), (-0.79908895, 0.007974696, 0.60115993), (-0.6598392, -0.1624751, 0.73363066), (-0.6598392, -0.1624751, 0.73363066), (-0.79908895, 0.007974696, 0.60115993), (-0.79790413, -0.08760034, 0.596385), (-0.6538428, -0.2496191, 0.7142688), (-0.5625115, -0.25012013, 0.78804874), (-0.6598392, -0.1624751, 0.73363066), (-0.6538428, -0.2496191, 0.7142688), (-0.55897784, -0.3280064, 0.7615481), (-0.55897784, -0.3280064, 0.7615481), (-0.6538428, -0.2496191, 0.7142688), (-0.6298677, -0.35971773, 0.68838197), (-0.53633976, -0.42809007, 0.72737783), (-0.6538428, -0.2496191, 0.7142688), (-0.79790413, -0.08760034, 0.596385), (-0.7781363, -0.20998876, 0.5919533), (-0.6298677, -0.35971773, 0.68838197), (-0.6298677, -0.35971773, 0.68838197), (-0.7781363, -0.20998876, 0.5919533), (-0.76772034, -0.37577412, 0.519037), (-0.6135302, -0.51408243, 0.59941626), (-0.53633976, -0.42809007, 0.72737783), (-0.6298677, -0.35971773, 0.68838197), (-0.6135302, -0.51408243, 0.59941626), (-0.52060664, -0.57400084, 0.6320536), (-0.4016751, -0.27346563, 0.87399864), (-0.47116378, -0.1408624, 0.87072533), (-0.58110523, -0.10209352, 0.80739933), (-0.5030357, -0.23348214, 0.8321305), (-0.47116378, -0.1408624, 0.87072533), (-0.55934364, 0.08905535, 0.82413816), (-0.67894, 0.11527128, 0.7250883), (-0.58110523, -0.10209352, 0.80739933), (-0.58110523, -0.10209352, 0.80739933), (-0.67894, 0.11527128, 0.7250883), (-0.7579552, 0.09034539, 0.6460199), (-0.637221, -0.098952934, 0.7643021), (-0.5030357, -0.23348214, 0.8321305), (-0.58110523, -0.10209352, 0.80739933), (-0.637221, -0.098952934, 0.7643021), (-0.54555404, -0.21120284, 0.81102663), (-0.10696469, -0.25443676, 0.9611558), (-0.122319415, -0.083595805, 0.9889639), (-0.20431483, -0.019444313, 0.97871214), (-0.1664983, -0.07619344, 0.9830935), (-0.122319415, -0.083595805, 0.9889639), (-0.05393333, -0.5698833, 0.81995386), (-0.25152826, 0.15044075, 0.9560863), (-0.20431483, -0.019444313, 0.97871214), (-0.20431483, -0.019444313, 0.97871214), (-0.25152826, 0.15044075, 0.9560863), (-0.31176224, 0.10237198, 0.94462925), (-0.26175183, -0.043823488, 0.96413976), (-0.1664983, -0.07619344, 0.9830935), (-0.20431483, -0.019444313, 0.97871214), (-0.26175183, -0.043823488, 0.96413976), (-0.2634674, -0.09075659, 0.9603896), (0.0055197347, -0.5400059, 0.8416431), (0.27103323, -0.9221045, 0.2761599), (0.35672674, -0.875834, 0.325055), (0.034927342, -0.54394656, 0.8383927), (0.27103323, -0.9221045, 0.2761599), (0.2205163, -0.92639005, 0.3052442), (0.35066193, -0.87990826, 0.3206208), (0.35672674, -0.875834, 0.325055), (0.35672674, -0.875834, 0.325055), (0.35066193, -0.87990826, 0.3206208), (0.31301, -0.89048094, 0.33025503), (0.30644625, -0.8867557, 0.34605652), (0.034927342, -0.54394656, 0.8383927), (0.35672674, -0.875834, 0.325055), (0.30644625, -0.8867557, 0.34605652), (-0.050124653, -0.5703977, 0.81983775), (-0.050124653, -0.5703977, 0.81983775), (0.30644625, -0.8867557, 0.34605652), (0.22462896, -0.9110762, 0.34566176), (-0.13709946, -0.59371734, 0.79290825), (0.30644625, -0.8867557, 0.34605652), (0.31301, -0.89048094, 0.33025503), (0.22560635, -0.913208, 0.3393419), (0.22462896, -0.9110762, 0.34566176), (0.22462896, -0.9110762, 0.34566176), (0.22560635, -0.913208, 0.3393419), (0.17301221, -0.9122769, 0.3712379), (0.1840404, -0.9115749, 0.36764157), (-0.13709946, -0.59371734, 0.79290825), (0.22462896, -0.9110762, 0.34566176), (0.1840404, -0.9115749, 0.36764157), (-0.21774958, -0.6042132, 0.766493), (-0.21701665, -0.86577153, 0.45093617), (0.44835293, -0.8535382, 0.26542822), (0.48227066, -0.8716201, 0.08771239), (-0.14819482, -0.9536483, 0.26190272), (0.44835293, -0.8535382, 0.26542822), (0.48134127, -0.8381987, 0.2563853), (0.48518777, -0.869345, 0.09397972), (0.48227066, -0.8716201, 0.08771239), (-0.17634755, -0.7044307, 0.68751645), (0.4272872, -0.7216089, 0.54470754), (0.42108414, -0.7735396, 0.47362915), (-0.19424604, -0.7764664, 0.5994733), (0.4272872, -0.7216089, 0.54470754), (0.4436654, -0.7159414, 0.539063), (0.45347038, -0.764204, 0.45864677), (0.42108414, -0.7735396, 0.47362915), (0.42108414, -0.7735396, 0.47362915), (0.45347038, -0.764204, 0.45864677), (0.48134127, -0.8381987, 0.2563853), (0.44835293, -0.8535382, 0.26542822), (-0.19424604, -0.7764664, 0.5994733), (0.42108414, -0.7735396, 0.47362915), (0.44835293, -0.8535382, 0.26542822), (-0.21701665, -0.86577153, 0.45093617), (-0.2206322, -0.5018844, 0.8363214), (0.3246207, -0.7445578, 0.5833139), (0.3630322, -0.6676119, 0.6500016), (-0.23533764, -0.47538054, 0.84772015), (0.3246207, -0.7445578, 0.5833139), (0.3196297, -0.7468092, 0.583192), (0.36424586, -0.66828954, 0.64862466), (0.3630322, -0.6676119, 0.6500016), (0.3630322, -0.6676119, 0.6500016), (0.36424586, -0.66828954, 0.64862466), (0.3876485, -0.6628059, 0.6406379), (0.37485912, -0.66627175, 0.6446414), (-0.23533764, -0.47538054, 0.84772015), (0.3630322, -0.6676119, 0.6500016), (0.37485912, -0.66627175, 0.6446414), (-0.23385632, -0.51449144, 0.8249908), (-0.23385632, -0.51449144, 0.8249908), (0.37485912, -0.66627175, 0.6446414), (0.40723407, -0.68414265, 0.6050696), (-0.19896887, -0.58953696, 0.7828521), (0.37485912, -0.66627175, 0.6446414), (0.3876485, -0.6628059, 0.6406379), (0.42423806, -0.67798615, 0.6002974), (0.40723407, -0.68414265, 0.6050696), (0.40723407, -0.68414265, 0.6050696), (0.42423806, -0.67798615, 0.6002974), (0.4436654, -0.7159414, 0.539063), (0.4272872, -0.7216089, 0.54470754), (-0.19896887, -0.58953696, 0.7828521), (0.40723407, -0.68414265, 0.6050696), (0.4272872, -0.7216089, 0.54470754), (-0.17634755, -0.7044307, 0.68751645), (-0.21774958, -0.6042132, 0.766493), (0.1840404, -0.9115749, 0.36764157), (0.23374318, -0.8575157, 0.45829147), (-0.24485536, -0.56703705, 0.7864571), (0.1840404, -0.9115749, 0.36764157), (0.17301221, -0.9122769, 0.3712379), (0.22484508, -0.85927176, 0.45945257), (0.23374318, -0.8575157, 0.45829147), (0.23374318, -0.8575157, 0.45829147), (0.22484508, -0.85927176, 0.45945257), (0.3196297, -0.7468092, 0.583192), (0.3246207, -0.7445578, 0.5833139), (-0.24485536, -0.56703705, 0.7864571), (0.23374318, -0.8575157, 0.45829147), (0.3246207, -0.7445578, 0.5833139), (-0.2206322, -0.5018844, 0.8363214), (-0.05393333, -0.5698833, 0.81995386), (0.09567391, -0.95666593, 0.27502143), (0.139956, -0.96794885, 0.20853643), (-0.11027642, -0.55111116, 0.8271128), (0.2205163, -0.92639005, 0.3052442), (0.27103323, -0.9221045, 0.2761599), (0.139956, -0.96794885, 0.20853643), (0.09567391, -0.95666593, 0.27502143), (0.0055197347, -0.5400059, 0.8416431), (-0.11027642, -0.55111116, 0.8271128), (0.139956, -0.96794885, 0.20853643), (0.27103323, -0.9221045, 0.2761599), (-0.17584065, 0.23368953, 0.9562789), (-0.11439992, 0.09515658, 0.988867), (0.17930648, 0.06738355, 0.9814829), (0.22058529, 0.3439426, 0.91271335), (-0.11439992, 0.09515658, 0.988867), (-0.049400795, -0.39592743, 0.916952), (0.07114259, -0.43111995, 0.8994856), (0.17930648, 0.06738355, 0.9814829), (0.17930648, 0.06738355, 0.9814829), (0.07114259, -0.43111995, 0.8994856), (-0.04383093, -0.47856748, 0.8769561), (-0.032616533, -0.063932456, 0.997421), (0.22058529, 0.3439426, 0.91271335), (0.17930648, 0.06738355, 0.9814829), (-0.032616533, -0.063932456, 0.997421), (0.093163334, 0.19157733, 0.9770459), (-0.049400795, -0.39592743, 0.916952), (-0.11439992, 0.09515658, 0.988867), (-0.38183257, -0.119079985, 0.91652817), (-0.161039, -0.5331332, 0.83056337), (-0.11439992, 0.09515658, 0.988867), (-0.17584065, 0.23368953, 0.9562789), (-0.5189729, 0.05935131, 0.8527278), (-0.38183257, -0.119079985, 0.91652817), (-0.38183257, -0.119079985, 0.91652817), (-0.5189729, 0.05935131, 0.8527278), (-0.44169536, 0.06605446, 0.8947301), (-0.22851217, -0.08531824, 0.96979535), (-0.161039, -0.5331332, 0.83056337), (-0.38183257, -0.119079985, 0.91652817), (-0.22851217, -0.08531824, 0.96979535), (0.072306454, -0.51855713, 0.8519802), (0.072306454, -0.51855713, 0.8519802), (-0.22851217, -0.08531824, 0.96979535), (-0.20068555, -0.09986016, 0.9745528), (0.02341906, -0.56291175, 0.8261851), (-0.22851217, -0.08531824, 0.96979535), (-0.44169536, 0.06605446, 0.8947301), (-0.3902827, 0.08348376, 0.91690236), (-0.20068555, -0.09986016, 0.9745528), (-0.20068555, -0.09986016, 0.9745528), (-0.3902827, 0.08348376, 0.91690236), (-0.38916755, 0.08911748, 0.91684604), (-0.15771076, -0.25403994, 0.95424896), (0.02341906, -0.56291175, 0.8261851), (-0.20068555, -0.09986016, 0.9745528), (-0.15771076, -0.25403994, 0.95424896), (-0.0342399, -0.671082, 0.74059194), (-0.1812404, -0.6793431, 0.71108705), (0.03034672, -0.76181906, 0.6470786), (0.034434784, -0.7866491, 0.6164393), (-0.03131282, -0.7008314, 0.71263933), (0.03034672, -0.76181906, 0.6470786), (0.072306454, -0.51855713, 0.8519802), (0.02341906, -0.56291175, 0.8261851), (0.034434784, -0.7866491, 0.6164393), (0.034434784, -0.7866491, 0.6164393), (0.02341906, -0.56291175, 0.8261851), (-0.0342399, -0.671082, 0.74059194), (0.0009849455, -0.7905276, 0.61242557), (-0.03131282, -0.7008314, 0.71263933), (0.034434784, -0.7866491, 0.6164393), (0.0009849455, -0.7905276, 0.61242557), (0.027292525, -0.6955487, 0.7179603), (-0.049788192, -0.6386305, 0.7679012), (-0.08675288, -0.69178647, 0.71687204), (-0.20501763, -0.7192141, 0.66385156), (-0.36398578, -0.6291009, 0.686838), (-0.08675288, -0.69178647, 0.71687204), (-0.049400795, -0.39592743, 0.916952), (-0.161039, -0.5331332, 0.83056337), (-0.20501763, -0.7192141, 0.66385156), (-0.20501763, -0.7192141, 0.66385156), (-0.161039, -0.5331332, 0.83056337), (0.072306454, -0.51855713, 0.8519802), (0.03034672, -0.76181906, 0.6470786), (-0.36398578, -0.6291009, 0.686838), (-0.20501763, -0.7192141, 0.66385156), (0.03034672, -0.76181906, 0.6470786), (-0.1812404, -0.6793431, 0.71108705), (-0.37561262, -0.5742053, 0.72746366), (-0.32030746, -0.58586943, 0.7444193), (-0.11198218, -0.6256935, 0.77198935), (-0.18572864, -0.6142081, 0.76697665), (-0.32030746, -0.58586943, 0.7444193), (-0.1812404, -0.6793431, 0.71108705), (-0.03131282, -0.7008314, 0.71263933), (-0.11198218, -0.6256935, 0.77198935), (-0.11198218, -0.6256935, 0.77198935), (-0.03131282, -0.7008314, 0.71263933), (0.027292525, -0.6955487, 0.7179603), (0.020282809, -0.6389141, 0.76901066), (-0.18572864, -0.6142081, 0.76697665), (-0.11198218, -0.6256935, 0.77198935), (0.020282809, -0.6389141, 0.76901066), (-0.05108206, -0.6263208, 0.77789), (0.035467282, -0.50851226, 0.860324), (0.045953143, -0.5566602, 0.8294683), (-0.4204567, -0.5644496, 0.710361), (-0.42623812, -0.5563237, 0.71331966), (0.045953143, -0.5566602, 0.8294683), (-0.049788192, -0.6386305, 0.7679012), (-0.36398578, -0.6291009, 0.686838), (-0.4204567, -0.5644496, 0.710361), (-0.4204567, -0.5644496, 0.710361), (-0.36398578, -0.6291009, 0.686838), (-0.1812404, -0.6793431, 0.71108705), (-0.32030746, -0.58586943, 0.7444193), (-0.42623812, -0.5563237, 0.71331966), (-0.4204567, -0.5644496, 0.710361), (-0.32030746, -0.58586943, 0.7444193), (-0.37561262, -0.5742053, 0.72746366), (-0.58118165, -0.32602084, 0.74561274), (-0.46069935, -0.48669934, 0.74221283), (-0.26992166, -0.5266457, 0.8060934), (-0.42038596, -0.3503984, 0.8369568), (-0.46069935, -0.48669934, 0.74221283), (-0.37561262, -0.5742053, 0.72746366), (-0.18572864, -0.6142081, 0.76697665), (-0.26992166, -0.5266457, 0.8060934), (-0.26992166, -0.5266457, 0.8060934), (-0.18572864, -0.6142081, 0.76697665), (-0.05108206, -0.6263208, 0.77789), (-0.1502261, -0.53662044, 0.8303437), (-0.42038596, -0.3503984, 0.8369568), (-0.26992166, -0.5266457, 0.8060934), (-0.1502261, -0.53662044, 0.8303437), (-0.28952, -0.3723348, 0.8817851), (-0.22726619, -0.23720293, 0.9445025), (-0.07310977, -0.36517152, 0.92806506), (-0.50920355, -0.44450256, 0.736973), (-0.59425986, -0.30183607, 0.74548656), (-0.07310977, -0.36517152, 0.92806506), (0.035467282, -0.50851226, 0.860324), (-0.42623812, -0.5563237, 0.71331966), (-0.50920355, -0.44450256, 0.736973), (-0.50920355, -0.44450256, 0.736973), (-0.42623812, -0.5563237, 0.71331966), (-0.37561262, -0.5742053, 0.72746366), (-0.46069935, -0.48669934, 0.74221283), (-0.59425986, -0.30183607, 0.74548656), (-0.50920355, -0.44450256, 0.736973), (-0.46069935, -0.48669934, 0.74221283), (-0.58118165, -0.32602084, 0.74561274), (-0.22410332, -0.27306166, 0.9355293), (-0.24427262, -0.26171857, 0.93372065), (-0.5571937, -0.311836, 0.76960605), (-0.48252362, -0.3123447, 0.8182981), (-0.24427262, -0.26171857, 0.93372065), (-0.22726619, -0.23720293, 0.9445025), (-0.59425986, -0.30183607, 0.74548656), (-0.5571937, -0.311836, 0.76960605), (-0.5571937, -0.311836, 0.76960605), (-0.59425986, -0.30183607, 0.74548656), (-0.58118165, -0.32602084, 0.74561274), (-0.5988862, -0.28822485, 0.7471692), (-0.48252362, -0.3123447, 0.8182981), (-0.5571937, -0.311836, 0.76960605), (-0.5988862, -0.28822485, 0.7471692), (-0.5383937, -0.2971193, 0.7885762), (-0.5383937, -0.2971193, 0.7885762), (-0.5988862, -0.28822485, 0.7471692), (-0.5196395, -0.27244914, 0.8097816), (-0.5359958, -0.2793952, 0.7966473), (-0.5988862, -0.28822485, 0.7471692), (-0.58118165, -0.32602084, 0.74561274), (-0.42038596, -0.3503984, 0.8369568), (-0.5196395, -0.27244914, 0.8097816), (-0.5196395, -0.27244914, 0.8097816), (-0.42038596, -0.3503984, 0.8369568), (-0.28952, -0.3723348, 0.8817851), (-0.43056598, -0.2601061, 0.8642672), (-0.5359958, -0.2793952, 0.7966473), (-0.5196395, -0.27244914, 0.8097816), (-0.43056598, -0.2601061, 0.8642672), (-0.507857, -0.27627158, 0.81593835), (-0.5169365, 0.07130522, 0.85304874), (-0.52262974, -0.10442801, 0.84613997), (-0.54292214, -0.10008013, 0.8337983), (-0.5205203, 0.07487137, 0.8505603), (-0.52262974, -0.10442801, 0.84613997), (-0.5383937, -0.2971193, 0.7885762), (-0.5359958, -0.2793952, 0.7966473), (-0.54292214, -0.10008013, 0.8337983), (-0.54292214, -0.10008013, 0.8337983), (-0.5359958, -0.2793952, 0.7966473), (-0.507857, -0.27627158, 0.81593835), (-0.5454452, -0.1349822, 0.8272058), (-0.5205203, 0.07487137, 0.8505603), (-0.54292214, -0.10008013, 0.8337983), (-0.5454452, -0.1349822, 0.8272058), (-0.53256077, 0.069050565, 0.8435704), (-0.62567896, 0.33911034, 0.702517), (-0.55367815, 0.18989772, 0.8107893), (-0.525773, 0.19100226, 0.8289034), (-0.5867222, 0.34558207, 0.73234564), (-0.55367815, 0.18989772, 0.8107893), (-0.5169365, 0.07130522, 0.85304874), (-0.5205203, 0.07487137, 0.8505603), (-0.525773, 0.19100226, 0.8289034), (-0.525773, 0.19100226, 0.8289034), (-0.5205203, 0.07487137, 0.8505603), (-0.53256077, 0.069050565, 0.8435704), (-0.5142731, 0.17498209, 0.8395859), (-0.5867222, 0.34558207, 0.73234564), (-0.525773, 0.19100226, 0.8289034), (-0.5142731, 0.17498209, 0.8395859), (-0.5534307, 0.3211208, 0.7685024), (-0.62567896, 0.33911034, 0.702517), (-0.5867222, 0.34558207, 0.73234564), (-0.7108367, 0.40206, 0.5771127), (-0.7312729, 0.4178277, 0.5391289), (-0.5867222, 0.34558207, 0.73234564), (-0.5534307, 0.3211208, 0.7685024), (-0.6637164, 0.40840727, 0.6266451), (-0.7108367, 0.40206, 0.5771127), (-0.7108367, 0.40206, 0.5771127), (-0.6637164, 0.40840727, 0.6266451), (-0.8483539, 0.2773791, 0.4509507), (-0.8666236, 0.2731897, 0.41752952), (-0.7312729, 0.4178277, 0.5391289), (-0.7108367, 0.40206, 0.5771127), (-0.8666236, 0.2731897, 0.41752952), (-0.87153447, 0.303485, 0.38512927), (-0.2765617, 0.4604547, 0.84350175), (-0.19749805, 0.27057537, 0.9422226), (-0.5721261, 0.18576612, 0.79885083), (-0.6404598, 0.34063166, 0.68831766), (-0.19749805, 0.27057537, 0.9422226), (-0.21283482, 0.15263632, 0.9650925), (-0.51902616, 0.07216996, 0.8517062), (-0.5721261, 0.18576612, 0.79885083), (-0.5721261, 0.18576612, 0.79885083), (-0.51902616, 0.07216996, 0.8517062), (-0.5169365, 0.07130522, 0.85304874), (-0.55367815, 0.18989772, 0.8107893), (-0.6404598, 0.34063166, 0.68831766), (-0.5721261, 0.18576612, 0.79885083), (-0.55367815, 0.18989772, 0.8107893), (-0.62567896, 0.33911034, 0.702517), (-0.21283482, 0.15263632, 0.9650925), (-0.19749805, 0.27057537, 0.9422226), (0.18527322, 0.33639163, 0.9233172), (0.13186152, 0.20816447, 0.96916467), (-0.19749805, 0.27057537, 0.9422226), (-0.2765617, 0.4604547, 0.84350175), (0.22642966, 0.53943527, 0.8110112), (0.18527322, 0.33639163, 0.9233172), (0.18527322, 0.33639163, 0.9233172), (0.22642966, 0.53943527, 0.8110112), (0.30849826, 0.49860147, 0.81007737), (0.211468, 0.34592602, 0.9141206), (0.13186152, 0.20816447, 0.96916467), (0.18527322, 0.33639163, 0.9233172), (0.211468, 0.34592602, 0.9141206), (0.13736887, 0.18531856, 0.9730297), (0.13736887, 0.18531856, 0.9730297), (0.211468, 0.34592602, 0.9141206), (0.24973156, 0.3367735, 0.90786433), (0.14765418, 0.16133673, 0.97579134), (0.211468, 0.34592602, 0.9141206), (0.30849826, 0.49860147, 0.81007737), (0.41082495, 0.43101302, 0.80339944), (0.24973156, 0.3367735, 0.90786433), (0.24973156, 0.3367735, 0.90786433), (0.41082495, 0.43101302, 0.80339944), (0.4369471, 0.40059274, 0.8053587), (0.26277497, 0.3194733, 0.9104318), (0.14765418, 0.16133673, 0.97579134), (0.24973156, 0.3367735, 0.90786433), (0.26277497, 0.3194733, 0.9104318), (0.1497079, 0.13186873, 0.979897), (-0.022229997, -0.24364959, 0.9696085), (0.043914557, -0.06310393, 0.99704033), (0.07668432, -0.09247813, 0.99275744), (0.0095528085, -0.27947003, 0.9601069), (0.043914557, -0.06310393, 0.99704033), (0.13736887, 0.18531856, 0.9730297), (0.14765418, 0.16133673, 0.97579134), (0.07668432, -0.09247813, 0.99275744), (0.07668432, -0.09247813, 0.99275744), (0.14765418, 0.16133673, 0.97579134), (0.1497079, 0.13186873, 0.979897), (0.10474626, -0.1369901, 0.98501873), (0.0095528085, -0.27947003, 0.9601069), (0.07668432, -0.09247813, 0.99275744), (0.10474626, -0.1369901, 0.98501873), (0.0439448, -0.30140647, 0.9524826), (-0.13674802, -0.15074186, 0.9790694), (-0.10143871, -0.19923446, 0.97468764), (-0.118234076, -0.24203646, 0.96303636), (-0.22749452, -0.17445976, 0.9580241), (-0.10143871, -0.19923446, 0.97468764), (-0.022229997, -0.24364959, 0.9696085), (0.0095528085, -0.27947003, 0.9601069), (-0.118234076, -0.24203646, 0.96303636), (-0.118234076, -0.24203646, 0.96303636), (0.0095528085, -0.27947003, 0.9601069), (0.0439448, -0.30140647, 0.9524826), (-0.09033939, -0.25954026, 0.9614976), (-0.22749452, -0.17445976, 0.9580241), (-0.118234076, -0.24203646, 0.96303636), (-0.09033939, -0.25954026, 0.9614976), (-0.23884363, -0.19032127, 0.9522245), (0.12124112, -0.439021, 0.890259), (-0.043813817, -0.2646977, 0.9633356), (-0.2110374, -0.27414557, 0.93824697), (-0.063090794, -0.45454106, 0.88848865), (-0.043813817, -0.2646977, 0.9633356), (-0.13674802, -0.15074186, 0.9790694), (-0.22749452, -0.17445976, 0.9580241), (-0.2110374, -0.27414557, 0.93824697), (-0.2110374, -0.27414557, 0.93824697), (-0.22749452, -0.17445976, 0.9580241), (-0.23884363, -0.19032127, 0.9522245), (-0.26391217, -0.28367004, 0.9218903), (-0.063090794, -0.45454106, 0.88848865), (-0.2110374, -0.27414557, 0.93824697), (-0.26391217, -0.28367004, 0.9218903), (-0.1158657, -0.45352155, 0.8836817), (0.035467282, -0.50851226, 0.860324), (-0.07310977, -0.36517152, 0.92806506), (0.21173245, -0.25279456, 0.9440679), (0.36865252, -0.38314706, 0.8469319), (-0.07310977, -0.36517152, 0.92806506), (-0.22726619, -0.23720293, 0.9445025), (0.075196154, -0.1432915, 0.98681974), (0.21173245, -0.25279456, 0.9440679), (0.21173245, -0.25279456, 0.9440679), (0.075196154, -0.1432915, 0.98681974), (-0.13674802, -0.15074186, 0.9790694), (-0.043813817, -0.2646977, 0.9633356), (0.36865252, -0.38314706, 0.8469319), (0.21173245, -0.25279456, 0.9440679), (-0.043813817, -0.2646977, 0.9633356), (0.12124112, -0.439021, 0.890259), (-0.22726619, -0.23720293, 0.9445025), (-0.24427262, -0.26171857, 0.93372065), (-0.0033766953, -0.17499532, 0.9845635), (0.075196154, -0.1432915, 0.98681974), (-0.24427262, -0.26171857, 0.93372065), (-0.22410332, -0.27306166, 0.9355293), (-0.0061713723, -0.22063565, 0.9753368), (-0.0033766953, -0.17499532, 0.9845635), (-0.0033766953, -0.17499532, 0.9845635), (-0.0061713723, -0.22063565, 0.9753368), (-0.022229997, -0.24364959, 0.9696085), (-0.10143871, -0.19923446, 0.97468764), (0.075196154, -0.1432915, 0.98681974), (-0.0033766953, -0.17499532, 0.9845635), (-0.10143871, -0.19923446, 0.97468764), (-0.13674802, -0.15074186, 0.9790694), (0.23877443, -0.7360479, 0.6334194), (0.2437762, -0.57689244, 0.779595), (0.1103785, -0.62197673, 0.77521706), (0.20239393, -0.76913345, 0.6061934), (0.2437762, -0.57689244, 0.779595), (0.12124112, -0.439021, 0.890259), (-0.063090794, -0.45454106, 0.88848865), (0.1103785, -0.62197673, 0.77521706), (0.1103785, -0.62197673, 0.77521706), (-0.063090794, -0.45454106, 0.88848865), (-0.1158657, -0.45352155, 0.8836817), (0.067407414, -0.61997384, 0.7817216), (0.20239393, -0.76913345, 0.6061934), (0.1103785, -0.62197673, 0.77521706), (0.067407414, -0.61997384, 0.7817216), (0.19069248, -0.75956035, 0.6218557), (-0.049788192, -0.6386305, 0.7679012), (0.045953143, -0.5566602, 0.8294683), (0.42929322, -0.47320572, 0.76927483), (0.33705908, -0.6315749, 0.69821507), (0.045953143, -0.5566602, 0.8294683), (0.035467282, -0.50851226, 0.860324), (0.36865252, -0.38314706, 0.8469319), (0.42929322, -0.47320572, 0.76927483), (0.42929322, -0.47320572, 0.76927483), (0.36865252, -0.38314706, 0.8469319), (0.12124112, -0.439021, 0.890259), (0.2437762, -0.57689244, 0.779595), (0.33705908, -0.6315749, 0.69821507), (0.42929322, -0.47320572, 0.76927483), (0.2437762, -0.57689244, 0.779595), (0.23877443, -0.7360479, 0.6334194), (-0.049400795, -0.39592743, 0.916952), (-0.08675288, -0.69178647, 0.71687204), (0.13966082, -0.6945649, 0.7057439), (0.07114259, -0.43111995, 0.8994856), (-0.08675288, -0.69178647, 0.71687204), (-0.049788192, -0.6386305, 0.7679012), (0.33705908, -0.6315749, 0.69821507), (0.13966082, -0.6945649, 0.7057439), (0.13966082, -0.6945649, 0.7057439), (0.33705908, -0.6315749, 0.69821507), (0.23877443, -0.7360479, 0.6334194), (0.09867075, -0.75242466, 0.65124583), (0.07114259, -0.43111995, 0.8994856), (0.13966082, -0.6945649, 0.7057439), (0.09867075, -0.75242466, 0.65124583), (-0.04383093, -0.47856748, 0.8769561), (-0.04383093, -0.47856748, 0.8769561), (0.09867075, -0.75242466, 0.65124583), (0.18252887, -0.7735719, 0.60685223), (0.030010346, -0.52332944, 0.85160184), (0.09867075, -0.75242466, 0.65124583), (0.23877443, -0.7360479, 0.6334194), (0.20239393, -0.76913345, 0.6061934), (0.18252887, -0.7735719, 0.60685223), (0.18252887, -0.7735719, 0.60685223), (0.20239393, -0.76913345, 0.6061934), (0.19069248, -0.75956035, 0.6218557), (0.23623908, -0.7928824, 0.5617193), (0.030010346, -0.52332944, 0.85160184), (0.18252887, -0.7735719, 0.60685223), (0.23623908, -0.7928824, 0.5617193), (0.16844876, -0.6417545, 0.74818194), (0.093163334, 0.19157733, 0.9770459), (-0.032616533, -0.063932456, 0.997421), (-0.11032402, -0.14947675, 0.9825911), (-0.0942655, 0.049816452, 0.99429995), (-0.032616533, -0.063932456, 0.997421), (-0.04383093, -0.47856748, 0.8769561), (0.030010346, -0.52332944, 0.85160184), (-0.11032402, -0.14947675, 0.9825911), (-0.11032402, -0.14947675, 0.9825911), (0.030010346, -0.52332944, 0.85160184), (0.16844876, -0.6417545, 0.74818194), (-0.010095606, -0.31298044, 0.94970596), (-0.0942655, 0.049816452, 0.99429995), (-0.11032402, -0.14947675, 0.9825911), (-0.010095606, -0.31298044, 0.94970596), (-0.12652409, -0.018241178, 0.9917958), (-0.22410332, -0.27306166, 0.9355293), (-0.23134308, -0.06331584, 0.9708097), (0.03223787, -0.03052924, 0.9990139), (-0.0061713723, -0.22063565, 0.9753368), (-0.23134308, -0.06331584, 0.9708097), (-0.21283482, 0.15263632, 0.9650925), (0.13186152, 0.20816447, 0.96916467), (0.03223787, -0.03052924, 0.9990139), (0.03223787, -0.03052924, 0.9990139), (0.13186152, 0.20816447, 0.96916467), (0.13736887, 0.18531856, 0.9730297), (0.043914557, -0.06310393, 0.99704033), (-0.0061713723, -0.22063565, 0.9753368), (0.03223787, -0.03052924, 0.9990139), (0.043914557, -0.06310393, 0.99704033), (-0.022229997, -0.24364959, 0.9696085), (-0.21283482, 0.15263632, 0.9650925), (-0.23134308, -0.06331584, 0.9708097), (-0.49074203, -0.10697583, 0.86471295), (-0.51902616, 0.07216996, 0.8517062), (-0.23134308, -0.06331584, 0.9708097), (-0.22410332, -0.27306166, 0.9355293), (-0.48252362, -0.3123447, 0.8182981), (-0.49074203, -0.10697583, 0.86471295), (-0.49074203, -0.10697583, 0.86471295), (-0.48252362, -0.3123447, 0.8182981), (-0.5383937, -0.2971193, 0.7885762), (-0.52262974, -0.10442801, 0.84613997), (-0.51902616, 0.07216996, 0.8517062), (-0.49074203, -0.10697583, 0.86471295), (-0.52262974, -0.10442801, 0.84613997), (-0.5169365, 0.07130522, 0.85304874), (0.5475747, 0.5338182, 0.6443602), (0.3075902, 0.61527485, 0.7258272), (0.14581954, 0.6871415, 0.71173954), (0.4454616, 0.68686795, 0.57426155), (0.3075902, 0.61527485, 0.7258272), (-0.33100685, 0.6288385, 0.70356), (-0.5083443, 0.48859164, 0.70912933), (0.14581954, 0.6871415, 0.71173954), (0.14581954, 0.6871415, 0.71173954), (-0.5083443, 0.48859164, 0.70912933), (-0.6342715, 0.50158304, 0.58831465), (0.013798581, 0.80219704, 0.5968999), (0.4454616, 0.68686795, 0.57426155), (0.14581954, 0.6871415, 0.71173954), (0.013798581, 0.80219704, 0.5968999), (0.3192262, 0.81258786, 0.48764282), (0.3192262, 0.81258786, 0.48764282), (0.013798581, 0.80219704, 0.5968999), (-0.0830675, 0.8918206, 0.44469738), (0.25161695, 0.89021575, 0.3797431), (0.013798581, 0.80219704, 0.5968999), (-0.6342715, 0.50158304, 0.58831465), (-0.718871, 0.56476504, 0.40529612), (-0.0830675, 0.8918206, 0.44469738), (-0.0830675, 0.8918206, 0.44469738), (-0.718871, 0.56476504, 0.40529612), (-0.6814098, 0.66724473, 0.30077407), (-0.055726074, 0.9528486, 0.29828548), (0.25161695, 0.89021575, 0.3797431), (-0.0830675, 0.8918206, 0.44469738), (-0.055726074, 0.9528486, 0.29828548), (0.27202055, 0.93022084, 0.24636161), (-0.9644517, -0.16207297, 0.20872301), (-0.9437232, -0.00504015, 0.33069798), (-0.9389195, -0.03200968, 0.342645), (-0.9610445, -0.17667894, 0.21255124), (-0.9437232, -0.00504015, 0.33069798), (-0.87153447, 0.303485, 0.38512927), (-0.8666236, 0.2731897, 0.41752952), (-0.9389195, -0.03200968, 0.342645), (-0.9389195, -0.03200968, 0.342645), (-0.8666236, 0.2731897, 0.41752952), (-0.8483539, 0.2773791, 0.4509507), (-0.9338929, -0.051872864, 0.35377005), (-0.9610445, -0.17667894, 0.21255124), (-0.9389195, -0.03200968, 0.342645), (-0.9338929, -0.051872864, 0.35377005), (-0.9628013, -0.17408456, 0.20665972), (-0.99430376, -0.046746958, 0.09578535), (-0.98557836, -0.13272458, 0.10497347), (-0.9852949, -0.14108238, 0.09638436), (-0.9949667, -0.06975605, 0.07194106), (-0.98557836, -0.13272458, 0.10497347), (-0.9644517, -0.16207297, 0.20872301), (-0.9610445, -0.17667894, 0.21255124), (-0.9852949, -0.14108238, 0.09638436), (-0.9852949, -0.14108238, 0.09638436), (-0.9610445, -0.17667894, 0.21255124), (-0.9628013, -0.17408456, 0.20665972), (-0.9857844, -0.13731739, 0.09681453), (-0.9949667, -0.06975605, 0.07194106), (-0.9852949, -0.14108238, 0.09638436), (-0.9857844, -0.13731739, 0.09681453), (-0.9949539, -0.075174995, 0.06644938), (-0.9635638, 0.22221881, -0.14887428), (-0.9903101, 0.13146317, -0.044758752), (-0.99508184, 0.06684575, -0.073101506), (-0.97719955, 0.13702752, -0.16218616), (-0.9903101, 0.13146317, -0.044758752), (-0.99430376, -0.046746958, 0.09578535), (-0.9949667, -0.06975605, 0.07194106), (-0.99508184, 0.06684575, -0.073101506), (-0.99508184, 0.06684575, -0.073101506), (-0.9949667, -0.06975605, 0.07194106), (-0.9949539, -0.075174995, 0.06644938), (-0.9979037, 0.02414479, -0.060043536), (-0.97719955, 0.13702752, -0.16218616), (-0.99508184, 0.06684575, -0.073101506), (-0.9979037, 0.02414479, -0.060043536), (-0.9835441, 0.07101996, -0.16612384), (0.27202055, 0.93022084, 0.24636161), (-0.055726074, 0.9528486, 0.29828548), (0.027899273, 0.9896211, 0.14096689), (0.3321102, 0.93325245, 0.13690372), (-0.055726074, 0.9528486, 0.29828548), (-0.6814098, 0.66724473, 0.30077407), (-0.5878387, 0.8034315, 0.0945704), (0.027899273, 0.9896211, 0.14096689), (0.027899273, 0.9896211, 0.14096689), (-0.5878387, 0.8034315, 0.0945704), (-0.53095776, 0.8468311, -0.030997925), (0.08170438, 0.9951377, 0.055004314), (0.3321102, 0.93325245, 0.13690372), (0.027899273, 0.9896211, 0.14096689), (0.08170438, 0.9951377, 0.055004314), (0.3567368, 0.9307991, 0.07969744), (-0.53095776, 0.8468311, -0.030997925), (-0.5878387, 0.8034315, 0.0945704), (-0.9468501, 0.32163194, 0.005266604), (-0.9095286, 0.39902702, -0.11634053), (-0.5878387, 0.8034315, 0.0945704), (-0.6814098, 0.66724473, 0.30077407), (-0.976679, 0.13199721, 0.16933629), (-0.9468501, 0.32163194, 0.005266604), (-0.9468501, 0.32163194, 0.005266604), (-0.976679, 0.13199721, 0.16933629), (-0.99430376, -0.046746958, 0.09578535), (-0.9903101, 0.13146317, -0.044758752), (-0.9095286, 0.39902702, -0.11634053), (-0.9468501, 0.32163194, 0.005266604), (-0.9903101, 0.13146317, -0.044758752), (-0.9635638, 0.22221881, -0.14887428), (-0.6814098, 0.66724473, 0.30077407), (-0.718871, 0.56476504, 0.40529612), (-0.9810278, 0.031968452, 0.19121327), (-0.976679, 0.13199721, 0.16933629), (-0.718871, 0.56476504, 0.40529612), (-0.6342715, 0.50158304, 0.58831465), (-0.95188874, -0.008818386, 0.30631676), (-0.9810278, 0.031968452, 0.19121327), (-0.9810278, 0.031968452, 0.19121327), (-0.95188874, -0.008818386, 0.30631676), (-0.9644517, -0.16207297, 0.20872301), (-0.98557836, -0.13272458, 0.10497347), (-0.976679, 0.13199721, 0.16933629), (-0.9810278, 0.031968452, 0.19121327), (-0.98557836, -0.13272458, 0.10497347), (-0.99430376, -0.046746958, 0.09578535), (-0.6342715, 0.50158304, 0.58831465), (-0.5083443, 0.48859164, 0.70912933), (-0.89241374, 0.13337827, 0.43105453), (-0.95188874, -0.008818386, 0.30631676), (-0.5083443, 0.48859164, 0.70912933), (-0.33100685, 0.6288385, 0.70356), (-0.8053552, 0.40012917, 0.43737814), (-0.89241374, 0.13337827, 0.43105453), (-0.89241374, 0.13337827, 0.43105453), (-0.8053552, 0.40012917, 0.43737814), (-0.87153447, 0.303485, 0.38512927), (-0.9437232, -0.00504015, 0.33069798), (-0.95188874, -0.008818386, 0.30631676), (-0.89241374, 0.13337827, 0.43105453), (-0.9437232, -0.00504015, 0.33069798), (-0.9644517, -0.16207297, 0.20872301), (0.46131092, 0.86290616, 0.20636201), (0.41450924, 0.8838966, 0.21658452), (0.5506747, 0.8227467, 0.14087367), (0.60679764, 0.7801885, 0.1519951), (0.41450924, 0.8838966, 0.21658452), (0.27202055, 0.93022084, 0.24636161), (0.3321102, 0.93325245, 0.13690372), (0.5506747, 0.8227467, 0.14087367), (0.5506747, 0.8227467, 0.14087367), (0.3321102, 0.93325245, 0.13690372), (0.3567368, 0.9307991, 0.07969744), (0.6016863, 0.7924204, 0.100217216), (0.60679764, 0.7801885, 0.1519951), (0.5506747, 0.8227467, 0.14087367), (0.6016863, 0.7924204, 0.100217216), (0.7618153, 0.63776904, 0.113525495), (0.48287264, 0.78570676, 0.3866509), (0.44894618, 0.7931665, 0.41150242), (0.39904118, 0.8536851, 0.334646), (0.44704026, 0.83679396, 0.31611866), (0.44894618, 0.7931665, 0.41150242), (0.3192262, 0.81258786, 0.48764282), (0.25161695, 0.89021575, 0.3797431), (0.39904118, 0.8536851, 0.334646), (0.39904118, 0.8536851, 0.334646), (0.25161695, 0.89021575, 0.3797431), (0.27202055, 0.93022084, 0.24636161), (0.41450924, 0.8838966, 0.21658452), (0.44704026, 0.83679396, 0.31611866), (0.39904118, 0.8536851, 0.334646), (0.41450924, 0.8838966, 0.21658452), (0.46131092, 0.86290616, 0.20636201), (0.7075924, 0.45722267, 0.53875816), (0.6680909, 0.47001413, 0.5768374), (0.5704465, 0.6746914, 0.46838272), (0.593138, 0.6895152, 0.4156395), (0.6680909, 0.47001413, 0.5768374), (0.5475747, 0.5338182, 0.6443602), (0.4454616, 0.68686795, 0.57426155), (0.5704465, 0.6746914, 0.46838272), (0.5704465, 0.6746914, 0.46838272), (0.4454616, 0.68686795, 0.57426155), (0.3192262, 0.81258786, 0.48764282), (0.44894618, 0.7931665, 0.41150242), (0.593138, 0.6895152, 0.4156395), (0.5704465, 0.6746914, 0.46838272), (0.44894618, 0.7931665, 0.41150242), (0.48287264, 0.78570676, 0.3866509), (-0.33100685, 0.6288385, 0.70356), (0.3075902, 0.61527485, 0.7258272), (0.32553655, 0.6197414, 0.71410537), (-0.20757215, 0.6601781, 0.7218578), (0.3075902, 0.61527485, 0.7258272), (0.5475747, 0.5338182, 0.6443602), (0.48151448, 0.51679784, 0.70785856), (0.32553655, 0.6197414, 0.71410537), (0.32553655, 0.6197414, 0.71410537), (0.48151448, 0.51679784, 0.70785856), (0.30849826, 0.49860147, 0.81007737), (0.22642966, 0.53943527, 0.8110112), (-0.20757215, 0.6601781, 0.7218578), (0.32553655, 0.6197414, 0.71410537), (0.22642966, 0.53943527, 0.8110112), (-0.2765617, 0.4604547, 0.84350175), (0.4369471, 0.40059274, 0.8053587), (0.41082495, 0.43101302, 0.80339944), (0.59994525, 0.406957, 0.6888045), (0.63935024, 0.3589315, 0.67999965), (0.41082495, 0.43101302, 0.80339944), (0.30849826, 0.49860147, 0.81007737), (0.48151448, 0.51679784, 0.70785856), (0.59994525, 0.406957, 0.6888045), (0.59994525, 0.406957, 0.6888045), (0.48151448, 0.51679784, 0.70785856), (0.5475747, 0.5338182, 0.6443602), (0.6680909, 0.47001413, 0.5768374), (0.63935024, 0.3589315, 0.67999965), (0.59994525, 0.406957, 0.6888045), (0.6680909, 0.47001413, 0.5768374), (0.7075924, 0.45722267, 0.53875816), (-0.33100685, 0.6288385, 0.70356), (-0.20757215, 0.6601781, 0.7218578), (-0.71075994, 0.45665997, 0.53505325), (-0.8053552, 0.40012917, 0.43737814), (-0.20757215, 0.6601781, 0.7218578), (-0.2765617, 0.4604547, 0.84350175), (-0.6404598, 0.34063166, 0.68831766), (-0.71075994, 0.45665997, 0.53505325), (-0.71075994, 0.45665997, 0.53505325), (-0.6404598, 0.34063166, 0.68831766), (-0.62567896, 0.33911034, 0.702517), (-0.7312729, 0.4178277, 0.5391289), (-0.8053552, 0.40012917, 0.43737814), (-0.71075994, 0.45665997, 0.53505325), (-0.7312729, 0.4178277, 0.5391289), (-0.87153447, 0.303485, 0.38512927), (0.4818159, -0.46640584, 0.74183494), (0.52845615, -0.4983423, 0.6873056), (0.5948346, -0.2600209, 0.760632), (0.5302229, -0.23721616, 0.8139976), (0.52845615, -0.4983423, 0.6873056), (0.6153992, -0.50846004, 0.6022891), (0.59887946, -0.3347086, 0.7275394), (0.5948346, -0.2600209, 0.760632), (0.5948346, -0.2600209, 0.760632), (0.59887946, -0.3347086, 0.7275394), (0.52876323, -0.45187554, 0.7184831), (0.59365386, -0.36815012, 0.71557015), (0.5302229, -0.23721616, 0.8139976), (0.5948346, -0.2600209, 0.760632), (0.59365386, -0.36815012, 0.71557015), (0.5795729, -0.31232592, 0.75269365), (0.6153992, -0.50846004, 0.6022891), (0.52845615, -0.4983423, 0.6873056), (0.49540862, -0.6946309, 0.521592), (0.5898472, -0.6673355, 0.45469064), (0.52845615, -0.4983423, 0.6873056), (0.4818159, -0.46640584, 0.74183494), (0.38797095, -0.7470336, 0.53983265), (0.49540862, -0.6946309, 0.521592), (0.49540862, -0.6946309, 0.521592), (0.38797095, -0.7470336, 0.53983265), (0.41618484, -0.7123849, 0.56506455), (0.5230668, -0.6373513, 0.5658484), (0.5898472, -0.6673355, 0.45469064), (0.49540862, -0.6946309, 0.521592), (0.5230668, -0.6373513, 0.5658484), (0.6636099, -0.5627439, 0.4928907), (0.6636099, -0.5627439, 0.4928907), (0.5230668, -0.6373513, 0.5658484), (0.52731377, -0.6133084, 0.58804166), (0.6922596, -0.5497428, 0.46750343), (0.5230668, -0.6373513, 0.5658484), (0.41618484, -0.7123849, 0.56506455), (0.42386347, -0.6859506, 0.5914486), (0.52731377, -0.6133084, 0.58804166), (0.52731377, -0.6133084, 0.58804166), (0.42386347, -0.6859506, 0.5914486), (0.4128394, -0.67986864, 0.6060876), (0.5876309, -0.592719, 0.55079406), (0.6922596, -0.5497428, 0.46750343), (0.52731377, -0.6133084, 0.58804166), (0.5876309, -0.592719, 0.55079406), (0.73357075, -0.57296, 0.36550063), (0.66879517, -0.7338139, 0.11929031), (0.7064072, -0.6325973, 0.3175051), (0.768751, -0.59426224, 0.23637748), (0.72808564, -0.68375015, 0.04875358), (0.7064072, -0.6325973, 0.3175051), (0.6636099, -0.5627439, 0.4928907), (0.6922596, -0.5497428, 0.46750343), (0.768751, -0.59426224, 0.23637748), (0.768751, -0.59426224, 0.23637748), (0.6922596, -0.5497428, 0.46750343), (0.73357075, -0.57296, 0.36550063), (0.7854198, -0.60639423, 0.12410293), (0.72808564, -0.68375015, 0.04875358), (0.768751, -0.59426224, 0.23637748), (0.7854198, -0.60639423, 0.12410293), (0.73067665, -0.68267304, 0.008315603), (0.6412012, -0.6568928, 0.39667723), (0.5898504, -0.6197799, 0.51763827), (0.57830715, -0.7473483, 0.32715645), (0.5691532, -0.80813175, 0.15161714), (0.5898504, -0.6197799, 0.51763827), (0.6153992, -0.50846004, 0.6022891), (0.5898472, -0.6673355, 0.45469064), (0.57830715, -0.7473483, 0.32715645), (0.57830715, -0.7473483, 0.32715645), (0.5898472, -0.6673355, 0.45469064), (0.6636099, -0.5627439, 0.4928907), (0.7064072, -0.6325973, 0.3175051), (0.5691532, -0.80813175, 0.15161714), (0.57830715, -0.7473483, 0.32715645), (0.7064072, -0.6325973, 0.3175051), (0.66879517, -0.7338139, 0.11929031), (0.42302394, -0.8750962, 0.23506895), (0.5742035, -0.815288, 0.07480596), (0.59080124, -0.80271035, 0.08130227), (0.3825308, -0.87302554, 0.30248404), (0.5742035, -0.815288, 0.07480596), (0.66879517, -0.7338139, 0.11929031), (0.72808564, -0.68375015, 0.04875358), (0.59080124, -0.80271035, 0.08130227), (0.59080124, -0.80271035, 0.08130227), (0.72808564, -0.68375015, 0.04875358), (0.73067665, -0.68267304, 0.008315603), (0.58281606, -0.8046773, 0.113224626), (0.3825308, -0.87302554, 0.30248404), (0.59080124, -0.80271035, 0.08130227), (0.58281606, -0.8046773, 0.113224626), (0.36747158, -0.86054903, 0.35273227), (0.6193477, -0.59695226, 0.5099572), (0.71079206, -0.6157676, 0.34000713), (0.5671728, -0.820124, 0.07557545), (0.47487223, -0.8551122, 0.20803705), (0.71079206, -0.6157676, 0.34000713), (0.6412012, -0.6568928, 0.39667723), (0.5691532, -0.80813175, 0.15161714), (0.5671728, -0.820124, 0.07557545), (0.5671728, -0.820124, 0.07557545), (0.5691532, -0.80813175, 0.15161714), (0.66879517, -0.7338139, 0.11929031), (0.5742035, -0.815288, 0.07480596), (0.47487223, -0.8551122, 0.20803705), (0.5671728, -0.820124, 0.07557545), (0.5742035, -0.815288, 0.07480596), (0.42302394, -0.8750962, 0.23506895), (0.000031031712, -0.8600062, 0.5102835), (0.24767485, -0.876933, 0.4118806), (0.23598132, -0.8405559, 0.48762536), (0.034263257, -0.8342262, 0.5503568), (0.24767485, -0.876933, 0.4118806), (0.42302394, -0.8750962, 0.23506895), (0.3825308, -0.87302554, 0.30248404), (0.23598132, -0.8405559, 0.48762536), (0.23598132, -0.8405559, 0.48762536), (0.3825308, -0.87302554, 0.30248404), (0.36747158, -0.86054903, 0.35273227), (0.22843798, -0.8129805, 0.5356106), (0.034263257, -0.8342262, 0.5503568), (0.23598132, -0.8405559, 0.48762536), (0.22843798, -0.8129805, 0.5356106), (0.07905787, -0.8082034, 0.5835728), (0.022719812, -0.62750673, 0.77827966), (0.3195938, -0.6158974, 0.7200904), (0.2551031, -0.8804604, 0.3996398), (0.005967488, -0.84687895, 0.5317522), (0.3195938, -0.6158974, 0.7200904), (0.6193477, -0.59695226, 0.5099572), (0.47487223, -0.8551122, 0.20803705), (0.2551031, -0.8804604, 0.3996398), (0.2551031, -0.8804604, 0.3996398), (0.47487223, -0.8551122, 0.20803705), (0.42302394, -0.8750962, 0.23506895), (0.24767485, -0.876933, 0.4118806), (0.005967488, -0.84687895, 0.5317522), (0.2551031, -0.8804604, 0.3996398), (0.24767485, -0.876933, 0.4118806), (0.000031031712, -0.8600062, 0.5102835), (-0.10542711, -0.5466137, 0.8307217), (-0.073479146, -0.5651283, 0.82172436), (-0.061034787, -0.7732307, 0.63118076), (-0.11765839, -0.7351017, 0.6676691), (-0.073479146, -0.5651283, 0.82172436), (0.022719812, -0.62750673, 0.77827966), (0.005967488, -0.84687895, 0.5317522), (-0.061034787, -0.7732307, 0.63118076), (-0.061034787, -0.7732307, 0.63118076), (0.005967488, -0.84687895, 0.5317522), (0.000031031712, -0.8600062, 0.5102835), (-0.101293065, -0.8102901, 0.5772084), (-0.11765839, -0.7351017, 0.6676691), (-0.061034787, -0.7732307, 0.63118076), (-0.101293065, -0.8102901, 0.5772084), (-0.11405432, -0.77910286, 0.6164335), (-0.11405432, -0.77910286, 0.6164335), (-0.101293065, -0.8102901, 0.5772084), (-0.10617691, -0.8444523, 0.5250017), (-0.09283827, -0.84282535, 0.5301192), (-0.101293065, -0.8102901, 0.5772084), (0.000031031712, -0.8600062, 0.5102835), (0.034263257, -0.8342262, 0.5503568), (-0.10617691, -0.8444523, 0.5250017), (-0.10617691, -0.8444523, 0.5250017), (0.034263257, -0.8342262, 0.5503568), (0.07905787, -0.8082034, 0.5835728), (-0.09633381, -0.8456545, 0.524965), (-0.09283827, -0.84282535, 0.5301192), (-0.10617691, -0.8444523, 0.5250017), (-0.09633381, -0.8456545, 0.524965), (-0.07585374, -0.8825335, 0.4640914), (-0.44293576, -0.6718372, 0.59366876), (-0.28774533, -0.74772996, 0.5984167), (-0.2773089, -0.7957461, 0.5384124), (-0.4683601, -0.68023837, 0.5638392), (-0.28774533, -0.74772996, 0.5984167), (-0.11405432, -0.77910286, 0.6164335), (-0.09283827, -0.84282535, 0.5301192), (-0.2773089, -0.7957461, 0.5384124), (-0.2773089, -0.7957461, 0.5384124), (-0.09283827, -0.84282535, 0.5301192), (-0.07585374, -0.8825335, 0.4640914), (-0.1792572, -0.8558575, 0.4851544), (-0.4683601, -0.68023837, 0.5638392), (-0.2773089, -0.7957461, 0.5384124), (-0.1792572, -0.8558575, 0.4851544), (-0.4493672, -0.72785413, 0.51797444), (-0.6554616, -0.58425665, 0.47855428), (-0.5754985, -0.5928457, 0.56332546), (-0.6024429, -0.55972236, 0.56901085), (-0.6753625, -0.529887, 0.51293784), (-0.5754985, -0.5928457, 0.56332546), (-0.44293576, -0.6718372, 0.59366876), (-0.4683601, -0.68023837, 0.5638392), (-0.6024429, -0.55972236, 0.56901085), (-0.6024429, -0.55972236, 0.56901085), (-0.4683601, -0.68023837, 0.5638392), (-0.4493672, -0.72785413, 0.51797444), (-0.58888376, -0.57214427, 0.57084745), (-0.6753625, -0.529887, 0.51293784), (-0.6024429, -0.55972236, 0.56901085), (-0.58888376, -0.57214427, 0.57084745), (-0.6813793, -0.5050837, 0.52972895), (-0.6554616, -0.58425665, 0.47855428), (-0.6753625, -0.529887, 0.51293784), (-0.6140988, -0.64992344, 0.44775242), (-0.60730296, -0.68931013, 0.39501226), (-0.6753625, -0.529887, 0.51293784), (-0.6813793, -0.5050837, 0.52972895), (-0.63543916, -0.6042184, 0.48076716), (-0.6140988, -0.64992344, 0.44775242), (-0.6140988, -0.64992344, 0.44775242), (-0.63543916, -0.6042184, 0.48076716), (-0.46555895, -0.79361176, 0.391708), (-0.45186847, -0.8159113, 0.36069885), (-0.60730296, -0.68931013, 0.39501226), (-0.6140988, -0.64992344, 0.44775242), (-0.45186847, -0.8159113, 0.36069885), (-0.46050832, -0.8264711, 0.32384834), (-0.7489038, -0.17805286, 0.6383105), (-0.6123263, -0.2986772, 0.7320166), (-0.54515386, -0.6335991, 0.5489622), (-0.63003933, -0.6406976, 0.43881312), (-0.6123263, -0.2986772, 0.7320166), (-0.45886344, -0.45209467, 0.76488876), (-0.41768298, -0.67668426, 0.60633266), (-0.54515386, -0.6335991, 0.5489622), (-0.54515386, -0.6335991, 0.5489622), (-0.41768298, -0.67668426, 0.60633266), (-0.44293576, -0.6718372, 0.59366876), (-0.5754985, -0.5928457, 0.56332546), (-0.63003933, -0.6406976, 0.43881312), (-0.54515386, -0.6335991, 0.5489622), (-0.5754985, -0.5928457, 0.56332546), (-0.6554616, -0.58425665, 0.47855428), (-0.45886344, -0.45209467, 0.76488876), (-0.6123263, -0.2986772, 0.7320166), (-0.5772224, 0.14333476, 0.8039088), (-0.44657344, -0.14932834, 0.8821979), (-0.6123263, -0.2986772, 0.7320166), (-0.7489038, -0.17805286, 0.6383105), (-0.6445447, 0.41018215, 0.645223), (-0.5772224, 0.14333476, 0.8039088), (-0.5772224, 0.14333476, 0.8039088), (-0.6445447, 0.41018215, 0.645223), (-0.59698755, 0.45580956, 0.6601844), (-0.52544266, 0.16627224, 0.8344241), (-0.44657344, -0.14932834, 0.8821979), (-0.5772224, 0.14333476, 0.8039088), (-0.52544266, 0.16627224, 0.8344241), (-0.38093933, -0.14065222, 0.9138393), (-0.38093933, -0.14065222, 0.9138393), (-0.52544266, 0.16627224, 0.8344241), (-0.46512476, 0.18571098, 0.8655462), (-0.313795, -0.14203598, 0.93880695), (-0.52544266, 0.16627224, 0.8344241), (-0.59698755, 0.45580956, 0.6601844), (-0.53087026, 0.50417155, 0.6811666), (-0.46512476, 0.18571098, 0.8655462), (-0.46512476, 0.18571098, 0.8655462), (-0.53087026, 0.50417155, 0.6811666), (-0.4976854, 0.49038464, 0.71542454), (-0.41737634, 0.15656392, 0.89514506), (-0.313795, -0.14203598, 0.93880695), (-0.46512476, 0.18571098, 0.8655462), (-0.41737634, 0.15656392, 0.89514506), (-0.26006442, -0.18045051, 0.94858), (-0.086915314, -0.45315555, 0.88718414), (-0.19297858, -0.35560217, 0.91449785), (-0.14444329, -0.39148936, 0.90877515), (-0.08746106, -0.5102311, 0.85557866), (-0.19297858, -0.35560217, 0.91449785), (-0.38093933, -0.14065222, 0.9138393), (-0.313795, -0.14203598, 0.93880695), (-0.14444329, -0.39148936, 0.90877515), (-0.14444329, -0.39148936, 0.90877515), (-0.313795, -0.14203598, 0.93880695), (-0.26006442, -0.18045051, 0.94858), (-0.10389542, -0.43682933, 0.8935244), (-0.08746106, -0.5102311, 0.85557866), (-0.14444329, -0.39148936, 0.90877515), (-0.10389542, -0.43682933, 0.8935244), (-0.09896892, -0.54132575, 0.8349681), (0.006308832, -0.4520994, 0.8919452), (-0.13914745, -0.4578975, 0.87804776), (-0.14866593, -0.54392457, 0.82585984), (0.05459768, -0.603816, 0.7952518), (-0.13914745, -0.4578975, 0.87804776), (-0.086915314, -0.45315555, 0.88718414), (-0.08746106, -0.5102311, 0.85557866), (-0.14866593, -0.54392457, 0.82585984), (-0.14866593, -0.54392457, 0.82585984), (-0.08746106, -0.5102311, 0.85557866), (-0.09896892, -0.54132575, 0.8349681), (-0.14967504, -0.5864689, 0.7960224), (0.05459768, -0.603816, 0.7952518), (-0.14866593, -0.54392457, 0.82585984), (-0.14967504, -0.5864689, 0.7960224), (0.13423894, -0.6862517, 0.71486956), (0.7085428, -0.4606032, 0.53461367), (0.4156247, -0.48243368, 0.7710472), (0.487512, -0.6462089, 0.58715093), (0.71866417, -0.5992467, 0.35273966), (0.4156247, -0.48243368, 0.7710472), (0.006308832, -0.4520994, 0.8919452), (0.05459768, -0.603816, 0.7952518), (0.487512, -0.6462089, 0.58715093), (0.487512, -0.6462089, 0.58715093), (0.05459768, -0.603816, 0.7952518), (0.13423894, -0.6862517, 0.71486956), (0.557414, -0.70538765, 0.43785602), (0.71866417, -0.5992467, 0.35273966), (0.487512, -0.6462089, 0.58715093), (0.557414, -0.70538765, 0.43785602), (0.716412, -0.6379487, 0.282445), (0.6193477, -0.59695226, 0.5099572), (0.3195938, -0.6158974, 0.7200904), (0.36145857, -0.32868192, 0.87253416), (0.65931946, -0.3135642, 0.68335587), (0.3195938, -0.6158974, 0.7200904), (0.022719812, -0.62750673, 0.77827966), (0.009195321, -0.34693873, 0.9378427), (0.36145857, -0.32868192, 0.87253416), (0.36145857, -0.32868192, 0.87253416), (0.009195321, -0.34693873, 0.9378427), (0.006308832, -0.4520994, 0.8919452), (0.4156247, -0.48243368, 0.7710472), (0.65931946, -0.3135642, 0.68335587), (0.36145857, -0.32868192, 0.87253416), (0.4156247, -0.48243368, 0.7710472), (0.7085428, -0.4606032, 0.53461367), (0.022719812, -0.62750673, 0.77827966), (-0.073479146, -0.5651283, 0.82172436), (-0.114816405, -0.39191607, 0.9128083), (0.009195321, -0.34693873, 0.9378427), (-0.073479146, -0.5651283, 0.82172436), (-0.10542711, -0.5466137, 0.8307217), (-0.08822851, -0.40807083, 0.90867704), (-0.114816405, -0.39191607, 0.9128083), (-0.114816405, -0.39191607, 0.9128083), (-0.08822851, -0.40807083, 0.90867704), (-0.086915314, -0.45315555, 0.88718414), (-0.13914745, -0.4578975, 0.87804776), (0.009195321, -0.34693873, 0.9378427), (-0.114816405, -0.39191607, 0.9128083), (-0.13914745, -0.4578975, 0.87804776), (0.006308832, -0.4520994, 0.8919452), (0.7173033, -0.46547285, 0.5184698), (0.79935825, -0.417645, 0.43197104), (0.77272636, -0.53058237, 0.34839103), (0.69761485, -0.5330506, 0.47873846), (0.79935825, -0.417645, 0.43197104), (0.7085428, -0.4606032, 0.53461367), (0.71866417, -0.5992467, 0.35273966), (0.77272636, -0.53058237, 0.34839103), (0.77272636, -0.53058237, 0.34839103), (0.71866417, -0.5992467, 0.35273966), (0.716412, -0.6379487, 0.282445), (0.7485017, -0.57143354, 0.3364653), (0.69761485, -0.5330506, 0.47873846), (0.77272636, -0.53058237, 0.34839103), (0.7485017, -0.57143354, 0.3364653), (0.6871625, -0.55593675, 0.4676985), (0.6412012, -0.6568928, 0.39667723), (0.71079206, -0.6157676, 0.34000713), (0.77837336, -0.31702816, 0.54187465), (0.71562964, -0.39812747, 0.5739066), (0.71079206, -0.6157676, 0.34000713), (0.6193477, -0.59695226, 0.5099572), (0.65931946, -0.3135642, 0.68335587), (0.77837336, -0.31702816, 0.54187465), (0.77837336, -0.31702816, 0.54187465), (0.65931946, -0.3135642, 0.68335587), (0.7085428, -0.4606032, 0.53461367), (0.79935825, -0.417645, 0.43197104), (0.71562964, -0.39812747, 0.5739066), (0.77837336, -0.31702816, 0.54187465), (0.79935825, -0.417645, 0.43197104), (0.7173033, -0.46547285, 0.5184698), (0.6153992, -0.50846004, 0.6022891), (0.5898504, -0.6197799, 0.51763827), (0.603071, -0.42249143, 0.6766139), (0.59887946, -0.3347086, 0.7275394), (0.5898504, -0.6197799, 0.51763827), (0.6412012, -0.6568928, 0.39667723), (0.71562964, -0.39812747, 0.5739066), (0.603071, -0.42249143, 0.6766139), (0.603071, -0.42249143, 0.6766139), (0.71562964, -0.39812747, 0.5739066), (0.7173033, -0.46547285, 0.5184698), (0.5515168, -0.5088879, 0.6609556), (0.59887946, -0.3347086, 0.7275394), (0.603071, -0.42249143, 0.6766139), (0.5515168, -0.5088879, 0.6609556), (0.52876323, -0.45187554, 0.7184831), (0.52876323, -0.45187554, 0.7184831), (0.5515168, -0.5088879, 0.6609556), (0.5212086, -0.57773864, 0.62813985), (0.45896903, -0.55579907, 0.6931341), (0.5515168, -0.5088879, 0.6609556), (0.7173033, -0.46547285, 0.5184698), (0.69761485, -0.5330506, 0.47873846), (0.5212086, -0.57773864, 0.62813985), (0.5212086, -0.57773864, 0.62813985), (0.69761485, -0.5330506, 0.47873846), (0.6871625, -0.55593675, 0.4676985), (0.53092515, -0.5942606, 0.60412985), (0.45896903, -0.55579907, 0.6931341), (0.5212086, -0.57773864, 0.62813985), (0.53092515, -0.5942606, 0.60412985), (0.4280163, -0.59892297, 0.6768258), (0.5795729, -0.31232592, 0.75269365), (0.59365386, -0.36815012, 0.71557015), (0.5590895, -0.48638922, 0.6714494), (0.60172623, -0.41605398, 0.68178046), (0.59365386, -0.36815012, 0.71557015), (0.52876323, -0.45187554, 0.7184831), (0.45896903, -0.55579907, 0.6931341), (0.5590895, -0.48638922, 0.6714494), (0.5590895, -0.48638922, 0.6714494), (0.45896903, -0.55579907, 0.6931341), (0.4280163, -0.59892297, 0.6768258), (0.4773667, -0.5564586, 0.680055), (0.60172623, -0.41605398, 0.68178046), (0.5590895, -0.48638922, 0.6714494), (0.4773667, -0.5564586, 0.680055), (0.58938044, -0.5021899, 0.6328001), (-0.10542711, -0.5466137, 0.8307217), (-0.28517064, -0.55200875, 0.7835586), (-0.24205224, -0.34000513, 0.9087393), (-0.08822851, -0.40807083, 0.90867704), (-0.28517064, -0.55200875, 0.7835586), (-0.45886344, -0.45209467, 0.76488876), (-0.44657344, -0.14932834, 0.8821979), (-0.24205224, -0.34000513, 0.9087393), (-0.24205224, -0.34000513, 0.9087393), (-0.44657344, -0.14932834, 0.8821979), (-0.38093933, -0.14065222, 0.9138393), (-0.19297858, -0.35560217, 0.91449785), (-0.08822851, -0.40807083, 0.90867704), (-0.24205224, -0.34000513, 0.9087393), (-0.19297858, -0.35560217, 0.91449785), (-0.086915314, -0.45315555, 0.88718414), (-0.45886344, -0.45209467, 0.76488876), (-0.28517064, -0.55200875, 0.7835586), (-0.28292903, -0.72050756, 0.63310343), (-0.41768298, -0.67668426, 0.60633266), (-0.28517064, -0.55200875, 0.7835586), (-0.10542711, -0.5466137, 0.8307217), (-0.11765839, -0.7351017, 0.6676691), (-0.28292903, -0.72050756, 0.63310343), (-0.28292903, -0.72050756, 0.63310343), (-0.11765839, -0.7351017, 0.6676691), (-0.11405432, -0.77910286, 0.6164335), (-0.28774533, -0.74772996, 0.5984167), (-0.41768298, -0.67668426, 0.60633266), (-0.28292903, -0.72050756, 0.63310343), (-0.28774533, -0.74772996, 0.5984167), (-0.44293576, -0.6718372, 0.59366876), (-0.61239177, 0.6769475, 0.40831184), (-0.7367856, 0.46851024, 0.4874887), (-0.81165516, 0.42003283, 0.40594134), (-0.6609265, 0.6838174, 0.30914378), (-0.7367856, 0.46851024, 0.4874887), (-0.8179076, -0.20743571, 0.5366542), (-0.8388265, -0.279043, 0.46744525), (-0.81165516, 0.42003283, 0.40594134), (-0.81165516, 0.42003283, 0.40594134), (-0.8388265, -0.279043, 0.46744525), (-0.891846, -0.31701466, 0.32266444), (-0.87689555, 0.40341604, 0.26136142), (-0.6609265, 0.6838174, 0.30914378), (-0.81165516, 0.42003283, 0.40594134), (-0.87689555, 0.40341604, 0.26136142), (-0.7135119, 0.6756514, 0.18546152), (-0.7135119, 0.6756514, 0.18546152), (-0.87689555, 0.40341604, 0.26136142), (-0.90932065, 0.37462258, 0.18109062), (-0.7417033, 0.6587565, 0.12615922), (-0.87689555, 0.40341604, 0.26136142), (-0.891846, -0.31701466, 0.32266444), (-0.91741645, -0.3321225, 0.21918406), (-0.90932065, 0.37462258, 0.18109062), (-0.90932065, 0.37462258, 0.18109062), (-0.91741645, -0.3321225, 0.21918406), (-0.91851974, -0.35064432, 0.18267463), (-0.9230018, 0.34103665, 0.17821777), (-0.7417033, 0.6587565, 0.12615922), (-0.90932065, 0.37462258, 0.18109062), (-0.9230018, 0.34103665, 0.17821777), (-0.7564193, 0.6395603, 0.13708524), (-0.310954, -0.9349357, 0.17088872), (-0.33704835, -0.906954, 0.25265175), (-0.32358313, -0.90893716, 0.26292062), (-0.301301, -0.9381254, 0.17069995), (-0.33704835, -0.906954, 0.25265175), (-0.46050832, -0.8264711, 0.32384834), (-0.45186847, -0.8159113, 0.36069885), (-0.32358313, -0.90893716, 0.26292062), (-0.32358313, -0.90893716, 0.26292062), (-0.45186847, -0.8159113, 0.36069885), (-0.46555895, -0.79361176, 0.391708), (-0.3261565, -0.90417755, 0.2758348), (-0.301301, -0.9381254, 0.17069995), (-0.32358313, -0.90893716, 0.26292062), (-0.3261565, -0.90417755, 0.2758348), (-0.30459434, -0.9359711, 0.17657967), (-0.3595355, -0.9309751, 0.06340008), (-0.3271746, -0.9382708, 0.11227055), (-0.3155733, -0.9425891, 0.10926732), (-0.34003246, -0.938749, 0.055929456), (-0.3271746, -0.9382708, 0.11227055), (-0.310954, -0.9349357, 0.17088872), (-0.301301, -0.9381254, 0.17069995), (-0.3155733, -0.9425891, 0.10926732), (-0.3155733, -0.9425891, 0.10926732), (-0.301301, -0.9381254, 0.17069995), (-0.30459434, -0.9359711, 0.17657967), (-0.31913358, -0.94119215, 0.110955164), (-0.34003246, -0.938749, 0.055929456), (-0.3155733, -0.9425891, 0.10926732), (-0.31913358, -0.94119215, 0.110955164), (-0.3385805, -0.93938243, 0.054073337), (-0.43608868, -0.89724797, -0.06908509), (-0.41082618, -0.9115058, -0.019467141), (-0.35415134, -0.9346295, -0.03232033), (-0.3600429, -0.92974514, -0.077091485), (-0.41082618, -0.9115058, -0.019467141), (-0.3595355, -0.9309751, 0.06340008), (-0.34003246, -0.938749, 0.055929456), (-0.35415134, -0.9346295, -0.03232033), (-0.35415134, -0.9346295, -0.03232033), (-0.34003246, -0.938749, 0.055929456), (-0.3385805, -0.93938243, 0.054073337), (-0.3264168, -0.94487745, -0.025667109), (-0.3600429, -0.92974514, -0.077091485), (-0.35415134, -0.9346295, -0.03232033), (-0.3264168, -0.94487745, -0.025667109), (-0.29343852, -0.9526209, -0.080045246), (-0.7564193, 0.6395603, 0.13708524), (-0.9230018, 0.34103665, 0.17821777), (-0.9523241, 0.2790936, 0.12323002), (-0.81200373, 0.57485116, 0.10097624), (-0.9230018, 0.34103665, 0.17821777), (-0.91851974, -0.35064432, 0.18267463), (-0.9262541, -0.36584407, 0.09061694), (-0.9523241, 0.2790936, 0.12323002), (-0.9523241, 0.2790936, 0.12323002), (-0.9262541, -0.36584407, 0.09061694), (-0.92211884, -0.38614273, 0.024303393), (-0.9669273, 0.24508853, 0.07059247), (-0.81200373, 0.57485116, 0.10097624), (-0.9523241, 0.2790936, 0.12323002), (-0.9669273, 0.24508853, 0.07059247), (-0.8514472, 0.5210002, 0.059969496), (-0.92211884, -0.38614273, 0.024303393), (-0.9262541, -0.36584407, 0.09061694), (-0.57032764, -0.8212869, 0.014635399), (-0.5741828, -0.8175377, -0.0441164), (-0.9262541, -0.36584407, 0.09061694), (-0.91851974, -0.35064432, 0.18267463), (-0.5283422, -0.842736, 0.10320173), (-0.57032764, -0.8212869, 0.014635399), (-0.57032764, -0.8212869, 0.014635399), (-0.5283422, -0.842736, 0.10320173), (-0.3595355, -0.9309751, 0.06340008), (-0.41082618, -0.9115058, -0.019467141), (-0.5741828, -0.8175377, -0.0441164), (-0.57032764, -0.8212869, 0.014635399), (-0.41082618, -0.9115058, -0.019467141), (-0.43608868, -0.89724797, -0.06908509), (-0.91851974, -0.35064432, 0.18267463), (-0.91741645, -0.3321225, 0.21918406), (-0.50554305, -0.84946066, 0.15113813), (-0.5283422, -0.842736, 0.10320173), (-0.91741645, -0.3321225, 0.21918406), (-0.891846, -0.31701466, 0.32266444), (-0.4823689, -0.84686035, 0.22393714), (-0.50554305, -0.84946066, 0.15113813), (-0.50554305, -0.84946066, 0.15113813), (-0.4823689, -0.84686035, 0.22393714), (-0.310954, -0.9349357, 0.17088872), (-0.3271746, -0.9382708, 0.11227055), (-0.5283422, -0.842736, 0.10320173), (-0.50554305, -0.84946066, 0.15113813), (-0.3271746, -0.9382708, 0.11227055), (-0.3595355, -0.9309751, 0.06340008), (-0.891846, -0.31701466, 0.32266444), (-0.8388265, -0.279043, 0.46744525), (-0.4895265, -0.81257707, 0.31635797), (-0.4823689, -0.84686035, 0.22393714), (-0.8388265, -0.279043, 0.46744525), (-0.8179076, -0.20743571, 0.5366542), (-0.5433675, -0.764274, 0.34732863), (-0.4895265, -0.81257707, 0.31635797), (-0.4895265, -0.81257707, 0.31635797), (-0.5433675, -0.764274, 0.34732863), (-0.46050832, -0.8264711, 0.32384834), (-0.33704835, -0.906954, 0.25265175), (-0.4823689, -0.84686035, 0.22393714), (-0.4895265, -0.81257707, 0.31635797), (-0.33704835, -0.906954, 0.25265175), (-0.310954, -0.9349357, 0.17088872), (-0.60976577, 0.786275, 0.09978598), (-0.6496488, 0.752219, 0.11010466), (-0.6387838, 0.7657337, 0.074880324), (-0.5548794, 0.8285214, 0.07524108), (-0.6496488, 0.752219, 0.11010466), (-0.7564193, 0.6395603, 0.13708524), (-0.81200373, 0.57485116, 0.10097624), (-0.6387838, 0.7657337, 0.074880324), (-0.6387838, 0.7657337, 0.074880324), (-0.81200373, 0.57485116, 0.10097624), (-0.8514472, 0.5210002, 0.059969496), (-0.66532266, 0.74562615, 0.037245832), (-0.5548794, 0.8285214, 0.07524108), (-0.6387838, 0.7657337, 0.074880324), (-0.66532266, 0.74562615, 0.037245832), (-0.45904076, 0.8881203, 0.022889987), (-0.58243454, 0.80371803, 0.1216848), (-0.6144228, 0.77627414, 0.1410073), (-0.6399802, 0.7624666, 0.095236436), (-0.60380757, 0.7926458, 0.08443356), (-0.6144228, 0.77627414, 0.1410073), (-0.7135119, 0.6756514, 0.18546152), (-0.7417033, 0.6587565, 0.12615922), (-0.6399802, 0.7624666, 0.095236436), (-0.6399802, 0.7624666, 0.095236436), (-0.7417033, 0.6587565, 0.12615922), (-0.7564193, 0.6395603, 0.13708524), (-0.6496488, 0.752219, 0.11010466), (-0.60380757, 0.7926458, 0.08443356), (-0.6399802, 0.7624666, 0.095236436), (-0.6496488, 0.752219, 0.11010466), (-0.60976577, 0.786275, 0.09978598), (-0.4840935, 0.8085354, 0.33455047), (-0.51892537, 0.77566993, 0.35923886), (-0.5651013, 0.78649867, 0.2491591), (-0.5352443, 0.81551033, 0.22012831), (-0.51892537, 0.77566993, 0.35923886), (-0.61239177, 0.6769475, 0.40831184), (-0.6609265, 0.6838174, 0.30914378), (-0.5651013, 0.78649867, 0.2491591), (-0.5651013, 0.78649867, 0.2491591), (-0.6609265, 0.6838174, 0.30914378), (-0.7135119, 0.6756514, 0.18546152), (-0.6144228, 0.77627414, 0.1410073), (-0.5352443, 0.81551033, 0.22012831), (-0.5651013, 0.78649867, 0.2491591), (-0.6144228, 0.77627414, 0.1410073), (-0.58243454, 0.80371803, 0.1216848), (-0.8179076, -0.20743571, 0.5366542), (-0.7367856, 0.46851024, 0.4874887), (-0.6742752, 0.5140732, 0.53017133), (-0.8177915, -0.1427794, 0.55752224), (-0.7367856, 0.46851024, 0.4874887), (-0.61239177, 0.6769475, 0.40831184), (-0.5972928, 0.62400246, 0.5038475), (-0.6742752, 0.5140732, 0.53017133), (-0.6742752, 0.5140732, 0.53017133), (-0.5972928, 0.62400246, 0.5038475), (-0.59698755, 0.45580956, 0.6601844), (-0.6445447, 0.41018215, 0.645223), (-0.8177915, -0.1427794, 0.55752224), (-0.6742752, 0.5140732, 0.53017133), (-0.6445447, 0.41018215, 0.645223), (-0.7489038, -0.17805286, 0.6383105), (-0.4976854, 0.49038464, 0.71542454), (-0.53087026, 0.50417155, 0.6811666), (-0.51339924, 0.7030127, 0.49213237), (-0.47457516, 0.7282527, 0.49439502), (-0.53087026, 0.50417155, 0.6811666), (-0.59698755, 0.45580956, 0.6601844), (-0.5972928, 0.62400246, 0.5038475), (-0.51339924, 0.7030127, 0.49213237), (-0.51339924, 0.7030127, 0.49213237), (-0.5972928, 0.62400246, 0.5038475), (-0.61239177, 0.6769475, 0.40831184), (-0.51892537, 0.77566993, 0.35923886), (-0.47457516, 0.7282527, 0.49439502), (-0.51339924, 0.7030127, 0.49213237), (-0.51892537, 0.77566993, 0.35923886), (-0.4840935, 0.8085354, 0.33455047), (-0.8179076, -0.20743571, 0.5366542), (-0.8177915, -0.1427794, 0.55752224), (-0.61367804, -0.7006333, 0.36402234), (-0.5433675, -0.764274, 0.34732863), (-0.8177915, -0.1427794, 0.55752224), (-0.7489038, -0.17805286, 0.6383105), (-0.63003933, -0.6406976, 0.43881312), (-0.61367804, -0.7006333, 0.36402234), (-0.61367804, -0.7006333, 0.36402234), (-0.63003933, -0.6406976, 0.43881312), (-0.6554616, -0.58425665, 0.47855428), (-0.60730296, -0.68931013, 0.39501226), (-0.5433675, -0.764274, 0.34732863), (-0.61367804, -0.7006333, 0.36402234), (-0.60730296, -0.68931013, 0.39501226), (-0.46050832, -0.8264711, 0.32384834), (-0.41848886, 0.6542832, 0.6299052), (-0.45379168, 0.6686088, 0.58909714), (-0.7036754, 0.5071486, 0.49763557), (-0.71392876, 0.44280276, 0.5424312), (-0.45379168, 0.6686088, 0.58909714), (-0.48326743, 0.6752214, 0.5572511), (-0.6904557, 0.4305449, 0.58129346), (-0.7036754, 0.5071486, 0.49763557), (-0.7036754, 0.5071486, 0.49763557), (-0.6904557, 0.4305449, 0.58129346), (-0.50027454, 0.6094973, 0.615011), (-0.5279559, 0.6800394, 0.50873274), (-0.71392876, 0.44280276, 0.5424312), (-0.7036754, 0.5071486, 0.49763557), (-0.5279559, 0.6800394, 0.50873274), (-0.6009009, 0.610805, 0.51559234), (-0.48326743, 0.6752214, 0.5572511), (-0.45379168, 0.6686088, 0.58909714), (-0.1407707, 0.8249173, 0.5474441), (-0.19572774, 0.8275277, 0.526202), (-0.45379168, 0.6686088, 0.58909714), (-0.41848886, 0.6542832, 0.6299052), (-0.06742853, 0.7877616, 0.61227846), (-0.1407707, 0.8249173, 0.5474441), (-0.1407707, 0.8249173, 0.5474441), (-0.06742853, 0.7877616, 0.61227846), (-0.0910645, 0.7864426, 0.61091346), (-0.19291107, 0.80309623, 0.56375676), (-0.19572774, 0.8275277, 0.526202), (-0.1407707, 0.8249173, 0.5474441), (-0.19291107, 0.80309623, 0.56375676), (-0.3179583, 0.7738685, 0.54775), (-0.3179583, 0.7738685, 0.54775), (-0.19291107, 0.80309623, 0.56375676), (-0.23301455, 0.7671652, 0.59763014), (-0.3883045, 0.71783257, 0.57787204), (-0.19291107, 0.80309623, 0.56375676), (-0.0910645, 0.7864426, 0.61091346), (-0.10954818, 0.77406883, 0.62355167), (-0.23301455, 0.7671652, 0.59763014), (-0.23301455, 0.7671652, 0.59763014), (-0.10954818, 0.77406883, 0.62355167), (-0.12887658, 0.74985945, 0.6489234), (-0.30156654, 0.73972034, 0.60155755), (-0.3883045, 0.71783257, 0.57787204), (-0.23301455, 0.7671652, 0.59763014), (-0.30156654, 0.73972034, 0.60155755), (-0.41666314, 0.68500686, 0.59762657), (-0.20122392, 0.49741837, 0.8438507), (-0.28952911, 0.6661352, 0.6873404), (-0.42625168, 0.6096181, 0.66833764), (-0.38182315, 0.47211874, 0.79455334), (-0.28952911, 0.6661352, 0.6873404), (-0.3179583, 0.7738685, 0.54775), (-0.3883045, 0.71783257, 0.57787204), (-0.42625168, 0.6096181, 0.66833764), (-0.42625168, 0.6096181, 0.66833764), (-0.3883045, 0.71783257, 0.57787204), (-0.41666314, 0.68500686, 0.59762657), (-0.47378904, 0.57511693, 0.66690654), (-0.38182315, 0.47211874, 0.79455334), (-0.42625168, 0.6096181, 0.66833764), (-0.47378904, 0.57511693, 0.66690654), (-0.46651846, 0.45009986, 0.7614267), (-0.44107127, 0.36437356, 0.8201756), (-0.43160218, 0.5013789, 0.7498924), (-0.11006049, 0.72005606, 0.68513215), (-0.03228252, 0.5338379, 0.8449704), (-0.43160218, 0.5013789, 0.7498924), (-0.48326743, 0.6752214, 0.5572511), (-0.19572774, 0.8275277, 0.526202), (-0.11006049, 0.72005606, 0.68513215), (-0.11006049, 0.72005606, 0.68513215), (-0.19572774, 0.8275277, 0.526202), (-0.3179583, 0.7738685, 0.54775), (-0.28952911, 0.6661352, 0.6873404), (-0.03228252, 0.5338379, 0.8449704), (-0.11006049, 0.72005606, 0.68513215), (-0.28952911, 0.6661352, 0.6873404), (-0.20122392, 0.49741837, 0.8438507), (-0.19067873, 0.40806308, 0.8928192), (-0.16767618, 0.39384195, 0.903755), (-0.33374202, 0.38858834, 0.8588454), (-0.3311673, 0.39233035, 0.85814047), (-0.16767618, 0.39384195, 0.903755), (-0.20122392, 0.49741837, 0.8438507), (-0.38182315, 0.47211874, 0.79455334), (-0.33374202, 0.38858834, 0.8588454), (-0.33374202, 0.38858834, 0.8588454), (-0.38182315, 0.47211874, 0.79455334), (-0.46651846, 0.45009986, 0.7614267), (-0.4284511, 0.3834934, 0.8181457), (-0.3311673, 0.39233035, 0.85814047), (-0.33374202, 0.38858834, 0.8588454), (-0.4284511, 0.3834934, 0.8181457), (-0.42476678, 0.37730393, 0.82293063), (-0.47677562, 0.316084, 0.8202292), (-0.49899518, 0.34801808, 0.7936544), (-0.07035463, 0.43132198, 0.89945066), (-0.1438851, 0.42904475, 0.8917498), (-0.49899518, 0.34801808, 0.7936544), (-0.44107127, 0.36437356, 0.8201756), (-0.03228252, 0.5338379, 0.8449704), (-0.07035463, 0.43132198, 0.89945066), (-0.07035463, 0.43132198, 0.89945066), (-0.03228252, 0.5338379, 0.8449704), (-0.20122392, 0.49741837, 0.8438507), (-0.16767618, 0.39384195, 0.903755), (-0.1438851, 0.42904475, 0.8917498), (-0.07035463, 0.43132198, 0.89945066), (-0.16767618, 0.39384195, 0.903755), (-0.19067873, 0.40806308, 0.8928192), (-0.095669806, 0.42881262, 0.89831346), (-0.18152381, 0.4490135, 0.874892), (-0.33374956, 0.44041035, 0.8334566), (-0.23480757, 0.451784, 0.8606722), (-0.18152381, 0.4490135, 0.874892), (-0.19067873, 0.40806308, 0.8928192), (-0.3311673, 0.39233035, 0.85814047), (-0.33374956, 0.44041035, 0.8334566), (-0.33374956, 0.44041035, 0.8334566), (-0.3311673, 0.39233035, 0.85814047), (-0.42476678, 0.37730393, 0.82293063), (-0.4309507, 0.42213938, 0.79754615), (-0.23480757, 0.451784, 0.8606722), (-0.33374956, 0.44041035, 0.8334566), (-0.4309507, 0.42213938, 0.79754615), (-0.34747496, 0.45067877, 0.8222833), (-0.3567708, 0.2105925, 0.9101458), (-0.40663296, 0.23462614, 0.8829497), (-0.1387204, 0.42259926, 0.8956375), (-0.08402154, 0.38445872, 0.9193105), (-0.40663296, 0.23462614, 0.8829497), (-0.47677562, 0.316084, 0.8202292), (-0.1438851, 0.42904475, 0.8917498), (-0.1387204, 0.42259926, 0.8956375), (-0.1387204, 0.42259926, 0.8956375), (-0.1438851, 0.42904475, 0.8917498), (-0.19067873, 0.40806308, 0.8928192), (-0.18152381, 0.4490135, 0.874892), (-0.08402154, 0.38445872, 0.9193105), (-0.1387204, 0.42259926, 0.8956375), (-0.18152381, 0.4490135, 0.874892), (-0.095669806, 0.42881262, 0.89831346), (-0.2738386, 0.23273885, 0.9331908), (-0.34357172, 0.2951572, 0.8915384), (-0.06318479, 0.4020068, 0.913454), (-0.0063641784, 0.27462474, 0.96153045), (-0.34357172, 0.2951572, 0.8915384), (-0.3567708, 0.2105925, 0.9101458), (-0.08402154, 0.38445872, 0.9193105), (-0.06318479, 0.4020068, 0.913454), (-0.06318479, 0.4020068, 0.913454), (-0.08402154, 0.38445872, 0.9193105), (-0.095669806, 0.42881262, 0.89831346), (-0.021556439, 0.4423336, 0.8965915), (-0.0063641784, 0.27462474, 0.96153045), (-0.06318479, 0.4020068, 0.913454), (-0.021556439, 0.4423336, 0.8965915), (0.043638512, 0.32658592, 0.9441595), (0.043638512, 0.32658592, 0.9441595), (-0.021556439, 0.4423336, 0.8965915), (-0.058674548, 0.49108586, 0.8691329), (0.07233611, 0.3858533, 0.9197199), (-0.021556439, 0.4423336, 0.8965915), (-0.095669806, 0.42881262, 0.89831346), (-0.23480757, 0.451784, 0.8606722), (-0.058674548, 0.49108586, 0.8691329), (-0.058674548, 0.49108586, 0.8691329), (-0.23480757, 0.451784, 0.8606722), (-0.34747496, 0.45067877, 0.8222833), (-0.15223922, 0.49080768, 0.8578642), (0.07233611, 0.3858533, 0.9197199), (-0.058674548, 0.49108586, 0.8691329), (-0.15223922, 0.49080768, 0.8578642), (0.04320709, 0.4826139, 0.8747668), (0.15452681, -0.27902305, 0.94776976), (0.11506817, -0.077114195, 0.9903599), (0.14128207, -0.048221536, 0.9887942), (0.15386517, -0.273702, 0.94942755), (0.11506817, -0.077114195, 0.9903599), (0.043638512, 0.32658592, 0.9441595), (0.07233611, 0.3858533, 0.9197199), (0.14128207, -0.048221536, 0.9887942), (0.14128207, -0.048221536, 0.9887942), (0.07233611, 0.3858533, 0.9197199), (0.04320709, 0.4826139, 0.8747668), (0.15466805, 0.080953084, 0.9846443), (0.15386517, -0.273702, 0.94942755), (0.14128207, -0.048221536, 0.9887942), (0.15466805, 0.080953084, 0.9846443), (0.16012897, -0.27788943, 0.9471727), (0.33849707, -0.43291527, 0.8354664), (0.21147777, -0.3093345, 0.9271404), (0.17775337, -0.3035105, 0.936101), (0.27167845, -0.42744327, 0.8622547), (0.21147777, -0.3093345, 0.9271404), (0.15452681, -0.27902305, 0.94776976), (0.15386517, -0.273702, 0.94942755), (0.17775337, -0.3035105, 0.936101), (0.17775337, -0.3035105, 0.936101), (0.15386517, -0.273702, 0.94942755), (0.16012897, -0.27788943, 0.9471727), (0.16698205, -0.28929892, 0.942562), (0.27167845, -0.42744327, 0.8622547), (0.17775337, -0.3035105, 0.936101), (0.16698205, -0.28929892, 0.942562), (0.23096654, -0.40432537, 0.88497204), (0.33849707, -0.43291527, 0.8354664), (0.27167845, -0.42744327, 0.8622547), (0.45890075, -0.45473787, 0.76329786), (0.5156144, -0.4611149, 0.7221598), (0.27167845, -0.42744327, 0.8622547), (0.23096654, -0.40432537, 0.88497204), (0.40089402, -0.45870805, 0.79301375), (0.45890075, -0.45473787, 0.76329786), (0.45890075, -0.45473787, 0.76329786), (0.40089402, -0.45870805, 0.79301375), (0.6251121, -0.37128553, 0.68657255), (0.65776825, -0.36742854, 0.6575236), (0.5156144, -0.4611149, 0.7221598), (0.45890075, -0.45473787, 0.76329786), (0.65776825, -0.36742854, 0.6575236), (0.6785564, -0.3809079, 0.6280688), (-0.13659576, -0.50292295, 0.85346943), (-0.15385441, -0.33995938, 0.9277696), (0.253801, -0.31845266, 0.91333073), (0.40084758, -0.43323523, 0.80723506), (-0.15385441, -0.33995938, 0.9277696), (-0.14350066, -0.27616012, 0.9503384), (0.16579285, -0.29141128, 0.94212115), (0.253801, -0.31845266, 0.91333073), (0.253801, -0.31845266, 0.91333073), (0.16579285, -0.29141128, 0.94212115), (0.15452681, -0.27902305, 0.94776976), (0.21147777, -0.3093345, 0.9271404), (0.40084758, -0.43323523, 0.80723506), (0.253801, -0.31845266, 0.91333073), (0.21147777, -0.3093345, 0.9271404), (0.33849707, -0.43291527, 0.8354664), (-0.14350066, -0.27616012, 0.9503384), (-0.15385441, -0.33995938, 0.9277696), (-0.569687, -0.30432013, 0.7634435), (-0.4843411, -0.20153931, 0.8513493), (-0.15385441, -0.33995938, 0.9277696), (-0.13659576, -0.50292295, 0.85346943), (-0.6648521, -0.44197053, 0.60219085), (-0.569687, -0.30432013, 0.7634435), (-0.569687, -0.30432013, 0.7634435), (-0.6648521, -0.44197053, 0.60219085), (-0.7022424, -0.41293597, 0.5799478), (-0.58193064, -0.2874792, 0.7607316), (-0.4843411, -0.20153931, 0.8513493), (-0.569687, -0.30432013, 0.7634435), (-0.58193064, -0.2874792, 0.7607316), (-0.49525744, -0.17968869, 0.84996), (-0.49525744, -0.17968869, 0.84996), (-0.58193064, -0.2874792, 0.7607316), (-0.59811306, -0.25997058, 0.7580739), (-0.50216717, -0.15965834, 0.84990436), (-0.58193064, -0.2874792, 0.7607316), (-0.7022424, -0.41293597, 0.5799478), (-0.7483907, -0.36007452, 0.55700785), (-0.59811306, -0.25997058, 0.7580739), (-0.59811306, -0.25997058, 0.7580739), (-0.7483907, -0.36007452, 0.55700785), (-0.7589355, -0.32828224, 0.562359), (-0.5959903, -0.23787852, 0.7669481), (-0.50216717, -0.15965834, 0.84990436), (-0.59811306, -0.25997058, 0.7580739), (-0.5959903, -0.23787852, 0.7669481), (-0.5012178, -0.13781606, 0.85427606), (-0.48397276, 0.171761, 0.85806096), (-0.45653966, -0.012807219, 0.8896109), (-0.47094113, 0.0011278801, 0.88216394), (-0.48969093, 0.16102529, 0.8568978), (-0.45653966, -0.012807219, 0.8896109), (-0.49525744, -0.17968869, 0.84996), (-0.50216717, -0.15965834, 0.84990436), (-0.47094113, 0.0011278801, 0.88216394), (-0.47094113, 0.0011278801, 0.88216394), (-0.50216717, -0.15965834, 0.84990436), (-0.5012178, -0.13781606, 0.85427606), (-0.4808515, 0.044637173, 0.87566507), (-0.48969093, 0.16102529, 0.8568978), (-0.47094113, 0.0011278801, 0.88216394), (-0.4808515, 0.044637173, 0.87566507), (-0.4998372, 0.17293952, 0.8486783), (-0.5072339, 0.04600464, 0.8605796), (-0.5167102, 0.14689662, 0.84346426), (-0.49654573, 0.1380973, 0.8569547), (-0.45226488, 0.0945794, 0.8868547), (-0.5167102, 0.14689662, 0.84346426), (-0.48397276, 0.171761, 0.85806096), (-0.48969093, 0.16102529, 0.8568978), (-0.49654573, 0.1380973, 0.8569547), (-0.49654573, 0.1380973, 0.8569547), (-0.48969093, 0.16102529, 0.8568978), (-0.4998372, 0.17293952, 0.8486783), (-0.48606494, 0.12380238, 0.86510915), (-0.45226488, 0.0945794, 0.8868547), (-0.49654573, 0.1380973, 0.8569547), (-0.48606494, 0.12380238, 0.86510915), (-0.42660266, 0.12691683, 0.89549), (-0.61632526, 0.26827443, 0.7403864), (-0.5316082, 0.10155286, 0.8408803), (-0.4300785, 0.21351111, 0.8771804), (-0.4837838, 0.399605, 0.77863276), (-0.5316082, 0.10155286, 0.8408803), (-0.5072339, 0.04600464, 0.8605796), (-0.45226488, 0.0945794, 0.8868547), (-0.4300785, 0.21351111, 0.8771804), (-0.4300785, 0.21351111, 0.8771804), (-0.45226488, 0.0945794, 0.8868547), (-0.42660266, 0.12691683, 0.89549), (-0.38307533, 0.27655908, 0.88134456), (-0.4837838, 0.399605, 0.77863276), (-0.4300785, 0.21351111, 0.8771804), (-0.38307533, 0.27655908, 0.88134456), (-0.43087065, 0.45578536, 0.7788518), (-0.47677562, 0.316084, 0.8202292), (-0.40663296, 0.23462614, 0.8829497), (-0.6207653, 0.041076515, 0.7829196), (-0.738548, 0.15955664, 0.6550485), (-0.40663296, 0.23462614, 0.8829497), (-0.3567708, 0.2105925, 0.9101458), (-0.5541719, 0.038496144, 0.83151156), (-0.6207653, 0.041076515, 0.7829196), (-0.6207653, 0.041076515, 0.7829196), (-0.5541719, 0.038496144, 0.83151156), (-0.5072339, 0.04600464, 0.8605796), (-0.5316082, 0.10155286, 0.8408803), (-0.738548, 0.15955664, 0.6550485), (-0.6207653, 0.041076515, 0.7829196), (-0.5316082, 0.10155286, 0.8408803), (-0.61632526, 0.26827443, 0.7403864), (-0.3567708, 0.2105925, 0.9101458), (-0.34357172, 0.2951572, 0.8915384), (-0.53386784, 0.17951632, 0.8262923), (-0.5541719, 0.038496144, 0.83151156), (-0.34357172, 0.2951572, 0.8915384), (-0.2738386, 0.23273885, 0.9331908), (-0.47694075, 0.19214928, 0.85767484), (-0.53386784, 0.17951632, 0.8262923), (-0.53386784, 0.17951632, 0.8262923), (-0.47694075, 0.19214928, 0.85767484), (-0.48397276, 0.171761, 0.85806096), (-0.5167102, 0.14689662, 0.84346426), (-0.5541719, 0.038496144, 0.83151156), (-0.53386784, 0.17951632, 0.8262923), (-0.5167102, 0.14689662, 0.84346426), (-0.5072339, 0.04600464, 0.8605796), (-0.59812087, 0.45861703, 0.65720767), (-0.6548169, 0.40560877, 0.6377275), (-0.54041785, 0.53718174, 0.6475989), (-0.5193734, 0.596896, 0.6115279), (-0.6548169, 0.40560877, 0.6377275), (-0.61632526, 0.26827443, 0.7403864), (-0.4837838, 0.399605, 0.77863276), (-0.54041785, 0.53718174, 0.6475989), (-0.54041785, 0.53718174, 0.6475989), (-0.4837838, 0.399605, 0.77863276), (-0.43087065, 0.45578536, 0.7788518), (-0.49816746, 0.57205987, 0.6515955), (-0.5193734, 0.596896, 0.6115279), (-0.54041785, 0.53718174, 0.6475989), (-0.49816746, 0.57205987, 0.6515955), (-0.5069822, 0.63091904, 0.5872906), (-0.44107127, 0.36437356, 0.8201756), (-0.49899518, 0.34801808, 0.7936544), (-0.77571887, 0.24012657, 0.58360904), (-0.70643336, 0.24906845, 0.662508), (-0.49899518, 0.34801808, 0.7936544), (-0.47677562, 0.316084, 0.8202292), (-0.738548, 0.15955664, 0.6550485), (-0.77571887, 0.24012657, 0.58360904), (-0.77571887, 0.24012657, 0.58360904), (-0.738548, 0.15955664, 0.6550485), (-0.61632526, 0.26827443, 0.7403864), (-0.6548169, 0.40560877, 0.6377275), (-0.70643336, 0.24906845, 0.662508), (-0.77571887, 0.24012657, 0.58360904), (-0.6548169, 0.40560877, 0.6377275), (-0.59812087, 0.45861703, 0.65720767), (-0.48326743, 0.6752214, 0.5572511), (-0.43160218, 0.5013789, 0.7498924), (-0.65016174, 0.29103053, 0.7018482), (-0.6904557, 0.4305449, 0.58129346), (-0.43160218, 0.5013789, 0.7498924), (-0.44107127, 0.36437356, 0.8201756), (-0.70643336, 0.24906845, 0.662508), (-0.65016174, 0.29103053, 0.7018482), (-0.65016174, 0.29103053, 0.7018482), (-0.70643336, 0.24906845, 0.662508), (-0.59812087, 0.45861703, 0.65720767), (-0.511196, 0.4987239, 0.69996655), (-0.6904557, 0.4305449, 0.58129346), (-0.65016174, 0.29103053, 0.7018482), (-0.511196, 0.4987239, 0.69996655), (-0.50027454, 0.6094973, 0.615011), (-0.50027454, 0.6094973, 0.615011), (-0.511196, 0.4987239, 0.69996655), (-0.43872792, 0.62817264, 0.6425862), (-0.38332993, 0.700508, 0.6019524), (-0.511196, 0.4987239, 0.69996655), (-0.59812087, 0.45861703, 0.65720767), (-0.5193734, 0.596896, 0.6115279), (-0.43872792, 0.62817264, 0.6425862), (-0.43872792, 0.62817264, 0.6425862), (-0.5193734, 0.596896, 0.6115279), (-0.5069822, 0.63091904, 0.5872906), (-0.45151308, 0.6570896, 0.60362995), (-0.38332993, 0.700508, 0.6019524), (-0.43872792, 0.62817264, 0.6425862), (-0.45151308, 0.6570896, 0.60362995), (-0.38232705, 0.69635624, 0.607383), (-0.6009009, 0.610805, 0.51559234), (-0.5279559, 0.6800394, 0.50873274), (-0.37888592, 0.7745437, 0.5064855), (-0.42722303, 0.7563557, 0.49538535), (-0.5279559, 0.6800394, 0.50873274), (-0.50027454, 0.6094973, 0.615011), (-0.38332993, 0.700508, 0.6019524), (-0.37888592, 0.7745437, 0.5064855), (-0.37888592, 0.7745437, 0.5064855), (-0.38332993, 0.700508, 0.6019524), (-0.38232705, 0.69635624, 0.607383), (-0.35279176, 0.76401037, 0.5402095), (-0.42722303, 0.7563557, 0.49538535), (-0.37888592, 0.7745437, 0.5064855), (-0.35279176, 0.76401037, 0.5402095), (-0.34809783, 0.8052667, 0.4799724), (-0.2738386, 0.23273885, 0.9331908), (-0.20115572, -0.08121808, 0.97618645), (-0.44163898, -0.028915057, 0.8967267), (-0.47694075, 0.19214928, 0.85767484), (-0.20115572, -0.08121808, 0.97618645), (-0.14350066, -0.27616012, 0.9503384), (-0.4843411, -0.20153931, 0.8513493), (-0.44163898, -0.028915057, 0.8967267), (-0.44163898, -0.028915057, 0.8967267), (-0.4843411, -0.20153931, 0.8513493), (-0.49525744, -0.17968869, 0.84996), (-0.45653966, -0.012807219, 0.8896109), (-0.47694075, 0.19214928, 0.85767484), (-0.44163898, -0.028915057, 0.8967267), (-0.45653966, -0.012807219, 0.8896109), (-0.48397276, 0.171761, 0.85806096), (-0.14350066, -0.27616012, 0.9503384), (-0.20115572, -0.08121808, 0.97618645), (0.090750545, -0.10716779, 0.9900906), (0.16579285, -0.29141128, 0.94212115), (-0.20115572, -0.08121808, 0.97618645), (-0.2738386, 0.23273885, 0.9331908), (-0.0063641784, 0.27462474, 0.96153045), (0.090750545, -0.10716779, 0.9900906), (0.090750545, -0.10716779, 0.9900906), (-0.0063641784, 0.27462474, 0.96153045), (0.043638512, 0.32658592, 0.9441595), (0.11506817, -0.077114195, 0.9903599), (0.16579285, -0.29141128, 0.94212115), (0.090750545, -0.10716779, 0.9900906), (0.11506817, -0.077114195, 0.9903599), (0.15452681, -0.27902305, 0.94776976), (-0.7974004, -0.5505379, 0.24710464), (-0.6285431, -0.6622962, 0.40779573), (-0.5499899, -0.7728748, 0.3165054), (-0.7656294, -0.6291433, 0.13412777), (-0.6285431, -0.6622962, 0.40779573), (0.00034289295, -0.72333235, 0.69049996), (0.09910139, -0.7994778, 0.5924645), (-0.5499899, -0.7728748, 0.3165054), (-0.5499899, -0.7728748, 0.3165054), (0.09910139, -0.7994778, 0.5924645), (0.16064498, -0.8562272, 0.490987), (-0.49184301, -0.8463937, 0.20422564), (-0.7656294, -0.6291433, 0.13412777), (-0.5499899, -0.7728748, 0.3165054), (-0.49184301, -0.8463937, 0.20422564), (-0.7169373, -0.696399, 0.032083195), (-0.7169373, -0.696399, 0.032083195), (-0.49184301, -0.8463937, 0.20422564), (-0.46087408, -0.86753726, 0.18701378), (-0.69587874, -0.71809447, 0.009650388), (-0.49184301, -0.8463937, 0.20422564), (0.16064498, -0.8562272, 0.490987), (0.18111296, -0.8628485, 0.47190103), (-0.46087408, -0.86753726, 0.18701378), (-0.46087408, -0.86753726, 0.18701378), (0.18111296, -0.8628485, 0.47190103), (0.20632604, -0.85570073, 0.4745584), (-0.43138316, -0.87091637, 0.23540044), (-0.69587874, -0.71809447, 0.009650388), (-0.46087408, -0.86753726, 0.18701378), (-0.43138316, -0.87091637, 0.23540044), (-0.68712723, -0.72414595, 0.058896124), (0.82064545, -0.2921377, 0.4911177), (0.780676, -0.3148755, 0.5398133), (0.7796699, -0.30188292, 0.5486179), (0.8219867, -0.28689003, 0.49196744), (0.780676, -0.3148755, 0.5398133), (0.6785564, -0.3809079, 0.6280688), (0.65776825, -0.36742854, 0.6575236), (0.7796699, -0.30188292, 0.5486179), (0.7796699, -0.30188292, 0.5486179), (0.65776825, -0.36742854, 0.6575236), (0.6251121, -0.37128553, 0.68657255), (0.7686545, -0.30317962, 0.5632516), (0.8219867, -0.28689003, 0.49196744), (0.7796699, -0.30188292, 0.5486179), (0.7686545, -0.30317962, 0.5632516), (0.81756926, -0.29249662, 0.49601042), (0.8315785, -0.328169, 0.44808736), (0.8256927, -0.28309733, 0.48794207), (0.82755333, -0.27916768, 0.4870533), (0.84374887, -0.30950397, 0.4385147), (0.8256927, -0.28309733, 0.48794207), (0.82064545, -0.2921377, 0.4911177), (0.8219867, -0.28689003, 0.49196744), (0.82755333, -0.27916768, 0.4870533), (0.82755333, -0.27916768, 0.4870533), (0.8219867, -0.28689003, 0.49196744), (0.81756926, -0.29249662, 0.49601042), (0.8232378, -0.28762233, 0.4894414), (0.84374887, -0.30950397, 0.4385147), (0.82755333, -0.27916768, 0.4870533), (0.8232378, -0.28762233, 0.4894414), (0.845353, -0.30931586, 0.4355481), (0.8340821, -0.4979381, 0.23741251), (0.8391779, -0.43883085, 0.32126004), (0.8752619, -0.38500735, 0.29272163), (0.8826839, -0.42047963, 0.20991936), (0.8391779, -0.43883085, 0.32126004), (0.8315785, -0.328169, 0.44808736), (0.84374887, -0.30950397, 0.4385147), (0.8752619, -0.38500735, 0.29272163), (0.8752619, -0.38500735, 0.29272163), (0.84374887, -0.30950397, 0.4385147), (0.845353, -0.30931586, 0.4355481), (0.8924082, -0.34593952, 0.28971255), (0.8826839, -0.42047963, 0.20991936), (0.8752619, -0.38500735, 0.29272163), (0.8924082, -0.34593952, 0.28971255), (0.9144278, -0.35652363, 0.19160567), (-0.68712723, -0.72414595, 0.058896124), (-0.43138316, -0.87091637, 0.23540044), (-0.34218946, -0.904023, 0.2562202), (-0.61511916, -0.77977854, 0.116506875), (-0.43138316, -0.87091637, 0.23540044), (0.20632604, -0.85570073, 0.4745584), (0.2579522, -0.88194036, 0.3945147), (-0.34218946, -0.904023, 0.2562202), (-0.34218946, -0.904023, 0.2562202), (0.2579522, -0.88194036, 0.3945147), (0.29438603, -0.89604086, 0.33233657), (-0.297165, -0.922375, 0.2468141), (-0.61511916, -0.77977854, 0.116506875), (-0.34218946, -0.904023, 0.2562202), (-0.297165, -0.922375, 0.2468141), (-0.5610312, -0.81617725, 0.13819805), (0.29438603, -0.89604086, 0.33233657), (0.2579522, -0.88194036, 0.3945147), (0.7284756, -0.57739675, 0.36869568), (0.73803437, -0.61342406, 0.28109828), (0.2579522, -0.88194036, 0.3945147), (0.20632604, -0.85570073, 0.4745584), (0.7211674, -0.48737228, 0.4923271), (0.7284756, -0.57739675, 0.36869568), (0.7284756, -0.57739675, 0.36869568), (0.7211674, -0.48737228, 0.4923271), (0.8315785, -0.328169, 0.44808736), (0.8391779, -0.43883085, 0.32126004), (0.73803437, -0.61342406, 0.28109828), (0.7284756, -0.57739675, 0.36869568), (0.8391779, -0.43883085, 0.32126004), (0.8340821, -0.4979381, 0.23741251), (0.20632604, -0.85570073, 0.4745584), (0.18111296, -0.8628485, 0.47190103), (0.7162798, -0.4613493, 0.5235457), (0.7211674, -0.48737228, 0.4923271), (0.18111296, -0.8628485, 0.47190103), (0.16064498, -0.8562272, 0.490987), (0.7108961, -0.46224678, 0.5300516), (0.7162798, -0.4613493, 0.5235457), (0.7162798, -0.4613493, 0.5235457), (0.7108961, -0.46224678, 0.5300516), (0.82064545, -0.2921377, 0.4911177), (0.8256927, -0.28309733, 0.48794207), (0.7211674, -0.48737228, 0.4923271), (0.7162798, -0.4613493, 0.5235457), (0.8256927, -0.28309733, 0.48794207), (0.8315785, -0.328169, 0.44808736), (0.16064498, -0.8562272, 0.490987), (0.09910139, -0.7994778, 0.5924645), (0.6676807, -0.46017915, 0.5851817), (0.7108961, -0.46224678, 0.5300516), (0.09910139, -0.7994778, 0.5924645), (0.00034289295, -0.72333235, 0.69049996), (0.6096383, -0.46045786, 0.64522845), (0.6676807, -0.46017915, 0.5851817), (0.6676807, -0.46017915, 0.5851817), (0.6096383, -0.46045786, 0.64522845), (0.6785564, -0.3809079, 0.6280688), (0.780676, -0.3148755, 0.5398133), (0.7108961, -0.46224678, 0.5300516), (0.6676807, -0.46017915, 0.5851817), (0.780676, -0.3148755, 0.5398133), (0.82064545, -0.2921377, 0.4911177), (-0.80327046, -0.59275126, -0.058331244), (-0.7778224, -0.62779164, -0.029495424), (-0.7923459, -0.61006033, -0.0037895953), (-0.84731334, -0.528266, -0.054728016), (-0.7778224, -0.62779164, -0.029495424), (-0.68712723, -0.72414595, 0.058896124), (-0.61511916, -0.77977854, 0.116506875), (-0.7923459, -0.61006033, -0.0037895953), (-0.7923459, -0.61006033, -0.0037895953), (-0.61511916, -0.77977854, 0.116506875), (-0.5610312, -0.81617725, 0.13819805), (-0.79051054, -0.6124233, 0.005539314), (-0.84731334, -0.528266, -0.054728016), (-0.7923459, -0.61006033, -0.0037895953), (-0.79051054, -0.6124233, 0.005539314), (-0.9009036, -0.42643684, -0.08077352), (-0.8160506, -0.57218903, -0.08161609), (-0.79543674, -0.6038204, -0.051780876), (-0.7759366, -0.62681377, -0.0709003), (-0.798572, -0.5940903, -0.096641), (-0.79543674, -0.6038204, -0.051780876), (-0.7169373, -0.696399, 0.032083195), (-0.69587874, -0.71809447, 0.009650388), (-0.7759366, -0.62681377, -0.0709003), (-0.7759366, -0.62681377, -0.0709003), (-0.69587874, -0.71809447, 0.009650388), (-0.68712723, -0.72414595, 0.058896124), (-0.7778224, -0.62779164, -0.029495424), (-0.798572, -0.5940903, -0.096641), (-0.7759366, -0.62681377, -0.0709003), (-0.7778224, -0.62779164, -0.029495424), (-0.80327046, -0.59275126, -0.058331244), (-0.8927215, -0.4354709, 0.11581617), (-0.8716085, -0.46509853, 0.15486132), (-0.8420241, -0.5380389, 0.03885155), (-0.86053383, -0.5093858, 0.002758759), (-0.8716085, -0.46509853, 0.15486132), (-0.7974004, -0.5505379, 0.24710464), (-0.7656294, -0.6291433, 0.13412777), (-0.8420241, -0.5380389, 0.03885155), (-0.8420241, -0.5380389, 0.03885155), (-0.7656294, -0.6291433, 0.13412777), (-0.7169373, -0.696399, 0.032083195), (-0.79543674, -0.6038204, -0.051780876), (-0.86053383, -0.5093858, 0.002758759), (-0.8420241, -0.5380389, 0.03885155), (-0.79543674, -0.6038204, -0.051780876), (-0.8160506, -0.57218903, -0.08161609), (0.00034289295, -0.72333235, 0.69049996), (-0.6285431, -0.6622962, 0.40779573), (-0.6931118, -0.5512881, 0.46441078), (-0.08170748, -0.6551626, 0.75105655), (-0.6285431, -0.6622962, 0.40779573), (-0.7974004, -0.5505379, 0.24710464), (-0.78464884, -0.49033645, 0.3793368), (-0.6931118, -0.5512881, 0.46441078), (-0.6931118, -0.5512881, 0.46441078), (-0.78464884, -0.49033645, 0.3793368), (-0.7022424, -0.41293597, 0.5799478), (-0.6648521, -0.44197053, 0.60219085), (-0.08170748, -0.6551626, 0.75105655), (-0.6931118, -0.5512881, 0.46441078), (-0.6648521, -0.44197053, 0.60219085), (-0.13659576, -0.50292295, 0.85346943), (-0.7589355, -0.32828224, 0.562359), (-0.7483907, -0.36007452, 0.55700785), (-0.85152435, -0.41636437, 0.31866437), (-0.8762597, -0.38224292, 0.2933588), (-0.7483907, -0.36007452, 0.55700785), (-0.7022424, -0.41293597, 0.5799478), (-0.78464884, -0.49033645, 0.3793368), (-0.85152435, -0.41636437, 0.31866437), (-0.85152435, -0.41636437, 0.31866437), (-0.78464884, -0.49033645, 0.3793368), (-0.7974004, -0.5505379, 0.24710464), (-0.8716085, -0.46509853, 0.15486132), (-0.8762597, -0.38224292, 0.2933588), (-0.85152435, -0.41636437, 0.31866437), (-0.8716085, -0.46509853, 0.15486132), (-0.8927215, -0.4354709, 0.11581617), (0.00034289295, -0.72333235, 0.69049996), (-0.08170748, -0.6551626, 0.75105655), (0.53103137, -0.47881448, 0.69910115), (0.6096383, -0.46045786, 0.64522845), (-0.08170748, -0.6551626, 0.75105655), (-0.13659576, -0.50292295, 0.85346943), (0.40084758, -0.43323523, 0.80723506), (0.53103137, -0.47881448, 0.69910115), (0.53103137, -0.47881448, 0.69910115), (0.40084758, -0.43323523, 0.80723506), (0.33849707, -0.43291527, 0.8354664), (0.5156144, -0.4611149, 0.7221598), (0.6096383, -0.46045786, 0.64522845), (0.53103137, -0.47881448, 0.69910115), (0.5156144, -0.4611149, 0.7221598), (0.6785564, -0.3809079, 0.6280688)] (
                interpolation = "faceVarying"
            )
            point3f[] points = [(-0.021340193, 0.010301738, 0.018048339), (-0.018614937, 0.0128560765, 0.017054856), (-0.02537477, 0.010090222, 0.017996382), (-0.018159715, 0.008603194, 0.020595824), (-0.016847212, 0.009972252, 0.01818327), (-0.016673576, 0.010953724, 0.018093918), (-0.016275095, 0.009556681, 0.019255301), (-0.012242283, 0.008998486, 0.015950717), (-0.012064479, 0.009968609, 0.01591277), (-0.0120374365, 0.008441435, 0.01706772), (-0.008017583, 0.007090053, 0.012918744), (-0.003587133, 0.0034275702, 0.008033182), (-0.0078086695, 0.007901892, 0.013187373), (-0.008092691, 0.006146608, 0.013624641), (-0.003724686, 0.0021734673, 0.008552083), (-0.00034253596, -0.0007365655, 0.0006571832), (-0.00051768904, 0.0006384692, -0.000109287575), (0.000283678, 0.0011833502, 0.0006679959), (-0.0030266866, 0.004124855, 0.008516941), (-0.018087722, 0.004177287, 0.025570486), (-0.023894815, 0.0071123843, 0.024297869), (-0.021392858, 0.002872145, 0.030308884), (-0.029859172, 0.0068230964, 0.025556656), (-0.03004216, 0.009219651, 0.017351743), (-0.0293244, 0.0024021014, 0.03204413), (-0.038046066, 0.006362263, 0.025639638), (-0.03730884, 0.010472939, 0.01889639), (-0.03862053, -0.00047081872, 0.030216295), (-0.046846688, 0.0061216773, 0.026793413), (-0.047552634, -0.003069448, 0.030722529), (-0.04592677, 0.01302662, 0.020934546), (-0.055086363, 0.0054015955, 0.023633031), (-0.056000847, -0.0024141462, 0.02869258), (-0.05409307, 0.012284191, 0.01828683), (-0.061784264, 0.0047949245, 0.020438937), (-0.06282573, -0.00048769047, 0.02534475), (-0.060957354, 0.009750285, 0.0148629695), (-0.06806711, 0.0045745843, 0.017341675), (-0.0678236, 0.0074220686, 0.0121097015), (-0.06825923, 0.0014966606, 0.021902258), (-0.0745809, 0.004543304, 0.014013583), (-0.075643025, 0.0050952146, 0.010538502), (-0.0727136, 0.0034009574, 0.01766238), (-0.0758439, 0.008235401, 0.007419768), (-0.06885893, 0.01278137, 0.008155619), (-0.07647968, 0.011072258, 0.0038075543), (-0.06972214, 0.018022278, 0.0044525233), (-0.06163187, 0.02072499, 0.0039712163), (-0.053920202, 0.022979228, 0.0057675666), (-0.062025167, 0.015634645, 0.009456357), (-0.05502697, 0.018470014, 0.012438191), (-0.046460442, 0.021068709, 0.016190786), (-0.037273534, 0.02144535, 0.01726853), (-0.046172943, 0.026347794, 0.0094195865), (-0.037327256, 0.02652753, 0.009380903), (-0.027402706, 0.025048086, 0.010937964), (-0.02108906, 0.022978099, 0.01150429), (-0.029077288, 0.018281633, 0.015421777), (-0.02349003, 0.016008306, 0.015758745), (-0.017319532, 0.01863455, 0.013235273), (-0.016832827, 0.010435112, 0.018176483), (-0.012159916, 0.009519983, 0.015980404), (-0.00789511, 0.007510997, 0.013116468), (-0.0001379741, 0.0009839487, 0.000182133), (-0.0032722803, 0.0037857804, 0.008344376), (-0.016692743, 0.00985589, 0.018683344), (-0.0121132275, 0.008753291, 0.01657906), (-0.00803967, 0.0066288495, 0.013325815), (-0.0036270255, 0.0028093425, 0.008356813), (-0.00047177012, -0.000074037736, 0.00017830588), (-0.023345064, 0.010180786, 0.017938044), (-0.01934942, 0.010157358, 0.018116502), (-0.016789764, 0.010157356, 0.018148458), (-0.016541684, 0.009742677, 0.018972596), (-0.01429839, 0.0095929755, 0.01743272), (-0.012222275, 0.009235505, 0.015912589), (-0.012065725, 0.008612942, 0.016854184), (-0.010195465, 0.008236171, 0.014350377), (-0.0058145234, 0.005440519, 0.010966098), (-0.007957731, 0.007306232, 0.012978561), (-0.008059258, 0.0063885, 0.013502557), (-0.010154894, 0.007474617, 0.015260398), (-0.0059651206, 0.0043209833, 0.011538995), (-0.0012899872, 0.00033857403, 0.004212389), (-0.0036630225, 0.0024866308, 0.008482648), (-0.00048645926, -0.00042389275, 0.00030557252), (-0.00035897264, 0.0008429301, -0.000001856219), (-0.001144674, 0.0016207241, 0.003577461), (-0.0006128759, 0.0023560629, 0.004197636), (-0.0054173414, 0.0061545973, 0.011401518), (-0.0034458954, 0.0036290002, 0.008147223), (-0.0100219725, 0.0091567915, 0.014434763), (-0.013997532, 0.009174105, 0.018535445), (-0.014184422, 0.01056886, 0.017337333), (-0.017796997, 0.009510366, 0.01956276), (-0.018365486, 0.011415305, 0.018025631), (-0.017987324, 0.006472549, 0.022870095), (-0.021441782, 0.0075549814, 0.022405514), (-0.022782173, 0.005319182, 0.027408214), (-0.02467429, 0.008534256, 0.021145727), (-0.026607078, 0.0072558993, 0.025617307), (-0.029943714, 0.0075658527, 0.021372661), (-0.029656887, 0.0050296076, 0.028841218), (-0.033774197, 0.0061890953, 0.025022734), (-0.037660293, 0.0084393425, 0.022595398), (-0.038389836, 0.002917585, 0.027380044), (-0.04240607, 0.0062887706, 0.026367618), (-0.04723811, 0.0020581703, 0.029042277), (-0.046417378, 0.009503282, 0.023933485), (-0.051234215, 0.0058206096, 0.025696553), (-0.05547178, 0.001346518, 0.025882583), (-0.05473984, 0.009360094, 0.0214564), (-0.058536958, 0.0050392626, 0.021974029), (-0.06225225, 0.0021045979, 0.022963513), (-0.061391585, 0.0074222963, 0.017799702), (-0.06489496, 0.0045540314, 0.018786767), (-0.0679349, 0.005943453, 0.014653011), (-0.06816421, 0.0031272676, 0.019797629), (-0.07136775, 0.004827088, 0.016107734), (-0.07514713, 0.004926107, 0.012334421), (-0.073871575, 0.0039984523, 0.0156706), (-0.07076477, 0.0026672273, 0.019991927), (-0.07175925, 0.006698032, 0.0119942175), (-0.07552584, 0.0068821306, 0.00917987), (-0.072344445, 0.010809596, 0.007941621), (-0.07664976, 0.009168909, 0.0052464427), (-0.073935695, 0.015010715, 0.0044491314), (-0.06553404, 0.019872202, 0.004082156), (-0.06928367, 0.015126462, 0.0063967626), (-0.057777997, 0.021468038, 0.0043764864), (-0.061756495, 0.017794492, 0.0065379795), (-0.06541641, 0.0141050555, 0.0084762), (-0.058675658, 0.017196918, 0.010808275), (-0.061721012, 0.01287488, 0.01204236), (-0.051052704, 0.019921273, 0.014613266), (-0.054818664, 0.015466572, 0.015306458), (-0.054549716, 0.02065213, 0.009232906), (-0.041758794, 0.021670667, 0.016961496), (-0.04629165, 0.023585483, 0.013053155), (-0.046339877, 0.017717347, 0.019142417), (-0.0503071, 0.025198838, 0.008378459), (-0.041801576, 0.02631263, 0.008946963), (-0.03232786, 0.026297662, 0.010493243), (-0.037214056, 0.024304068, 0.013990337), (-0.02380668, 0.02420358, 0.011066589), (-0.028161097, 0.021724828, 0.013986787), (-0.033021055, 0.020005118, 0.016361352), (-0.02589745, 0.017215766, 0.015506131), (-0.029652668, 0.013617439, 0.016264856), (-0.021462392, 0.014486499, 0.01625986), (-0.024446556, 0.012971221, 0.017023895), (-0.02221058, 0.01914161, 0.013925172), (-0.018826092, 0.02089884, 0.01240009), (-0.017818633, 0.015616881, 0.0150492415), (-0.037362758, 0.016025087, 0.018258555), (-0.06838929, 0.010357813, 0.01002204), (-0.06563765, 0.00040296605, 0.023638194), (-0.06419435, 0.008083767, 0.012828005), (-0.057711367, 0.011568635, 0.016960036), (-0.05964295, -0.0013131988, 0.027107053), (-0.05021691, 0.0128240725, 0.019913878), (-0.05194665, -0.0031622427, 0.03042032), (-0.041549247, 0.012225011, 0.02057881), (-0.043120485, -0.002498322, 0.029837387), (-0.03399498, 0.0014464895, 0.031271156), (-0.033367895, 0.009340357, 0.017607218), (-0.024919381, 0.0029761062, 0.032004412), (-0.02748822, 0.009787573, 0.017829482), (-0.019260228, 0.0031362902, 0.027926836), (-0.016800826, 0.010704196, 0.018156573), (-0.012105202, 0.009760982, 0.01597552), (-0.007851395, 0.007707284, 0.013178043), (0.000009941318, 0.0011383889, 0.0003121655), (-0.0031371836, 0.003950209, 0.0084596565), (-0.00080057484, 0.0019724169, 0.0038813404), (-0.0055791195, 0.005807009, 0.01125241), (-0.010124714, 0.008716541, 0.014433993), (-0.014267786, 0.010117456, 0.017429318), (-0.01905344, 0.010496731, 0.018170886), (-0.016730424, 0.009884699, 0.018398955), (-0.012195616, 0.008857934, 0.016218357), (-0.0080341445, 0.0068640523, 0.0130816335), (-0.0036272542, 0.0031399063, 0.008150561), (-0.0005255, 0.00031401252, -0.000003570549), (-0.0011461431, 0.00094572693, 0.0038808002), (-0.0058762156, 0.004882891, 0.01130516), (-0.010155479, 0.007877767, 0.014863281), (-0.014180978, 0.009441812, 0.018022576), (-0.020547532, 0.011381097, 0.017851645), (-0.020314524, 0.009691536, 0.019329406), (-0.018915415, 0.01005242, 0.01855485), (-0.018900841, 0.010908368, 0.018131021), (-0.022421306, 0.012070838, 0.01734289), (-0.022444513, 0.009038981, 0.02009715), (-0.018565133, 0.010059543, 0.018378416), (-0.014221733, 0.01036448, 0.017413698), (-0.014253793, 0.009495043, 0.017681655), (-0.010068304, 0.008945342, 0.014460535), (-0.01018129, 0.008047892, 0.014565258), (-0.005866643, 0.0051760115, 0.011085796), (-0.0054857414, 0.0059777694, 0.011359678), (-0.0011680351, 0.0013093179, 0.003689205), (-0.00067367154, 0.0021423588, 0.0040094447), (-0.02041505, 0.0055096485, 0.025050001), (-0.025855578, 0.005649211, 0.029088212), (-0.02708379, 0.008153005, 0.021614546), (-0.033549547, 0.007480213, 0.021415493), (-0.033941265, 0.003941125, 0.02779655), (-0.041968804, 0.009264175, 0.023731796), (-0.042812545, 0.0022556612, 0.02798674), (-0.051595055, 0.0014968149, 0.028062172), (-0.05081473, 0.009630868, 0.023100534), (-0.0590006, 0.0016273898, 0.024348991), (-0.058231078, 0.008695635, 0.019873276), (-0.065243855, 0.0025492595, 0.021403413), (-0.06453105, 0.0062672393, 0.015760684), (-0.07158675, 0.0058491854, 0.014043316), (-0.07110266, 0.0037628077, 0.018112518), (-0.07197461, 0.008962556, 0.010029535), (-0.07306587, 0.012635798, 0.006104942), (-0.065386035, 0.016608348, 0.006068908), (-0.0582361, 0.019066675, 0.0076041976), (-0.0649431, 0.011329716, 0.0104713915), (-0.058457874, 0.014484426, 0.013855902), (-0.050729673, 0.022539353, 0.01178148), (-0.050885804, 0.016674936, 0.0173909), (-0.041726585, 0.01756988, 0.019447632), (-0.041679386, 0.023772335, 0.013046969), (-0.0326076, 0.02384109, 0.014710124), (-0.02470801, 0.020323891, 0.013600416), (-0.033248313, 0.014398229, 0.01680786), (-0.02678604, 0.013523856, 0.016721396), (-0.020249965, 0.017395152, 0.014515715), (-0.0009944062, 0.0018254542, 0.003690422), (-0.0056996066, 0.005641414, 0.011069871), (-0.0101671405, 0.008469699, 0.014349586), (-0.014292894, 0.00982495, 0.017383942), (-0.018617092, 0.010268559, 0.018188003), (-0.0011870014, 0.00061087235, 0.0040124883), (-0.005905783, 0.004598022, 0.011454631), (-0.010148248, 0.007684495, 0.015088667), (-0.014069974, 0.009328214, 0.018320337), (-0.01855715, 0.009855882, 0.019006558), (0.02166112, 0.023968378, 0.023681136), (0.043592654, 0.012105309, 0.015151767), (0.032009408, 0.009115241, 0.017691378), (0.024384234, 0.013913615, 0.020072019), (0.061846595, 0.02722327, 0.01124696), (0.027023349, 0.024678187, 0.024210934), (0.03647353, 0.028983274, 0.023652943), (0.056957446, 0.04133678, 0.020592635), (0.06929056, 0.038955797, 0.004571671), (0.064875394, 0.048691474, 0.015863748), (0.07281926, 0.04798648, 0.0014896439), (0.07129673, 0.055157, 0.008896195), (0.07650618, 0.056260686, 0.0039058677), (0.077415556, 0.061624628, 0.0050653107), (0.056031827, 0.017246976, 0.016524985), (0.047517765, 0.03491712, 0.02457195), (0.023262555, 0.028574592, 0.033273287), (0.026487041, 0.035013113, 0.037467644), (0.03232708, 0.040074844, 0.03738705), (0.057489783, 0.04669351, 0.037471548), (0.06875454, 0.0521097, 0.030062752), (0.07328301, 0.061037358, 0.015096888), (0.07584024, 0.06175988, 0.008263901), (0.04309409, 0.04698236, 0.038078208), (0.021540299, 0.02051077, 0.02350731), (0.029057873, 0.016969355, 0.022441335), (0.039650396, 0.02008945, 0.02210134), (0.058933474, 0.034390375, 0.015116885), (0.06668809, 0.04395284, 0.009444135), (0.07236195, 0.05083368, 0.0049297), (0.077157095, 0.06003646, 0.004876979), (0.051204223, 0.025017772, 0.02265691), (0.0769942, 0.061743032, 0.0059985244), (0.07218387, 0.058395408, 0.011951977), (0.034865364, 0.033798292, 0.031341407), (0.027113132, 0.028577855, 0.030463971), (0.06670654, 0.051960405, 0.022382768), (0.056410957, 0.045681592, 0.028815087), (0.045076054, 0.04109067, 0.031555682), (0.020532943, 0.025332386, 0.027104419), (0.018959476, 0.023471981, 0.023042936), (0.019591644, 0.022413926, 0.023264527), (0.018877992, 0.024031704, 0.024372473), (0.0068309377, 0.01632687, 0.015476524), (0.007416831, 0.015543127, 0.016053298), (0.0057472875, 0.016748145, 0.016373403), (0.0014993963, 0.0055016484, 0.007010922), (0.0025180576, 0.004618685, 0.007552757), (0.00007449248, 0.005142395, 0.007455507), (0.0036481102, 0.010631275, 0.011419176), (0.00440022, 0.009866208, 0.012074629), (0.0022824162, 0.010679132, 0.012041726), (0.00047251288, 0.0017399912, 0.0018082508), (0.0015237936, 0.0007187699, 0.0020704227), (-0.0008431161, 0.0012198619, 0.0019041775), (0.012395741, 0.0204258, 0.020156376), (0.012867814, 0.019434398, 0.020408869), (0.01178499, 0.020907138, 0.021307245), (0.017530855, 0.021322636, 0.022558274), (0.016877526, 0.022364108, 0.022419866), (0.016704233, 0.022910161, 0.023635373), (0.01925048, 0.023013737, 0.02320359), (0.007105993, 0.015877414, 0.015828893), (0.0019899704, 0.0049926178, 0.0073291515), (0.0040079653, 0.010186758, 0.011809963), (0.0009566572, 0.0011549315, 0.001949205), (0.012614805, 0.019868372, 0.020338222), (0.017203342, 0.021797614, 0.022555556), (0.018949669, 0.023661118, 0.023656946), (0.0062732357, 0.016475655, 0.015989175), (0.0007708909, 0.0052580596, 0.0072799996), (0.002949934, 0.010596488, 0.011793623), (-0.00019528098, 0.0014047124, 0.0018626566), (0.012073043, 0.020601528, 0.020787273), (0.016789062, 0.02258939, 0.0230962), (0.027628113, 0.010850091, 0.01851138), (0.059717085, 0.021751055, 0.01502821), (0.03721554, 0.010041774, 0.016232004), (0.022572845, 0.017466363, 0.022187505), (0.023874465, 0.024055498, 0.024165878), (0.031276476, 0.026471771, 0.023515623), (0.04203754, 0.0320311, 0.024052123), (0.027951363, 0.020899864, 0.023981487), (0.038021874, 0.024625804, 0.023286432), (0.058019258, 0.037955288, 0.017430067), (0.06560969, 0.04645589, 0.012692785), (0.06480586, 0.034065377, 0.00687955), (0.061218534, 0.04494948, 0.018488389), (0.071908504, 0.052807335, 0.0069482517), (0.07127187, 0.043775067, 0.0027801595), (0.06828235, 0.051995996, 0.012267554), (0.077277444, 0.060880885, 0.0049913265), (0.07499263, 0.052070312, 0.0022847762), (0.0741534, 0.058529504, 0.0066485857), (0.050337087, 0.014250082, 0.014835753), (0.05194172, 0.038240746, 0.022822233), (0.053952012, 0.020497585, 0.02003189), (0.024636677, 0.03202231, 0.035448797), (0.028807208, 0.03745099, 0.037766606), (0.03769438, 0.04303607, 0.038273767), (0.063512884, 0.047637295, 0.03470071), (0.07192067, 0.05850321, 0.022454828), (0.07456804, 0.061517816, 0.010687587), (0.050168797, 0.047582716, 0.03851134), (0.076616585, 0.061834324, 0.0068490305), (0.071701534, 0.05685273, 0.010526667), (0.033263333, 0.037405107, 0.033510145), (0.02706363, 0.026669316, 0.027335595), (0.06779913, 0.05272507, 0.02618107), (0.05665667, 0.043764897, 0.024627058), (0.043677196, 0.044413406, 0.034523565), (0.030477362, 0.013096563, 0.019960022), (0.04170469, 0.015832204, 0.01874698), (0.060260657, 0.030680675, 0.013107617), (0.06807877, 0.04123537, 0.0068558254), (0.07259153, 0.049269926, 0.0030188712), (0.07701569, 0.05881043, 0.0046264734), (0.04916743, 0.03025874, 0.023725834), (0.055446357, 0.028723618, 0.01959069), (0.074807614, 0.055272695, 0.0047510364), (0.069782145, 0.047508754, 0.0068877656), (0.06297564, 0.039581794, 0.011716199), (0.045368288, 0.022943765, 0.022080064), (0.033969346, 0.017729633, 0.021945477), (0.02518649, 0.018258968, 0.023099246), (0.07723005, 0.061666667, 0.0054601473), (0.07273018, 0.059808522, 0.013346652), (0.03582491, 0.031635057, 0.027457511), (0.026774023, 0.031763487, 0.033218484), (0.06572825, 0.050317235, 0.019080264), (0.056578264, 0.04686917, 0.033332046), (0.04657496, 0.037940945, 0.028080238), (0.02137915, 0.027145, 0.029689437), (0.050632726, 0.04395677, 0.030871348), (0.02391315, 0.026633939, 0.029416991), (0.06999138, 0.056016028, 0.016959816), (0.03993299, 0.0373013, 0.031594396), (0.061679766, 0.048388373, 0.02626943), (0.030477906, 0.0312564, 0.03044976), (0.074378714, 0.060059004, 0.008441851), (0.018898759, 0.023558855, 0.023290098), (0.01943916, 0.022731079, 0.023262195), (0.020112775, 0.023778286, 0.023318669), (0.02056333, 0.02207881, 0.023599777), (0.019742541, 0.024408638, 0.02529071), (0.006574606, 0.016420031, 0.015669612), (0.0072511123, 0.015691174, 0.01597751), (0.0094847465, 0.018826788, 0.01791322), (0.01873427, 0.022039713, 0.023039667), (0.008655387, 0.019305252, 0.018915841), (0.0011536307, 0.005434033, 0.00710287), (0.002244691, 0.0047709057, 0.0074666734), (0.002406271, 0.007976123, 0.009333746), (0.00567631, 0.012664282, 0.014094211), (0.0010043898, 0.007780196, 0.0098779835), (0.0050273207, 0.013387556, 0.013443278), (0.0032964698, 0.0071494393, 0.009940072), (0.0037360347, 0.013660003, 0.014196484), (0.003325079, 0.010646331, 0.0115517955), (0.004192157, 0.010000326, 0.011976402), (0.00014482801, 0.0016346268, 0.0018194757), (0.00122309, 0.00088951923, 0.0020152493), (0.0010784058, 0.003412003, 0.0043162555), (0.0021815419, 0.0025078543, 0.004775041), (-0.00036922318, 0.0029555783, 0.0046222205), (-0.000015909585, 0.0012922994, -0.000115382965), (0.0010562154, 0.0001743216, 0.00009768766), (-0.0011876725, 0.00076730945, -0.000032896867), (0.0149908, 0.021478785, 0.02158822), (0.009987371, 0.017912926, 0.018352147), (0.014633949, 0.021981183, 0.022822754), (0.012241775, 0.0205369, 0.020412458), (0.012735318, 0.019627152, 0.020408124), (0.015549202, 0.020433305, 0.021739783), (0.018074544, 0.02301607, 0.022862624), (0.017996436, 0.02357106, 0.024059039), (0.017374638, 0.021541383, 0.022589026), (0.016813869, 0.022499874, 0.02270044), (0.019042972, 0.023252273, 0.023076613), (0.0069864546, 0.016120167, 0.015590295), (0.0017618645, 0.0053000436, 0.007127887), (0.0038530459, 0.0104406625, 0.011559767), (0.0007301459, 0.0015155034, 0.0018615699), (0.012510987, 0.020171285, 0.0201882), (0.017020809, 0.022102557, 0.022431163), (0.018406581, 0.022498451, 0.023014063), (0.01526075, 0.020901583, 0.021723479), (0.00045479694, 0.0006471149, -0.00004165317), (0.0016164233, 0.0028870571, 0.004581024), (0.005330736, 0.01296819, 0.013836461), (0.0028350125, 0.007497739, 0.009693644), (0.009714653, 0.018308867, 0.018191157), (0.020206973, 0.023319805, 0.02351687), (0.018944051, 0.023827977, 0.024021301), (0.0059985896, 0.016590532, 0.016218781), (0.0004129691, 0.0051661646, 0.007393618), (0.002603888, 0.0106123425, 0.0119516775), (-0.00052301807, 0.0012734535, 0.0018908749), (0.011922285, 0.02073033, 0.021080974), (0.016752731, 0.022730198, 0.023401888), (0.01804289, 0.023243623, 0.023513092), (0.014804884, 0.021672197, 0.022265535), (-0.00061925524, 0.0009545018, -0.00010243608), (0.00034159434, 0.0031095312, 0.0045010997), (0.004367703, 0.013463685, 0.013886843), (0.0016880645, 0.007817396, 0.009662887), (0.009049311, 0.01900031, 0.018475253), (0.021958245, 0.022393763, 0.02376926), (0.021386689, 0.024606755, 0.025420405), (0.019986568, 0.023833133, 0.02392453), (0.02624768, 0.014716574, 0.02097995), (0.03552787, 0.013916943, 0.019147307), (0.04815521, 0.01804673, 0.018645644), (0.064142086, 0.036557484, 0.00928205), (0.07054535, 0.04547446, 0.0045347316), (0.075017974, 0.0535354, 0.0035135855), (0.05776192, 0.024822019, 0.017670024), (0.074491315, 0.060758933, 0.009447591), (0.02947565, 0.034518212, 0.03365499), (0.062491678, 0.04871203, 0.030820614), (0.038197923, 0.041003905, 0.03393909), (0.07102754, 0.057587594, 0.019424135), (0.02445665, 0.02858017, 0.03224945), (0.049991187, 0.046386413, 0.034635186), (0.053647127, 0.03352539, 0.020941818), (0.074500024, 0.056909177, 0.005760295), (0.06905798, 0.049604516, 0.009605156), (0.06197429, 0.04234638, 0.014921777), (0.043506294, 0.02795383, 0.023209468), (0.032625, 0.022083106, 0.02347976), (0.024457853, 0.021391824, 0.023988089), (0.05131898, 0.041243047, 0.026790423), (0.023814471, 0.02530919, 0.026791185), (0.068986915, 0.054117132, 0.014807673), (0.041317403, 0.034598306, 0.028029878), (0.061411988, 0.046826206, 0.022215037), (0.030947333, 0.029187538, 0.026640516), (0.074262686, 0.059315354, 0.007535816), (0.01977877, 0.023498068, 0.02332051), (0.019970216, 0.024095858, 0.024561187), (0.009613877, 0.018588688, 0.017991152), (0.008842495, 0.01912938, 0.018731337), (0.0026420145, 0.007780799, 0.009464405), (0.0013353995, 0.0077684536, 0.009801074), (0.0040384727, 0.013539624, 0.0140790595), (0.0052054506, 0.013198136, 0.013580288), (0.0013629029, 0.003210831, 0.0044129924), (-0.000021412656, 0.0029954417, 0.004580016), (0.00023003816, 0.0010408425, -0.00008575343), (-0.0009116149, 0.0008180558, -0.000082618266), (0.014719438, 0.021804659, 0.022579243), (0.015117215, 0.02121576, 0.02159809), (0.018212551, 0.022774544, 0.022882693), (0.018031523, 0.023388369, 0.023817565), (0.018581009, 0.022256965, 0.023059838), (0.015404953, 0.020645825, 0.021766573), (0.00073648803, 0.00036221844, 0.000011434698), (0.0018907438, 0.002659401, 0.0046988833), (0.0054918197, 0.012794776, 0.014001874), (0.003054829, 0.0072925724, 0.009847479), (0.009842712, 0.018087449, 0.018306756), (0.0204648, 0.022798441, 0.023584919), (0.01803159, 0.02314777, 0.023129363), (0.014891349, 0.0215993, 0.021867495), (-0.00031825365, 0.0011936696, -0.0001168796), (0.00072393165, 0.0033180593, 0.0043769004), (0.004727236, 0.013447458, 0.013604111), (0.0020685045, 0.007941929, 0.00944902), (0.009280312, 0.018934684, 0.01813463), (0.019672025, 0.023725605, 0.023500532), (0.012197987, -0.04627428, 0.0023208586), (0.0099981, -0.045130383, 0.0021299052), (0.010226393, -0.04148705, 0.0020057114), (0.012612804, -0.044868145, 0.0023607898), (0.012879105, -0.042964723, 0.002305597), (0.011359788, -0.040898692, 0.0024348598), (0.0129794385, -0.040227797, 0.0029015366), (0.011100729, -0.03692094, 0.007233509), (0.013180329, -0.036718726, 0.0074199387), (0.009223691, -0.036765084, 0.0061766068), (0.010527028, -0.03219536, 0.010650705), (0.013168029, -0.032130737, 0.011347217), (0.008060286, -0.032041464, 0.009402493), (0.00897929, -0.026006041, 0.013699529), (0.006896472, -0.018292814, 0.014919855), (0.006870724, -0.025780292, 0.011849124), (0.011851179, -0.025949836, 0.015205531), (0.0087524755, -0.018088462, 0.016251637), (0.0051775533, -0.011417909, 0.0147238225), (0.0040158746, -0.011670535, 0.014064686), (0.0038349347, -0.0071914885, 0.01301811), (0.0027720665, -0.0054868637, 0.010830637), (0.003175424, -0.007430694, 0.012609637), (0.0022799624, -0.0059383716, 0.010212026), (0.0023622122, -0.008044268, 0.012186032), (0.002899325, -0.012007444, 0.013435171), (0.0012644936, -0.0077983113, 0.01221719), (0.0017515272, -0.012009381, 0.013640851), (0.000658041, -0.0076828776, 0.012412865), (0.0014789138, -0.005325738, 0.010446807), (0.00058446004, -0.012089387, 0.013858946), (-0.0011217304, -0.01977681, 0.013141579), (0.0017424211, -0.01933325, 0.013146593), (-0.0003304034, -0.028021771, 0.010755457), (0.0014724204, -0.035480686, 0.00911915), (0.0031610453, -0.027127, 0.011785559), (0.0046776533, -0.034056287, 0.010037953), (0.006498002, -0.037875738, 0.0065889587), (0.0034518687, -0.038689844, 0.006559137), (0.008195562, -0.04120939, 0.0022930806), (0.0055506867, -0.041052695, 0.0025171442), (0.0077757407, -0.043469395, 0.0017741392), (0.0044740555, -0.018743733, 0.013384038), (0.0005442499, -0.0030969128, 0.008014666), (-0.00008489584, -0.0016508817, 0.005061167), (0.0016142757, -0.0032328556, 0.0077619096), (0.001050636, -0.0018064587, 0.004780825), (0.0016419349, -0.0024032833, 0.008344774), (0.0010981502, -0.000688749, 0.0052301725), (0.0015498119, 0.00041676054, 0.00014292498), (0.0011240856, -0.001209134, 0.000021650705), (-0.00046742224, -0.0002597288, -0.000040119598), (0.0016746038, -0.0028274553, 0.008042665), (0.001134724, -0.0012751247, 0.0049803522), (0.0014663519, -0.0005799084, -0.000047550307), (0.0025527785, -0.0057123904, 0.010504912), (0.0018365296, -0.0056894356, 0.010244579), (0.0011128243, -0.0032842, 0.007822616), (0.00035494784, -0.0011072798, -0.00018504464), (0.00051890244, -0.0018647261, 0.004855241), (0.011104044, -0.045750476, 0.0022244307), (0.01123149, -0.044060152, 0.0014804368), (0.012407238, -0.045605466, 0.002338667), (0.012808323, -0.04399192, 0.0023791383), (0.011970969, -0.043052014, 0.0019378226), (0.012080521, -0.04056587, 0.0025610677), (0.010768766, -0.041200943, 0.002361805), (0.011177571, -0.038823202, 0.004863904), (0.011980025, -0.036870085, 0.0073834737), (0.010265867, -0.036882628, 0.006865542), (0.010806273, -0.034676537, 0.008781027), (0.011662891, -0.032240566, 0.01115641), (0.009427046, -0.03211374, 0.010084864), (0.00997411, -0.029359836, 0.012506452), (0.008205914, -0.022075942, 0.014190442), (0.007947866, -0.02591644, 0.012691519), (0.010258385, -0.026030166, 0.014638321), (0.013104853, -0.029232612, 0.013539051), (0.010361652, -0.022010796, 0.01570247), (0.006871146, -0.014542183, 0.016047666), (0.007836313, -0.018180894, 0.015613784), (0.0045917644, -0.01153869, 0.014384811), (0.0041044746, -0.009030776, 0.013785647), (0.0031006015, -0.0063914433, 0.011908527), (0.003507741, -0.007275738, 0.012821794), (0.003298172, -0.009243404, 0.013345054), (0.0027960343, -0.0077000014, 0.01239599), (0.0021123802, -0.0070356764, 0.01120232), (0.002452708, -0.00975509, 0.012830501), (0.0017829592, -0.0079044495, 0.012184169), (0.0015487793, -0.009511003, 0.012979689), (0.0009109973, -0.007729357, 0.012301061), (0.0010721914, -0.006350113, 0.011445097), (0.00078857393, -0.009485395, 0.0131798405), (-0.00036485223, -0.015836135, 0.014118481), (0.0011672599, -0.012041362, 0.013749278), (0.00022596894, -0.01959741, 0.013055736), (-0.0009885355, -0.023778584, 0.01156794), (0.0003771546, -0.03223228, 0.010001808), (0.001168517, -0.027691728, 0.011176226), (0.0052326354, -0.02642091, 0.012076822), (0.002517379, -0.023100326, 0.012223759), (0.0037957786, -0.030970454, 0.011266397), (0.0029779423, -0.034841906, 0.009637807), (0.006437447, -0.033106536, 0.009973352), (0.005729945, -0.0361878, 0.008469926), (0.007914811, -0.03737811, 0.0064877383), (0.005001854, -0.038305193, 0.00658402), (0.0073150187, -0.03936808, 0.003916757), (0.0069104265, -0.041165926, 0.0022046247), (0.009293855, -0.04133279, 0.0023057878), (0.009064185, -0.04320888, 0.0019268522), (0.0044246996, -0.039758496, 0.004540335), (0.0066728625, -0.042378183, 0.0017328183), (0.008891813, -0.044371426, 0.0019792328), (0.0025650116, -0.037408438, 0.008032822), (0.0016373976, -0.015560351, 0.014006954), (0.0031672332, -0.019048568, 0.013259762), (0.0035270741, -0.015212104, 0.013962345), (0.005720117, -0.018500175, 0.014118952), (0.0058447355, -0.022239432, 0.012422002), (0.0012596824, -0.0041753687, 0.009292166), (0.0016451037, -0.0055091903, 0.010336885), (0.00028859352, -0.0022808122, 0.0066574984), (0.0008228284, -0.0032061497, 0.007913779), (0.0022485298, -0.0045327903, 0.009050556), (0.0013995216, -0.0024090463, 0.0063852235), (0.0016565627, -0.0026084324, 0.008199652), (0.002508924, -0.0039247735, 0.009633689), (0.0013801599, -0.0014215399, 0.0069149146), (0.0010666046, -0.000050060637, 0.0029235294), (0.001115892, -0.00097430113, 0.005108179), (0.0013333327, -0.0009507907, 0.000014297746), (0.0008147149, -0.0013162335, 0.0025532108), (-0.000060198574, -0.00090668484, -0.0001632015), (-0.00045638278, -0.0009768332, 0.002889484), (0.00021271013, -0.00177548, 0.004950826), (0.002331371, -0.012002166, 0.013534478), (0.003454573, -0.011831377, 0.013752161), (0.0026614915, -0.0055937264, 0.010670726), (0.0053218845, -0.014796181, 0.014998435), (0.0073543172, -0.029192789, 0.010883636), (0.008657217, -0.034470934, 0.007636409), (0.013060518, -0.034561772, 0.009089436), (0.009637577, -0.03902782, 0.0041226787), (0.013087846, -0.03857208, 0.0052186316), (0.012876641, -0.041770156, 0.002192182), (0.0016843431, -0.0030558435, 0.00787428), (0.0011358873, -0.0015776514, 0.004857935), (0.0015496812, -0.0002377217, -0.000016775944), (0.0024329883, -0.005852672, 0.010336877), (0.0010139478, -0.0007075277, 0.0026851636), (0.0014357266, -0.0019299543, 0.006622162), (0.0024213677, -0.0042505334, 0.009334339), (0.0020633775, -0.0058524036, 0.01019337), (0.0014031772, -0.0033028694, 0.0077585196), (0.00078512245, -0.0012480724, -0.000076361546), (0.0008228741, -0.0018911684, 0.004787605), (0.00020477294, -0.0012909396, 0.0026035055), (0.000878935, -0.002472862, 0.0064549968), (0.0017674372, -0.0044536763, 0.009097356), (0.0026439645, -0.006615946, 0.011540192), (0.0014540473, -0.006650281, 0.011240324), (0.010142913, -0.04364629, 0.0017769109), (0.011616891, -0.04357524, 0.0017620698), (0.012359777, -0.04243217, 0.0020333973), (0.012012054, -0.038680945, 0.0049464423), (0.010404808, -0.03898118, 0.004730099), (0.011737717, -0.03469383, 0.009054402), (0.009911442, -0.034582973, 0.008323388), (0.0114432275, -0.029358458, 0.013196041), (0.00864125, -0.0293121, 0.011651017), (0.007144467, -0.022111228, 0.013280621), (0.009196286, -0.022067867, 0.015045846), (0.0061156964, -0.014657862, 0.015519152), (0.0037148944, -0.009101465, 0.013571883), (0.002878557, -0.006484179, 0.011721879), (0.002873272, -0.009478581, 0.013092313), (0.0019975232, -0.009610424, 0.012898002), (0.0011477891, -0.009480079, 0.013075483), (0.0006166836, -0.015714625, 0.014044829), (0.0006207398, -0.023519976, 0.011806494), (0.0019605886, -0.031712104, 0.010739248), (0.005667157, -0.030089973, 0.011345049), (0.004261466, -0.022671409, 0.012375777), (0.004131121, -0.03684196, 0.008300451), (0.007235126, -0.035396907, 0.008234999), (0.0086199595, -0.039179914, 0.0040632724), (0.005891642, -0.039560486, 0.004019661), (0.007913429, -0.04279644, 0.0018040815), (0.0026191561, -0.015387305, 0.0139806485), (0.00446725, -0.014991166, 0.014473279), (0.0020342693, -0.0045369077, 0.009037122), (0.0011813374, -0.002491885, 0.0063878843), (0.0024680975, -0.004084364, 0.009490127), (0.0014055315, -0.001668899, 0.0067723263), (0.0010500478, -0.00036188908, 0.002768921), (0.0005458701, -0.001375273, 0.0025557766), (0.0009554622, -0.0010646075, 0.0026061276), (0.0014611394, -0.0022021125, 0.00647359), (0.0023626175, -0.004419663, 0.009168668), (-0.00013850586, -0.0011400419, 0.0026981456), (0.00057851773, -0.0023922466, 0.0065502957), (0.0015094852, -0.0043237475, 0.009189032), (0.0017392931, -0.006850548, 0.011200969), (0.0012431284, -0.006486213, 0.011329314), (0.0023911837, -0.006809329, 0.011367435), (0.054706972, 0.0064120586, 0.0094369715), (0.052657783, 0.0033267364, 0.009579976), (0.048479658, 0.0052872617, 0.013679177), (0.05351833, 0.0073399106, 0.01144718), (0.051781245, 0.008480815, 0.014052604), (0.04870441, 0.0071145385, 0.015709214), (0.048815195, 0.009599189, 0.018181307), (0.044416826, 0.0058620377, 0.022677371), (0.046439428, 0.008086508, 0.026614962), (0.04265601, 0.004072973, 0.018752852), (0.04011256, 0.0033826004, 0.027850457), (0.042513635, 0.0057138656, 0.03195489), (0.037402567, 0.00075109705, 0.023478098), (0.031599548, 0.0024405324, 0.030909581), (0.019946279, 0.0022366203, 0.028478665), (0.029797029, -0.00027657356, 0.02597695), (0.033153642, 0.005721127, 0.03545833), (0.01963555, 0.005173849, 0.032557692), (0.011842191, 0.0036138275, 0.026219849), (0.01225832, 0.0018985857, 0.024644058), (0.007889848, 0.0023433128, 0.02056944), (0.0056293714, 0.0017326006, 0.016994387), (0.00813709, 0.0014673503, 0.020074686), (0.0063286116, 0.0009924538, 0.016294828), (0.008741229, 0.000576148, 0.019715624), (0.012803916, 0.00017599844, 0.023118814), (0.008003659, -0.00031810973, 0.019592974), (0.012613408, -0.0017855285, 0.022709608), (0.007615045, -0.000947382, 0.019776588), (0.0053761173, -0.000026948655, 0.016442306), (0.012403641, -0.0035672053, 0.022414643), (0.020703837, -0.0076483735, 0.021276861), (0.020676881, -0.005044919, 0.022982901), (0.030477464, -0.009810801, 0.02139972), (0.037345883, -0.006969874, 0.01649716), (0.029964643, -0.0059658415, 0.023990696), (0.037518825, -0.004704032, 0.020838534), (0.04243919, -0.00007635325, 0.015924482), (0.04209736, -0.0033096892, 0.013053304), (0.04763254, 0.0012906318, 0.012692549), (0.04624985, -0.0016378037, 0.011119675), (0.049915854, 0.0002840279, 0.010115737), (0.020349246, -0.0012719015, 0.02476346), (0.003304477, -0.00030382126, 0.012463513), (0.0020073138, -0.00069184287, 0.0067883194), (0.0042026835, 0.00080633734, 0.012290459), (0.002914879, 0.0005468559, 0.0065435455), (0.0032043161, 0.0013367302, 0.012823935), (0.0015391938, 0.0012156959, 0.0069270786), (0.00011022347, 0.0019306397, -0.00016518017), (0.002082631, 0.0009558261, -0.00025875305), (0.0006500398, -0.0009149233, 0.00006715237), (0.0037418823, 0.0011219402, 0.012558102), (0.0022925064, 0.0009350012, 0.0067279683), (0.0013513924, 0.0015391454, -0.0004347926), (0.005986965, 0.0013974647, 0.016626848), (0.0059458003, 0.00041844367, 0.016269607), (0.003918239, 0.00021463864, 0.012318328), (0.0018304208, -0.00006427568, -0.00035819196), (0.0026547685, -0.00011309713, 0.006609969), (0.053732175, 0.004881167, 0.0094599305), (0.051498286, 0.006064149, 0.011155634), (0.0541413, 0.0068513146, 0.010381277), (0.052768975, 0.007904639, 0.0127084935), (0.05110536, 0.007316816, 0.013224032), (0.048740562, 0.008329268, 0.0167689), (0.048628893, 0.0061349887, 0.014767277), (0.04639522, 0.0067662555, 0.019090453), (0.045341983, 0.006962618, 0.024544071), (0.0435749, 0.004952049, 0.020904005), (0.04250492, 0.004517423, 0.02573316), (0.041397303, 0.004470623, 0.029942125), (0.03876445, 0.0021361196, 0.02570757), (0.03658165, 0.0027408025, 0.029662952), (0.025465628, 0.003139168, 0.029854596), (0.030715931, 0.0012026592, 0.028392961), (0.03245069, 0.00398904, 0.033441253), (0.03878459, 0.0059237387, 0.033686463), (0.026106851, 0.005531497, 0.03443247), (0.014805168, 0.004228521, 0.030035688), (0.019693859, 0.004062816, 0.030565841), (0.012037241, 0.0027765476, 0.02542182), (0.009656862, 0.0025976088, 0.02302291), (0.0066946675, 0.0020047375, 0.01866115), (0.007979912, 0.0019079789, 0.020306649), (0.009914635, 0.0014367795, 0.022220472), (0.008405089, 0.0010206191, 0.019889252), (0.0075163473, 0.0008376092, 0.017945712), (0.010455132, 0.0002717333, 0.02145553), (0.00834174, 0.000102223166, 0.01962465), (0.009890693, -0.0010081192, 0.021335244), (0.007775729, -0.0006565652, 0.0196566), (0.006383566, -0.00026072428, 0.018048072), (0.00957739, -0.0021354295, 0.021443186), (0.016090538, -0.00556491, 0.02235398), (0.012503999, -0.0026859085, 0.02255237), (0.020699294, -0.006395628, 0.022142163), (0.025774159, -0.009175419, 0.021023901), (0.034260344, -0.008950045, 0.019516168), (0.030215707, -0.008177692, 0.022745041), (0.029808084, -0.0031770798, 0.025043081), (0.025514454, -0.0058399094, 0.023048155), (0.034184076, -0.0059888363, 0.023068834), (0.037441943, -0.006148169, 0.018768357), (0.037466202, -0.0023686353, 0.022367353), (0.040130295, -0.0021818806, 0.018302832), (0.042546622, 0.0018736398, 0.017344892), (0.0422736, -0.0017798687, 0.01445267), (0.044968966, 0.0008687364, 0.014087731), (0.046989575, -0.00030924095, 0.011903178), (0.04808817, 0.0032094242, 0.013307783), (0.050169215, 0.0022570495, 0.011131202), (0.04413863, -0.0022512088, 0.011889048), (0.048214383, -0.0009096506, 0.010601874), (0.051385712, 0.0017870406, 0.009788247), (0.040041395, -0.004878557, 0.014488414), (0.01609262, -0.0030413603, 0.023474667), (0.020556899, -0.0033300954, 0.02383697), (0.01588362, -0.00005933161, 0.02458935), (0.02012216, 0.0005881626, 0.026517553), (0.025154795, -0.000977795, 0.025159026), (0.0042797048, -0.000095469244, 0.014668921), (0.0056649237, 0.00017965175, 0.016344573), (0.0026548475, -0.0005322004, 0.00972741), (0.0036245673, -0.000058835703, 0.012388098), (0.0051915124, 0.0009558043, 0.014488061), (0.0035613792, 0.0006431184, 0.009538681), (0.0034630122, 0.0012311643, 0.012695676), (0.0043789432, 0.0015080441, 0.015121122), (0.0023652674, 0.001226057, 0.009996504), (0.0008244012, 0.0014280921, 0.003748194), (0.0019078092, 0.0010784622, 0.006833862), (0.0017933614, 0.001286641, -0.0003207916), (0.0023241611, 0.0006443054, 0.0034047742), (0.0015039034, -0.0005824966, -0.00022840434), (0.0014923296, -0.0006938253, 0.0038589977), (0.002347736, -0.00041850875, 0.0066945693), (0.012716994, -0.00082241005, 0.022895034), (0.012519336, 0.0010234247, 0.023882912), (0.0057959296, 0.0015674222, 0.016812565), (0.015252724, 0.00236791, 0.027147666), (0.034044206, -0.0002694315, 0.025086122), (0.040054303, 0.0027086826, 0.0212895), (0.044958, 0.0065019866, 0.030016812), (0.04548975, 0.004710506, 0.016258031), (0.04739153, 0.009398187, 0.022176309), (0.050434053, 0.009086273, 0.015624412), (0.0040306654, 0.0009957572, 0.012404313), (0.0026763675, 0.0007724813, 0.006617791), (0.0009371843, 0.001742077, -0.0004020026), (0.006201759, 0.0012147012, 0.016440246), (0.0016225331, 0.0011052425, 0.0035019524), (0.0030069945, 0.0009876916, 0.00976483), (0.0048259967, 0.0012797095, 0.014801686), (0.0061969645, 0.0007067153, 0.01624514), (0.004141792, 0.00052500935, 0.012272031), (0.002075666, 0.00048999256, -0.00031631722), (0.0028817342, 0.0002307414, 0.0065480024), (0.002100096, -0.000080010046, 0.0035042928), (0.0032860746, 0.00001788361, 0.009579036), (0.0048870044, 0.0003901096, 0.014504549), (0.0069807153, 0.0014335172, 0.01826405), (0.006867466, 0.0001735735, 0.0178711), (0.050881896, 0.0041298396, 0.011207029), (0.051326953, 0.00665855, 0.012195058), (0.0508048, 0.008098498, 0.01428886), (0.04681123, 0.008103216, 0.020441808), (0.046003487, 0.0056470516, 0.017835455), (0.043754183, 0.005437688, 0.027845431), (0.041279413, 0.0036021618, 0.023631323), (0.03778871, 0.0042949044, 0.03182868), (0.03530873, 0.0012257935, 0.027366778), (0.025296468, 0.0011194538, 0.027393471), (0.025750715, 0.0045389337, 0.032297473), (0.014975803, 0.0034370301, 0.028563213), (0.009760394, 0.002018503, 0.02261184), (0.0068135727, 0.0017224372, 0.018452752), (0.010159773, 0.00085454155, 0.021839825), (0.0101534715, -0.00038076265, 0.02136701), (0.009709836, -0.0015862471, 0.021368748), (0.01612628, -0.0044038254, 0.022912096), (0.025666628, -0.0076997755, 0.022012077), (0.034253348, -0.007795549, 0.021505386), (0.034056332, -0.0033590014, 0.024217265), (0.025330868, -0.0035577836, 0.024086462), (0.040080328, -0.0036806324, 0.016411247), (0.040101748, -0.000043327596, 0.019887272), (0.045249123, 0.0027045, 0.015212063), (0.044576008, -0.00077825953, 0.012943137), (0.04927205, 0.00049465836, 0.010882524), (0.016006386, -0.0015672841, 0.024024213), (0.015566181, 0.0011904053, 0.02582613), (0.0051127966, 0.0006840138, 0.014459223), (0.0035151097, 0.00034555377, 0.009528911), (0.0045950995, 0.0013965223, 0.014968151), (0.0026752804, 0.0011094303, 0.009887522), (0.0012020668, 0.0012801042, 0.0035742675), (0.0023130057, 0.00029604862, 0.0034297272), (0.0020498123, 0.0009048806, 0.0034407263), (0.003351394, 0.000847966, 0.009632596), (0.005062215, 0.0011459352, 0.014622408), (0.0018059894, -0.00040922494, 0.0036279713), (0.0029846416, -0.00027126662, 0.009649984), (0.0045975395, 0.00013389577, 0.014581212), (0.007183146, 0.00048426236, 0.01788556), (0.0066074096, -0.00006494039, 0.017936718), (0.007229028, 0.0011370911, 0.01810198), (-0.010786804, 0.036686886, 0.0023590762), (-0.009438163, 0.036665644, 0.0038153569), (-0.009535141, 0.03457181, 0.0058562676), (-0.011331037, 0.03590965, 0.0032641187), (-0.011906846, 0.034856904, 0.0045037135), (-0.010798481, 0.034040913, 0.0061638686), (-0.012028388, 0.033275615, 0.0062410994), (-0.009965013, 0.031544488, 0.008964765), (-0.012033695, 0.030563649, 0.008500335), (-0.0075737997, 0.0320996, 0.008629778), (-0.010072378, 0.026960682, 0.010855731), (-0.012653469, 0.026016213, 0.010384397), (-0.0067880414, 0.028002009, 0.011001132), (-0.009208233, 0.022321219, 0.013400056), (-0.006662094, 0.017770138, 0.015658218), (-0.004630936, 0.023246707, 0.0133444825), (-0.012355296, 0.021540344, 0.01292583), (-0.00975797, 0.017709306, 0.01598683), (-0.006863948, 0.013390409, 0.015396185), (-0.0055517973, 0.013372386, 0.015178249), (-0.00569309, 0.009547619, 0.013986967), (-0.004478972, 0.0070142066, 0.011957207), (-0.004915023, 0.00966301, 0.013822712), (-0.0036668913, 0.007512063, 0.011472282), (-0.004151798, 0.01008793, 0.013681937), (-0.0042639556, 0.0134500805, 0.014978068), (-0.0035455844, 0.009498625, 0.0139318565), (-0.0033669723, 0.013269274, 0.015468322), (-0.0031654746, 0.009225496, 0.014260899), (-0.0029149572, 0.0067282203, 0.011982722), (-0.0024593803, 0.013150091, 0.015981553), (0.0006609038, 0.019163119, 0.017588487), (-0.001310633, 0.018688565, 0.016582478), (0.00104544, 0.02699901, 0.016601639), (-0.0020926576, 0.033146724, 0.013280911), (-0.0015709077, 0.025392655, 0.015304701), (-0.004535898, 0.030929975, 0.012932008), (-0.005987012, 0.03361845, 0.009750871), (-0.003949519, 0.034855846, 0.010332861), (-0.008117173, 0.035268765, 0.0070334366), (-0.006132323, 0.035682507, 0.007710251), (-0.007976483, 0.036299825, 0.0055869645), (-0.0035011894, 0.018092742, 0.015589348), (-0.0017311526, 0.0047260853, 0.008997742), (0.00013862773, 0.0028643962, 0.0050594583), (-0.002541338, 0.005443778, 0.008446605), (-0.00075793447, 0.0035953235, 0.0043985336), (-0.0031667573, 0.004697205, 0.008876212), (-0.0014677902, 0.0025123004, 0.0047412002), (-0.0008740013, 0.00008512692, -0.000031133943), (0.00022390937, 0.0017445622, -0.00030620035), (0.0017171106, 0.00061468536, 0.0001479358), (-0.0028927783, 0.0051014978, 0.008644071), (-0.0011508407, 0.0031082598, 0.0045373226), (-0.0003570898, 0.001090571, -0.000356361), (-0.004094076, 0.0072709634, 0.011688885), (-0.0032090277, 0.007187922, 0.01164769), (-0.0020806147, 0.005208925, 0.008665385), (0.0011256763, 0.0015179851, -0.00029347502), (-0.000253619, 0.003384481, 0.0046617724), (-0.010114607, 0.03669441, 0.0030502526), (-0.010134847, 0.035520773, 0.0038963945), (-0.01104401, 0.036315434, 0.002783921), (-0.01164975, 0.035434432, 0.0038415825), (-0.011067637, 0.03493547, 0.004567465), (-0.011409277, 0.03367335, 0.00620402), (-0.010175284, 0.034338202, 0.0060493667), (-0.010321248, 0.03304368, 0.0077344333), (-0.011035441, 0.031100882, 0.008817619), (-0.008815622, 0.031865872, 0.008888609), (-0.009933359, 0.029451443, 0.009901429), (-0.011486624, 0.026492897, 0.010722831), (-0.008506636, 0.02746307, 0.010932235), (-0.010016542, 0.024569282, 0.01210551), (-0.007692218, 0.019995729, 0.014444908), (-0.0070022084, 0.022737244, 0.013321364), (-0.010985098, 0.021951444, 0.013349834), (-0.012705569, 0.023639692, 0.011414771), (-0.011232613, 0.01959956, 0.014465138), (-0.008078349, 0.015644044, 0.016314043), (-0.008306942, 0.017700756, 0.015811631), (-0.0062048594, 0.013373989, 0.015280214), (-0.0062366445, 0.011316399, 0.014753697), (-0.0050841444, 0.008194774, 0.013006144), (-0.005304486, 0.009573336, 0.013902168), (-0.0052560098, 0.011367519, 0.014601187), (-0.004529858, 0.009850711, 0.013751779), (-0.0039649033, 0.008780905, 0.01260322), (-0.0042703366, 0.011626484, 0.01441922), (-0.0038307048, 0.009767765, 0.013801016), (-0.003540984, 0.011239728, 0.014808855), (-0.0033323194, 0.009330117, 0.0140884165), (-0.0031658367, 0.007849008, 0.01312287), (-0.0029270258, 0.01106033, 0.015209303), (-0.0010044748, 0.015905235, 0.017084377), (-0.0029145977, 0.013202594, 0.015724089), (-0.0002730492, 0.01895808, 0.017090496), (0.0017372739, 0.02292799, 0.01736364), (-0.00060944515, 0.030738464, 0.015028737), (-0.00018210018, 0.026268281, 0.016042165), (-0.0030472549, 0.024366433, 0.014362381), (-0.00074906246, 0.02190199, 0.016045904), (-0.0032005212, 0.028598808, 0.014317962), (-0.0032889026, 0.032132763, 0.013244973), (-0.005692079, 0.029544821, 0.01215864), (-0.005259751, 0.0325143, 0.011344928), (-0.006844388, 0.032898862, 0.009284054), (-0.004993779, 0.034256708, 0.010058004), (-0.007047467, 0.03449196, 0.008360033), (-0.0071641495, 0.035480276, 0.0073641427), (-0.008904612, 0.034965687, 0.0065450543), (-0.008881734, 0.035928324, 0.005411686), (-0.0050164866, 0.035279553, 0.0089278035), (-0.007124875, 0.036032904, 0.006625526), (-0.008747316, 0.036507197, 0.0046531176), (-0.0030389454, 0.034286138, 0.01178215), (-0.0023497904, 0.015850661, 0.016394902), (-0.002390714, 0.018390378, 0.016076889), (-0.0037629374, 0.015734494, 0.01573546), (-0.005033435, 0.017906358, 0.015570735), (-0.0035771136, 0.020641359, 0.014489162), (-0.002441965, 0.005670275, 0.010672951), (-0.0030452132, 0.0069604632, 0.011808951), (-0.00080472714, 0.003867774, 0.0070520015), (-0.0018925156, 0.004977576, 0.008831688), (-0.0032039369, 0.006395478, 0.010130178), (-0.0016640759, 0.0046015806, 0.0064550447), (-0.0030328184, 0.0048918556, 0.008764837), (-0.0038614331, 0.0057990057, 0.010627204), (-0.0023209394, 0.003687423, 0.006833264), (-0.00093402097, 0.001387916, 0.0025316884), (-0.0013130923, 0.0028024476, 0.0046475353), (-0.000094008625, 0.0014880622, -0.0003262339), (-0.00008400304, 0.0025813638, 0.00217675), (0.0015105184, 0.001274613, -0.00013603656), (0.0009153008, 0.001953245, 0.0029199142), (-0.000041615633, 0.003131612, 0.004866978), (-0.0038142216, 0.0133551415, 0.0152180735), (-0.0049028355, 0.0134011, 0.015081459), (-0.004289023, 0.0071330573, 0.011825589), (-0.005865023, 0.01562754, 0.01595275), (-0.00598676, 0.025731558, 0.012267289), (-0.0070414683, 0.030199708, 0.009714497), (-0.012324026, 0.028456949, 0.009438335), (-0.008551302, 0.033551134, 0.0074829753), (-0.0119630555, 0.03216607, 0.0074197394), (-0.012014803, 0.03414329, 0.005261049), (-0.0027347198, 0.005318306, 0.008511957), (-0.0009712895, 0.0034088686, 0.0044356617), (-0.0005937853, 0.0007436779, -0.0002908122), (-0.0038887875, 0.007426439, 0.011552733), (-0.0005626912, 0.0020123674, 0.0022901583), (-0.0020313603, 0.004177936, 0.0066235457), (-0.003567543, 0.006130356, 0.010358588), (-0.0034273947, 0.007395125, 0.011520845), (-0.002309789, 0.0053888075, 0.008515394), (0.00064883573, 0.0017291482, -0.00031658157), (-0.0005050031, 0.0035672016, 0.0044877273), (0.0005138614, 0.0024067243, 0.0024199325), (-0.0011771754, 0.0043666037, 0.00670501), (-0.0027621414, 0.0061490713, 0.010329483), (-0.0045231436, 0.008380752, 0.012789899), (-0.0034493688, 0.008230693, 0.012804679), (-0.009558921, 0.035760887, 0.00469349), (-0.010601388, 0.0352446, 0.0042302236), (-0.011543246, 0.03456515, 0.0049130577), (-0.011146688, 0.032633655, 0.007609157), (-0.009459406, 0.03334768, 0.0076940935), (-0.011207339, 0.028995087, 0.009781466), (-0.008545628, 0.029833293, 0.009848411), (-0.011500303, 0.024113249, 0.011888476), (-0.008180524, 0.025098199, 0.012187582), (-0.0055775717, 0.020289466, 0.014401653), (-0.00967978, 0.01977288, 0.014534909), (-0.00698358, 0.015616677, 0.016115373), (-0.0057456573, 0.011320851, 0.01467707), (-0.0048034773, 0.008264777, 0.01289497), (-0.0047614463, 0.011479041, 0.014513933), (-0.0038968183, 0.011415194, 0.014612287), (-0.0032226976, 0.011129377, 0.015007187), (-0.0016550699, 0.01589097, 0.016740019), (0.00055670884, 0.02245033, 0.016739868), (-0.0018624073, 0.029768685, 0.014842495), (-0.0045618084, 0.027240835, 0.013414109), (-0.002133244, 0.021273576, 0.0152658895), (-0.0041335966, 0.033471063, 0.011646287), (-0.006228522, 0.031415183, 0.010689777), (-0.007872268, 0.03405598, 0.008007107), (-0.0060733138, 0.034879364, 0.0086241085), (-0.008052901, 0.036002226, 0.0060308347), (-0.0030540326, 0.015794775, 0.016055636), (-0.004781766, 0.015671652, 0.015824746), (-0.002979016, 0.0063291504, 0.01018551), (-0.0014203031, 0.004555575, 0.006538685), (-0.0037185396, 0.005959226, 0.0104990285), (-0.002179956, 0.0039234054, 0.006736485), (-0.0007600034, 0.0016740828, 0.0023814123), (0.00021345228, 0.0025746603, 0.0022619262), (-0.00033950637, 0.002358807, 0.0022040124), (-0.0018668147, 0.004445402, 0.00650093), (-0.0033998583, 0.0063041793, 0.010211168), (0.0007544652, 0.0021794203, 0.0026238717), (-0.000976961, 0.0041266945, 0.006879961), (-0.00258843, 0.005919821, 0.010498795), (-0.0036880258, 0.008496734, 0.012692496), (-0.0032850031, 0.008021828, 0.012953892), (-0.00424336, 0.008567517, 0.012693775)]
            float[] primvars:Group = [0.11552349, 0.11552349, 0.4765343, 0.11552349, 0, 0, 0, 0, 0, 0, 0, 0, 0, 0, 0, 0, 0, 0, 0, 0.11552349, 0.4765343, 0.4765343, 1, 1, 1, 1, 1, 1, 1, 1, 1, 1, 1, 1, 1, 1, 1, 1, 1, 1, 1, 1, 1, 1, 1, 1, 1, 1, 1, 1, 1, 1, 1, 1, 1, 1, 0.4765343, 1, 0.4765343, 0.11552349, 0, 0, 0, 0, 0, 0, 0, 0, 0, 0, 0.2960289, 0.057761744, 0, 0, 0, 0, 0, 0, 0, 0, 0, 0, 0, 0, 0, 0, 0, 0, 0, 0, 0, 0, 0, 0, 0.057761744, 0.057761744, 0.11552349, 0.2960289, 0.4765343, 0.4765343, 0.7382672, 1, 1, 1, 1, 1, 1, 1, 1, 1, 1, 1, 1, 1, 1, 1, 1, 1, 1, 1, 1, 1, 1, 1, 1, 1, 1, 1, 1, 1, 1, 1, 1, 1, 1, 1, 1, 1, 1, 1, 1, 1, 1, 1, 0.7382672, 1, 1, 0.7382672, 1, 0.2960289, 0.4765343, 0.4765343, 0.2960289, 0.11552349, 1, 1, 1, 1, 1, 1, 1, 1, 1, 1, 1, 1, 0.7382672, 0.7382672, 0.2960289, 0, 0, 0, 0, 0, 0, 0, 0, 0, 0.057761744, 0, 0, 0, 0, 0, 0, 0, 0, 0, 0.11552349, 0.11552349, 0.057761744, 0.057761744, 0.2960289, 0.29602888, 0.03850783, 0, 0, 0, 0, 0, 0, 0, 0, 0.29602888, 0.7382672, 0.7382672, 1, 1, 1, 1, 1, 1, 1, 1, 1, 1, 1, 1, 1, 1, 1, 1, 1, 1, 1, 1, 1, 1, 1, 0.7382672, 1, 0.7382672, 0.2960289, 0, 0, 0, 0, 0.03850783, 0, 0, 0, 0, 0.057761744, 0.23465705, 0.45848376, 0.63176894, 0.23465705, 0.45848376, 0.63176894, 0.45848376, 0.45848376, 0.45848376, 0.45848376, 0.45848376, 0.45848376, 0.45848376, 0.45848376, 0.45848376, 0.45848376, 0.23465705, 0.63176894, 0.45848376, 0.45848376, 0.45848376, 0.45848376, 0.45848376, 0.45848376, 0.23465705, 0.63176894, 0.45848376, 0.45848376, 0.45848376, 0.45848376, 0.45848376, 0.45848376, 0.45848376, 0.45848376, 0.45848376, 0.63176894, 0.45848376, 0.45848376, 0.45848376, 0.23465705, 0, 0, 0, 0, 0, 0, 0, 0, 0, 0, 0, 0, 0, 0, 0, 0, 0, 0, 0, 0, 0, 0, 0, 0, 0, 0, 0, 0, 0, 0, 0, 0, 0, 0, 0, 0.433213, 0.45848376, 0.5451263, 0.23465705, 0.433213, 0.5451263, 0.45848376, 0.63176894, 0.45848376, 0.45848376, 0.45848376, 0.45848376, 0.45848376, 0.45848376, 0.45848376, 0.45848376, 0.45848376, 0.45848376, 0.45848376, 0.45848376, 0.45848376, 0.45848376, 0.433213, 0.5451263, 0.45848376, 0.45848376, 0.45848376, 0.45848376, 0.45848376, 0.45848376, 0.45848376, 0.45848376, 0.63176894, 0.45848376, 0.45848376, 0.45848376, 0.63176894, 0.45848376, 0.45848376, 0.45848376, 0.45848376, 0.45848376, 0.45848376, 0.45848376, 0.45848376, 0.45848376, 0.45848376, 0.45848376, 0.5451263, 0.433213, 0.45848376, 0.45848376, 0.45848376, 0.63176894, 0.45848376, 0.45848376, 0.45848376, 0.23465705, 0.45848376, 0.433213, 0.45848376, 0.45848376, 0.45848376, 0.5451263, 0.45848376, 0, 0, 0.117328525, 0.117328525, 0.117328525, 0, 0, 0, 0, 0, 0, 0, 0, 0, 0, 0, 0, 0, 0, 0, 0, 0, 0, 0, 0, 0, 0, 0, 0, 0, 0, 0, 0, 0, 0, 0, 0, 0, 0, 0, 0, 0, 0, 0, 0, 0, 0, 0, 0, 0, 0, 0, 0.117328525, 0, 0, 0, 0, 0, 0, 0, 0, 0, 0, 0, 0, 0, 0, 0.23465705, 0.23465705, 0.117328525, 0.433213, 0.5451263, 0.45848376, 0.45848376, 0.45848376, 0.45848376, 0.45848376, 0.45848376, 0.5451263, 0.45848376, 0.45848376, 0.45848376, 0.433213, 0.45848376, 0.45848376, 0.45848376, 0.45848376, 0.45848376, 0.45848376, 0.5451263, 0.433213, 0.45848376, 0.433213, 0.45848376, 0.45848376, 0.45848376, 0.5451263, 0.45848376, 0.07821902, 0.117328525, 0, 0, 0, 0, 0, 0, 0, 0, 0, 0, 0, 0, 0, 0, 0, 0, 0, 0, 0, 0, 0, 0.117328525, 0, 0, 0, 0, 0, 0, 0, 0.07821902, 1, 1, 1, 1, 1, 1, 1, 1, 1, 1, 1, 1, 1, 1, 1, 1, 1, 1, 0.45848376, 0.45848376, 0, 0, 0, 0, 0, 0.45848376, 0, 0.45848376, 0, 0, 0.45848376, 1, 1, 1, 1, 1, 1, 1, 1, 1, 1, 1, 1, 0, 0, 0, 0, 0, 0, 0, 0, 0, 0, 0, 0, 0, 0, 0, 0, 0, 1, 1, 1, 1, 1, 1, 1, 1, 1, 1, 1, 1, 1, 1, 1, 1, 1, 1, 1, 0.72924185, 1, 0.45848376, 0.22924188, 0, 0, 0.22924188, 0, 0, 0.22924188, 0, 0.22924188, 0, 0, 0.22924188, 0.72924185, 0.45848376, 1, 1, 1, 1, 1, 1, 1, 1, 1, 1, 1, 1, 1, 1, 1, 1, 1, 1, 1, 1, 0.72924185, 1, 0.72924185, 1, 1, 0, 0, 0, 0, 0, 0, 0, 0, 0, 0, 0, 0, 0, 0, 0, 0, 0.45848376, 0.45848376, 0, 0.72924185, 1, 1, 1, 1, 1, 1, 0, 0, 0, 0, 0, 0, 0, 0, 0, 0, 0, 0, 0, 0, 0, 0, 1, 1, 1, 1, 1, 1, 1, 1, 1, 1, 1, 0.72924185, 0.22924188, 0, 0.22924188, 0.22924188, 0.22924188, 0.72924185, 1, 1, 1, 1, 1, 1, 1, 1, 1, 0.72924185, 0.72924185, 0, 0, 0, 0, 0, 0, 0, 0, 0, 0, 0, 0, 0, 0, 0, 1, 1, 1, 1, 1, 1, 1, 1, 1, 1, 1, 1, 1, 1, 1, 1, 1, 1, 0.45848376, 0.45848376, 0, 0, 0, 0, 0, 0.45848376, 0, 0.45848376, 0, 0, 0.45848376, 1, 1, 1, 1, 1, 1, 1, 1, 1, 1, 1, 1, 0, 0, 0, 0, 0, 0, 0, 0, 0, 0, 0, 0, 0, 0, 0, 0, 0, 1, 1, 1, 1, 1, 1, 1, 1, 1, 1, 1, 1, 1, 1, 1, 1, 1, 1, 1, 0.72924185, 1, 0.45848376, 0.22924188, 0, 0, 0.22924188, 0, 0, 0.22924188, 0, 0.22924188, 0, 0, 0.22924188, 0.72924185, 0.45848376, 1, 1, 1, 1, 1, 1, 1, 1, 1, 1, 1, 1, 1, 1, 1, 1, 1, 1, 1, 1, 0.72924185, 1, 0.72924185, 1, 1, 0, 0, 0, 0, 0, 0, 0, 0, 0, 0, 0, 0, 0, 0, 0, 0, 0.45848376, 0.45848376, 0, 0.72924185, 1, 1, 1, 1, 1, 1, 0, 0, 0, 0, 0, 0, 0, 0, 0, 0, 0, 0, 0, 0, 0, 0, 1, 1, 1, 1, 1, 1, 1, 1, 1, 1, 1, 0.72924185, 0.22924188, 0, 0.22924188, 0.22924188, 0.22924188, 0.72924185, 1, 1, 1, 1, 1, 1, 1, 1, 1, 0.72924185, 0.72924185, 0, 0, 0, 0, 0, 0, 0, 0, 0, 0, 0, 0, 0, 0, 0, 1, 1, 1, 1, 1, 1, 1, 1, 1, 1, 1, 1, 1, 1, 1, 1, 1, 1, 0.45848376, 0.45848376, 0, 0, 0, 0, 0, 0.45848376, 0, 0.45848376, 0, 0, 0.45848376, 1, 1, 1, 1, 1, 1, 1, 1, 1, 1, 1, 1, 0, 0, 0, 0, 0, 0, 0, 0, 0, 0, 0, 0, 0, 0, 0, 0, 0, 1, 1, 1, 1, 1, 1, 1, 1, 1, 1, 1, 1, 1, 1, 1, 1, 1, 1, 1, 0.72924185, 1, 0.45848376, 0.22924188, 0, 0, 0.22924188, 0, 0, 0.22924188, 0, 0.22924188, 0, 0, 0.22924188, 0.72924185, 0.45848376, 1, 1, 1, 1, 1, 1, 1, 1, 1, 1, 1, 1, 1, 1, 1, 1, 1, 1, 1, 1, 0.72924185, 1, 0.72924185, 1, 1, 0, 0, 0, 0, 0, 0, 0, 0, 0, 0, 0, 0, 0, 0, 0, 0, 0.45848376, 0.45848376, 0, 0.72924185, 1, 1, 1, 1, 1, 1, 0, 0, 0, 0, 0, 0, 0, 0, 0, 0, 0, 0, 0, 0, 0, 0, 1, 1, 1, 1, 1, 1, 1, 1, 1, 1, 1, 0.72924185, 0.22924188, 0, 0.22924188, 0.22924188, 0.22924188, 0.72924185, 1, 1, 1, 1, 1, 1, 1, 1, 1, 0.72924185, 0.72924185, 0, 0, 0, 0, 0, 0, 0, 0, 0, 0, 0, 0, 0, 0, 0] (
                interpolation = "vertex"
            )
            texCoord2f[] primvars:UVMap = [(0.65687513, 0.86083126), (0.6696547, 0.86115706), (0.67036283, 0.8632613), (0.6612949, 0.86672837), (0.6696547, 0.86115706), (0.680539, 0.86002225), (0.6804553, 0.86139953), (0.67036283, 0.8632613), (0.67036283, 0.8632613), (0.6804553, 0.86139953), (0.6773139, 0.8624141), (0.6722613, 0.86516386), (0.6612949, 0.86672837), (0.67036283, 0.8632613), (0.6722613, 0.86516386), (0.66720843, 0.8679134), (0.65687513, 0.86083126), (0.6612949, 0.86672837), (0.6502103, 0.87370014), (0.64443797, 0.8606119), (0.6612949, 0.86672837), (0.66720843, 0.8679134), (0.6562535, 0.8923667), (0.6502103, 0.87370014), (0.6502103, 0.87370014), (0.6562535, 0.8923667), (0.6421381, 0.90557134), (0.63685006, 0.88003594), (0.64443797, 0.8606119), (0.6502103, 0.87370014), (0.63685006, 0.88003594), (0.63102305, 0.859524), (0.63102305, 0.859524), (0.6380499, 0.83541924), (0.65179473, 0.84440774), (0.64443797, 0.8606119), (0.6380499, 0.83541924), (0.64637876, 0.81030405), (0.6604534, 0.82591903), (0.65179473, 0.84440774), (0.65179473, 0.84440774), (0.6604534, 0.82591903), (0.6723775, 0.8509013), (0.66352737, 0.8526203), (0.64443797, 0.8606119), (0.65179473, 0.84440774), (0.66352737, 0.8526203), (0.65687513, 0.86083126), (0.65687513, 0.86083126), (0.6707095, 0.8572339), (0.67234606, 0.85797757), (0.6680635, 0.8596295), (0.6814731, 0.85516196), (0.6811732, 0.8564463), (0.67234606, 0.85797757), (0.67070943, 0.8572338), (0.6804626, 0.8577277), (0.6680635, 0.8596295), (0.67234606, 0.85797757), (0.68117315, 0.85644627), (0.680539, 0.86002225), (0.6949587, 0.8587563), (0.69511926, 0.8600001), (0.6804553, 0.86139953), (0.6949587, 0.8587563), (0.71162945, 0.8571241), (0.71202147, 0.85839534), (0.69511926, 0.8600001), (0.69511926, 0.8600001), (0.71202147, 0.85839534), (0.7127178, 0.8600894), (0.69501597, 0.8612519), (0.6804553, 0.86139953), (0.69511926, 0.8600001), (0.69501597, 0.8612519), (0.6773139, 0.8624141), (0.681473, 0.855162), (0.69504195, 0.85340726), (0.6948365, 0.8548609), (0.6811732, 0.8564463), (0.69504195, 0.85340726), (0.71084875, 0.85154593), (0.7108913, 0.8530923), (0.6948365, 0.8548609), (0.6948365, 0.8548609), (0.7108913, 0.8530923), (0.71101725, 0.85455596), (0.69469994, 0.8562498), (0.6811732, 0.8564463), (0.6948365, 0.8548609), (0.69469994, 0.8562498), (0.6804626, 0.8577277), (0.71162945, 0.8571241), (0.728484, 0.8547667), (0.72887254, 0.85604674), (0.71202147, 0.85839534), (0.728484, 0.8547667), (0.74493486, 0.8517199), (0.7452704, 0.85304284), (0.72887254, 0.85604674), (0.72887254, 0.85604674), (0.7452704, 0.85304284), (0.74592984, 0.85471904), (0.72932386, 0.85740435), (0.71202147, 0.85839534), (0.72887254, 0.85604674), (0.72932386, 0.85740435), (0.7127178, 0.8600894), (0.71084875, 0.8515459), (0.72744447, 0.84911984), (0.7276008, 0.8506701), (0.7108914, 0.8530923), (0.72744447, 0.84911984), (0.7440128, 0.8459877), (0.7441766, 0.847554), (0.7276008, 0.8506701), (0.7276008, 0.8506701), (0.7441766, 0.847554), (0.7443768, 0.8490477), (0.72781366, 0.8521448), (0.7108914, 0.8530923), (0.7276008, 0.8506701), (0.72781366, 0.8521448), (0.7110173, 0.8545559), (0.7440128, 0.8459877), (0.7599991, 0.8421176), (0.76015323, 0.8438021), (0.7441766, 0.847554), (0.7599991, 0.8421176), (0.77526206, 0.8375977), (0.7753569, 0.839444), (0.76015323, 0.8438021), (0.76015323, 0.8438021), (0.7753569, 0.839444), (0.7754911, 0.8411371), (0.7603306, 0.845382), (0.7441766, 0.847554), (0.76015323, 0.8438021), (0.7603306, 0.845382), (0.7443768, 0.8490477), (0.74493486, 0.8517199), (0.7607862, 0.8480887), (0.7610457, 0.84939003), (0.7452704, 0.85304284), (0.7607862, 0.8480887), (0.7759299, 0.84386086), (0.776208, 0.8451562), (0.7610457, 0.84939003), (0.7610457, 0.84939003), (0.776208, 0.8451562), (0.77681, 0.8468047), (0.76137006, 0.85076195), (0.7452704, 0.85304284), (0.7610457, 0.84939003), (0.76137006, 0.85076195), (0.74592984, 0.85471904), (0.77526206, 0.83759767), (0.78983283, 0.8325708), (0.7897709, 0.83455324), (0.7753569, 0.8394439), (0.78983283, 0.8325708), (0.8040228, 0.8272781), (0.8037264, 0.82939607), (0.7897709, 0.83455324), (0.7897709, 0.83455324), (0.8037264, 0.82939607), (0.8034298, 0.83151394), (0.7898008, 0.8363547), (0.7753569, 0.8394439), (0.7897709, 0.83455324), (0.7898008, 0.8363547), (0.775491, 0.8411372), (0.7759299, 0.84386086), (0.79036045, 0.83905506), (0.7907062, 0.84029776), (0.776208, 0.8451562), (0.79036045, 0.83905506), (0.80439407, 0.8339302), (0.80487627, 0.83513844), (0.7907062, 0.84029776), (0.7907062, 0.84029776), (0.80487627, 0.83513844), (0.80535847, 0.83634657), (0.7910843, 0.8415756), (0.776208, 0.8451562), (0.7907062, 0.84029776), (0.7910843, 0.8415756), (0.77681, 0.8468047), (0.64637876, 0.81030405), (0.65744555, 0.7834093), (0.6711472, 0.8009279), (0.6604534, 0.82591903), (0.65744555, 0.7834093), (0.6754945, 0.75455153), (0.683475, 0.77292985), (0.6711472, 0.8009279), (0.6711472, 0.8009279), (0.683475, 0.77292985), (0.6914555, 0.7913081), (0.68191653, 0.82110476), (0.6604534, 0.82591903), (0.6711472, 0.8009279), (0.68191653, 0.82110476), (0.6723775, 0.8509013), (0.60745424, 0.7925936), (0.6123098, 0.76029646), (0.6373126, 0.76986474), (0.6291202, 0.7995719), (0.6123098, 0.76029646), (0.61863714, 0.7246525), (0.6470659, 0.7396021), (0.6373126, 0.76986474), (0.6373126, 0.76986474), (0.6470659, 0.7396021), (0.6754945, 0.75455153), (0.65744555, 0.7834093), (0.6291202, 0.7995719), (0.6373126, 0.76986474), (0.65744555, 0.7834093), (0.64637876, 0.81030405), (0.59934115, 0.85664463), (0.60324, 0.8246039), (0.62256104, 0.8289667), (0.61687934, 0.8582389), (0.60324, 0.8246039), (0.60745424, 0.79259366), (0.62912023, 0.7995719), (0.62256104, 0.8289667), (0.62256104, 0.8289667), (0.62912023, 0.7995719), (0.6463789, 0.81030405), (0.63804984, 0.8354193), (0.61687934, 0.8582389), (0.62256104, 0.8289667), (0.63804984, 0.8354193), (0.631023, 0.8595239), (0.5480994, 0.85243523), (0.5493759, 0.81885713), (0.57829756, 0.8213611), (0.5759635, 0.8545755), (0.5493759, 0.81885713), (0.55072874, 0.7853172), (0.5807148, 0.7882241), (0.57829756, 0.8213611), (0.57829756, 0.8213611), (0.5807148, 0.7882241), (0.60745424, 0.79259366), (0.60324, 0.8246039), (0.5759635, 0.8545755), (0.57829756, 0.8213611), (0.60324, 0.8246039), (0.59934115, 0.85664463), (0.55072874, 0.78531724), (0.55218273, 0.75189656), (0.5832935, 0.75514525), (0.5807148, 0.78822404), (0.55218273, 0.75189656), (0.5534528, 0.7190704), (0.586045, 0.72186154), (0.5832935, 0.75514525), (0.5832935, 0.75514525), (0.586045, 0.72186154), (0.61863714, 0.7246525), (0.6123098, 0.76029646), (0.5807148, 0.78822404), (0.5832935, 0.75514525), (0.6123098, 0.76029646), (0.60745424, 0.7925936), (0.48650798, 0.8490804), (0.4872524, 0.81514996), (0.5186825, 0.8168603), (0.5178496, 0.8506391), (0.4872524, 0.81514996), (0.4881113, 0.7809908), (0.5196078, 0.78293747), (0.5186825, 0.8168603), (0.5186825, 0.8168603), (0.5196078, 0.78293747), (0.55072874, 0.7853172), (0.5493759, 0.81885713), (0.5178496, 0.8506391), (0.5186825, 0.8168603), (0.5493759, 0.81885713), (0.5480994, 0.85243523), (0.48811126, 0.7809907), (0.48914573, 0.7462668), (0.520677, 0.74874264), (0.5196078, 0.7829375), (0.48914573, 0.7462668), (0.49014196, 0.7094822), (0.5217974, 0.7142764), (0.520677, 0.74874264), (0.520677, 0.74874264), (0.5217974, 0.7142764), (0.5534528, 0.7190704), (0.55218273, 0.75189656), (0.5196078, 0.7829375), (0.520677, 0.74874264), (0.55218273, 0.75189656), (0.55072874, 0.78531724), (0.42623192, 0.78055316), (0.42722383, 0.74815637), (0.4578356, 0.74578846), (0.45672995, 0.7798049), (0.42722383, 0.74815637), (0.42792985, 0.7130814), (0.45903596, 0.71128184), (0.4578356, 0.74578846), (0.4578356, 0.74578846), (0.45903596, 0.71128184), (0.49014196, 0.7094822), (0.48914573, 0.7462668), (0.45672995, 0.7798049), (0.4578356, 0.74578846), (0.48914573, 0.7462668), (0.48811126, 0.7809907), (0.42485335, 0.84591526), (0.42546248, 0.8131007), (0.4558669, 0.81368124), (0.45515838, 0.84754527), (0.42546248, 0.8131007), (0.4262319, 0.78055316), (0.45672995, 0.77980494), (0.4558669, 0.81368124), (0.4558669, 0.81368124), (0.45672995, 0.77980494), (0.4881113, 0.7809908), (0.4872524, 0.81514996), (0.45515838, 0.84754527), (0.4558669, 0.81368124), (0.4872524, 0.81514996), (0.48650798, 0.8490804), (0.36992222, 0.7894878), (0.3703331, 0.7636528), (0.3979288, 0.7547946), (0.39729044, 0.7841324), (0.3703331, 0.7636528), (0.36893028, 0.73788583), (0.39843008, 0.7254837), (0.3979288, 0.7547946), (0.3979288, 0.7547946), (0.39843008, 0.7254837), (0.42792985, 0.7130814), (0.42722383, 0.74815637), (0.39729044, 0.7841324), (0.3979288, 0.7547946), (0.42722383, 0.74815637), (0.42623192, 0.78055316), (0.36876917, 0.8422438), (0.36934188, 0.8157361), (0.39674485, 0.8139594), (0.39628902, 0.844127), (0.36934188, 0.8157361), (0.36992222, 0.7894878), (0.39729044, 0.7841324), (0.39674485, 0.8139594), (0.39674485, 0.8139594), (0.39729044, 0.7841324), (0.4262319, 0.78055316), (0.42546248, 0.8131007), (0.39628902, 0.844127), (0.39674485, 0.8139594), (0.42546248, 0.8131007), (0.42485335, 0.84591526), (0.31841218, 0.8004141), (0.32096055, 0.7822505), (0.34504965, 0.77303493), (0.34386668, 0.79520863), (0.32096055, 0.7822505), (0.32304507, 0.76406777), (0.34598774, 0.75097686), (0.34504965, 0.77303493), (0.34504965, 0.77303493), (0.34598774, 0.75097686), (0.36893028, 0.73788583), (0.3703331, 0.7636528), (0.34386668, 0.79520863), (0.34504965, 0.77303493), (0.3703331, 0.7636528), (0.36992222, 0.7894878), (0.31319135, 0.8369266), (0.31580558, 0.8186475), (0.3425982, 0.8176113), (0.3413126, 0.84015495), (0.31580558, 0.8186475), (0.31841218, 0.8004141), (0.34386668, 0.7952087), (0.3425982, 0.8176113), (0.3425982, 0.8176113), (0.34386668, 0.7952087), (0.36992222, 0.7894878), (0.36934188, 0.8157361), (0.3413126, 0.84015495), (0.3425982, 0.8176113), (0.36934188, 0.8157361), (0.36876917, 0.8422438), (0.2540687, 0.82553256), (0.26066253, 0.8168287), (0.28842673, 0.8181895), (0.28396237, 0.83179927), (0.26066253, 0.8168287), (0.2672563, 0.8081248), (0.29289016, 0.8045855), (0.28842673, 0.8181895), (0.28842673, 0.8181895), (0.29289016, 0.8045855), (0.31841218, 0.8004141), (0.31580558, 0.81864744), (0.28396237, 0.83179927), (0.28842673, 0.8181895), (0.31580558, 0.81864744), (0.31319135, 0.8369266), (0.2672563, 0.8081248), (0.27385008, 0.7994211), (0.2973406, 0.7909894), (0.29289016, 0.8045855), (0.27385008, 0.7994211), (0.28044385, 0.7907173), (0.3017445, 0.7773926), (0.2973406, 0.7909894), (0.2973406, 0.7909894), (0.3017445, 0.7773926), (0.32304507, 0.76406777), (0.32096055, 0.7822505), (0.29289016, 0.8045855), (0.2973406, 0.7909894), (0.32096055, 0.7822505), (0.31841218, 0.8004141), (0.31319135, 0.8369266), (0.3098442, 0.8621181), (0.28262568, 0.85364515), (0.28396237, 0.83179927), (0.3098442, 0.8621181), (0.30641183, 0.887513), (0.2797625, 0.87528723), (0.28262568, 0.85364515), (0.28262568, 0.85364515), (0.2797625, 0.87528723), (0.25701272, 0.86166763), (0.25554073, 0.8436001), (0.28396237, 0.83179927), (0.28262568, 0.85364515), (0.25554073, 0.8436001), (0.2540687, 0.82553256), (0.30641183, 0.887513), (0.30306637, 0.91358703), (0.27343115, 0.8965009), (0.2797625, 0.87528723), (0.30306637, 0.91358703), (0.3019238, 0.94327116), (0.26580215, 0.91785157), (0.27343115, 0.8965009), (0.27343115, 0.8965009), (0.26580215, 0.91785157), (0.22968045, 0.8924318), (0.2433466, 0.8770498), (0.2797625, 0.87528723), (0.27343115, 0.8965009), (0.2433466, 0.8770498), (0.25701272, 0.86166763), (0.3593162, 0.90242976), (0.35794038, 0.93455833), (0.33084622, 0.925722), (0.3329838, 0.89619523), (0.35794038, 0.93455833), (0.3576915, 0.96958315), (0.32980767, 0.9564273), (0.33084622, 0.925722), (0.33084622, 0.925722), (0.32980767, 0.9564273), (0.3019238, 0.94327116), (0.30306637, 0.91358703), (0.3329838, 0.89619523), (0.33084622, 0.925722), (0.30306637, 0.91358703), (0.30641183, 0.887513), (0.41452107, 0.91195965), (0.41450876, 0.9462584), (0.38553256, 0.94106), (0.38600215, 0.90768325), (0.41450876, 0.9462584), (0.41662428, 0.98112506), (0.38715792, 0.9753542), (0.38553256, 0.94106), (0.38553256, 0.94106), (0.38715792, 0.9753542), (0.3576915, 0.96958315), (0.35794038, 0.93455833), (0.38600215, 0.90768325), (0.38553256, 0.94106), (0.35794038, 0.93455833), (0.3593162, 0.90242976), (0.36876917, 0.8422438), (0.36325935, 0.8719144), (0.3366911, 0.86785877), (0.34131262, 0.84015495), (0.36325935, 0.8719144), (0.3593162, 0.9024296), (0.33298382, 0.8961952), (0.3366911, 0.86785877), (0.3366911, 0.86785877), (0.33298382, 0.8961952), (0.3064119, 0.8875129), (0.30984426, 0.8621181), (0.34131262, 0.84015495), (0.3366911, 0.86785877), (0.30984426, 0.8621181), (0.31319135, 0.8369266), (0.42485335, 0.8459153), (0.4184918, 0.87864244), (0.39006296, 0.8755478), (0.396289, 0.84412706), (0.4184918, 0.87864244), (0.4145211, 0.91195977), (0.3860022, 0.9076832), (0.39006296, 0.8755478), (0.39006296, 0.8755478), (0.3860022, 0.9076832), (0.3593162, 0.9024296), (0.36325935, 0.8719144), (0.396289, 0.84412706), (0.39006296, 0.8755478), (0.36325935, 0.8719144), (0.36876917, 0.8422438), (0.47923785, 0.9172612), (0.47782978, 0.95386934), (0.44556934, 0.9505468), (0.44599593, 0.91503847), (0.47782978, 0.95386934), (0.47744942, 0.9928275), (0.44703692, 0.9869764), (0.44556934, 0.9505468), (0.44556934, 0.9505468), (0.44703692, 0.9869764), (0.41662428, 0.98112506), (0.41450876, 0.9462584), (0.44599593, 0.91503847), (0.44556934, 0.9505468), (0.41450876, 0.9462584), (0.41452107, 0.91195965), (0.48650798, 0.8490803), (0.48235902, 0.88261855), (0.4496169, 0.8808924), (0.45515838, 0.84754527), (0.48235902, 0.88261855), (0.47923788, 0.9172612), (0.445996, 0.9150385), (0.4496169, 0.8808924), (0.4496169, 0.8808924), (0.445996, 0.9150385), (0.4145211, 0.91195977), (0.4184918, 0.87864244), (0.45515838, 0.84754527), (0.4496169, 0.8808924), (0.4184918, 0.87864244), (0.42485335, 0.8459153), (0.5480994, 0.8524353), (0.54687154, 0.8854957), (0.5151818, 0.88418376), (0.5178496, 0.8506391), (0.54687154, 0.8854957), (0.54535484, 0.9199485), (0.5126548, 0.9189703), (0.5151818, 0.88418376), (0.5151818, 0.88418376), (0.5126548, 0.9189703), (0.47923788, 0.9172612), (0.48235902, 0.88261855), (0.5178496, 0.8506391), (0.5151818, 0.88418376), (0.48235902, 0.88261855), (0.48650798, 0.8490803), (0.5453547, 0.9199486), (0.5431238, 0.95677805), (0.5103044, 0.95587134), (0.5126547, 0.9189703), (0.5431238, 0.95677805), (0.5382744, 0.9955624), (0.507862, 0.99419504), (0.5103044, 0.95587134), (0.5103044, 0.95587134), (0.507862, 0.99419504), (0.47744942, 0.9928275), (0.47782978, 0.95386934), (0.5126547, 0.9189703), (0.5103044, 0.95587134), (0.47782978, 0.95386934), (0.47923785, 0.9172612), (0.603472, 0.9179207), (0.60651135, 0.9542464), (0.5765343, 0.9563619), (0.576338, 0.9197933), (0.60651135, 0.9542464), (0.6158717, 0.99424756), (0.57707316, 0.99490505), (0.5765343, 0.9563619), (0.5765343, 0.9563619), (0.57707316, 0.99490505), (0.5382744, 0.9955624), (0.5431238, 0.95677805), (0.576338, 0.9197933), (0.5765343, 0.9563619), (0.5431238, 0.95677805), (0.5453547, 0.9199486), (0.6421381, 0.90557134), (0.64642566, 0.9400285), (0.62865704, 0.9494278), (0.6250422, 0.91358435), (0.64642566, 0.9400285), (0.6491485, 0.98500365), (0.6325102, 0.9896257), (0.62865704, 0.9494278), (0.62865704, 0.9494278), (0.6325102, 0.9896257), (0.6158717, 0.99424756), (0.60651135, 0.9542464), (0.6250422, 0.91358435), (0.62865704, 0.9494278), (0.60651135, 0.9542464), (0.603472, 0.9179207), (0.59934115, 0.8566447), (0.6013239, 0.8859956), (0.57617074, 0.8862803), (0.57596344, 0.8545755), (0.6013239, 0.8859956), (0.603472, 0.91792077), (0.576338, 0.9197934), (0.57617074, 0.8862803), (0.57617074, 0.8862803), (0.576338, 0.9197934), (0.54535484, 0.9199485), (0.54687154, 0.8854957), (0.57596344, 0.8545755), (0.57617074, 0.8862803), (0.54687154, 0.8854957), (0.5480994, 0.8524353), (0.63102305, 0.8595239), (0.63685, 0.88003594), (0.62109804, 0.8840641), (0.61687934, 0.8582389), (0.63685, 0.88003594), (0.6421381, 0.9055714), (0.62504226, 0.9135846), (0.62109804, 0.8840641), (0.62109804, 0.8840641), (0.62504226, 0.9135846), (0.603472, 0.91792077), (0.6013239, 0.8859956), (0.61687934, 0.8582389), (0.62109804, 0.8840641), (0.6013239, 0.8859956), (0.59934115, 0.8566447), (0.66720843, 0.8679134), (0.6785095, 0.90205514), (0.6628613, 0.92320246), (0.6562535, 0.8923667), (0.6785095, 0.90205514), (0.68981045, 0.9361968), (0.66947955, 0.96060026), (0.6628613, 0.92320246), (0.6628613, 0.92320246), (0.66947955, 0.96060026), (0.6491485, 0.98500365), (0.64642566, 0.9400285), (0.6562535, 0.8923667), (0.6628613, 0.92320246), (0.64642566, 0.9400285), (0.6421381, 0.90557134), (0.775491, 0.8411372), (0.7898008, 0.8363547), (0.7900347, 0.83779544), (0.7756908, 0.84257543), (0.7898008, 0.8363547), (0.8034298, 0.83151394), (0.80391204, 0.8327222), (0.7900347, 0.83779544), (0.7900347, 0.83779544), (0.80391204, 0.8327222), (0.80439407, 0.8339302), (0.79036045, 0.83905506), (0.7756908, 0.84257543), (0.7900347, 0.83779544), (0.79036045, 0.83905506), (0.7759299, 0.84386086), (0.7443768, 0.8490477), (0.7603306, 0.845382), (0.76054674, 0.84678763), (0.7446376, 0.8504201), (0.7603306, 0.845382), (0.7754911, 0.8411371), (0.77569085, 0.8425755), (0.76054674, 0.84678763), (0.76054674, 0.84678763), (0.77569085, 0.8425755), (0.77593, 0.84386086), (0.7607862, 0.8480887), (0.7446376, 0.8504201), (0.76054674, 0.84678763), (0.7607862, 0.8480887), (0.74493486, 0.8517199), (0.7110173, 0.8545559), (0.72781366, 0.8521448), (0.7281206, 0.8534936), (0.7112818, 0.8558814), (0.72781366, 0.8521448), (0.7443768, 0.8490477), (0.7446376, 0.8504201), (0.7281206, 0.8534936), (0.7281206, 0.8534936), (0.7446376, 0.8504201), (0.74493486, 0.8517199), (0.7284839, 0.8547668), (0.7112818, 0.8558814), (0.7281206, 0.8534936), (0.7284839, 0.8547668), (0.71162945, 0.8571241), (0.6804626, 0.8577277), (0.69469994, 0.8562498), (0.69479877, 0.8575227), (0.68073744, 0.85877585), (0.69469994, 0.8562498), (0.71101725, 0.85455596), (0.7112818, 0.8558814), (0.69479877, 0.8575227), (0.69479877, 0.8575227), (0.7112818, 0.8558814), (0.71162945, 0.8571241), (0.6949587, 0.8587563), (0.68073744, 0.85877585), (0.69479877, 0.8575227), (0.6949587, 0.8587563), (0.680539, 0.86002225), (0.65687513, 0.86083126), (0.6680635, 0.8596295), (0.6718469, 0.8598278), (0.66965467, 0.8611571), (0.6804626, 0.8577277), (0.68073744, 0.85877585), (0.6718469, 0.8598278), (0.6680635, 0.8596295), (0.68053895, 0.8600221), (0.6696548, 0.8611571), (0.6718469, 0.8598278), (0.68073744, 0.8587758), (0.7754316, 0.83413637), (0.79002374, 0.82858944), (0.7899139, 0.8305684), (0.77520263, 0.83574957), (0.79002374, 0.82858944), (0.8046159, 0.82304233), (0.8043194, 0.8251602), (0.7899139, 0.8305684), (0.7899139, 0.8305684), (0.8043194, 0.8251602), (0.8040228, 0.8272781), (0.78983283, 0.8325708), (0.77520263, 0.83574957), (0.7899139, 0.8305684), (0.78983283, 0.8325708), (0.77526206, 0.83759767), (0.74417096, 0.84353876), (0.7598013, 0.8388376), (0.75986606, 0.84043634), (0.74389446, 0.84446824), (0.7598013, 0.8388376), (0.7754316, 0.83413637), (0.77520263, 0.83574957), (0.75986606, 0.84043634), (0.75986606, 0.84043634), (0.77520263, 0.83574957), (0.77526206, 0.83759767), (0.7599993, 0.8421176), (0.74389446, 0.84446824), (0.75986606, 0.84043634), (0.7599993, 0.8421176), (0.74401283, 0.84598774), (0.71006733, 0.84869313), (0.72711927, 0.84611607), (0.72729224, 0.8475773), (0.7107597, 0.850008), (0.72711927, 0.84611607), (0.74417096, 0.84353876), (0.74389446, 0.84446824), (0.72729224, 0.8475773), (0.72729224, 0.8475773), (0.74389446, 0.84446824), (0.74401283, 0.84598774), (0.7274444, 0.8491199), (0.7107597, 0.850008), (0.72729224, 0.8475773), (0.7274444, 0.8491199), (0.71084875, 0.85154593), (0.68030643, 0.85224134), (0.695187, 0.8504673), (0.6952604, 0.8519116), (0.6821189, 0.853518), (0.695187, 0.8504673), (0.71006733, 0.84869313), (0.7107597, 0.850008), (0.6952604, 0.8519116), (0.6952604, 0.8519116), (0.7107597, 0.850008), (0.71084875, 0.85154593), (0.69504195, 0.85340726), (0.6821189, 0.853518), (0.6952604, 0.8519116), (0.69504195, 0.85340726), (0.681473, 0.855162), (0.6723775, 0.8509013), (0.67634207, 0.8515714), (0.67271096, 0.8545152), (0.6635275, 0.85262036), (0.67634207, 0.8515714), (0.68030643, 0.85224134), (0.6821189, 0.853518), (0.67271096, 0.8545152), (0.67271096, 0.8545152), (0.6821189, 0.853518), (0.681473, 0.855162), (0.67070955, 0.8572339), (0.6635275, 0.85262036), (0.67271096, 0.8545152), (0.67070955, 0.8572339), (0.65687513, 0.86083126), (0.63017696, 0.43399405), (0.6493463, 0.41733685), (0.6552654, 0.44359583), (0.6356185, 0.4638701), (0.6493463, 0.41733685), (0.66112906, 0.38982248), (0.66912085, 0.41833407), (0.6552654, 0.44359583), (0.6552654, 0.44359583), (0.66912085, 0.41833407), (0.6771126, 0.44684562), (0.6625008, 0.47295704), (0.6356185, 0.4638701), (0.6552654, 0.44359583), (0.6625008, 0.47295704), (0.6478889, 0.4990684), (0.56313, 0.44368032), (0.60072595, 0.44219753), (0.6047263, 0.47527313), (0.56587046, 0.4793359), (0.60072595, 0.44219753), (0.63017696, 0.43399405), (0.6356185, 0.4638701), (0.6047263, 0.47527313), (0.6047263, 0.47527313), (0.6356185, 0.4638701), (0.6478889, 0.4990684), (0.6102252, 0.5095131), (0.56587046, 0.4793359), (0.6047263, 0.47527313), (0.6102252, 0.5095131), (0.5725614, 0.51995766), (0.47436944, 0.43522513), (0.5204816, 0.44070962), (0.521443, 0.47662872), (0.47422373, 0.4705959), (0.5204816, 0.44070962), (0.56313, 0.44368032), (0.56587046, 0.4793359), (0.521443, 0.47662872), (0.521443, 0.47662872), (0.56587046, 0.4793359), (0.5725614, 0.51995766), (0.5231872, 0.5132057), (0.47422373, 0.4705959), (0.521443, 0.47662872), (0.5231872, 0.5132057), (0.4738129, 0.5064536), (0.37779847, 0.42058483), (0.37765488, 0.45410764), (0.32970607, 0.44163162), (0.331243, 0.4102007), (0.37765488, 0.45410764), (0.37822923, 0.48978445), (0.32785273, 0.4736956), (0.32970607, 0.44163162), (0.32970607, 0.44163162), (0.32785273, 0.4736956), (0.27747616, 0.45760664), (0.2845696, 0.42493227), (0.331243, 0.4102007), (0.32970607, 0.44163162), (0.2845696, 0.42493227), (0.28778005, 0.39643395), (0.28778005, 0.39643395), (0.2845696, 0.42493227), (0.24497667, 0.40211767), (0.24820337, 0.37840393), (0.2845696, 0.42493227), (0.27747616, 0.45760664), (0.2410785, 0.42648402), (0.24497667, 0.40211767), (0.24497667, 0.40211767), (0.2410785, 0.42648402), (0.20468077, 0.3953613), (0.20974278, 0.3745764), (0.24820337, 0.37840393), (0.24497667, 0.40211767), (0.20974278, 0.3745764), (0.21197176, 0.356112), (0.21197176, 0.356112), (0.20974278, 0.3745764), (0.1784584, 0.34288064), (0.17814735, 0.33000028), (0.20974278, 0.3745764), (0.20468077, 0.3953613), (0.17849803, 0.356314), (0.1784584, 0.34288064), (0.1784584, 0.34288064), (0.17849803, 0.356314), (0.15231527, 0.31726658), (0.1489219, 0.3091701), (0.17814735, 0.33000028), (0.1784584, 0.34288064), (0.1489219, 0.3091701), (0.14552853, 0.30107355), (0.37779847, 0.42058483), (0.42615548, 0.42863944), (0.42606348, 0.46324655), (0.37765485, 0.45410764), (0.42615548, 0.42863944), (0.47436944, 0.43522513), (0.47422373, 0.4705959), (0.42606348, 0.46324655), (0.42606348, 0.46324655), (0.47422373, 0.4705959), (0.4738129, 0.5064536), (0.4260211, 0.4981191), (0.37765485, 0.45410764), (0.42606348, 0.46324655), (0.4260211, 0.4981191), (0.37822923, 0.48978445), (0.21695396, 0.29081246), (0.18111907, 0.2892197), (0.184157, 0.27970204), (0.2175639, 0.27608186), (0.18111907, 0.2892197), (0.14510162, 0.2869782), (0.15220334, 0.28166744), (0.184157, 0.27970204), (0.184157, 0.27970204), (0.15220334, 0.28166744), (0.15930505, 0.27635664), (0.18737346, 0.2700266), (0.2175639, 0.27608186), (0.184157, 0.27970204), (0.18737346, 0.2700266), (0.21544184, 0.26369655), (0.61648697, 0.31531286), (0.59210473, 0.3061247), (0.5914983, 0.27007085), (0.6130247, 0.27996683), (0.59210473, 0.3061247), (0.56146646, 0.30135843), (0.5637417, 0.26517552), (0.5914983, 0.27007085), (0.5914983, 0.27007085), (0.5637417, 0.26517552), (0.57477695, 0.2286703), (0.5921318, 0.2333651), (0.6130247, 0.27996683), (0.5914983, 0.27007085), (0.5921318, 0.2333651), (0.6094866, 0.23805985), (0.38258126, 0.28754848), (0.33709833, 0.28692096), (0.33850658, 0.25643143), (0.38475272, 0.25406078), (0.33709833, 0.28692096), (0.29439145, 0.2879617), (0.29463318, 0.26159385), (0.33850658, 0.25643143), (0.33850658, 0.25643143), (0.29463318, 0.26159385), (0.2924572, 0.23310134), (0.33966872, 0.22545256), (0.38475272, 0.25406078), (0.33850658, 0.25643143), (0.33966872, 0.22545256), (0.38688022, 0.21780373), (0.56146646, 0.30135843), (0.522679, 0.29746452), (0.52479094, 0.26150206), (0.5637417, 0.26517552), (0.522679, 0.29746452), (0.47791424, 0.29366484), (0.4795769, 0.25815052), (0.52479094, 0.26150206), (0.52479094, 0.26150206), (0.4795769, 0.25815052), (0.48161992, 0.22244577), (0.5281985, 0.22555806), (0.5637417, 0.26517552), (0.52479094, 0.26150206), (0.5281985, 0.22555806), (0.57477695, 0.2286703), (0.29439145, 0.2879617), (0.25447923, 0.28990054), (0.25446975, 0.26914057), (0.29463318, 0.26159385), (0.25447923, 0.28990054), (0.21695396, 0.29081246), (0.2175639, 0.27608186), (0.25446975, 0.26914057), (0.25446975, 0.26914057), (0.2175639, 0.27608186), (0.21544184, 0.26369655), (0.25394955, 0.24839897), (0.29463318, 0.26159385), (0.25446975, 0.26914057), (0.25394955, 0.24839897), (0.2924572, 0.23310134), (0.6596523, 0.36313096), (0.6375072, 0.33254156), (0.63245803, 0.29927498), (0.6513441, 0.3242276), (0.6375072, 0.33254156), (0.61648697, 0.31531286), (0.6130247, 0.27996683), (0.63245803, 0.29927498), (0.63245803, 0.29927498), (0.6130247, 0.27996683), (0.6094866, 0.23805985), (0.6262613, 0.26169202), (0.6513441, 0.3242276), (0.63245803, 0.29927498), (0.6262613, 0.26169202), (0.6430359, 0.2853242), (0.47791424, 0.29366484), (0.43028235, 0.29006696), (0.4322474, 0.25524348), (0.4795769, 0.25815052), (0.43028235, 0.29006696), (0.38258126, 0.28754848), (0.38475272, 0.25406078), (0.4322474, 0.25524348), (0.4322474, 0.25524348), (0.38475272, 0.25406078), (0.38688022, 0.21780373), (0.4342501, 0.22012478), (0.4795769, 0.25815052), (0.4322474, 0.25524348), (0.4342501, 0.22012478), (0.48161992, 0.22244577), (0.3782293, 0.35396996), (0.42644796, 0.35958037), (0.4262908, 0.39410692), (0.37801385, 0.3872774), (0.42644796, 0.35958037), (0.47532874, 0.36477667), (0.4747619, 0.39997718), (0.4262908, 0.39410692), (0.4262908, 0.39410692), (0.4747619, 0.39997718), (0.4743694, 0.4352251), (0.42615545, 0.4286394), (0.37801385, 0.3872774), (0.4262908, 0.39410692), (0.42615545, 0.4286394), (0.3777985, 0.42058483), (0.21588138, 0.32014024), (0.21392435, 0.3380665), (0.1777928, 0.3179153), (0.1774506, 0.30616313), (0.21392435, 0.3380665), (0.21197176, 0.356112), (0.17814735, 0.33000028), (0.1777928, 0.3179153), (0.1777928, 0.3179153), (0.17814735, 0.33000028), (0.14552853, 0.30107355), (0.14224121, 0.29583886), (0.1774506, 0.30616313), (0.1777928, 0.3179153), (0.14224121, 0.29583886), (0.13895386, 0.2906041), (0.29342434, 0.34027243), (0.29060218, 0.36835322), (0.25126296, 0.3548745), (0.25432318, 0.33135995), (0.29060218, 0.36835322), (0.28778, 0.39643392), (0.24820338, 0.37840396), (0.25126296, 0.3548745), (0.25126296, 0.3548745), (0.24820338, 0.37840396), (0.21197176, 0.35611206), (0.21392436, 0.33806652), (0.25432318, 0.33135995), (0.25126296, 0.3548745), (0.21392436, 0.33806652), (0.2158814, 0.32014024), (0.37822926, 0.35396996), (0.37801385, 0.3872774), (0.33270082, 0.378928), (0.3341586, 0.34765533), (0.37801385, 0.3872774), (0.3777985, 0.4205848), (0.331243, 0.4102007), (0.33270082, 0.378928), (0.33270082, 0.378928), (0.331243, 0.4102007), (0.28778, 0.39643392), (0.29060218, 0.36835322), (0.3341586, 0.34765533), (0.33270082, 0.378928), (0.29060218, 0.36835322), (0.29342434, 0.34027243), (0.47532874, 0.36477667), (0.52087235, 0.3697219), (0.5204263, 0.40514767), (0.4747619, 0.39997718), (0.52087235, 0.3697219), (0.56132287, 0.37414494), (0.5618776, 0.4088179), (0.5204263, 0.40514767), (0.5204263, 0.40514767), (0.5618776, 0.4088179), (0.56313, 0.4436803), (0.5204816, 0.44070962), (0.4747619, 0.39997718), (0.5204263, 0.40514767), (0.5204816, 0.44070962), (0.4743694, 0.4352251), (0.56132287, 0.37414494), (0.5955167, 0.37759253), (0.5978549, 0.40976927), (0.5618776, 0.4088179), (0.5955167, 0.37759253), (0.62241787, 0.37931728), (0.6260847, 0.40617046), (0.5978549, 0.40976927), (0.5978549, 0.40976927), (0.6260847, 0.40617046), (0.63017684, 0.43399405), (0.600726, 0.4421975), (0.5618776, 0.4088179), (0.5978549, 0.40976927), (0.600726, 0.4421975), (0.56313, 0.4436803), (0.6224178, 0.37931725), (0.64160186, 0.37892404), (0.64504206, 0.39710858), (0.6260846, 0.4061705), (0.64160186, 0.37892404), (0.6549654, 0.3777214), (0.6571524, 0.38698867), (0.64504206, 0.39710858), (0.64504206, 0.39710858), (0.6571524, 0.38698867), (0.66112906, 0.38982248), (0.6493463, 0.41733685), (0.6260846, 0.4061705), (0.64504206, 0.39710858), (0.6493463, 0.41733685), (0.63017696, 0.43399405), (0.4753287, 0.36477664), (0.42644793, 0.35958037), (0.42835507, 0.32482183), (0.4765412, 0.32920608), (0.42644793, 0.35958037), (0.37822926, 0.35396996), (0.38040528, 0.3207592), (0.42835507, 0.32482183), (0.42835507, 0.32482183), (0.38040528, 0.3207592), (0.38258123, 0.28754845), (0.43028235, 0.29006696), (0.4765412, 0.32920608), (0.42835507, 0.32482183), (0.43028235, 0.29006696), (0.47791424, 0.29366484), (0.6549654, 0.3777214), (0.64160186, 0.37892404), (0.63993114, 0.35727656), (0.6552455, 0.36677518), (0.64160186, 0.37892404), (0.6224178, 0.37931725), (0.6195708, 0.34796536), (0.63993114, 0.35727656), (0.63993114, 0.35727656), (0.6195708, 0.34796536), (0.61648697, 0.31531286), (0.6375072, 0.33254156), (0.6552455, 0.36677518), (0.63993114, 0.35727656), (0.6375072, 0.33254156), (0.6596523, 0.36313096), (0.29342434, 0.34027243), (0.25432318, 0.33135995), (0.25439072, 0.31063935), (0.2939079, 0.31411707), (0.25432318, 0.33135995), (0.2158814, 0.32014024), (0.21633376, 0.3055492), (0.25439072, 0.31063935), (0.25439072, 0.31063935), (0.21633376, 0.3055492), (0.21695396, 0.29081243), (0.25447923, 0.28990054), (0.2939079, 0.31411707), (0.25439072, 0.31063935), (0.25447923, 0.28990054), (0.29439145, 0.2879617), (0.56132287, 0.3741449), (0.52087235, 0.3697219), (0.52154475, 0.33355102), (0.5610734, 0.337693), (0.52087235, 0.3697219), (0.4753287, 0.36477664), (0.4765412, 0.32920608), (0.52154475, 0.33355102), (0.52154475, 0.33355102), (0.4765412, 0.32920608), (0.47791424, 0.29366484), (0.522679, 0.2974645), (0.5610734, 0.337693), (0.52154475, 0.33355102), (0.522679, 0.2974645), (0.5614664, 0.30135846), (0.37822926, 0.35396996), (0.3341586, 0.34765533), (0.33562845, 0.3172881), (0.38040528, 0.3207592), (0.3341586, 0.34765533), (0.29342434, 0.34027243), (0.2939079, 0.31411707), (0.33562845, 0.3172881), (0.33562845, 0.3172881), (0.2939079, 0.31411707), (0.29439145, 0.2879617), (0.33709836, 0.28692096), (0.38040528, 0.3207592), (0.33562845, 0.3172881), (0.33709836, 0.28692096), (0.38258123, 0.28754845), (0.62241787, 0.37931725), (0.59551674, 0.37759253), (0.5936046, 0.34189954), (0.61957085, 0.34796533), (0.59551674, 0.37759253), (0.56132287, 0.3741449), (0.5610734, 0.337693), (0.5936046, 0.34189954), (0.5936046, 0.34189954), (0.5610734, 0.337693), (0.5614664, 0.30135846), (0.5921047, 0.30612475), (0.61957085, 0.34796533), (0.5936046, 0.34189954), (0.5921047, 0.30612475), (0.6164869, 0.31531286), (0.21588138, 0.32014024), (0.1774506, 0.30616313), (0.1790506, 0.29789484), (0.21633375, 0.3055492), (0.1774506, 0.30616313), (0.13895386, 0.2906041), (0.14202775, 0.28879115), (0.1790506, 0.29789484), (0.1790506, 0.29789484), (0.14202775, 0.28879115), (0.14510162, 0.2869782), (0.18111907, 0.2892197), (0.21633375, 0.3055492), (0.1790506, 0.29789484), (0.18111907, 0.2892197), (0.21695396, 0.29081246), (0.6549654, 0.3777214), (0.66480094, 0.37709647), (0.66761947, 0.37801313), (0.6655731, 0.37937444), (0.6726392, 0.37707373), (0.67275894, 0.37841293), (0.66761947, 0.37801313), (0.66480094, 0.37709647), (0.67220134, 0.37986138), (0.66557306, 0.3793744), (0.66761947, 0.37801313), (0.6727589, 0.37841293), (0.6549654, 0.3777214), (0.6552454, 0.36677516), (0.66495943, 0.37040642), (0.6654818, 0.3741837), (0.6552454, 0.36677516), (0.6596523, 0.36313096), (0.66568047, 0.3664245), (0.66495943, 0.37040642), (0.66495943, 0.37040642), (0.66568047, 0.3664245), (0.6717085, 0.36971796), (0.671891, 0.3715206), (0.6654818, 0.3741837), (0.66495943, 0.37040642), (0.671891, 0.3715206), (0.6722677, 0.37374887), (0.7117983, 0.39245766), (0.71222407, 0.39107588), (0.7296949, 0.39836568), (0.7291523, 0.39964247), (0.71222407, 0.39107588), (0.7125235, 0.3895493), (0.73012096, 0.39692354), (0.7296949, 0.39836568), (0.7296949, 0.39836568), (0.73012096, 0.39692354), (0.7485413, 0.4046194), (0.7479799, 0.40602833), (0.7291523, 0.39964247), (0.7296949, 0.39836568), (0.7479799, 0.40602833), (0.7473207, 0.4072725), (0.7125749, 0.38586852), (0.7122966, 0.38382453), (0.7305351, 0.3914023), (0.73046666, 0.3933223), (0.7122966, 0.38382453), (0.7098213, 0.38071048), (0.73049724, 0.38944554), (0.7305351, 0.3914023), (0.7305351, 0.3914023), (0.73049724, 0.38944554), (0.7511731, 0.39818057), (0.7496402, 0.39928246), (0.73046666, 0.3933223), (0.7305351, 0.3914023), (0.7496402, 0.39928246), (0.74924177, 0.4010878), (0.77979463, 0.42148194), (0.7805207, 0.4201304), (0.79552114, 0.42809585), (0.7947913, 0.4296235), (0.7805207, 0.4201304), (0.78122026, 0.41864645), (0.7962384, 0.42648223), (0.79552114, 0.42809585), (0.79552114, 0.42809585), (0.7962384, 0.42648223), (0.8106731, 0.43439654), (0.80998915, 0.43617362), (0.7947913, 0.4296235), (0.79552114, 0.42809585), (0.80998915, 0.43617362), (0.8092916, 0.43790263), (0.7825044, 0.41510487), (0.78317934, 0.41317904), (0.7983251, 0.42102882), (0.7976179, 0.42288223), (0.78317934, 0.41317904), (0.784358, 0.41058567), (0.7991363, 0.41919136), (0.7983251, 0.42102882), (0.7983251, 0.42102882), (0.7991363, 0.41919136), (0.81391424, 0.42779696), (0.81268084, 0.42880195), (0.7976179, 0.42288223), (0.7983251, 0.42102882), (0.81268084, 0.42880195), (0.8119821, 0.43063316), (0.74924177, 0.4010878), (0.7496402, 0.39928246), (0.7670828, 0.4062412), (0.7665638, 0.40810302), (0.7496402, 0.39928246), (0.7511731, 0.39818057), (0.76776564, 0.40438315), (0.7670828, 0.4062412), (0.7670828, 0.4062412), (0.76776564, 0.40438315), (0.784358, 0.41058567), (0.78317934, 0.41317904), (0.7665638, 0.40810302), (0.7670828, 0.4062412), (0.78317934, 0.41317904), (0.7825044, 0.41510487), (0.7473207, 0.4072725), (0.7479799, 0.40602833), (0.7648749, 0.4130377), (0.7641624, 0.41429952), (0.7479799, 0.40602833), (0.7485413, 0.4046194), (0.76552624, 0.41161922), (0.7648749, 0.4130377), (0.7648749, 0.4130377), (0.76552624, 0.41161922), (0.78122026, 0.41864645), (0.7805207, 0.4201304), (0.7641624, 0.41429952), (0.7648749, 0.4130377), (0.7805207, 0.4201304), (0.77979463, 0.42148194), (0.8092916, 0.43790263), (0.80998915, 0.43617362), (0.8237148, 0.4432468), (0.823106, 0.4451447), (0.80998915, 0.43617362), (0.8106731, 0.43439654), (0.8243039, 0.44130382), (0.8237148, 0.4432468), (0.8237148, 0.4432468), (0.8243039, 0.44130382), (0.83618325, 0.4462074), (0.8356891, 0.4483222), (0.823106, 0.4451447), (0.8237148, 0.4432468), (0.8356891, 0.4483222), (0.83516306, 0.45038906), (0.8119821, 0.43063316), (0.81268084, 0.42880195), (0.8259819, 0.43520933), (0.82539755, 0.43722224), (0.81268084, 0.42880195), (0.81391424, 0.42779696), (0.82676804, 0.43342826), (0.8259819, 0.43520933), (0.8259819, 0.43520933), (0.82676804, 0.43342826), (0.83962154, 0.43905953), (0.8375856, 0.43966874), (0.82539755, 0.43722224), (0.8259819, 0.43520933), (0.8375856, 0.43966874), (0.8370334, 0.44177017), (0.83516306, 0.45038903), (0.8356891, 0.44832224), (0.84515405, 0.45084426), (0.84464025, 0.45312184), (0.8356891, 0.44832224), (0.83618325, 0.44620743), (0.84561896, 0.44854152), (0.84515405, 0.45084426), (0.8370334, 0.44177017), (0.8375856, 0.43966874), (0.84664077, 0.44150263), (0.84629613, 0.44383553), (0.8375856, 0.43966874), (0.83962154, 0.43905953), (0.8471339, 0.439319), (0.84664077, 0.44150263), (0.6868885, 0.37613398), (0.68648773, 0.37413245), (0.69771034, 0.3780326), (0.6979666, 0.3800118), (0.68648773, 0.37413245), (0.68428755, 0.37094495), (0.6970545, 0.3758278), (0.69771034, 0.3780326), (0.69771034, 0.3780326), (0.6970545, 0.3758278), (0.7098213, 0.38071048), (0.7122966, 0.38382453), (0.6979666, 0.3800118), (0.69771034, 0.3780326), (0.7122966, 0.38382453), (0.7125749, 0.38586852), (0.6865615, 0.38318264), (0.6869208, 0.38153124), (0.6978618, 0.38538188), (0.69749016, 0.38693812), (0.6869208, 0.38153124), (0.6871286, 0.3798194), (0.6980957, 0.38373), (0.6978618, 0.38538188), (0.6978618, 0.38538188), (0.6980957, 0.38373), (0.7125235, 0.3895493), (0.71222407, 0.39107588), (0.69749016, 0.38693812), (0.6978618, 0.38538188), (0.71222407, 0.39107588), (0.7117983, 0.39245766), (0.67220134, 0.37986138), (0.67275894, 0.37841293), (0.678996, 0.37940702), (0.67861193, 0.3809626), (0.67275894, 0.37841293), (0.6726392, 0.37707373), (0.6791666, 0.37780097), (0.678996, 0.37940702), (0.678996, 0.37940702), (0.6791666, 0.37780097), (0.68712854, 0.3798194), (0.6869207, 0.38153118), (0.67861193, 0.3809626), (0.678996, 0.37940702), (0.6869207, 0.38153118), (0.6865616, 0.38318264), (0.6722677, 0.37374887), (0.671891, 0.3715206), (0.67848253, 0.37232882), (0.6788131, 0.3742422), (0.671891, 0.3715206), (0.6717085, 0.36971796), (0.6779982, 0.3703315), (0.67848253, 0.37232882), (0.67848253, 0.37232882), (0.6779982, 0.3703315), (0.68428755, 0.37094495), (0.68648773, 0.37413245), (0.6788131, 0.3742422), (0.67848253, 0.37232882), (0.68648773, 0.37413245), (0.6868885, 0.37613398), (0.6715521, 0.38195303), (0.67184335, 0.38157958), (0.67818534, 0.38250655), (0.67759293, 0.38386574), (0.67184335, 0.38157958), (0.67220134, 0.37986138), (0.67861193, 0.3809626), (0.67818534, 0.38250655), (0.67818534, 0.38250655), (0.67861193, 0.3809626), (0.6865616, 0.38318264), (0.6859972, 0.38476673), (0.67759293, 0.38386574), (0.67818534, 0.38250655), (0.6859972, 0.38476673), (0.68363357, 0.38577834), (0.68363357, 0.38577834), (0.6859972, 0.38476673), (0.69700414, 0.38843402), (0.696152, 0.389752), (0.6859972, 0.38476673), (0.6865616, 0.38318264), (0.6974901, 0.38693812), (0.69700414, 0.38843402), (0.69700414, 0.38843402), (0.6974901, 0.38693812), (0.7117982, 0.39245766), (0.71116513, 0.3936947), (0.696152, 0.389752), (0.69700414, 0.38843402), (0.71116513, 0.3936947), (0.7086701, 0.3937256), (0.8362552, 0.45636195), (0.83481133, 0.4526025), (0.84416467, 0.45543343), (0.84386873, 0.4578997), (0.83481133, 0.4526025), (0.83516306, 0.45038903), (0.84464025, 0.45312184), (0.84416467, 0.45543343), (0.80809945, 0.4421554), (0.80860895, 0.4396911), (0.82254326, 0.4470906), (0.82217735, 0.44925874), (0.80860895, 0.4396911), (0.8092915, 0.4379026), (0.8231061, 0.4451447), (0.82254326, 0.4470906), (0.82254326, 0.4470906), (0.8231061, 0.4451447), (0.83516306, 0.45038903), (0.83481133, 0.4526025), (0.82217735, 0.44925874), (0.82254326, 0.4470906), (0.83481133, 0.4526025), (0.8362552, 0.45636195), (0.747113, 0.41035667), (0.7467405, 0.40854344), (0.763471, 0.4155267), (0.7629053, 0.41671997), (0.7467405, 0.40854344), (0.7473207, 0.40727252), (0.7641623, 0.4142995), (0.763471, 0.4155267), (0.763471, 0.4155267), (0.7641623, 0.4142995), (0.7797946, 0.42148194), (0.7790944, 0.4227232), (0.7629053, 0.41671997), (0.763471, 0.4155267), (0.7790944, 0.4227232), (0.7786974, 0.4230832), (0.7786974, 0.4230832), (0.7790944, 0.4227232), (0.794071, 0.43113166), (0.7933985, 0.43261933), (0.7790944, 0.4227232), (0.7797946, 0.42148194), (0.79479116, 0.4296235), (0.794071, 0.43113166), (0.794071, 0.43113166), (0.79479116, 0.4296235), (0.8092915, 0.4379026), (0.80860895, 0.4396911), (0.7933985, 0.43261933), (0.794071, 0.43113166), (0.80860895, 0.4396911), (0.80809945, 0.4421554), (0.7086701, 0.3937256), (0.71116513, 0.3936947), (0.7285674, 0.40087494), (0.7278916, 0.40204117), (0.71116513, 0.3936947), (0.7117982, 0.39245766), (0.72915226, 0.39964238), (0.7285674, 0.40087494), (0.7285674, 0.40087494), (0.72915226, 0.39964238), (0.7473207, 0.40727252), (0.7467405, 0.40854344), (0.7278916, 0.40204117), (0.7285674, 0.40087494), (0.7467405, 0.40854344), (0.747113, 0.41035667), (0.66112906, 0.38982248), (0.6571524, 0.3869886), (0.665398, 0.38261068), (0.66634065, 0.3858878), (0.6571524, 0.3869886), (0.6549654, 0.3777214), (0.6655731, 0.37937444), (0.665398, 0.38261068), (0.665398, 0.38261068), (0.6655731, 0.37937444), (0.67220134, 0.37986138), (0.67184335, 0.38157958), (0.66634065, 0.3858878), (0.665398, 0.38261068), (0.67184335, 0.38157958), (0.6715521, 0.38195303), (0.6726392, 0.37707373), (0.6728087, 0.37554264), (0.6790987, 0.37607005), (0.6791666, 0.37780097), (0.6728087, 0.37554264), (0.6722677, 0.37374887), (0.6788131, 0.3742422), (0.6790987, 0.37607005), (0.6790987, 0.37607005), (0.6788131, 0.3742422), (0.6868885, 0.37613398), (0.68708426, 0.3780069), (0.6791666, 0.37780097), (0.6790987, 0.37607005), (0.68708426, 0.3780069), (0.68712854, 0.3798194), (0.6871286, 0.3798194), (0.6870843, 0.37800694), (0.6981, 0.38191873), (0.6980957, 0.38373), (0.6870843, 0.37800694), (0.6868885, 0.37613398), (0.69796664, 0.3800118), (0.6981, 0.38191873), (0.6981, 0.38191873), (0.69796664, 0.3800118), (0.71257496, 0.38586852), (0.71261245, 0.38778132), (0.6980957, 0.38373), (0.6981, 0.38191873), (0.71261245, 0.38778132), (0.7125235, 0.3895493), (0.83618325, 0.44620743), (0.8366244, 0.4440128), (0.84598196, 0.44620118), (0.84561896, 0.44854152), (0.8366244, 0.4440128), (0.8370334, 0.44177017), (0.84629613, 0.44383553), (0.84598196, 0.44620118), (0.8106731, 0.43439654), (0.81133443, 0.43253896), (0.8248606, 0.43928558), (0.8243039, 0.44130382), (0.81133443, 0.43253896), (0.81198204, 0.4306332), (0.8253977, 0.43722224), (0.8248606, 0.43928558), (0.8248606, 0.43928558), (0.8253977, 0.43722224), (0.83703345, 0.44177014), (0.8366244, 0.4440128), (0.8243039, 0.44130382), (0.8248606, 0.43928558), (0.8366244, 0.4440128), (0.83618325, 0.4462074), (0.7485413, 0.4046194), (0.7489404, 0.40293598), (0.76607555, 0.4099395), (0.76552624, 0.41161922), (0.7489404, 0.40293598), (0.7492417, 0.40108776), (0.7665638, 0.40810296), (0.76607555, 0.4099395), (0.76607555, 0.4099395), (0.7665638, 0.40810296), (0.7825045, 0.41510487), (0.7818756, 0.41694185), (0.76552624, 0.41161922), (0.76607555, 0.4099395), (0.7818756, 0.41694185), (0.78122026, 0.41864645), (0.78122026, 0.41864645), (0.7818756, 0.41694185), (0.79693455, 0.4247252), (0.7962384, 0.42648223), (0.7818756, 0.41694185), (0.7825045, 0.41510487), (0.797618, 0.4228822), (0.79693455, 0.4247252), (0.79693455, 0.4247252), (0.797618, 0.4228822), (0.81198204, 0.4306332), (0.81133443, 0.43253896), (0.7962384, 0.42648223), (0.79693455, 0.4247252), (0.81133443, 0.43253896), (0.8106731, 0.43439654), (0.7125235, 0.3895493), (0.71261245, 0.38778132), (0.73035216, 0.39520565), (0.73012096, 0.39692354), (0.71261245, 0.38778132), (0.71257496, 0.38586852), (0.7304666, 0.39332232), (0.73035216, 0.39520565), (0.73035216, 0.39520565), (0.7304666, 0.39332232), (0.7492417, 0.40108776), (0.7489404, 0.40293598), (0.73012096, 0.39692354), (0.73035216, 0.39520565), (0.7489404, 0.40293598), (0.7485413, 0.4046194), (0.6549654, 0.3777214), (0.6654818, 0.37418368), (0.66763246, 0.37571), (0.66480094, 0.37709647), (0.6722676, 0.37374887), (0.6728086, 0.37554264), (0.66763246, 0.37571), (0.6654818, 0.37418368), (0.6726392, 0.37707373), (0.66480094, 0.37709647), (0.66763246, 0.37571), (0.6728086, 0.3755426), (0.2603953, 0.6162693), (0.28546223, 0.6177885), (0.29154858, 0.62961376), (0.2684771, 0.62652403), (0.28546223, 0.6177885), (0.31052914, 0.6193077), (0.31458923, 0.6327289), (0.29154858, 0.62961376), (0.29154858, 0.62961376), (0.31458923, 0.6327289), (0.31877306, 0.6461457), (0.29798025, 0.64142686), (0.2684771, 0.62652403), (0.29154858, 0.62961376), (0.29798025, 0.64142686), (0.2765589, 0.63677865), (0.31052917, 0.61930776), (0.28546223, 0.6177885), (0.2889636, 0.609474), (0.3119747, 0.6082701), (0.28546223, 0.6177885), (0.2603953, 0.6162693), (0.26625165, 0.61076665), (0.2889636, 0.609474), (0.2889636, 0.609474), (0.26625165, 0.61076665), (0.27210802, 0.6052639), (0.29276085, 0.600839), (0.3119747, 0.6082701), (0.2889636, 0.609474), (0.29276085, 0.600839), (0.3135262, 0.5971177), (0.3135262, 0.5971177), (0.29276085, 0.600839), (0.29715893, 0.5915073), (0.3150253, 0.5858388), (0.29276085, 0.600839), (0.27210802, 0.6052639), (0.2805083, 0.59700555), (0.29715893, 0.5915073), (0.29715893, 0.5915073), (0.2805083, 0.59700555), (0.2889086, 0.5887471), (0.30162376, 0.58191997), (0.3150253, 0.5858388), (0.29715893, 0.5915073), (0.30162376, 0.58191997), (0.3143389, 0.57509273), (0.3589048, 0.5907813), (0.3356411, 0.59352267), (0.33561668, 0.5797941), (0.35795236, 0.57468987), (0.3356411, 0.59352267), (0.3135262, 0.5971177), (0.3150253, 0.5858388), (0.33561668, 0.5797941), (0.33561668, 0.5797941), (0.3150253, 0.5858388), (0.3143389, 0.57509273), (0.3353031, 0.5659337), (0.35795236, 0.57468987), (0.33561668, 0.5797941), (0.3353031, 0.5659337), (0.3562672, 0.5567745), (0.3606631, 0.62259936), (0.33559608, 0.62085867), (0.33561203, 0.6071978), (0.35978395, 0.6066904), (0.33559608, 0.62085867), (0.31052914, 0.61930776), (0.31197467, 0.60827017), (0.33561203, 0.6071978), (0.33561203, 0.6071978), (0.31197467, 0.60827017), (0.31352618, 0.59711784), (0.3356411, 0.5935226), (0.35978395, 0.6066904), (0.33561203, 0.6071978), (0.3356411, 0.5935226), (0.35890475, 0.59078133), (0.40743914, 0.5906195), (0.3828926, 0.5897274), (0.3814429, 0.57216), (0.4057093, 0.5722485), (0.3828926, 0.5897274), (0.3589048, 0.5907813), (0.35795236, 0.57468987), (0.3814429, 0.57216), (0.3814429, 0.57216), (0.35795236, 0.57468987), (0.3562672, 0.5567745), (0.37986898, 0.5541813), (0.4057093, 0.5722485), (0.3814429, 0.57216), (0.37986898, 0.5541813), (0.40347064, 0.5515879), (0.41079712, 0.62690383), (0.3857301, 0.6246567), (0.38431135, 0.60719204), (0.40911812, 0.6087616), (0.3857301, 0.6246567), (0.3606631, 0.62259936), (0.35978395, 0.6066904), (0.38431135, 0.60719204), (0.38431135, 0.60719204), (0.35978395, 0.6066904), (0.35890475, 0.59078133), (0.38289264, 0.5897275), (0.40911812, 0.6087616), (0.38431135, 0.60719204), (0.38289264, 0.5897275), (0.40743914, 0.59061956), (0.46032313, 0.5985633), (0.4327583, 0.5935552), (0.4309764, 0.5756144), (0.4585272, 0.5817601), (0.4327583, 0.5935552), (0.40743914, 0.5906195), (0.4057093, 0.5722485), (0.4309764, 0.5756144), (0.4309764, 0.5756144), (0.4057093, 0.5722485), (0.40347064, 0.5515879), (0.428904, 0.5572369), (0.4585272, 0.5817601), (0.4309764, 0.5756144), (0.428904, 0.5572369), (0.45433727, 0.5628858), (0.46339983, 0.6316513), (0.43617266, 0.6292064), (0.43446606, 0.61138225), (0.46186593, 0.6151199), (0.43617266, 0.6292064), (0.41079712, 0.62690383), (0.40911812, 0.6087616), (0.43446606, 0.61138225), (0.43446606, 0.61138225), (0.40911812, 0.6087616), (0.40743914, 0.59061956), (0.4327583, 0.5935552), (0.46186593, 0.6151199), (0.43446606, 0.61138225), (0.4327583, 0.5935552), (0.46032313, 0.59856325), (0.5258774, 0.6371586), (0.49371284, 0.6343338), (0.49251387, 0.6199476), (0.5250992, 0.62538505), (0.49371284, 0.6343338), (0.46339983, 0.6316513), (0.46186593, 0.6151199), (0.49251387, 0.6199476), (0.49251387, 0.6199476), (0.46186593, 0.6151199), (0.46032313, 0.59856325), (0.4912873, 0.6054907), (0.5250992, 0.62538505), (0.49251387, 0.6199476), (0.4912873, 0.6054907), (0.52426815, 0.613524), (0.52426815, 0.613524), (0.4912873, 0.60549074), (0.48995507, 0.59085435), (0.5233487, 0.6014749), (0.4912873, 0.60549074), (0.46032313, 0.5985633), (0.4585272, 0.5817601), (0.48995507, 0.59085435), (0.48995507, 0.59085435), (0.4585272, 0.5817601), (0.45433727, 0.5628858), (0.48835683, 0.57590014), (0.5233487, 0.6014749), (0.48995507, 0.59085435), (0.48835683, 0.57590014), (0.52237624, 0.5889144), (0.5864644, 0.6280457), (0.5570303, 0.621566), (0.5565625, 0.6124103), (0.58658206, 0.6216223), (0.5570303, 0.621566), (0.52426815, 0.613524), (0.5233487, 0.6014749), (0.5565625, 0.6124103), (0.5565625, 0.6124103), (0.5233487, 0.6014749), (0.52237624, 0.5889144), (0.55639565, 0.603455), (0.58658206, 0.6216223), (0.5565625, 0.6124103), (0.55639565, 0.603455), (0.590415, 0.6179955), (0.62756413, 0.6336516), (0.60993326, 0.6317851), (0.6100036, 0.6269911), (0.6277224, 0.6300819), (0.60993326, 0.6317851), (0.5864644, 0.6280457), (0.58658206, 0.6216223), (0.6100036, 0.6269911), (0.6100036, 0.6269911), (0.58658206, 0.6216223), (0.590415, 0.6179955), (0.61045486, 0.62258214), (0.6277224, 0.6300819), (0.6100036, 0.6269911), (0.61045486, 0.62258214), (0.63049465, 0.62716866), (0.62756413, 0.6336516), (0.62772244, 0.63008183), (0.6402016, 0.6319571), (0.6405594, 0.6346567), (0.62772244, 0.63008183), (0.63049465, 0.62716866), (0.6397885, 0.62949246), (0.6402016, 0.6319571), (0.6402016, 0.6319571), (0.6397885, 0.62949246), (0.64908206, 0.63181615), (0.6509037, 0.6322778), (0.6405594, 0.6346567), (0.6402016, 0.6319571), (0.6509037, 0.6322778), (0.6516575, 0.6343422), (0.6262369, 0.64103776), (0.6088106, 0.6417398), (0.60952485, 0.63673955), (0.627086, 0.6373307), (0.6088106, 0.6417398), (0.58627856, 0.641582), (0.58645546, 0.63479805), (0.60952485, 0.63673955), (0.60952485, 0.63673955), (0.58645546, 0.63479805), (0.5864644, 0.6280457), (0.6099333, 0.6317851), (0.627086, 0.6373307), (0.60952485, 0.63673955), (0.6099333, 0.6317851), (0.6275641, 0.63365155), (0.58627856, 0.641582), (0.60881066, 0.6417397), (0.6107272, 0.6457935), (0.5875668, 0.6472289), (0.60881066, 0.6417397), (0.6262369, 0.64103776), (0.62851757, 0.6439339), (0.6107272, 0.6457935), (0.6107272, 0.6457935), (0.62851757, 0.6439339), (0.63031685, 0.6466947), (0.6122896, 0.64977354), (0.5875668, 0.6472289), (0.6107272, 0.6457935), (0.6122896, 0.64977354), (0.5887287, 0.6529115), (0.58872867, 0.6529114), (0.6122895, 0.6497735), (0.6134122, 0.65359634), (0.59001565, 0.658666), (0.6122895, 0.6497735), (0.63031673, 0.64669466), (0.6315807, 0.6490799), (0.6134122, 0.65359634), (0.6134122, 0.65359634), (0.6315807, 0.6490799), (0.6350333, 0.64983344), (0.61478335, 0.6572086), (0.59001565, 0.658666), (0.6134122, 0.65359634), (0.61478335, 0.6572086), (0.5945332, 0.66458374), (0.5276675, 0.657122), (0.5597185, 0.65529853), (0.5607804, 0.66330856), (0.5286611, 0.66747904), (0.5597185, 0.65529853), (0.58872867, 0.6529114), (0.59001565, 0.658666), (0.5607804, 0.66330856), (0.5607804, 0.66330856), (0.59001565, 0.658666), (0.5945332, 0.66458374), (0.5621976, 0.67149884), (0.5286611, 0.66747904), (0.5607804, 0.66330856), (0.5621976, 0.67149884), (0.52986187, 0.67841387), (0.46345794, 0.6597671), (0.4951976, 0.65868604), (0.49599987, 0.6711282), (0.46336114, 0.67404175), (0.4951976, 0.65868604), (0.5276675, 0.657122), (0.5286611, 0.66747904), (0.49599987, 0.6711282), (0.49599987, 0.6711282), (0.5286611, 0.66747904), (0.52986187, 0.67841387), (0.49691564, 0.68380266), (0.46336114, 0.67404175), (0.49599987, 0.6711282), (0.49691564, 0.68380266), (0.46396932, 0.68919134), (0.40607885, 0.65940934), (0.43332782, 0.66005325), (0.43112957, 0.67570543), (0.40223932, 0.6760276), (0.43332782, 0.66005325), (0.46345794, 0.6597671), (0.46336114, 0.67404175), (0.43112957, 0.67570543), (0.43112957, 0.67570543), (0.46336114, 0.67404175), (0.46396932, 0.68919134), (0.42814314, 0.6916561), (0.40223932, 0.6760276), (0.43112957, 0.67570543), (0.42814314, 0.6916561), (0.39231688, 0.6941206), (0.41079712, 0.62690383), (0.43617266, 0.62920636), (0.43490127, 0.64458966), (0.40864897, 0.64310384), (0.43617266, 0.62920636), (0.46339983, 0.6316513), (0.46347633, 0.6456778), (0.43490127, 0.64458966), (0.43490127, 0.64458966), (0.46347633, 0.6456778), (0.4634579, 0.65976715), (0.4333278, 0.66005325), (0.40864897, 0.64310384), (0.43490127, 0.64458966), (0.4333278, 0.66005325), (0.40607885, 0.6594093), (0.46339983, 0.6316513), (0.49371284, 0.6343337), (0.49444693, 0.6464555), (0.46347633, 0.6456778), (0.49371284, 0.6343337), (0.52587736, 0.6371586), (0.5267536, 0.6470634), (0.49444693, 0.6464555), (0.49444693, 0.6464555), (0.5267536, 0.6470634), (0.5276675, 0.6571219), (0.4951976, 0.658686), (0.46347633, 0.6456778), (0.49444693, 0.6464555), (0.4951976, 0.658686), (0.4634579, 0.65976715), (0.36098808, 0.65487605), (0.3824913, 0.6577328), (0.38008726, 0.67450887), (0.36097804, 0.6712296), (0.3824913, 0.6577328), (0.40607885, 0.65940934), (0.40223932, 0.6760276), (0.38008726, 0.67450887), (0.38008726, 0.67450887), (0.40223932, 0.6760276), (0.39231688, 0.6941206), (0.37686986, 0.69165605), (0.36097804, 0.6712296), (0.38008726, 0.67450887), (0.37686986, 0.69165605), (0.36142278, 0.68919134), (0.36066306, 0.62259936), (0.38573006, 0.6246567), (0.38426235, 0.6411568), (0.36087832, 0.63872445), (0.38573006, 0.6246567), (0.41079712, 0.62690383), (0.40864897, 0.64310384), (0.38426235, 0.6411568), (0.38426235, 0.6411568), (0.40864897, 0.64310384), (0.40607885, 0.6594093), (0.3824913, 0.6577328), (0.36087832, 0.63872445), (0.38426235, 0.6411568), (0.3824913, 0.6577328), (0.3609881, 0.654876), (0.31052917, 0.61930776), (0.33559608, 0.6208586), (0.33769852, 0.63584036), (0.31458926, 0.632729), (0.33559608, 0.6208586), (0.36066306, 0.62259936), (0.36087832, 0.63872445), (0.33769852, 0.63584036), (0.33769852, 0.63584036), (0.36087832, 0.63872445), (0.3609881, 0.654876), (0.33980316, 0.6508249), (0.31458926, 0.632729), (0.33769852, 0.63584036), (0.33980316, 0.6508249), (0.3187731, 0.64614576), (0.31877306, 0.6461457), (0.33980316, 0.650825), (0.34190097, 0.6658519), (0.32306445, 0.659548), (0.33980316, 0.650825), (0.36098808, 0.65487605), (0.36097804, 0.6712296), (0.34190097, 0.6658519), (0.34190097, 0.6658519), (0.36097804, 0.6712296), (0.36142278, 0.68919134), (0.34395868, 0.6810324), (0.32306445, 0.659548), (0.34190097, 0.6658519), (0.34395868, 0.6810324), (0.32649443, 0.6728733), (0.2765589, 0.63677865), (0.29798025, 0.64142686), (0.30515504, 0.6532105), (0.2876087, 0.64692736), (0.29798025, 0.64142686), (0.31877306, 0.6461457), (0.32306445, 0.659548), (0.30515504, 0.6532105), (0.30515504, 0.6532105), (0.32306445, 0.659548), (0.32649443, 0.6728733), (0.31257647, 0.6649747), (0.2876087, 0.64692736), (0.30515504, 0.6532105), (0.31257647, 0.6649747), (0.2986585, 0.657076), (0.52587736, 0.6371586), (0.55778235, 0.6398479), (0.55874914, 0.64751065), (0.5267536, 0.6470634), (0.55778235, 0.6398479), (0.58627856, 0.641582), (0.5875668, 0.6472289), (0.55874914, 0.64751065), (0.55874914, 0.64751065), (0.5875668, 0.6472289), (0.5887287, 0.6529115), (0.55971843, 0.6552986), (0.5267536, 0.6470634), (0.55874914, 0.64751065), (0.55971843, 0.6552986), (0.5276675, 0.6571219), (0.58627856, 0.641582), (0.55778235, 0.6398479), (0.55744994, 0.63072383), (0.58645546, 0.63479805), (0.55778235, 0.6398479), (0.5258774, 0.6371586), (0.5250992, 0.62538505), (0.55744994, 0.63072383), (0.55744994, 0.63072383), (0.5250992, 0.62538505), (0.52426815, 0.613524), (0.5570303, 0.621566), (0.58645546, 0.63479805), (0.55744994, 0.63072383), (0.5570303, 0.621566), (0.5864644, 0.6280457), (0.65491223, 0.64226526), (0.6538278, 0.64053845), (0.6654453, 0.63786805), (0.6662618, 0.6395356), (0.6538278, 0.64053845), (0.65277666, 0.6386719), (0.6646692, 0.63610125), (0.6654453, 0.63786805), (0.6654453, 0.63786805), (0.6646692, 0.63610125), (0.676565, 0.63266635), (0.6771941, 0.63449246), (0.6662618, 0.6395356), (0.6654453, 0.63786805), (0.6771941, 0.63449246), (0.677867, 0.6362333), (0.67786694, 0.6362333), (0.67719424, 0.6344926), (0.6888191, 0.6307015), (0.6893676, 0.6325412), (0.67719424, 0.6344926), (0.67656505, 0.63266635), (0.6883188, 0.6287672), (0.6888191, 0.6307015), (0.6888191, 0.6307015), (0.6883188, 0.6287672), (0.6998919, 0.6244889), (0.700267, 0.6265541), (0.6893676, 0.6325412), (0.6888191, 0.6307015), (0.700267, 0.6265541), (0.70069146, 0.6284956), (0.6754961, 0.6286441), (0.6633367, 0.6321565), (0.6626638, 0.6301711), (0.67501044, 0.6266129), (0.6633367, 0.6321565), (0.6516575, 0.6343423), (0.6509037, 0.6322777), (0.6626638, 0.6301711), (0.6626638, 0.6301711), (0.6509037, 0.6322777), (0.64908206, 0.63181615), (0.6619016, 0.628383), (0.67501044, 0.6266129), (0.6626638, 0.6301711), (0.6619016, 0.628383), (0.674721, 0.62494975), (0.699357, 0.6198228), (0.68752587, 0.6244874), (0.68716764, 0.6223027), (0.6991273, 0.6174441), (0.68752587, 0.6244874), (0.6754961, 0.6286441), (0.67501044, 0.6266129), (0.68716764, 0.6223027), (0.68716764, 0.6223027), (0.67501044, 0.6266129), (0.674721, 0.62494975), (0.6868339, 0.6201917), (0.6991273, 0.6174441), (0.68716764, 0.6223027), (0.6868339, 0.6201917), (0.6989467, 0.6154335), (0.7226876, 0.6093085), (0.7110554, 0.6146926), (0.7109667, 0.61200315), (0.72275347, 0.606288), (0.7110554, 0.6146926), (0.699357, 0.6198228), (0.6991273, 0.6174441), (0.7109667, 0.61200315), (0.7109667, 0.61200315), (0.6991273, 0.6174441), (0.6989467, 0.6154335), (0.71088296, 0.6093505), (0.72275347, 0.606288), (0.7109667, 0.61200315), (0.71088296, 0.6093505), (0.72281915, 0.60326743), (0.70069146, 0.6284955), (0.700267, 0.62655413), (0.7115517, 0.622086), (0.71185344, 0.6241262), (0.700267, 0.62655413), (0.69989204, 0.6244889), (0.7113014, 0.6198883), (0.7115517, 0.622086), (0.7115517, 0.622086), (0.7113014, 0.6198883), (0.7225562, 0.6153496), (0.7227417, 0.617465), (0.71185344, 0.6241262), (0.7115517, 0.622086), (0.7227417, 0.617465), (0.7229271, 0.61958015), (0.7225562, 0.6153496), (0.7113013, 0.6198883), (0.71115273, 0.61736923), (0.722622, 0.61232907), (0.7113013, 0.6198883), (0.69989204, 0.62448883), (0.69959974, 0.62221766), (0.71115273, 0.61736923), (0.71115273, 0.61736923), (0.69959974, 0.62221766), (0.699357, 0.6198228), (0.7110554, 0.6146926), (0.722622, 0.61232907), (0.71115273, 0.61736923), (0.7110554, 0.6146926), (0.7226876, 0.6093085), (0.699892, 0.6244889), (0.6883187, 0.6287672), (0.6878982, 0.6266748), (0.6995996, 0.62221766), (0.6883187, 0.6287672), (0.676565, 0.6326663), (0.67600876, 0.63069797), (0.6878982, 0.6266748), (0.6878982, 0.6266748), (0.67600876, 0.63069797), (0.6754961, 0.62864417), (0.6875259, 0.62448746), (0.6995996, 0.62221766), (0.6878982, 0.6266748), (0.6875259, 0.62448746), (0.69935685, 0.6198228), (0.67656505, 0.63266623), (0.66466916, 0.63610125), (0.66398084, 0.63417596), (0.6760087, 0.63069785), (0.66466916, 0.63610125), (0.65277666, 0.6386719), (0.65218484, 0.636557), (0.66398084, 0.63417596), (0.66398084, 0.63417596), (0.65218484, 0.636557), (0.6516575, 0.6343423), (0.6633367, 0.6321565), (0.6760087, 0.63069785), (0.66398084, 0.63417596), (0.6633367, 0.6321565), (0.6754961, 0.6286441), (0.70167464, 0.63257295), (0.701134, 0.6304362), (0.71216494, 0.62614924), (0.7124864, 0.62819195), (0.701134, 0.6304362), (0.70069146, 0.6284955), (0.71185344, 0.6241262), (0.71216494, 0.62614924), (0.71216494, 0.62614924), (0.71185344, 0.6241262), (0.7229271, 0.61958015), (0.7231126, 0.62169546), (0.7124864, 0.62819195), (0.71216494, 0.62614924), (0.7231126, 0.62169546), (0.723298, 0.62381077), (0.679345, 0.639922), (0.67855686, 0.63797957), (0.6899289, 0.6343746), (0.69050986, 0.63624763), (0.67855686, 0.63797957), (0.677867, 0.6362333), (0.6893675, 0.63254106), (0.6899289, 0.6343746), (0.6899289, 0.6343746), (0.6893675, 0.63254106), (0.70069146, 0.6284955), (0.701134, 0.6304362), (0.69050986, 0.63624763), (0.6899289, 0.6343746), (0.701134, 0.6304362), (0.70167464, 0.63257295), (0.6563085, 0.6458578), (0.6557924, 0.6439434), (0.6670591, 0.6411916), (0.66782683, 0.64289), (0.6557924, 0.6439434), (0.65491223, 0.64226526), (0.6662618, 0.6395356), (0.6670591, 0.6411916), (0.6670591, 0.6411916), (0.6662618, 0.6395356), (0.677867, 0.6362333), (0.67855686, 0.63797957), (0.66782683, 0.64289), (0.6670591, 0.6411916), (0.67855686, 0.63797957), (0.679345, 0.639922), (0.65277666, 0.6386719), (0.6538277, 0.64053845), (0.6421594, 0.64235735), (0.6402916, 0.6402006), (0.6538277, 0.64053845), (0.6549123, 0.6422652), (0.6437017, 0.64439845), (0.6421594, 0.64235735), (0.6421594, 0.64235735), (0.6437017, 0.64439845), (0.63031673, 0.64669466), (0.6285175, 0.6439339), (0.6402916, 0.6402006), (0.6421594, 0.64235735), (0.6285175, 0.6439339), (0.6262369, 0.64103776), (0.6350333, 0.64983344), (0.63158065, 0.64908004), (0.64473677, 0.6462346), (0.64567095, 0.6478457), (0.63158065, 0.64908004), (0.63031673, 0.64669466), (0.64370173, 0.6443984), (0.64473677, 0.6462346), (0.64473677, 0.6462346), (0.64370173, 0.6443984), (0.65491223, 0.64226526), (0.6557924, 0.6439434), (0.64567095, 0.6478457), (0.64473677, 0.6462346), (0.6557924, 0.6439434), (0.6563085, 0.6458578), (0.65277666, 0.6386719), (0.6402916, 0.6402006), (0.6405447, 0.63742906), (0.65218484, 0.636557), (0.6402916, 0.6402006), (0.6262369, 0.64103776), (0.627086, 0.63733065), (0.6405447, 0.63742906), (0.6405447, 0.63742906), (0.627086, 0.63733065), (0.62756413, 0.6336516), (0.64055943, 0.6346567), (0.65218484, 0.636557), (0.6405447, 0.63742906), (0.64055943, 0.6346567), (0.6516575, 0.6343423), (0.2603953, 0.6162693), (0.28546223, 0.6177885), (0.29154858, 0.62961376), (0.2684771, 0.62652403), (0.28546223, 0.6177885), (0.31052914, 0.6193077), (0.31458923, 0.6327289), (0.29154858, 0.62961376), (0.29154858, 0.62961376), (0.31458923, 0.6327289), (0.31877306, 0.6461457), (0.29798025, 0.64142686), (0.2684771, 0.62652403), (0.29154858, 0.62961376), (0.29798025, 0.64142686), (0.2765589, 0.63677865), (0.31052917, 0.61930776), (0.28546223, 0.6177885), (0.2889636, 0.609474), (0.3119747, 0.6082701), (0.28546223, 0.6177885), (0.2603953, 0.6162693), (0.26625165, 0.61076665), (0.2889636, 0.609474), (0.2889636, 0.609474), (0.26625165, 0.61076665), (0.27210802, 0.6052639), (0.29276085, 0.600839), (0.3119747, 0.6082701), (0.2889636, 0.609474), (0.29276085, 0.600839), (0.3135262, 0.5971177), (0.3135262, 0.5971177), (0.29276085, 0.600839), (0.29715893, 0.5915073), (0.3150253, 0.5858388), (0.29276085, 0.600839), (0.27210802, 0.6052639), (0.2805083, 0.59700555), (0.29715893, 0.5915073), (0.29715893, 0.5915073), (0.2805083, 0.59700555), (0.2889086, 0.5887471), (0.30162376, 0.58191997), (0.3150253, 0.5858388), (0.29715893, 0.5915073), (0.30162376, 0.58191997), (0.3143389, 0.57509273), (0.3589048, 0.5907813), (0.3356411, 0.59352267), (0.33561668, 0.5797941), (0.35795236, 0.57468987), (0.3356411, 0.59352267), (0.3135262, 0.5971177), (0.3150253, 0.5858388), (0.33561668, 0.5797941), (0.33561668, 0.5797941), (0.3150253, 0.5858388), (0.3143389, 0.57509273), (0.3353031, 0.5659337), (0.35795236, 0.57468987), (0.33561668, 0.5797941), (0.3353031, 0.5659337), (0.3562672, 0.5567745), (0.3606631, 0.62259936), (0.33559608, 0.62085867), (0.33561203, 0.6071978), (0.35978395, 0.6066904), (0.33559608, 0.62085867), (0.31052914, 0.61930776), (0.31197467, 0.60827017), (0.33561203, 0.6071978), (0.33561203, 0.6071978), (0.31197467, 0.60827017), (0.31352618, 0.59711784), (0.3356411, 0.5935226), (0.35978395, 0.6066904), (0.33561203, 0.6071978), (0.3356411, 0.5935226), (0.35890475, 0.59078133), (0.40743914, 0.5906195), (0.3828926, 0.5897274), (0.3814429, 0.57216), (0.4057093, 0.5722485), (0.3828926, 0.5897274), (0.3589048, 0.5907813), (0.35795236, 0.57468987), (0.3814429, 0.57216), (0.3814429, 0.57216), (0.35795236, 0.57468987), (0.3562672, 0.5567745), (0.37986898, 0.5541813), (0.4057093, 0.5722485), (0.3814429, 0.57216), (0.37986898, 0.5541813), (0.40347064, 0.5515879), (0.41079712, 0.62690383), (0.3857301, 0.6246567), (0.38431135, 0.60719204), (0.40911812, 0.6087616), (0.3857301, 0.6246567), (0.3606631, 0.62259936), (0.35978395, 0.6066904), (0.38431135, 0.60719204), (0.38431135, 0.60719204), (0.35978395, 0.6066904), (0.35890475, 0.59078133), (0.38289264, 0.5897275), (0.40911812, 0.6087616), (0.38431135, 0.60719204), (0.38289264, 0.5897275), (0.40743914, 0.59061956), (0.46032313, 0.5985633), (0.4327583, 0.5935552), (0.4309764, 0.5756144), (0.4585272, 0.5817601), (0.4327583, 0.5935552), (0.40743914, 0.5906195), (0.4057093, 0.5722485), (0.4309764, 0.5756144), (0.4309764, 0.5756144), (0.4057093, 0.5722485), (0.40347064, 0.5515879), (0.428904, 0.5572369), (0.4585272, 0.5817601), (0.4309764, 0.5756144), (0.428904, 0.5572369), (0.45433727, 0.5628858), (0.46339983, 0.6316513), (0.43617266, 0.6292064), (0.43446606, 0.61138225), (0.46186593, 0.6151199), (0.43617266, 0.6292064), (0.41079712, 0.62690383), (0.40911812, 0.6087616), (0.43446606, 0.61138225), (0.43446606, 0.61138225), (0.40911812, 0.6087616), (0.40743914, 0.59061956), (0.4327583, 0.5935552), (0.46186593, 0.6151199), (0.43446606, 0.61138225), (0.4327583, 0.5935552), (0.46032313, 0.59856325), (0.5258774, 0.6371586), (0.49371284, 0.6343338), (0.49251387, 0.6199476), (0.5250992, 0.62538505), (0.49371284, 0.6343338), (0.46339983, 0.6316513), (0.46186593, 0.6151199), (0.49251387, 0.6199476), (0.49251387, 0.6199476), (0.46186593, 0.6151199), (0.46032313, 0.59856325), (0.4912873, 0.6054907), (0.5250992, 0.62538505), (0.49251387, 0.6199476), (0.4912873, 0.6054907), (0.52426815, 0.613524), (0.52426815, 0.613524), (0.4912873, 0.60549074), (0.48995507, 0.59085435), (0.5233487, 0.6014749), (0.4912873, 0.60549074), (0.46032313, 0.5985633), (0.4585272, 0.5817601), (0.48995507, 0.59085435), (0.48995507, 0.59085435), (0.4585272, 0.5817601), (0.45433727, 0.5628858), (0.48835683, 0.57590014), (0.5233487, 0.6014749), (0.48995507, 0.59085435), (0.48835683, 0.57590014), (0.52237624, 0.5889144), (0.5864644, 0.6280457), (0.5570303, 0.621566), (0.5565625, 0.6124103), (0.58658206, 0.6216223), (0.5570303, 0.621566), (0.52426815, 0.613524), (0.5233487, 0.6014749), (0.5565625, 0.6124103), (0.5565625, 0.6124103), (0.5233487, 0.6014749), (0.52237624, 0.5889144), (0.55639565, 0.603455), (0.58658206, 0.6216223), (0.5565625, 0.6124103), (0.55639565, 0.603455), (0.590415, 0.6179955), (0.62756413, 0.6336516), (0.60993326, 0.6317851), (0.6100036, 0.6269911), (0.6277224, 0.6300819), (0.60993326, 0.6317851), (0.5864644, 0.6280457), (0.58658206, 0.6216223), (0.6100036, 0.6269911), (0.6100036, 0.6269911), (0.58658206, 0.6216223), (0.590415, 0.6179955), (0.61045486, 0.62258214), (0.6277224, 0.6300819), (0.6100036, 0.6269911), (0.61045486, 0.62258214), (0.63049465, 0.62716866), (0.62756413, 0.6336516), (0.62772244, 0.63008183), (0.6402016, 0.6319571), (0.6405594, 0.6346567), (0.62772244, 0.63008183), (0.63049465, 0.62716866), (0.6397885, 0.62949246), (0.6402016, 0.6319571), (0.6402016, 0.6319571), (0.6397885, 0.62949246), (0.64908206, 0.63181615), (0.6509037, 0.6322778), (0.6405594, 0.6346567), (0.6402016, 0.6319571), (0.6509037, 0.6322778), (0.6516575, 0.6343422), (0.6262369, 0.64103776), (0.6088106, 0.6417398), (0.60952485, 0.63673955), (0.627086, 0.6373307), (0.6088106, 0.6417398), (0.58627856, 0.641582), (0.58645546, 0.63479805), (0.60952485, 0.63673955), (0.60952485, 0.63673955), (0.58645546, 0.63479805), (0.5864644, 0.6280457), (0.6099333, 0.6317851), (0.627086, 0.6373307), (0.60952485, 0.63673955), (0.6099333, 0.6317851), (0.6275641, 0.63365155), (0.58627856, 0.641582), (0.60881066, 0.6417397), (0.6107272, 0.6457935), (0.5875668, 0.6472289), (0.60881066, 0.6417397), (0.6262369, 0.64103776), (0.62851757, 0.6439339), (0.6107272, 0.6457935), (0.6107272, 0.6457935), (0.62851757, 0.6439339), (0.63031685, 0.6466947), (0.6122896, 0.64977354), (0.5875668, 0.6472289), (0.6107272, 0.6457935), (0.6122896, 0.64977354), (0.5887287, 0.6529115), (0.58872867, 0.6529114), (0.6122895, 0.6497735), (0.6134122, 0.65359634), (0.59001565, 0.658666), (0.6122895, 0.6497735), (0.63031673, 0.64669466), (0.6315807, 0.6490799), (0.6134122, 0.65359634), (0.6134122, 0.65359634), (0.6315807, 0.6490799), (0.6350333, 0.64983344), (0.61478335, 0.6572086), (0.59001565, 0.658666), (0.6134122, 0.65359634), (0.61478335, 0.6572086), (0.5945332, 0.66458374), (0.5276675, 0.657122), (0.5597185, 0.65529853), (0.5607804, 0.66330856), (0.5286611, 0.66747904), (0.5597185, 0.65529853), (0.58872867, 0.6529114), (0.59001565, 0.658666), (0.5607804, 0.66330856), (0.5607804, 0.66330856), (0.59001565, 0.658666), (0.5945332, 0.66458374), (0.5621976, 0.67149884), (0.5286611, 0.66747904), (0.5607804, 0.66330856), (0.5621976, 0.67149884), (0.52986187, 0.67841387), (0.46345794, 0.6597671), (0.4951976, 0.65868604), (0.49599987, 0.6711282), (0.46336114, 0.67404175), (0.4951976, 0.65868604), (0.5276675, 0.657122), (0.5286611, 0.66747904), (0.49599987, 0.6711282), (0.49599987, 0.6711282), (0.5286611, 0.66747904), (0.52986187, 0.67841387), (0.49691564, 0.68380266), (0.46336114, 0.67404175), (0.49599987, 0.6711282), (0.49691564, 0.68380266), (0.46396932, 0.68919134), (0.40607885, 0.65940934), (0.43332782, 0.66005325), (0.43112957, 0.67570543), (0.40223932, 0.6760276), (0.43332782, 0.66005325), (0.46345794, 0.6597671), (0.46336114, 0.67404175), (0.43112957, 0.67570543), (0.43112957, 0.67570543), (0.46336114, 0.67404175), (0.46396932, 0.68919134), (0.42814314, 0.6916561), (0.40223932, 0.6760276), (0.43112957, 0.67570543), (0.42814314, 0.6916561), (0.39231688, 0.6941206), (0.41079712, 0.62690383), (0.43617266, 0.62920636), (0.43490127, 0.64458966), (0.40864897, 0.64310384), (0.43617266, 0.62920636), (0.46339983, 0.6316513), (0.46347633, 0.6456778), (0.43490127, 0.64458966), (0.43490127, 0.64458966), (0.46347633, 0.6456778), (0.4634579, 0.65976715), (0.4333278, 0.66005325), (0.40864897, 0.64310384), (0.43490127, 0.64458966), (0.4333278, 0.66005325), (0.40607885, 0.6594093), (0.46339983, 0.6316513), (0.49371284, 0.6343337), (0.49444693, 0.6464555), (0.46347633, 0.6456778), (0.49371284, 0.6343337), (0.52587736, 0.6371586), (0.5267536, 0.6470634), (0.49444693, 0.6464555), (0.49444693, 0.6464555), (0.5267536, 0.6470634), (0.5276675, 0.6571219), (0.4951976, 0.658686), (0.46347633, 0.6456778), (0.49444693, 0.6464555), (0.4951976, 0.658686), (0.4634579, 0.65976715), (0.36098808, 0.65487605), (0.3824913, 0.6577328), (0.38008726, 0.67450887), (0.36097804, 0.6712296), (0.3824913, 0.6577328), (0.40607885, 0.65940934), (0.40223932, 0.6760276), (0.38008726, 0.67450887), (0.38008726, 0.67450887), (0.40223932, 0.6760276), (0.39231688, 0.6941206), (0.37686986, 0.69165605), (0.36097804, 0.6712296), (0.38008726, 0.67450887), (0.37686986, 0.69165605), (0.36142278, 0.68919134), (0.36066306, 0.62259936), (0.38573006, 0.6246567), (0.38426235, 0.6411568), (0.36087832, 0.63872445), (0.38573006, 0.6246567), (0.41079712, 0.62690383), (0.40864897, 0.64310384), (0.38426235, 0.6411568), (0.38426235, 0.6411568), (0.40864897, 0.64310384), (0.40607885, 0.6594093), (0.3824913, 0.6577328), (0.36087832, 0.63872445), (0.38426235, 0.6411568), (0.3824913, 0.6577328), (0.3609881, 0.654876), (0.31052917, 0.61930776), (0.33559608, 0.6208586), (0.33769852, 0.63584036), (0.31458926, 0.632729), (0.33559608, 0.6208586), (0.36066306, 0.62259936), (0.36087832, 0.63872445), (0.33769852, 0.63584036), (0.33769852, 0.63584036), (0.36087832, 0.63872445), (0.3609881, 0.654876), (0.33980316, 0.6508249), (0.31458926, 0.632729), (0.33769852, 0.63584036), (0.33980316, 0.6508249), (0.3187731, 0.64614576), (0.31877306, 0.6461457), (0.33980316, 0.650825), (0.34190097, 0.6658519), (0.32306445, 0.659548), (0.33980316, 0.650825), (0.36098808, 0.65487605), (0.36097804, 0.6712296), (0.34190097, 0.6658519), (0.34190097, 0.6658519), (0.36097804, 0.6712296), (0.36142278, 0.68919134), (0.34395868, 0.6810324), (0.32306445, 0.659548), (0.34190097, 0.6658519), (0.34395868, 0.6810324), (0.32649443, 0.6728733), (0.2765589, 0.63677865), (0.29798025, 0.64142686), (0.30515504, 0.6532105), (0.2876087, 0.64692736), (0.29798025, 0.64142686), (0.31877306, 0.6461457), (0.32306445, 0.659548), (0.30515504, 0.6532105), (0.30515504, 0.6532105), (0.32306445, 0.659548), (0.32649443, 0.6728733), (0.31257647, 0.6649747), (0.2876087, 0.64692736), (0.30515504, 0.6532105), (0.31257647, 0.6649747), (0.2986585, 0.657076), (0.52587736, 0.6371586), (0.55778235, 0.6398479), (0.55874914, 0.64751065), (0.5267536, 0.6470634), (0.55778235, 0.6398479), (0.58627856, 0.641582), (0.5875668, 0.6472289), (0.55874914, 0.64751065), (0.55874914, 0.64751065), (0.5875668, 0.6472289), (0.5887287, 0.6529115), (0.55971843, 0.6552986), (0.5267536, 0.6470634), (0.55874914, 0.64751065), (0.55971843, 0.6552986), (0.5276675, 0.6571219), (0.58627856, 0.641582), (0.55778235, 0.6398479), (0.55744994, 0.63072383), (0.58645546, 0.63479805), (0.55778235, 0.6398479), (0.5258774, 0.6371586), (0.5250992, 0.62538505), (0.55744994, 0.63072383), (0.55744994, 0.63072383), (0.5250992, 0.62538505), (0.52426815, 0.613524), (0.5570303, 0.621566), (0.58645546, 0.63479805), (0.55744994, 0.63072383), (0.5570303, 0.621566), (0.5864644, 0.6280457), (0.65491223, 0.64226526), (0.6538278, 0.64053845), (0.6654453, 0.63786805), (0.6662618, 0.6395356), (0.6538278, 0.64053845), (0.65277666, 0.6386719), (0.6646692, 0.63610125), (0.6654453, 0.63786805), (0.6654453, 0.63786805), (0.6646692, 0.63610125), (0.676565, 0.63266635), (0.6771941, 0.63449246), (0.6662618, 0.6395356), (0.6654453, 0.63786805), (0.6771941, 0.63449246), (0.677867, 0.6362333), (0.67786694, 0.6362333), (0.67719424, 0.6344926), (0.6888191, 0.6307015), (0.6893676, 0.6325412), (0.67719424, 0.6344926), (0.67656505, 0.63266635), (0.6883188, 0.6287672), (0.6888191, 0.6307015), (0.6888191, 0.6307015), (0.6883188, 0.6287672), (0.6998919, 0.6244889), (0.700267, 0.6265541), (0.6893676, 0.6325412), (0.6888191, 0.6307015), (0.700267, 0.6265541), (0.70069146, 0.6284956), (0.6754961, 0.6286441), (0.6633367, 0.6321565), (0.6626638, 0.6301711), (0.67501044, 0.6266129), (0.6633367, 0.6321565), (0.6516575, 0.6343423), (0.6509037, 0.6322777), (0.6626638, 0.6301711), (0.6626638, 0.6301711), (0.6509037, 0.6322777), (0.64908206, 0.63181615), (0.6619016, 0.628383), (0.67501044, 0.6266129), (0.6626638, 0.6301711), (0.6619016, 0.628383), (0.674721, 0.62494975), (0.699357, 0.6198228), (0.68752587, 0.6244874), (0.68716764, 0.6223027), (0.6991273, 0.6174441), (0.68752587, 0.6244874), (0.6754961, 0.6286441), (0.67501044, 0.6266129), (0.68716764, 0.6223027), (0.68716764, 0.6223027), (0.67501044, 0.6266129), (0.674721, 0.62494975), (0.6868339, 0.6201917), (0.6991273, 0.6174441), (0.68716764, 0.6223027), (0.6868339, 0.6201917), (0.6989467, 0.6154335), (0.7226876, 0.6093085), (0.7110554, 0.6146926), (0.7109667, 0.61200315), (0.72275347, 0.606288), (0.7110554, 0.6146926), (0.699357, 0.6198228), (0.6991273, 0.6174441), (0.7109667, 0.61200315), (0.7109667, 0.61200315), (0.6991273, 0.6174441), (0.6989467, 0.6154335), (0.71088296, 0.6093505), (0.72275347, 0.606288), (0.7109667, 0.61200315), (0.71088296, 0.6093505), (0.72281915, 0.60326743), (0.70069146, 0.6284955), (0.700267, 0.62655413), (0.7115517, 0.622086), (0.71185344, 0.6241262), (0.700267, 0.62655413), (0.69989204, 0.6244889), (0.7113014, 0.6198883), (0.7115517, 0.622086), (0.7115517, 0.622086), (0.7113014, 0.6198883), (0.7225562, 0.6153496), (0.7227417, 0.617465), (0.71185344, 0.6241262), (0.7115517, 0.622086), (0.7227417, 0.617465), (0.7229271, 0.61958015), (0.7225562, 0.6153496), (0.7113013, 0.6198883), (0.71115273, 0.61736923), (0.722622, 0.61232907), (0.7113013, 0.6198883), (0.69989204, 0.62448883), (0.69959974, 0.62221766), (0.71115273, 0.61736923), (0.71115273, 0.61736923), (0.69959974, 0.62221766), (0.699357, 0.6198228), (0.7110554, 0.6146926), (0.722622, 0.61232907), (0.71115273, 0.61736923), (0.7110554, 0.6146926), (0.7226876, 0.6093085), (0.699892, 0.6244889), (0.6883187, 0.6287672), (0.6878982, 0.6266748), (0.6995996, 0.62221766), (0.6883187, 0.6287672), (0.676565, 0.6326663), (0.67600876, 0.63069797), (0.6878982, 0.6266748), (0.6878982, 0.6266748), (0.67600876, 0.63069797), (0.6754961, 0.62864417), (0.6875259, 0.62448746), (0.6995996, 0.62221766), (0.6878982, 0.6266748), (0.6875259, 0.62448746), (0.69935685, 0.6198228), (0.67656505, 0.63266623), (0.66466916, 0.63610125), (0.66398084, 0.63417596), (0.6760087, 0.63069785), (0.66466916, 0.63610125), (0.65277666, 0.6386719), (0.65218484, 0.636557), (0.66398084, 0.63417596), (0.66398084, 0.63417596), (0.65218484, 0.636557), (0.6516575, 0.6343423), (0.6633367, 0.6321565), (0.6760087, 0.63069785), (0.66398084, 0.63417596), (0.6633367, 0.6321565), (0.6754961, 0.6286441), (0.70167464, 0.63257295), (0.701134, 0.6304362), (0.71216494, 0.62614924), (0.7124864, 0.62819195), (0.701134, 0.6304362), (0.70069146, 0.6284955), (0.71185344, 0.6241262), (0.71216494, 0.62614924), (0.71216494, 0.62614924), (0.71185344, 0.6241262), (0.7229271, 0.61958015), (0.7231126, 0.62169546), (0.7124864, 0.62819195), (0.71216494, 0.62614924), (0.7231126, 0.62169546), (0.723298, 0.62381077), (0.679345, 0.639922), (0.67855686, 0.63797957), (0.6899289, 0.6343746), (0.69050986, 0.63624763), (0.67855686, 0.63797957), (0.677867, 0.6362333), (0.6893675, 0.63254106), (0.6899289, 0.6343746), (0.6899289, 0.6343746), (0.6893675, 0.63254106), (0.70069146, 0.6284955), (0.701134, 0.6304362), (0.69050986, 0.63624763), (0.6899289, 0.6343746), (0.701134, 0.6304362), (0.70167464, 0.63257295), (0.6563085, 0.6458578), (0.6557924, 0.6439434), (0.6670591, 0.6411916), (0.66782683, 0.64289), (0.6557924, 0.6439434), (0.65491223, 0.64226526), (0.6662618, 0.6395356), (0.6670591, 0.6411916), (0.6670591, 0.6411916), (0.6662618, 0.6395356), (0.677867, 0.6362333), (0.67855686, 0.63797957), (0.66782683, 0.64289), (0.6670591, 0.6411916), (0.67855686, 0.63797957), (0.679345, 0.639922), (0.65277666, 0.6386719), (0.6538277, 0.64053845), (0.6421594, 0.64235735), (0.6402916, 0.6402006), (0.6538277, 0.64053845), (0.6549123, 0.6422652), (0.6437017, 0.64439845), (0.6421594, 0.64235735), (0.6421594, 0.64235735), (0.6437017, 0.64439845), (0.63031673, 0.64669466), (0.6285175, 0.6439339), (0.6402916, 0.6402006), (0.6421594, 0.64235735), (0.6285175, 0.6439339), (0.6262369, 0.64103776), (0.6350333, 0.64983344), (0.63158065, 0.64908004), (0.64473677, 0.6462346), (0.64567095, 0.6478457), (0.63158065, 0.64908004), (0.63031673, 0.64669466), (0.64370173, 0.6443984), (0.64473677, 0.6462346), (0.64473677, 0.6462346), (0.64370173, 0.6443984), (0.65491223, 0.64226526), (0.6557924, 0.6439434), (0.64567095, 0.6478457), (0.64473677, 0.6462346), (0.6557924, 0.6439434), (0.6563085, 0.6458578), (0.65277666, 0.6386719), (0.6402916, 0.6402006), (0.6405447, 0.63742906), (0.65218484, 0.636557), (0.6402916, 0.6402006), (0.6262369, 0.64103776), (0.627086, 0.63733065), (0.6405447, 0.63742906), (0.6405447, 0.63742906), (0.627086, 0.63733065), (0.62756413, 0.6336516), (0.64055943, 0.6346567), (0.65218484, 0.636557), (0.6405447, 0.63742906), (0.64055943, 0.6346567), (0.6516575, 0.6343423), (0.2603953, 0.6162693), (0.28546223, 0.6177885), (0.29154858, 0.62961376), (0.2684771, 0.62652403), (0.28546223, 0.6177885), (0.31052914, 0.6193077), (0.31458923, 0.6327289), (0.29154858, 0.62961376), (0.29154858, 0.62961376), (0.31458923, 0.6327289), (0.31877306, 0.6461457), (0.29798025, 0.64142686), (0.2684771, 0.62652403), (0.29154858, 0.62961376), (0.29798025, 0.64142686), (0.2765589, 0.63677865), (0.31052917, 0.61930776), (0.28546223, 0.6177885), (0.2889636, 0.609474), (0.3119747, 0.6082701), (0.28546223, 0.6177885), (0.2603953, 0.6162693), (0.26625165, 0.61076665), (0.2889636, 0.609474), (0.2889636, 0.609474), (0.26625165, 0.61076665), (0.27210802, 0.6052639), (0.29276085, 0.600839), (0.3119747, 0.6082701), (0.2889636, 0.609474), (0.29276085, 0.600839), (0.3135262, 0.5971177), (0.3135262, 0.5971177), (0.29276085, 0.600839), (0.29715893, 0.5915073), (0.3150253, 0.5858388), (0.29276085, 0.600839), (0.27210802, 0.6052639), (0.2805083, 0.59700555), (0.29715893, 0.5915073), (0.29715893, 0.5915073), (0.2805083, 0.59700555), (0.2889086, 0.5887471), (0.30162376, 0.58191997), (0.3150253, 0.5858388), (0.29715893, 0.5915073), (0.30162376, 0.58191997), (0.3143389, 0.57509273), (0.3589048, 0.5907813), (0.3356411, 0.59352267), (0.33561668, 0.5797941), (0.35795236, 0.57468987), (0.3356411, 0.59352267), (0.3135262, 0.5971177), (0.3150253, 0.5858388), (0.33561668, 0.5797941), (0.33561668, 0.5797941), (0.3150253, 0.5858388), (0.3143389, 0.57509273), (0.3353031, 0.5659337), (0.35795236, 0.57468987), (0.33561668, 0.5797941), (0.3353031, 0.5659337), (0.3562672, 0.5567745), (0.3606631, 0.62259936), (0.33559608, 0.62085867), (0.33561203, 0.6071978), (0.35978395, 0.6066904), (0.33559608, 0.62085867), (0.31052914, 0.61930776), (0.31197467, 0.60827017), (0.33561203, 0.6071978), (0.33561203, 0.6071978), (0.31197467, 0.60827017), (0.31352618, 0.59711784), (0.3356411, 0.5935226), (0.35978395, 0.6066904), (0.33561203, 0.6071978), (0.3356411, 0.5935226), (0.35890475, 0.59078133), (0.40743914, 0.5906195), (0.3828926, 0.5897274), (0.3814429, 0.57216), (0.4057093, 0.5722485), (0.3828926, 0.5897274), (0.3589048, 0.5907813), (0.35795236, 0.57468987), (0.3814429, 0.57216), (0.3814429, 0.57216), (0.35795236, 0.57468987), (0.3562672, 0.5567745), (0.37986898, 0.5541813), (0.4057093, 0.5722485), (0.3814429, 0.57216), (0.37986898, 0.5541813), (0.40347064, 0.5515879), (0.41079712, 0.62690383), (0.3857301, 0.6246567), (0.38431135, 0.60719204), (0.40911812, 0.6087616), (0.3857301, 0.6246567), (0.3606631, 0.62259936), (0.35978395, 0.6066904), (0.38431135, 0.60719204), (0.38431135, 0.60719204), (0.35978395, 0.6066904), (0.35890475, 0.59078133), (0.38289264, 0.5897275), (0.40911812, 0.6087616), (0.38431135, 0.60719204), (0.38289264, 0.5897275), (0.40743914, 0.59061956), (0.46032313, 0.5985633), (0.4327583, 0.5935552), (0.4309764, 0.5756144), (0.4585272, 0.5817601), (0.4327583, 0.5935552), (0.40743914, 0.5906195), (0.4057093, 0.5722485), (0.4309764, 0.5756144), (0.4309764, 0.5756144), (0.4057093, 0.5722485), (0.40347064, 0.5515879), (0.428904, 0.5572369), (0.4585272, 0.5817601), (0.4309764, 0.5756144), (0.428904, 0.5572369), (0.45433727, 0.5628858), (0.46339983, 0.6316513), (0.43617266, 0.6292064), (0.43446606, 0.61138225), (0.46186593, 0.6151199), (0.43617266, 0.6292064), (0.41079712, 0.62690383), (0.40911812, 0.6087616), (0.43446606, 0.61138225), (0.43446606, 0.61138225), (0.40911812, 0.6087616), (0.40743914, 0.59061956), (0.4327583, 0.5935552), (0.46186593, 0.6151199), (0.43446606, 0.61138225), (0.4327583, 0.5935552), (0.46032313, 0.59856325), (0.5258774, 0.6371586), (0.49371284, 0.6343338), (0.49251387, 0.6199476), (0.5250992, 0.62538505), (0.49371284, 0.6343338), (0.46339983, 0.6316513), (0.46186593, 0.6151199), (0.49251387, 0.6199476), (0.49251387, 0.6199476), (0.46186593, 0.6151199), (0.46032313, 0.59856325), (0.4912873, 0.6054907), (0.5250992, 0.62538505), (0.49251387, 0.6199476), (0.4912873, 0.6054907), (0.52426815, 0.613524), (0.52426815, 0.613524), (0.4912873, 0.60549074), (0.48995507, 0.59085435), (0.5233487, 0.6014749), (0.4912873, 0.60549074), (0.46032313, 0.5985633), (0.4585272, 0.5817601), (0.48995507, 0.59085435), (0.48995507, 0.59085435), (0.4585272, 0.5817601), (0.45433727, 0.5628858), (0.48835683, 0.57590014), (0.5233487, 0.6014749), (0.48995507, 0.59085435), (0.48835683, 0.57590014), (0.52237624, 0.5889144), (0.5864644, 0.6280457), (0.5570303, 0.621566), (0.5565625, 0.6124103), (0.58658206, 0.6216223), (0.5570303, 0.621566), (0.52426815, 0.613524), (0.5233487, 0.6014749), (0.5565625, 0.6124103), (0.5565625, 0.6124103), (0.5233487, 0.6014749), (0.52237624, 0.5889144), (0.55639565, 0.603455), (0.58658206, 0.6216223), (0.5565625, 0.6124103), (0.55639565, 0.603455), (0.590415, 0.6179955), (0.62756413, 0.6336516), (0.60993326, 0.6317851), (0.6100036, 0.6269911), (0.6277224, 0.6300819), (0.60993326, 0.6317851), (0.5864644, 0.6280457), (0.58658206, 0.6216223), (0.6100036, 0.6269911), (0.6100036, 0.6269911), (0.58658206, 0.6216223), (0.590415, 0.6179955), (0.61045486, 0.62258214), (0.6277224, 0.6300819), (0.6100036, 0.6269911), (0.61045486, 0.62258214), (0.63049465, 0.62716866), (0.62756413, 0.6336516), (0.62772244, 0.63008183), (0.6402016, 0.6319571), (0.6405594, 0.6346567), (0.62772244, 0.63008183), (0.63049465, 0.62716866), (0.6397885, 0.62949246), (0.6402016, 0.6319571), (0.6402016, 0.6319571), (0.6397885, 0.62949246), (0.64908206, 0.63181615), (0.6509037, 0.6322778), (0.6405594, 0.6346567), (0.6402016, 0.6319571), (0.6509037, 0.6322778), (0.6516575, 0.6343422), (0.6262369, 0.64103776), (0.6088106, 0.6417398), (0.60952485, 0.63673955), (0.627086, 0.6373307), (0.6088106, 0.6417398), (0.58627856, 0.641582), (0.58645546, 0.63479805), (0.60952485, 0.63673955), (0.60952485, 0.63673955), (0.58645546, 0.63479805), (0.5864644, 0.6280457), (0.6099333, 0.6317851), (0.627086, 0.6373307), (0.60952485, 0.63673955), (0.6099333, 0.6317851), (0.6275641, 0.63365155), (0.58627856, 0.641582), (0.60881066, 0.6417397), (0.6107272, 0.6457935), (0.5875668, 0.6472289), (0.60881066, 0.6417397), (0.6262369, 0.64103776), (0.62851757, 0.6439339), (0.6107272, 0.6457935), (0.6107272, 0.6457935), (0.62851757, 0.6439339), (0.63031685, 0.6466947), (0.6122896, 0.64977354), (0.5875668, 0.6472289), (0.6107272, 0.6457935), (0.6122896, 0.64977354), (0.5887287, 0.6529115), (0.58872867, 0.6529114), (0.6122895, 0.6497735), (0.6134122, 0.65359634), (0.59001565, 0.658666), (0.6122895, 0.6497735), (0.63031673, 0.64669466), (0.6315807, 0.6490799), (0.6134122, 0.65359634), (0.6134122, 0.65359634), (0.6315807, 0.6490799), (0.6350333, 0.64983344), (0.61478335, 0.6572086), (0.59001565, 0.658666), (0.6134122, 0.65359634), (0.61478335, 0.6572086), (0.5945332, 0.66458374), (0.5276675, 0.657122), (0.5597185, 0.65529853), (0.5607804, 0.66330856), (0.5286611, 0.66747904), (0.5597185, 0.65529853), (0.58872867, 0.6529114), (0.59001565, 0.658666), (0.5607804, 0.66330856), (0.5607804, 0.66330856), (0.59001565, 0.658666), (0.5945332, 0.66458374), (0.5621976, 0.67149884), (0.5286611, 0.66747904), (0.5607804, 0.66330856), (0.5621976, 0.67149884), (0.52986187, 0.67841387), (0.46345794, 0.6597671), (0.4951976, 0.65868604), (0.49599987, 0.6711282), (0.46336114, 0.67404175), (0.4951976, 0.65868604), (0.5276675, 0.657122), (0.5286611, 0.66747904), (0.49599987, 0.6711282), (0.49599987, 0.6711282), (0.5286611, 0.66747904), (0.52986187, 0.67841387), (0.49691564, 0.68380266), (0.46336114, 0.67404175), (0.49599987, 0.6711282), (0.49691564, 0.68380266), (0.46396932, 0.68919134), (0.40607885, 0.65940934), (0.43332782, 0.66005325), (0.43112957, 0.67570543), (0.40223932, 0.6760276), (0.43332782, 0.66005325), (0.46345794, 0.6597671), (0.46336114, 0.67404175), (0.43112957, 0.67570543), (0.43112957, 0.67570543), (0.46336114, 0.67404175), (0.46396932, 0.68919134), (0.42814314, 0.6916561), (0.40223932, 0.6760276), (0.43112957, 0.67570543), (0.42814314, 0.6916561), (0.39231688, 0.6941206), (0.41079712, 0.62690383), (0.43617266, 0.62920636), (0.43490127, 0.64458966), (0.40864897, 0.64310384), (0.43617266, 0.62920636), (0.46339983, 0.6316513), (0.46347633, 0.6456778), (0.43490127, 0.64458966), (0.43490127, 0.64458966), (0.46347633, 0.6456778), (0.4634579, 0.65976715), (0.4333278, 0.66005325), (0.40864897, 0.64310384), (0.43490127, 0.64458966), (0.4333278, 0.66005325), (0.40607885, 0.6594093), (0.46339983, 0.6316513), (0.49371284, 0.6343337), (0.49444693, 0.6464555), (0.46347633, 0.6456778), (0.49371284, 0.6343337), (0.52587736, 0.6371586), (0.5267536, 0.6470634), (0.49444693, 0.6464555), (0.49444693, 0.6464555), (0.5267536, 0.6470634), (0.5276675, 0.6571219), (0.4951976, 0.658686), (0.46347633, 0.6456778), (0.49444693, 0.6464555), (0.4951976, 0.658686), (0.4634579, 0.65976715), (0.36098808, 0.65487605), (0.3824913, 0.6577328), (0.38008726, 0.67450887), (0.36097804, 0.6712296), (0.3824913, 0.6577328), (0.40607885, 0.65940934), (0.40223932, 0.6760276), (0.38008726, 0.67450887), (0.38008726, 0.67450887), (0.40223932, 0.6760276), (0.39231688, 0.6941206), (0.37686986, 0.69165605), (0.36097804, 0.6712296), (0.38008726, 0.67450887), (0.37686986, 0.69165605), (0.36142278, 0.68919134), (0.36066306, 0.62259936), (0.38573006, 0.6246567), (0.38426235, 0.6411568), (0.36087832, 0.63872445), (0.38573006, 0.6246567), (0.41079712, 0.62690383), (0.40864897, 0.64310384), (0.38426235, 0.6411568), (0.38426235, 0.6411568), (0.40864897, 0.64310384), (0.40607885, 0.6594093), (0.3824913, 0.6577328), (0.36087832, 0.63872445), (0.38426235, 0.6411568), (0.3824913, 0.6577328), (0.3609881, 0.654876), (0.31052917, 0.61930776), (0.33559608, 0.6208586), (0.33769852, 0.63584036), (0.31458926, 0.632729), (0.33559608, 0.6208586), (0.36066306, 0.62259936), (0.36087832, 0.63872445), (0.33769852, 0.63584036), (0.33769852, 0.63584036), (0.36087832, 0.63872445), (0.3609881, 0.654876), (0.33980316, 0.6508249), (0.31458926, 0.632729), (0.33769852, 0.63584036), (0.33980316, 0.6508249), (0.3187731, 0.64614576), (0.31877306, 0.6461457), (0.33980316, 0.650825), (0.34190097, 0.6658519), (0.32306445, 0.659548), (0.33980316, 0.650825), (0.36098808, 0.65487605), (0.36097804, 0.6712296), (0.34190097, 0.6658519), (0.34190097, 0.6658519), (0.36097804, 0.6712296), (0.36142278, 0.68919134), (0.34395868, 0.6810324), (0.32306445, 0.659548), (0.34190097, 0.6658519), (0.34395868, 0.6810324), (0.32649443, 0.6728733), (0.2765589, 0.63677865), (0.29798025, 0.64142686), (0.30515504, 0.6532105), (0.2876087, 0.64692736), (0.29798025, 0.64142686), (0.31877306, 0.6461457), (0.32306445, 0.659548), (0.30515504, 0.6532105), (0.30515504, 0.6532105), (0.32306445, 0.659548), (0.32649443, 0.6728733), (0.31257647, 0.6649747), (0.2876087, 0.64692736), (0.30515504, 0.6532105), (0.31257647, 0.6649747), (0.2986585, 0.657076), (0.52587736, 0.6371586), (0.55778235, 0.6398479), (0.55874914, 0.64751065), (0.5267536, 0.6470634), (0.55778235, 0.6398479), (0.58627856, 0.641582), (0.5875668, 0.6472289), (0.55874914, 0.64751065), (0.55874914, 0.64751065), (0.5875668, 0.6472289), (0.5887287, 0.6529115), (0.55971843, 0.6552986), (0.5267536, 0.6470634), (0.55874914, 0.64751065), (0.55971843, 0.6552986), (0.5276675, 0.6571219), (0.58627856, 0.641582), (0.55778235, 0.6398479), (0.55744994, 0.63072383), (0.58645546, 0.63479805), (0.55778235, 0.6398479), (0.5258774, 0.6371586), (0.5250992, 0.62538505), (0.55744994, 0.63072383), (0.55744994, 0.63072383), (0.5250992, 0.62538505), (0.52426815, 0.613524), (0.5570303, 0.621566), (0.58645546, 0.63479805), (0.55744994, 0.63072383), (0.5570303, 0.621566), (0.5864644, 0.6280457), (0.65491223, 0.64226526), (0.6538278, 0.64053845), (0.6654453, 0.63786805), (0.6662618, 0.6395356), (0.6538278, 0.64053845), (0.65277666, 0.6386719), (0.6646692, 0.63610125), (0.6654453, 0.63786805), (0.6654453, 0.63786805), (0.6646692, 0.63610125), (0.676565, 0.63266635), (0.6771941, 0.63449246), (0.6662618, 0.6395356), (0.6654453, 0.63786805), (0.6771941, 0.63449246), (0.677867, 0.6362333), (0.67786694, 0.6362333), (0.67719424, 0.6344926), (0.6888191, 0.6307015), (0.6893676, 0.6325412), (0.67719424, 0.6344926), (0.67656505, 0.63266635), (0.6883188, 0.6287672), (0.6888191, 0.6307015), (0.6888191, 0.6307015), (0.6883188, 0.6287672), (0.6998919, 0.6244889), (0.700267, 0.6265541), (0.6893676, 0.6325412), (0.6888191, 0.6307015), (0.700267, 0.6265541), (0.70069146, 0.6284956), (0.6754961, 0.6286441), (0.6633367, 0.6321565), (0.6626638, 0.6301711), (0.67501044, 0.6266129), (0.6633367, 0.6321565), (0.6516575, 0.6343423), (0.6509037, 0.6322777), (0.6626638, 0.6301711), (0.6626638, 0.6301711), (0.6509037, 0.6322777), (0.64908206, 0.63181615), (0.6619016, 0.628383), (0.67501044, 0.6266129), (0.6626638, 0.6301711), (0.6619016, 0.628383), (0.674721, 0.62494975), (0.699357, 0.6198228), (0.68752587, 0.6244874), (0.68716764, 0.6223027), (0.6991273, 0.6174441), (0.68752587, 0.6244874), (0.6754961, 0.6286441), (0.67501044, 0.6266129), (0.68716764, 0.6223027), (0.68716764, 0.6223027), (0.67501044, 0.6266129), (0.674721, 0.62494975), (0.6868339, 0.6201917), (0.6991273, 0.6174441), (0.68716764, 0.6223027), (0.6868339, 0.6201917), (0.6989467, 0.6154335), (0.7226876, 0.6093085), (0.7110554, 0.6146926), (0.7109667, 0.61200315), (0.72275347, 0.606288), (0.7110554, 0.6146926), (0.699357, 0.6198228), (0.6991273, 0.6174441), (0.7109667, 0.61200315), (0.7109667, 0.61200315), (0.6991273, 0.6174441), (0.6989467, 0.6154335), (0.71088296, 0.6093505), (0.72275347, 0.606288), (0.7109667, 0.61200315), (0.71088296, 0.6093505), (0.72281915, 0.60326743), (0.70069146, 0.6284955), (0.700267, 0.62655413), (0.7115517, 0.622086), (0.71185344, 0.6241262), (0.700267, 0.62655413), (0.69989204, 0.6244889), (0.7113014, 0.6198883), (0.7115517, 0.622086), (0.7115517, 0.622086), (0.7113014, 0.6198883), (0.7225562, 0.6153496), (0.7227417, 0.617465), (0.71185344, 0.6241262), (0.7115517, 0.622086), (0.7227417, 0.617465), (0.7229271, 0.61958015), (0.7225562, 0.6153496), (0.7113013, 0.6198883), (0.71115273, 0.61736923), (0.722622, 0.61232907), (0.7113013, 0.6198883), (0.69989204, 0.62448883), (0.69959974, 0.62221766), (0.71115273, 0.61736923), (0.71115273, 0.61736923), (0.69959974, 0.62221766), (0.699357, 0.6198228), (0.7110554, 0.6146926), (0.722622, 0.61232907), (0.71115273, 0.61736923), (0.7110554, 0.6146926), (0.7226876, 0.6093085), (0.699892, 0.6244889), (0.6883187, 0.6287672), (0.6878982, 0.6266748), (0.6995996, 0.62221766), (0.6883187, 0.6287672), (0.676565, 0.6326663), (0.67600876, 0.63069797), (0.6878982, 0.6266748), (0.6878982, 0.6266748), (0.67600876, 0.63069797), (0.6754961, 0.62864417), (0.6875259, 0.62448746), (0.6995996, 0.62221766), (0.6878982, 0.6266748), (0.6875259, 0.62448746), (0.69935685, 0.6198228), (0.67656505, 0.63266623), (0.66466916, 0.63610125), (0.66398084, 0.63417596), (0.6760087, 0.63069785), (0.66466916, 0.63610125), (0.65277666, 0.6386719), (0.65218484, 0.636557), (0.66398084, 0.63417596), (0.66398084, 0.63417596), (0.65218484, 0.636557), (0.6516575, 0.6343423), (0.6633367, 0.6321565), (0.6760087, 0.63069785), (0.66398084, 0.63417596), (0.6633367, 0.6321565), (0.6754961, 0.6286441), (0.70167464, 0.63257295), (0.701134, 0.6304362), (0.71216494, 0.62614924), (0.7124864, 0.62819195), (0.701134, 0.6304362), (0.70069146, 0.6284955), (0.71185344, 0.6241262), (0.71216494, 0.62614924), (0.71216494, 0.62614924), (0.71185344, 0.6241262), (0.7229271, 0.61958015), (0.7231126, 0.62169546), (0.7124864, 0.62819195), (0.71216494, 0.62614924), (0.7231126, 0.62169546), (0.723298, 0.62381077), (0.679345, 0.639922), (0.67855686, 0.63797957), (0.6899289, 0.6343746), (0.69050986, 0.63624763), (0.67855686, 0.63797957), (0.677867, 0.6362333), (0.6893675, 0.63254106), (0.6899289, 0.6343746), (0.6899289, 0.6343746), (0.6893675, 0.63254106), (0.70069146, 0.6284955), (0.701134, 0.6304362), (0.69050986, 0.63624763), (0.6899289, 0.6343746), (0.701134, 0.6304362), (0.70167464, 0.63257295), (0.6563085, 0.6458578), (0.6557924, 0.6439434), (0.6670591, 0.6411916), (0.66782683, 0.64289), (0.6557924, 0.6439434), (0.65491223, 0.64226526), (0.6662618, 0.6395356), (0.6670591, 0.6411916), (0.6670591, 0.6411916), (0.6662618, 0.6395356), (0.677867, 0.6362333), (0.67855686, 0.63797957), (0.66782683, 0.64289), (0.6670591, 0.6411916), (0.67855686, 0.63797957), (0.679345, 0.639922), (0.65277666, 0.6386719), (0.6538277, 0.64053845), (0.6421594, 0.64235735), (0.6402916, 0.6402006), (0.6538277, 0.64053845), (0.6549123, 0.6422652), (0.6437017, 0.64439845), (0.6421594, 0.64235735), (0.6421594, 0.64235735), (0.6437017, 0.64439845), (0.63031673, 0.64669466), (0.6285175, 0.6439339), (0.6402916, 0.6402006), (0.6421594, 0.64235735), (0.6285175, 0.6439339), (0.6262369, 0.64103776), (0.6350333, 0.64983344), (0.63158065, 0.64908004), (0.64473677, 0.6462346), (0.64567095, 0.6478457), (0.63158065, 0.64908004), (0.63031673, 0.64669466), (0.64370173, 0.6443984), (0.64473677, 0.6462346), (0.64473677, 0.6462346), (0.64370173, 0.6443984), (0.65491223, 0.64226526), (0.6557924, 0.6439434), (0.64567095, 0.6478457), (0.64473677, 0.6462346), (0.6557924, 0.6439434), (0.6563085, 0.6458578), (0.65277666, 0.6386719), (0.6402916, 0.6402006), (0.6405447, 0.63742906), (0.65218484, 0.636557), (0.6402916, 0.6402006), (0.6262369, 0.64103776), (0.627086, 0.63733065), (0.6405447, 0.63742906), (0.6405447, 0.63742906), (0.627086, 0.63733065), (0.62756413, 0.6336516), (0.64055943, 0.6346567), (0.65218484, 0.636557), (0.6405447, 0.63742906), (0.64055943, 0.6346567), (0.6516575, 0.6343423)] (
                interpolation = "faceVarying"
            )
            uniform token subdivisionScheme = "none"
            custom string userProperties:blender:data_name = "Plane.042"
        }
    }

    def Scope "_materials"
    {
        def Material "weed_plant_02"
        {
            token outputs:surface.connect = </root/_materials/weed_plant_02/PBRShader.outputs:surface>
            custom string userProperties:blender:data_name = "weed_plant_02"

            def Shader "PBRShader"
            {
                uniform token info:id = "UsdPreviewSurface"
                color3f inputs:diffuseColor.connect = </root/_materials/weed_plant_02/diffuseTex.outputs:rgb>
                float inputs:metallic = 0
                normal3f inputs:normal.connect = </root/_materials/weed_plant_02/normalTex.outputs:rgb>
                float inputs:opacity.connect = </root/_materials/weed_plant_02/opacityTex.outputs:r>
                float inputs:opacityThreshold = 0.35
                float inputs:roughness = 0.8
                float inputs:roughness.connect = </root/_materials/weed_plant_02/roughTex.outputs:r>
                token outputs:surface
            }

            def Shader "stReader"
            {
                uniform token info:id = "UsdPrimvarReader_float2"
                token inputs:varname = "UVMap"
                float2 outputs:result
            }

            def Shader "diffuseTex"
            {
                uniform token info:id = "UsdUVTexture"
                asset inputs:file = @textures/weed_plant_02_diff_4k.jpg@
                token inputs:sourceColorSpace = "sRGB"
                float2 inputs:st.connect = </root/_materials/weed_plant_02/stReader.outputs:result>
                token inputs:wrapS = "repeat"
                token inputs:wrapT = "repeat"
                float3 outputs:rgb
            }

            def Shader "opacityTex"
            {
                uniform token info:id = "UsdUVTexture"
                asset inputs:file = @textures/weed_plant_02_alpha_4k.png@
                token inputs:sourceColorSpace = "raw"
                float2 inputs:st.connect = </root/_materials/weed_plant_02/stReader.outputs:result>
                token inputs:wrapS = "repeat"
                token inputs:wrapT = "repeat"
                float outputs:r
            }

            def Shader "roughTex"
            {
                uniform token info:id = "UsdUVTexture"
                asset inputs:file = @textures/weed_plant_02_rough_4k.exr@
                token inputs:sourceColorSpace = "raw"
                float2 inputs:st.connect = </root/_materials/weed_plant_02/stReader.outputs:result>
                token inputs:wrapS = "repeat"
                token inputs:wrapT = "repeat"
                float outputs:r
            }

            def Shader "normalTex"
            {
                uniform token info:id = "UsdUVTexture"
                float4 inputs:bias = (-1, -1, -1, 0)
                asset inputs:file = @textures/weed_plant_02_nor_gl_4k.exr@
                float4 inputs:scale = (2, 2, 2, 1)
                token inputs:sourceColorSpace = "raw"
                float2 inputs:st.connect = </root/_materials/weed_plant_02/stReader.outputs:result>
                token inputs:wrapS = "repeat"
                token inputs:wrapT = "repeat"
                normal3f outputs:rgb
            }
        }
    }
}

