#usda 1.0
(
    defaultPrim = "root"
    doc = "Blender v4.2.10 LTS"
    metersPerUnit = 1
    upAxis = "Z"
)

def Xform "root" (
    customData = {
        dictionary Blender = {
            bool generated = 1
        }
    }
)
{
    def Xform "nettle_plant_medium_a_LOD0"
    {
        custom string userProperties:blender:object_name = "nettle_plant_medium_a_LOD0"

        def Mesh "Plane_096" (
            active = true
            prepend apiSchemas = ["MaterialBindingAPI"]
        )
        {
            int[] creaseIndices = [6, 967, 967, 7, 1, 968, 968, 6, 7, 977, 977, 12, 26, 997, 997, 27, 28, 998, 998, 26, 27, 1021, 1021, 39, 39, 1024, 1024, 1, 231, 1394, 1394, 230, 230, 1396, 1396, 233, 233, 1397, 1397, 234, 255, 1425, 1425, 256, 250, 1426, 1426, 255, 248, 1443, 1443, 250, 248, 1445, 1445, 245, 245, 1448, 1448, 243, 243, 1449, 1449, 231, 277, 1473, 1473, 276, 276, 1475, 1475, 279, 279, 1476, 1476, 280, 303, 1508, 1508, 302, 297, 1520, 1520, 303, 294, 1522, 1522, 297, 294, 1524, 1524, 291, 291, 1527, 1527, 289, 289, 1528, 1528, 277, 333, 1563, 1563, 328, 334, 1564, 1564, 333, 355, 1602, 1602, 334, 328, 1613, 1613, 326, 326, 1614, 1614, 322, 322, 1617, 1617, 319, 319, 1619, 1619, 316, 316, 1621, 1621, 314, 314, 1622, 1622, 312, 368, 1633, 1633, 369, 370, 1634, 1634, 368, 407, 1650, 1650, 384, 384, 1659, 1659, 388, 388, 1662, 1662, 370, 395, 1674, 1674, 396, 397, 1675, 1675, 395, 396, 1686, 1686, 404, 369, 1692, 1692, 397, 383, 1704, 1704, 407, 431, 1732, 1732, 426, 432, 1733, 1733, 431, 451, 1767, 1767, 432, 426, 1778, 1778, 424, 424, 1779, 1779, 420, 420, 1782, 1782, 417, 417, 1784, 1784, 414, 414, 1786, 1786, 412, 479, 1815, 1815, 480, 481, 1816, 1816, 479, 480, 1853, 1853, 471, 471, 1855, 1855, 468, 465, 1857, 1857, 468, 465, 1859, 1859, 462, 462, 1861, 1861, 460, 460, 1862, 1862, 458, 514, 1877, 1877, 513, 513, 1879, 1879, 516, 516, 1880, 1880, 517, 538, 1908, 1908, 539, 533, 1909, 1909, 538, 539, 1922, 1922, 547, 531, 1935, 1935, 533, 531, 1937, 1937, 528, 528, 1940, 1940, 526, 526, 1941, 1941, 514, 566, 1957, 1957, 556, 555, 1969, 1969, 565, 565, 1970, 1970, 566, 595, 1989, 1989, 575, 577, 1990, 1990, 576, 555, 1991, 1991, 578, 578, 1992, 1992, 577, 576, 2019, 2019, 593, 593, 2023, 2023, 595, 611, 2044, 2044, 610, 610, 2046, 2046, 613, 613, 2047, 2047, 614, 637, 2079, 2079, 636, 631, 2091, 2091, 637, 628, 2093, 2093, 631, 628, 2095, 2095, 625, 625, 2098, 2098, 623, 623, 2099, 2099, 611, 652, 2119, 2119, 653, 654, 2120, 2120, 652, 669, 2138, 2138, 670, 671, 2139, 2139, 669, 670, 2153, 2153, 677, 677, 2156, 2156, 654, 684, 2169, 2169, 685, 686, 2170, 2170, 684, 685, 2181, 2181, 693, 653, 2187, 2187, 686, 708, 2211, 2211, 707, 707, 2213, 2213, 710, 710, 2214, 2214, 711, 734, 2246, 2246, 733, 728, 2258, 2258, 734, 725, 2260, 2260, 728, 725, 2262, 2262, 722, 722, 2265, 2265, 720, 720, 2266, 2266, 708, 754, 2290, 2290, 753, 753, 2292, 2292, 756, 756, 2293, 2293, 757, 780, 2325, 2325, 779, 774, 2337, 2337, 780, 771, 2339, 2339, 774, 771, 2341, 2341, 768, 768, 2344, 2344, 766, 766, 2345, 2345, 754, 800, 2369, 2369, 799, 799, 2371, 2371, 802, 802, 2372, 2372, 803, 820, 2407, 2407, 823, 817, 2409, 2409, 820, 817, 2411, 2411, 814, 814, 2414, 2414, 812, 812, 2415, 2415, 800, 841, 2439, 2439, 840, 840, 2441, 2441, 843, 843, 2442, 2442, 844, 867, 2474, 2474, 866, 861, 2486, 2486, 867, 858, 2488, 2488, 861, 858, 2490, 2490, 855, 855, 2493, 2493, 853, 853, 2494, 2494, 841, 887, 2518, 2518, 886, 886, 2520, 2520, 889, 889, 2521, 2521, 890, 907, 2556, 2556, 910, 904, 2558, 2558, 907, 904, 2560, 2560, 901, 901, 2563, 2563, 899, 899, 2564, 2564, 887]
            int[] creaseLengths = [2, 2, 2, 2, 2, 2, 2, 2, 2, 2, 2, 2, 2, 2, 2, 2, 2, 2, 2, 2, 2, 2, 2, 2, 2, 2, 2, 2, 2, 2, 2, 2, 2, 2, 2, 2, 2, 2, 2, 2, 2, 2, 2, 2, 2, 2, 2, 2, 2, 2, 2, 2, 2, 2, 2, 2, 2, 2, 2, 2, 2, 2, 2, 2, 2, 2, 2, 2, 2, 2, 2, 2, 2, 2, 2, 2, 2, 2, 2, 2, 2, 2, 2, 2, 2, 2, 2, 2, 2, 2, 2, 2, 2, 2, 2, 2, 2, 2, 2, 2, 2, 2, 2, 2, 2, 2, 2, 2, 2, 2, 2, 2, 2, 2, 2, 2, 2, 2, 2, 2, 2, 2, 2, 2, 2, 2, 2, 2, 2, 2, 2, 2, 2, 2, 2, 2, 2, 2, 2, 2, 2, 2, 2, 2, 2, 2, 2, 2, 2, 2, 2, 2, 2, 2, 2, 2, 2, 2, 2, 2, 2, 2, 2, 2, 2, 2, 2, 2, 2, 2, 2, 2, 2, 2, 2, 2, 2, 2, 2, 2, 2, 2, 2, 2, 2, 2, 2, 2, 2, 2, 2, 2, 2, 2, 2, 2, 2, 2, 2, 2, 2, 2, 2, 2, 2, 2, 2, 2, 2, 2, 2, 2, 2, 2, 2, 2, 2, 2, 2, 2, 2, 2, 2, 2, 2, 2, 2, 2, 2, 2, 2, 2, 2, 2, 2, 2, 2, 2, 2, 2, 2, 2, 2, 2, 2, 2, 2, 2, 2, 2, 2, 2, 2, 2, 2, 2, 2, 2, 2, 2, 2, 2, 2, 2, 2, 2, 2, 2, 2, 2, 2, 2, 2, 2, 2, 2, 2, 2, 2, 2, 2, 2]
            float[] creaseSharpnesses = [10, 10, 10, 10, 10, 10, 10, 10, 10, 10, 10, 10, 10, 10, 10, 10, 10, 10, 10, 10, 10, 10, 10, 10, 10, 10, 10, 10, 10, 10, 10, 10, 10, 10, 10, 10, 10, 10, 10, 10, 10, 10, 10, 10, 10, 10, 10, 10, 10, 10, 10, 10, 10, 10, 10, 10, 10, 10, 10, 10, 10, 10, 10, 10, 10, 10, 10, 10, 10, 10, 10, 10, 10, 10, 10, 10, 10, 10, 10, 10, 10, 10, 10, 10, 10, 10, 10, 10, 10, 10, 10, 10, 10, 10, 10, 10, 10, 10, 10, 10, 10, 10, 10, 10, 10, 10, 10, 10, 10, 10, 10, 10, 10, 10, 10, 10, 10, 10, 10, 10, 10, 10, 10, 10, 10, 10, 10, 10, 10, 10, 10, 10, 10, 10, 10, 10, 10, 10, 10, 10, 10, 10, 10, 10, 10, 10, 10, 10, 10, 10, 10, 10, 10, 10, 10, 10, 10, 10, 10, 10, 10, 10, 10, 10, 10, 10, 10, 10, 10, 10, 10, 10, 10, 10, 10, 10, 10, 10, 10, 10, 10, 10, 10, 10, 10, 10, 10, 10, 10, 10, 10, 10, 10, 10, 10, 10, 10, 10, 10, 10, 10, 10, 10, 10, 10, 10, 10, 10, 10, 10, 10, 10, 10, 10, 10, 10, 10, 10, 10, 10, 10, 10, 10, 10, 10, 10, 10, 10, 10, 10, 10, 10, 10, 10, 10, 10, 10, 10, 10, 10, 10, 10, 10, 10, 10, 10, 10, 10, 10, 10, 10, 10, 10, 10, 10, 10, 10, 10, 10, 10, 10, 10, 10, 10, 10, 10, 10, 10, 10, 10, 10, 10, 10, 10, 10, 10, 10, 10, 10, 10, 10, 10]
            uniform bool doubleSided = 1
            float3[] extent = [(-0.02843003, -0.042498104, -0.001564474), (0.04885657, 0.046565197, 0.12992631)]
            int[] faceVertexCounts = [4, 4, 4, 4, 4, 4, 4, 4, 4, 4, 4, 4, 4, 4, 4, 4, 4, 4, 4, 4, 4, 4, 4, 4, 4, 4, 4, 4, 4, 4, 4, 4, 4, 4, 4, 4, 4, 4, 4, 4, 4, 4, 4, 4, 4, 4, 4, 4, 4, 4, 4, 4, 4, 4, 4, 4, 4, 4, 4, 4, 4, 4, 4, 4, 4, 4, 4, 4, 4, 4, 4, 4, 4, 4, 4, 4, 4, 4, 4, 4, 4, 4, 4, 4, 4, 4, 4, 4, 4, 4, 4, 4, 4, 4, 4, 4, 4, 4, 4, 4, 4, 4, 4, 4, 4, 4, 4, 4, 4, 4, 4, 4, 4, 4, 4, 4, 4, 4, 4, 4, 4, 4, 4, 4, 4, 4, 4, 4, 4, 4, 4, 4, 4, 4, 4, 4, 4, 4, 4, 4, 4, 4, 4, 4, 4, 4, 4, 4, 4, 4, 4, 4, 4, 4, 4, 4, 4, 4, 4, 4, 4, 4, 4, 4, 4, 4, 4, 4, 4, 4, 4, 4, 4, 4, 4, 4, 4, 4, 4, 4, 4, 4, 4, 4, 4, 4, 4, 4, 4, 4, 4, 4, 4, 4, 4, 4, 4, 4, 4, 4, 4, 4, 4, 4, 4, 4, 4, 4, 4, 4, 4, 4, 4, 4, 4, 4, 4, 4, 4, 4, 4, 4, 4, 4, 4, 4, 4, 4, 4, 4, 4, 4, 4, 4, 4, 4, 4, 4, 4, 4, 4, 4, 4, 4, 4, 4, 4, 4, 4, 4, 4, 4, 4, 4, 4, 4, 4, 4, 4, 4, 4, 4, 4, 4, 4, 4, 4, 4, 4, 4, 4, 4, 4, 4, 4, 4, 4, 4, 4, 4, 4, 4, 4, 4, 4, 4, 4, 4, 4, 4, 4, 4, 4, 4, 4, 4, 4, 4, 4, 4, 4, 4, 4, 4, 4, 4, 4, 4, 4, 4, 4, 4, 4, 4, 4, 4, 4, 4, 4, 4, 4, 4, 4, 4, 4, 4, 4, 4, 4, 4, 4, 4, 4, 4, 4, 4, 4, 4, 4, 4, 4, 4, 4, 4, 4, 4, 4, 4, 4, 4, 4, 4, 4, 4, 4, 4, 4, 4, 4, 4, 4, 4, 4, 4, 4, 4, 4, 4, 4, 4, 4, 4, 4, 4, 4, 4, 4, 4, 4, 4, 4, 4, 4, 4, 4, 4, 4, 4, 4, 4, 4, 4, 4, 4, 4, 4, 4, 4, 4, 4, 4, 4, 4, 4, 4, 4, 4, 4, 4, 4, 4, 4, 4, 4, 4, 4, 4, 4, 4, 4, 4, 4, 4, 4, 4, 4, 4, 4, 4, 4, 4, 4, 4, 4, 4, 4, 4, 4, 4, 4, 4, 4, 4, 4, 4, 4, 4, 4, 4, 4, 4, 4, 4, 4, 4, 4, 4, 4, 4, 4, 4, 4, 4, 4, 4, 4, 4, 4, 4, 4, 4, 4, 4, 4, 4, 4, 4, 4, 4, 4, 4, 4, 4, 4, 4, 4, 4, 4, 4, 4, 4, 4, 4, 4, 4, 4, 4, 4, 4, 4, 4, 4, 4, 4, 4, 4, 4, 4, 4, 4, 4, 4, 4, 4, 4, 4, 4, 4, 4, 4, 4, 4, 4, 4, 4, 4, 4, 4, 4, 4, 4, 4, 4, 4, 4, 4, 4, 4, 4, 4, 4, 4, 4, 4, 4, 4, 4, 4, 4, 4, 4, 4, 4, 4, 4, 4, 4, 4, 4, 4, 4, 4, 4, 4, 4, 4, 4, 4, 4, 4, 4, 4, 4, 4, 4, 4, 4, 4, 4, 4, 4, 4, 4, 4, 4, 4, 4, 4, 4, 4, 4, 4, 4, 4, 4, 4, 4, 4, 4, 4, 4, 4, 4, 4, 4, 4, 4, 4, 4, 4, 4, 4, 4, 4, 4, 4, 4, 4, 4, 4, 4, 4, 4, 4, 4, 4, 4, 4, 4, 4, 4, 4, 4, 4, 4, 4, 4, 4, 4, 4, 4, 4, 4, 4, 4, 4, 4, 4, 4, 4, 4, 4, 4, 4, 4, 4, 4, 4, 4, 4, 4, 4, 4, 4, 4, 4, 4, 4, 4, 4, 4, 4, 4, 4, 4, 4, 4, 4, 4, 4, 4, 4, 4, 4, 4, 4, 4, 4, 4, 4, 4, 4, 4, 4, 4, 4, 4, 4, 4, 4, 4, 4, 4, 4, 4, 4, 4, 4, 4, 4, 4, 4, 4, 4, 4, 4, 4, 4, 4, 4, 4, 4, 4, 4, 4, 4, 4, 4, 4, 4, 4, 4, 4, 4, 4, 4, 4, 4, 4, 4, 4, 4, 4, 4, 4, 4, 4, 4, 4, 4, 4, 4, 4, 4, 4, 4, 4, 4, 4, 4, 4, 4, 4, 4, 4, 4, 4, 4, 4, 4, 4, 4, 4, 4, 4, 4, 4, 4, 4, 4, 4, 4, 4, 4, 4, 4, 4, 4, 4, 4, 4, 4, 4, 4, 4, 4, 4, 4, 4, 4, 4, 4, 4, 4, 4, 4, 4, 4, 4, 4, 4, 4, 4, 4, 4, 4, 4, 4, 4, 4, 4, 4, 4, 4, 4, 4, 4, 4, 4, 4, 4, 4, 4, 4, 4, 4, 4, 4, 4, 4, 4, 4, 4, 4, 4, 4, 4, 4, 4, 4, 4, 4, 4, 4, 4, 4, 4, 4, 4, 4, 4, 4, 4, 4, 4, 4, 4, 4, 4, 4, 4, 4, 4, 4, 4, 4, 4, 4, 4, 4, 4, 4, 4, 4, 4, 4, 4, 4, 4, 4, 4, 4, 4, 4, 4, 4, 4, 4, 4, 4, 4, 4, 4, 4, 4, 4, 4, 4, 4, 4, 4, 4, 4, 4, 4, 4, 4, 4, 4, 4, 4, 4, 4, 4, 4, 4, 4, 4, 4, 4, 4, 4, 4, 4, 4, 4, 4, 4, 4, 4, 4, 4, 4, 4, 4, 4, 4, 4, 4, 4, 4, 4, 4, 4, 4, 4, 4, 4, 4, 4, 4, 4, 4, 4, 4, 4, 4, 4, 4, 4, 4, 4, 4, 4, 4, 4, 4, 4, 4, 4, 4, 4, 4, 4, 4, 4, 4, 4, 4, 4, 4, 4, 4, 4, 4, 4, 4, 4, 4, 4, 4, 4, 4, 4, 4, 4, 4, 4, 4, 4, 4, 4, 4, 4, 4, 4, 4, 4, 4, 4, 4, 4, 4, 4, 4, 4, 4, 4, 4, 4, 4, 4, 4, 4, 4, 4, 4, 4, 4, 4, 4, 4, 4, 4, 4, 4, 4, 4, 4, 4, 4, 4, 4, 4, 4, 4, 4, 4, 4, 4, 4, 4, 4, 4, 4, 4, 4, 4, 4, 4, 4, 4, 4, 4, 4, 4, 4, 4, 4, 4, 4, 4, 4, 4, 4, 4, 4, 4, 4, 4, 4, 4, 4, 4, 4, 4, 4, 4, 4, 4, 4, 4, 4, 4, 4, 4, 4, 4, 4, 4, 4, 4, 4, 4, 4, 4, 4, 4, 4, 4, 4, 4, 4, 4, 4, 4, 4, 4, 4, 4, 4, 4, 4, 4, 4, 4, 4, 4, 4, 4, 4, 4, 4, 4, 4, 4, 4, 4, 4, 4, 4, 4, 4, 4, 4, 4, 4, 4, 4, 4, 4, 4, 4, 4, 4, 4, 4, 4, 4, 4, 4, 4, 4, 4, 4, 4, 4, 4, 4, 4, 4, 4, 4, 4, 4, 4, 4, 4, 4, 4, 4, 4, 4, 4, 4, 4, 4, 4, 4, 4, 4, 4, 4, 4, 4, 4, 4, 4, 4, 4, 4, 4, 4, 4, 4, 4, 4, 4, 4, 4, 4, 4, 4, 4, 4, 4, 4, 4, 4, 4, 4, 4, 4, 4, 4, 4, 4, 4, 4, 4, 4, 4, 4, 4, 4, 4, 4, 4, 4, 4, 4, 4, 4, 4, 4, 4, 4, 4, 4, 4, 4, 4, 4, 4, 4, 4, 4, 4, 4, 4, 4, 4, 4, 4, 4, 4, 4, 4, 4, 4, 4, 4, 4, 4, 4, 4, 4, 4, 4, 4, 4, 4, 4, 4, 4, 4, 4, 4, 4, 4, 4, 4, 4, 4, 4, 4, 4, 4, 4, 4, 4, 4, 4, 4, 4, 4, 4, 4, 4, 4, 4, 4, 4, 4, 4, 4, 4, 4, 4, 4, 4, 4, 4, 4, 4, 4, 4, 4, 4, 4, 4, 4, 4, 4, 4, 4, 4, 4, 4, 4, 4, 4, 4, 4, 4, 4, 4, 4, 4, 4, 4, 4, 4, 4, 4, 4, 4, 4, 4, 4, 4, 4, 4, 4, 4, 4, 4, 4, 4, 4, 4, 4, 4, 4, 4, 4, 4, 4, 4, 4, 4, 4, 4, 4, 4, 4, 4, 4, 4, 4, 4, 4, 4, 4, 4, 4, 4, 4, 4, 4, 4, 4, 4, 4, 4, 4, 4, 4, 4, 4, 4, 4, 4, 4, 4, 4, 4, 4, 4, 4, 4, 4, 4, 4, 4, 4, 4, 4, 4, 4, 4, 4, 4, 4, 4, 4, 4, 4, 4, 4, 4, 4, 4, 4, 4, 4, 4, 4, 4, 4, 4, 4, 4, 4, 4, 4, 4, 4, 4, 4, 4, 4, 4, 4, 4, 4, 4, 4, 4, 4, 4, 4, 4, 4, 4, 4, 4, 4, 4, 4, 4, 4, 4, 4, 4, 4, 4, 4, 4, 4, 4, 4, 4, 4, 4, 4, 4, 4, 4, 4, 4, 4, 4, 4, 4, 4, 4, 4, 4, 4, 4, 4, 4, 4, 4, 4, 4, 4, 4, 4, 4, 4, 4, 4, 4, 4, 4, 4, 4, 4, 4, 4, 4, 4, 4, 4, 4, 4, 4, 4, 4, 4, 4, 4, 4, 4, 4, 4, 4, 4, 4, 4, 4, 4, 4, 4, 4, 4, 4, 4, 4, 4, 4, 4, 4, 4, 4, 4, 4, 4, 4, 4, 4, 4, 4, 4, 4, 4, 4, 4, 4, 4, 4, 4, 4, 4, 4, 4, 4, 4, 4, 4, 4, 4, 4, 4, 4, 4, 4, 4, 4, 4, 4, 4, 4, 4, 4, 4, 4, 4, 4, 4, 4, 4, 4, 4, 4, 4, 4, 4, 4, 4, 4, 4, 4, 4, 4, 4, 4, 4, 4, 4, 4, 4, 4, 4, 4, 4, 4, 4, 4, 4, 4, 4, 4, 4, 4, 4, 4, 4, 4, 4, 4, 4, 4, 4, 4, 4, 4, 4, 4, 4, 4, 4, 4, 4, 4, 4, 4, 4, 4, 4, 4, 4, 4, 4, 4, 4, 4, 4, 4, 4, 4, 4, 4, 4, 4, 4, 4, 4, 4, 4, 4, 4, 4, 4, 4, 4, 4, 4, 4, 4, 4, 4, 4, 4, 4, 4, 4, 4, 4, 4, 4, 4, 4, 4, 4, 4, 4, 4, 4, 4, 4, 4, 4, 4, 4, 4, 4, 4, 4, 4, 4, 4, 4, 4, 4, 4, 4, 4, 4, 4, 4, 4, 4, 4, 4, 4, 4, 4, 4, 4, 4, 4, 4, 4, 4, 4, 4, 4, 4, 4, 4, 4, 4, 4, 4, 4, 4, 4, 4, 4, 4, 4, 4, 4, 4, 4, 4, 4, 4, 4, 4, 4, 4, 4, 4, 4, 4, 4, 4, 4, 4, 4, 4, 4, 4, 4, 4, 4, 4, 4, 4, 4, 4, 4, 4, 4, 4, 4, 4, 4, 4, 4, 4, 4, 4, 4, 4, 4, 4, 4, 4, 4, 4, 4, 4, 4, 4, 4, 4, 4, 4, 4, 4, 4, 4, 4, 4, 4, 4, 4, 4, 4, 4, 4, 4, 4, 4, 4, 4, 4, 4, 4, 4, 4, 4, 4, 4, 4, 4, 4, 4, 4, 4, 4, 4, 4, 4, 4, 4, 4, 4, 4, 4, 4, 4, 4, 4, 4, 4, 4, 4, 4, 4, 4, 4, 4, 4, 4, 4, 4, 4, 4, 4, 4, 4, 4, 4, 4, 4, 4, 4, 4, 4, 4, 4, 4, 4, 4, 4, 4, 4, 4, 4, 4, 4, 4, 4, 4, 4, 4, 4, 4, 4, 4, 4, 4, 4, 4, 4, 4, 4, 4, 4, 4, 4, 4, 4, 4, 4, 4, 4, 4, 4, 4, 4, 4, 4, 4, 4, 4, 4, 4, 4, 4, 4, 4, 4, 4, 4, 4, 4, 4, 4, 4, 4, 4, 4, 4, 4, 4, 4, 4, 4, 4, 4, 4, 4, 4, 4, 4, 4, 4, 4, 4, 4, 4, 4, 4, 4, 4, 4, 4, 4, 4, 4, 4, 4, 4, 4, 4, 4, 4, 4, 4, 4, 4, 4, 4, 4, 4, 4, 4, 4, 4, 4, 4, 4, 4, 4, 4, 4, 4, 4, 4, 4, 4, 4, 4, 4, 4, 4, 4, 4, 4, 4, 4, 4, 4, 4, 4, 4, 4, 4, 4, 4, 4, 4, 4, 4, 4, 4, 4, 4, 4, 4, 4, 4, 4, 4, 4, 4, 4, 4, 4, 4, 4, 4, 4, 4, 4, 4, 4, 4, 4, 4, 4, 4, 4, 4, 4, 4, 4, 4, 4, 4, 4, 4, 4, 4, 4, 4, 4, 4, 4, 4, 4, 4, 4, 4, 4, 4, 4, 4, 4, 4, 4, 4, 4, 4, 4, 4, 4, 4, 4, 4, 4, 4, 4, 4, 4, 4, 4, 4, 4, 4, 4, 4, 4, 4, 4, 4, 4, 4, 4, 4, 4, 4, 4, 4, 4, 4, 4, 4, 4, 4, 4, 4, 4, 4, 4, 4, 4, 4, 4, 4, 4, 4, 4, 4, 4, 4, 4, 4, 4, 4, 4, 4, 4, 4, 4, 4, 4, 4, 4, 4, 4, 4, 4, 4, 4, 4, 4, 4, 4, 4, 4, 4, 4, 4, 4, 4, 4, 4, 4, 4, 4, 4, 4, 4, 4, 4, 4, 4, 4, 4, 4, 4, 4, 4, 4, 4, 4, 4, 4, 4, 4, 4, 4, 4, 4, 4, 4, 4, 4, 4, 4, 4, 4, 4, 4, 4, 4, 4, 4, 4, 4, 4, 4, 4, 4, 4, 4, 4, 4, 4, 4, 4, 4, 4, 4, 4, 4, 4, 4, 4, 4, 4, 4, 4, 4, 4, 4, 4, 4, 4, 4, 4, 4, 4, 4, 4, 4, 4, 4, 4, 4, 4, 4, 4, 4, 4, 4, 4, 4, 4, 4, 4, 4, 4, 4, 4, 4, 4, 4, 4, 4, 4, 4, 4, 4, 4, 4, 4, 4, 4, 4, 4, 4, 4, 4, 4, 4, 4, 4, 4, 4, 4, 4, 4, 4, 4, 4, 4, 4, 4, 4, 4, 4, 4, 4, 4, 4, 4, 4, 4, 4, 4, 4, 4, 4, 4, 4, 4, 4, 4, 4, 4, 4, 4, 4, 4, 4, 4, 4, 4, 4, 4, 4, 4, 4, 4, 4, 4, 4, 4, 4, 4, 4, 4, 4, 4, 4, 4, 4, 4, 4, 4, 4, 4, 4, 4, 4, 4, 4, 4, 4, 4, 4, 4, 4, 4, 4, 4, 4, 4, 4, 4, 4, 4, 4, 4, 4, 4, 4, 4, 4, 4, 4, 4, 4, 4, 4, 4, 4, 4, 4, 4, 4, 4, 4, 4, 4, 4, 4, 4, 4, 4, 4, 4, 4, 4, 4, 4, 4, 4, 4, 4, 4, 4, 4, 4, 4, 4, 4, 4, 4, 4, 4, 4, 4, 4, 4, 4, 4, 4, 4, 4, 4, 4, 4, 4, 4, 4, 4, 4, 4, 4, 4, 4, 4, 4, 4, 4, 4, 4, 4, 4, 4, 4, 4, 4, 4, 4, 4, 4, 4, 4, 4, 4, 4, 4, 4, 4, 4, 4, 4, 4, 4, 4, 4, 4, 4, 4, 4, 4, 4, 4, 4, 4, 4, 4, 4, 4, 4, 4, 4, 4, 4, 4, 4, 4, 4, 4, 4, 4, 4, 4, 4, 4, 4, 4, 4, 4, 4, 4, 4, 4, 4, 4, 4, 4, 4, 4, 4, 4, 4, 4, 4, 4, 4, 4, 4, 4, 4, 4, 4, 4, 4, 4, 4, 4, 4, 4, 4, 4, 4, 4, 4, 4, 4, 4, 4, 4, 4, 4, 4, 4, 4, 4, 4, 4, 4, 4, 4, 4, 4, 4, 4, 4, 4, 4, 4, 4, 4, 4, 4, 4, 4, 4, 4, 4, 4, 4, 4, 4, 4, 4, 4, 4, 4, 4, 4, 4, 4, 4, 4, 4, 4, 4, 4, 4, 4, 4, 4, 4, 4, 4, 4, 4, 4, 4, 4, 4, 4, 4, 4, 4, 4, 4, 4, 4, 4, 4, 4, 4, 4, 4, 4, 4, 4, 4, 4, 4, 4, 4, 4, 4, 4, 4, 4, 4, 4, 4, 4, 4, 4, 4, 4, 4, 4, 4, 4, 4, 4, 4, 4, 4, 4, 4, 4, 4, 4, 4, 4, 4, 4, 4, 4, 4, 4, 4, 4, 4, 4, 4, 4, 4, 4, 4, 4, 4, 4, 4, 4, 4, 4, 4, 4, 4, 4, 4, 4, 4, 4, 4, 4, 4, 4, 4, 4, 4, 4, 4, 4, 4, 4, 4, 4, 4, 4, 4, 4, 4, 4, 4, 4, 4, 4, 4, 4, 4, 4, 4, 4, 4, 4, 4, 4, 4, 4, 4, 4, 4, 4, 4, 4, 4, 4, 4, 4, 4, 4, 4, 4, 4, 4, 4, 4, 4, 4, 4, 4, 4, 4, 4, 4, 4, 4, 4, 4, 4, 4, 4, 4, 4, 4, 4, 4, 4, 4, 4, 4, 4, 4, 4, 4, 4, 4, 4, 4, 4, 4, 4, 4, 4, 4, 4, 4, 4, 4, 4, 4, 4, 4, 4, 4, 4, 4, 4, 4, 4, 4, 4, 4, 4, 4, 4, 4, 4, 4, 4, 4, 4, 4, 4, 4, 4, 4, 4, 4, 4, 4, 4, 4, 4, 4, 4, 4, 4, 4, 4, 4, 4, 4, 4, 4, 4, 4, 4, 4, 4, 4, 4, 4, 4, 4, 4, 4, 4, 4, 4, 4, 4, 4, 4, 4, 4, 4, 4, 4, 4, 4, 4, 4, 4, 4, 4, 4, 4, 4, 4, 4, 4, 4, 4, 4, 4, 4, 4, 4, 4, 4, 4, 4, 4, 4, 4, 4, 4, 4, 4, 4, 4, 4, 4, 4, 4, 4, 4, 4, 4, 4, 4, 4, 4, 4, 4, 4, 4, 4, 4, 4, 4, 4, 4, 4]
            int[] faceVertexIndices = [1, 968, 2645, 961, 968, 6, 966, 2645, 2645, 966, 4, 964, 961, 2645, 964, 0, 0, 962, 2646, 961, 962, 2, 1022, 2646, 2646, 1022, 39, 1024, 961, 2646, 1024, 1, 0, 963, 2647, 962, 963, 3, 1013, 2647, 2647, 1013, 38, 1014, 962, 2647, 1014, 2, 6, 967, 2648, 966, 967, 7, 1027, 2648, 2648, 1027, 5, 965, 966, 2648, 965, 4, 8, 971, 2649, 969, 971, 10, 972, 2649, 2649, 972, 7, 967, 969, 2649, 967, 6, 9, 970, 2650, 978, 970, 8, 969, 2650, 2650, 969, 6, 968, 978, 2650, 968, 1, 10, 973, 2651, 972, 973, 11, 974, 2651, 2651, 974, 12, 977, 972, 2651, 977, 7, 7, 977, 2652, 1027, 977, 12, 975, 2652, 2652, 975, 13, 976, 1027, 2652, 976, 5, 1, 1024, 2653, 978, 1024, 39, 1023, 2653, 2653, 1023, 14, 979, 978, 2653, 979, 9, 17, 982, 2654, 983, 982, 15, 980, 2654, 2654, 980, 9, 979, 983, 2654, 979, 14, 18, 985, 2655, 984, 985, 16, 981, 2655, 2655, 981, 15, 982, 984, 2655, 982, 17, 19, 986, 2656, 1026, 986, 18, 984, 2656, 2656, 984, 17, 983, 1026, 2656, 983, 14, 20, 990, 2657, 987, 990, 23, 992, 2657, 2657, 992, 16, 985, 987, 2657, 985, 18, 22, 989, 2658, 995, 989, 20, 987, 2658, 2658, 987, 18, 986, 995, 2658, 986, 19, 21, 993, 2659, 988, 993, 24, 991, 2659, 2659, 991, 23, 990, 988, 2659, 990, 20, 25, 1025, 2660, 994, 1025, 21, 988, 2660, 2660, 988, 20, 989, 994, 2660, 989, 22, 26, 998, 2661, 996, 998, 28, 1019, 2661, 2661, 1019, 25, 994, 996, 2661, 994, 22, 27, 997, 2662, 1020, 997, 26, 996, 2662, 2662, 996, 22, 995, 1020, 2662, 995, 19, 30, 1000, 2663, 1017, 1000, 29, 999, 2663, 2663, 999, 26, 997, 1017, 2663, 997, 27, 29, 1001, 2664, 999, 1001, 31, 1016, 2664, 2664, 1016, 28, 998, 999, 2664, 998, 26, 32, 1002, 2665, 1004, 1002, 29, 1000, 2665, 2665, 1000, 30, 1012, 1004, 2665, 1012, 34, 33, 1015, 2666, 1003, 1015, 31, 1001, 2666, 2666, 1001, 29, 1002, 1003, 2666, 1002, 32, 35, 1007, 2667, 1005, 1007, 37, 1008, 2667, 2667, 1008, 33, 1003, 1005, 2667, 1003, 32, 36, 1006, 2668, 1009, 1006, 35, 1005, 2668, 2668, 1005, 32, 1004, 1009, 2668, 1004, 34, 3, 1010, 2669, 1013, 1010, 36, 1009, 2669, 2669, 1009, 34, 1011, 1013, 2669, 1011, 38, 34, 1012, 2670, 1011, 1012, 30, 1018, 2670, 2670, 1018, 2, 1014, 1011, 2670, 1014, 38, 2, 1018, 2671, 1022, 1018, 30, 1017, 2671, 2671, 1017, 27, 1021, 1022, 2671, 1021, 39, 39, 1021, 2672, 1023, 1021, 27, 1020, 2672, 2672, 1020, 19, 1026, 1023, 2672, 1026, 14, 112, 1342, 2673, 1151, 1342, 42, 1039, 2673, 2673, 1039, 52, 1044, 1151, 2673, 1044, 200, 111, 1344, 2674, 1158, 1344, 48, 1032, 2674, 2674, 1032, 45, 1045, 1158, 2674, 1045, 199, 110, 1160, 2675, 1149, 1160, 198, 1046, 2675, 2675, 1046, 53, 1040, 1149, 2675, 1040, 55, 109, 1148, 2676, 1165, 1148, 47, 1033, 2676, 2676, 1033, 41, 1047, 1165, 2676, 1047, 197, 108, 1150, 2677, 1346, 1150, 196, 1048, 2677, 2677, 1048, 50, 1041, 1346, 2677, 1041, 54, 199, 1045, 2678, 1166, 1045, 45, 1034, 2678, 2678, 1034, 47, 1148, 1166, 2678, 1148, 109, 198, 1152, 2679, 1046, 1152, 108, 1346, 2679, 2679, 1346, 54, 1042, 1046, 2679, 1042, 53, 107, 1147, 2680, 1164, 1147, 46, 1035, 2680, 2680, 1035, 48, 1344, 1164, 2680, 1344, 111, 106, 1155, 2681, 1343, 1155, 195, 1049, 2681, 2681, 1049, 40, 1028, 1343, 2681, 1028, 44, 107, 1161, 2682, 1147, 1161, 110, 1149, 2682, 2682, 1149, 55, 1043, 1147, 2682, 1043, 46, 200, 1044, 2683, 1157, 1044, 52, 1036, 2683, 2683, 1036, 49, 1050, 1157, 2683, 1050, 113, 105, 1159, 2684, 1163, 1159, 197, 1047, 2684, 2684, 1047, 41, 1029, 1163, 2684, 1029, 43, 104, 1345, 2685, 1162, 1345, 51, 1037, 2685, 2685, 1037, 50, 1048, 1162, 2685, 1048, 196, 195, 1153, 2686, 1049, 1153, 105, 1163, 2686, 2686, 1163, 43, 1030, 1049, 2686, 1030, 40, 113, 1050, 2687, 1154, 1050, 49, 1038, 2687, 2687, 1038, 51, 1345, 1154, 2687, 1345, 104, 112, 1156, 2688, 1342, 1156, 106, 1343, 2688, 2688, 1343, 44, 1031, 1342, 2688, 1031, 42, 207, 1379, 2689, 1354, 1379, 201, 1067, 2689, 2689, 1067, 57, 1052, 1354, 2689, 1052, 59, 208, 1355, 2690, 1378, 1355, 67, 1060, 2690, 2690, 1060, 66, 1069, 1378, 2690, 1069, 202, 209, 1377, 2691, 1356, 1377, 207, 1354, 2691, 2691, 1354, 59, 1053, 1356, 2691, 1053, 56, 210, 1357, 2692, 1376, 1357, 65, 1061, 2692, 2692, 1061, 67, 1355, 1376, 2692, 1355, 208, 211, 1375, 2693, 1358, 1375, 203, 1073, 2693, 2693, 1073, 60, 1054, 1358, 2693, 1054, 58, 211, 1358, 2694, 1374, 1358, 58, 1062, 2694, 2694, 1062, 68, 1075, 1374, 2694, 1075, 204, 212, 1359, 2695, 1373, 1359, 64, 1055, 2695, 2695, 1055, 61, 1076, 1373, 2695, 1076, 205, 213, 1372, 2696, 1360, 1372, 206, 1078, 2696, 2696, 1078, 69, 1063, 1360, 2696, 1063, 71, 214, 1361, 2697, 1371, 1361, 63, 1056, 2697, 2697, 1056, 57, 1067, 1371, 2697, 1067, 201, 215, 1370, 2698, 1362, 1370, 202, 1069, 2698, 2698, 1069, 66, 1064, 1362, 2698, 1064, 70, 205, 1076, 2699, 1369, 1076, 61, 1057, 2699, 2699, 1057, 63, 1361, 1369, 2699, 1361, 214, 206, 1368, 2700, 1078, 1368, 215, 1362, 2700, 2700, 1362, 70, 1065, 1078, 2700, 1065, 69, 216, 1363, 2701, 1367, 1363, 62, 1058, 2701, 2701, 1058, 64, 1359, 1367, 2701, 1359, 212, 203, 1366, 2702, 1073, 1366, 209, 1356, 2702, 2702, 1356, 56, 1051, 1073, 2702, 1051, 60, 216, 1365, 2703, 1363, 1365, 213, 1360, 2703, 2703, 1360, 71, 1066, 1363, 2703, 1066, 62, 204, 1075, 2704, 1364, 1075, 68, 1059, 2704, 2704, 1059, 65, 1357, 1364, 2704, 1357, 210, 131, 1200, 2705, 1230, 1200, 77, 1089, 2705, 2705, 1089, 79, 1099, 1230, 2705, 1099, 130, 133, 1229, 2706, 1202, 1229, 132, 1101, 2706, 2706, 1101, 86, 1097, 1202, 2706, 1097, 85, 135, 1204, 2707, 1228, 1204, 78, 1090, 2707, 2707, 1090, 80, 1103, 1228, 2707, 1103, 134, 137, 1227, 2708, 1206, 1227, 136, 1105, 2708, 2708, 1105, 72, 1083, 1206, 2708, 1083, 76, 135, 1226, 2709, 1204, 1226, 138, 1107, 2709, 2709, 1107, 87, 1098, 1204, 2709, 1098, 78, 140, 1209, 2710, 1225, 1209, 84, 1091, 2710, 2710, 1091, 81, 1108, 1225, 2710, 1108, 139, 142, 1224, 2711, 1211, 1224, 141, 1110, 2711, 2711, 1110, 73, 1084, 1211, 2711, 1084, 75, 144, 1213, 2712, 1223, 1213, 83, 1092, 2712, 2712, 1092, 82, 1112, 1223, 2712, 1112, 143, 136, 1222, 2713, 1105, 1222, 142, 1211, 2713, 2713, 1211, 75, 1085, 1105, 2713, 1085, 72, 139, 1108, 2714, 1221, 1108, 81, 1093, 2714, 2714, 1093, 83, 1213, 1221, 2714, 1213, 144, 145, 1220, 2715, 1214, 1220, 137, 1206, 2715, 2715, 1206, 76, 1086, 1214, 2715, 1086, 74, 145, 1214, 2716, 1219, 1214, 74, 1094, 2716, 2716, 1094, 84, 1209, 1219, 2716, 1209, 140, 134, 1103, 2717, 1218, 1103, 80, 1087, 2717, 2717, 1087, 77, 1200, 1218, 2717, 1200, 131, 138, 1217, 2718, 1107, 1217, 133, 1202, 2718, 2718, 1202, 85, 1095, 1107, 2718, 1095, 87, 130, 1099, 2719, 1216, 1099, 79, 1088, 2719, 2719, 1088, 73, 1110, 1216, 2719, 1110, 141, 132, 1215, 2720, 1101, 1215, 143, 1112, 2720, 2720, 1112, 82, 1096, 1101, 2720, 1096, 86, 180, 1305, 2721, 1335, 1305, 90, 1126, 2721, 2721, 1126, 100, 1131, 1335, 2721, 1131, 179, 182, 1307, 2722, 1334, 1307, 96, 1119, 2722, 2722, 1119, 93, 1133, 1334, 2722, 1133, 181, 184, 1333, 2723, 1309, 1333, 183, 1135, 2723, 2723, 1135, 101, 1127, 1309, 2723, 1127, 103, 186, 1311, 2724, 1332, 1311, 95, 1120, 2724, 2724, 1120, 89, 1137, 1332, 2724, 1137, 185, 188, 1331, 2725, 1313, 1331, 187, 1139, 2725, 2725, 1139, 98, 1128, 1313, 2725, 1128, 102, 181, 1133, 2726, 1330, 1133, 93, 1121, 2726, 2726, 1121, 95, 1311, 1330, 2726, 1311, 186, 183, 1329, 2727, 1135, 1329, 188, 1313, 2727, 2727, 1313, 102, 1129, 1135, 2727, 1129, 101, 189, 1314, 2728, 1328, 1314, 94, 1122, 2728, 2728, 1122, 96, 1307, 1328, 2728, 1307, 182, 191, 1327, 2729, 1316, 1327, 190, 1142, 2729, 2729, 1142, 88, 1115, 1316, 2729, 1115, 92, 189, 1326, 2730, 1314, 1326, 184, 1309, 2730, 2730, 1309, 103, 1130, 1314, 2730, 1130, 94, 179, 1131, 2731, 1325, 1131, 100, 1123, 2731, 2731, 1123, 97, 1144, 1325, 2731, 1144, 192, 193, 1324, 2732, 1318, 1324, 185, 1137, 2732, 2732, 1137, 89, 1116, 1318, 2732, 1116, 91, 194, 1319, 2733, 1323, 1319, 99, 1124, 2733, 2733, 1124, 98, 1139, 1323, 2733, 1139, 187, 190, 1322, 2734, 1142, 1322, 193, 1318, 2734, 2734, 1318, 91, 1117, 1142, 2734, 1117, 88, 192, 1144, 2735, 1321, 1144, 97, 1125, 2735, 2735, 1125, 99, 1319, 1321, 2735, 1319, 194, 180, 1320, 2736, 1305, 1320, 191, 1316, 2736, 2736, 1316, 92, 1118, 1305, 2736, 1118, 90, 156, 1236, 2737, 1248, 1236, 107, 1164, 2737, 2737, 1164, 111, 1232, 1248, 2737, 1232, 149, 155, 1251, 2738, 1235, 1251, 154, 1340, 2738, 2738, 1340, 196, 1150, 1235, 2738, 1150, 108, 150, 1249, 2739, 1336, 1249, 155, 1235, 2739, 2739, 1235, 108, 1152, 1336, 2739, 1152, 198, 151, 1253, 2740, 1233, 1253, 150, 1336, 2740, 2740, 1336, 198, 1160, 1233, 2740, 1160, 110, 148, 1337, 2741, 1250, 1337, 199, 1166, 2741, 2741, 1166, 109, 1234, 1250, 2741, 1234, 153, 158, 1247, 2742, 1237, 1247, 157, 1339, 2742, 2742, 1339, 195, 1155, 1237, 2742, 1155, 106, 156, 1246, 2743, 1236, 1246, 151, 1233, 2743, 2743, 1233, 110, 1161, 1236, 2743, 1161, 107, 153, 1234, 2744, 1252, 1234, 109, 1165, 2744, 2744, 1165, 197, 1341, 1252, 2744, 1341, 152, 147, 1231, 2745, 1255, 1231, 112, 1151, 2745, 2745, 1151, 200, 1338, 1255, 2745, 1338, 146, 149, 1232, 2746, 1254, 1232, 111, 1158, 2746, 2746, 1158, 199, 1337, 1254, 2746, 1337, 148, 52, 1175, 2747, 1036, 1175, 122, 1183, 2747, 2747, 1183, 119, 1072, 1036, 2747, 1072, 49, 46, 1043, 2748, 1082, 1043, 55, 1079, 2748, 2748, 1079, 126, 1184, 1082, 2748, 1184, 129, 44, 1028, 2749, 1173, 1028, 40, 1071, 2749, 2749, 1071, 118, 1185, 1173, 2749, 1185, 120, 46, 1082, 2750, 1035, 1082, 129, 1186, 2750, 2750, 1186, 124, 1077, 1035, 2750, 1077, 48, 53, 1042, 2751, 1178, 1042, 54, 1081, 2751, 2751, 1081, 128, 1187, 1178, 2751, 1187, 125, 45, 1176, 2752, 1034, 1176, 123, 1188, 2752, 2752, 1188, 127, 1080, 1034, 2752, 1080, 47, 54, 1041, 2753, 1081, 1041, 50, 1169, 2753, 2753, 1169, 116, 1189, 1081, 2753, 1189, 128, 47, 1080, 2754, 1033, 1080, 127, 1190, 2754, 2754, 1190, 114, 1167, 1033, 2754, 1167, 41, 55, 1040, 2755, 1079, 1040, 53, 1178, 2755, 2755, 1178, 125, 1191, 1079, 2755, 1191, 126, 48, 1077, 2756, 1032, 1077, 124, 1192, 2756, 2756, 1192, 123, 1176, 1032, 2756, 1176, 45, 42, 1074, 2757, 1039, 1074, 121, 1193, 2757, 2757, 1193, 122, 1175, 1039, 2757, 1175, 52, 42, 1031, 2758, 1074, 1031, 44, 1173, 2758, 2758, 1173, 120, 1194, 1074, 2758, 1194, 121, 49, 1072, 2759, 1038, 1072, 119, 1195, 2759, 2759, 1195, 117, 1070, 1038, 2759, 1070, 51, 40, 1030, 2760, 1071, 1030, 43, 1068, 2760, 2760, 1068, 115, 1196, 1071, 2760, 1196, 118, 51, 1070, 2761, 1037, 1070, 117, 1197, 2761, 2761, 1197, 116, 1169, 1037, 2761, 1169, 50, 43, 1029, 2762, 1068, 1029, 41, 1167, 2762, 2762, 1167, 114, 1198, 1068, 2762, 1198, 115, 70, 1064, 2763, 1201, 1064, 66, 1212, 2763, 2763, 1212, 143, 1215, 1201, 2763, 1215, 132, 63, 1199, 2764, 1056, 1199, 130, 1216, 2764, 2764, 1216, 141, 1210, 1056, 2764, 1210, 57, 71, 1063, 2765, 1207, 1063, 69, 1102, 2765, 2765, 1102, 133, 1217, 1207, 2765, 1217, 138, 64, 1203, 2766, 1055, 1203, 134, 1218, 2766, 2766, 1218, 131, 1100, 1055, 2766, 1100, 61, 58, 1114, 2767, 1062, 1114, 145, 1219, 2767, 2767, 1219, 140, 1109, 1062, 2767, 1109, 68, 58, 1054, 2768, 1114, 1054, 60, 1106, 2768, 2768, 1106, 137, 1220, 1114, 2768, 1220, 145, 65, 1208, 2769, 1061, 1208, 139, 1221, 2769, 2769, 1221, 144, 1113, 1061, 2769, 1113, 67, 56, 1053, 2770, 1205, 1053, 59, 1111, 2770, 2770, 1111, 142, 1222, 1205, 2770, 1222, 136, 67, 1113, 2771, 1060, 1113, 144, 1223, 2771, 2771, 1223, 143, 1212, 1060, 2771, 1212, 66, 59, 1052, 2772, 1111, 1052, 57, 1210, 2772, 2772, 1210, 141, 1224, 1111, 2772, 1224, 142, 68, 1109, 2773, 1059, 1109, 140, 1225, 2773, 2773, 1225, 139, 1208, 1059, 2773, 1208, 65, 62, 1066, 2774, 1104, 1066, 71, 1207, 2774, 2774, 1207, 138, 1226, 1104, 2774, 1226, 135, 60, 1051, 2775, 1106, 1051, 56, 1205, 2775, 2775, 1205, 136, 1227, 1106, 2775, 1227, 137, 62, 1104, 2776, 1058, 1104, 135, 1228, 2776, 2776, 1228, 134, 1203, 1058, 2776, 1203, 64, 69, 1065, 2777, 1102, 1065, 70, 1201, 2777, 2777, 1201, 132, 1229, 1102, 2777, 1229, 133, 61, 1100, 2778, 1057, 1100, 131, 1230, 2778, 2778, 1230, 130, 1199, 1057, 2778, 1199, 63, 101, 1129, 2779, 1273, 1129, 102, 1272, 2779, 2779, 1272, 176, 1270, 1273, 2779, 1270, 175, 94, 1275, 2780, 1122, 1275, 168, 1263, 2780, 2780, 1263, 170, 1274, 1122, 2780, 1274, 96, 92, 1115, 2781, 1277, 1115, 88, 1276, 2781, 2781, 1276, 162, 1256, 1277, 2781, 1256, 166, 94, 1130, 2782, 1275, 1130, 103, 1278, 2782, 2782, 1278, 177, 1271, 1275, 2782, 1271, 168, 100, 1280, 2783, 1123, 1280, 174, 1264, 2783, 2783, 1264, 171, 1279, 1123, 2783, 1279, 97, 91, 1116, 2784, 1282, 1116, 89, 1281, 2784, 2784, 1281, 163, 1257, 1282, 2784, 1257, 165, 99, 1284, 2785, 1124, 1284, 173, 1265, 2785, 2785, 1265, 172, 1283, 1124, 2785, 1283, 98, 88, 1117, 2786, 1276, 1117, 91, 1282, 2786, 2786, 1282, 165, 1258, 1276, 2786, 1258, 162, 97, 1279, 2787, 1125, 1279, 171, 1266, 2787, 2787, 1266, 173, 1284, 1125, 2787, 1284, 99, 90, 1118, 2788, 1285, 1118, 92, 1277, 2788, 2788, 1277, 166, 1259, 1285, 2788, 1259, 164, 90, 1285, 2789, 1126, 1285, 164, 1267, 2789, 2789, 1267, 174, 1280, 1126, 2789, 1280, 100, 96, 1274, 2790, 1119, 1274, 170, 1260, 2790, 2790, 1260, 167, 1286, 1119, 2790, 1286, 93, 103, 1127, 2791, 1278, 1127, 101, 1273, 2791, 2791, 1273, 175, 1268, 1278, 2791, 1268, 177, 95, 1287, 2792, 1120, 1287, 169, 1261, 2792, 2792, 1261, 163, 1281, 1120, 2792, 1281, 89, 102, 1128, 2793, 1272, 1128, 98, 1283, 2793, 2793, 1283, 172, 1269, 1272, 2793, 1269, 176, 93, 1286, 2794, 1121, 1286, 167, 1262, 2794, 2794, 1262, 169, 1287, 1121, 2794, 1287, 95, 176, 1269, 2795, 1290, 172, 1289, 2795, 1269, 178, 1290, 2795, 1289, 167, 1292, 2796, 1262, 178, 1291, 2796, 1292, 169, 1262, 2796, 1291, 175, 1270, 2797, 1293, 176, 1290, 2797, 1270, 178, 1293, 2797, 1290, 168, 1295, 2798, 1263, 178, 1294, 2798, 1295, 170, 1263, 2798, 1294, 166, 1256, 2799, 1296, 162, 1288, 2799, 1256, 178, 1296, 2799, 1288, 168, 1271, 2800, 1295, 177, 1297, 2800, 1271, 178, 1295, 2800, 1297, 174, 1299, 2801, 1264, 178, 1298, 2801, 1299, 171, 1264, 2801, 1298, 165, 1257, 2802, 1301, 163, 1300, 2802, 1257, 178, 1301, 2802, 1300, 173, 1302, 2803, 1265, 178, 1289, 2803, 1302, 172, 1265, 2803, 1289, 162, 1258, 2804, 1288, 165, 1301, 2804, 1258, 178, 1288, 2804, 1301, 171, 1298, 2805, 1266, 178, 1302, 2805, 1298, 173, 1266, 2805, 1302, 164, 1259, 2806, 1303, 166, 1296, 2806, 1259, 178, 1303, 2806, 1296, 164, 1303, 2807, 1267, 178, 1299, 2807, 1303, 174, 1267, 2807, 1299, 170, 1294, 2808, 1260, 178, 1292, 2808, 1294, 167, 1260, 2808, 1292, 177, 1268, 2809, 1297, 175, 1293, 2809, 1268, 178, 1297, 2809, 1293, 169, 1291, 2810, 1261, 178, 1300, 2810, 1291, 163, 1261, 2810, 1300, 74, 1086, 2811, 1132, 1086, 76, 1143, 2811, 2811, 1143, 191, 1320, 1132, 2811, 1320, 180, 81, 1317, 2812, 1093, 1317, 192, 1321, 2812, 2812, 1321, 194, 1146, 1093, 2812, 1146, 83, 72, 1085, 2813, 1315, 1085, 75, 1145, 2813, 2813, 1145, 193, 1322, 1315, 2813, 1322, 190, 83, 1146, 2814, 1092, 1146, 194, 1323, 2814, 2814, 1323, 187, 1312, 1092, 2814, 1312, 82, 75, 1084, 2815, 1145, 1084, 73, 1310, 2815, 2815, 1310, 185, 1324, 1145, 2815, 1324, 193, 84, 1304, 2816, 1091, 1304, 179, 1325, 2816, 2816, 1325, 192, 1317, 1091, 2816, 1317, 81, 78, 1098, 2817, 1141, 1098, 87, 1136, 2817, 2817, 1136, 184, 1326, 1141, 2817, 1326, 189, 76, 1083, 2818, 1143, 1083, 72, 1315, 2818, 2818, 1315, 190, 1327, 1143, 2818, 1327, 191, 78, 1141, 2819, 1090, 1141, 189, 1328, 2819, 2819, 1328, 182, 1134, 1090, 2819, 1134, 80, 85, 1097, 2820, 1308, 1097, 86, 1140, 2820, 2820, 1140, 188, 1329, 1308, 2820, 1329, 183, 77, 1306, 2821, 1089, 1306, 181, 1330, 2821, 2821, 1330, 186, 1138, 1089, 2821, 1138, 79, 86, 1096, 2822, 1140, 1096, 82, 1312, 2822, 2822, 1312, 187, 1331, 1140, 2822, 1331, 188, 79, 1138, 2823, 1088, 1138, 186, 1332, 2823, 2823, 1332, 185, 1310, 1088, 2823, 1310, 73, 87, 1095, 2824, 1136, 1095, 85, 1308, 2824, 2824, 1308, 183, 1333, 1136, 2824, 1333, 184, 80, 1134, 2825, 1087, 1134, 182, 1334, 2825, 2825, 1334, 181, 1306, 1087, 2825, 1306, 77, 74, 1132, 2826, 1094, 1132, 180, 1335, 2826, 2826, 1335, 179, 1304, 1094, 2826, 1304, 84, 161, 1239, 2827, 1243, 1239, 104, 1162, 2827, 2827, 1162, 196, 1340, 1243, 2827, 1340, 154, 159, 1347, 2828, 1241, 1347, 113, 1154, 2828, 2828, 1154, 104, 1239, 1241, 2828, 1239, 161, 160, 1244, 2829, 1238, 1244, 152, 1341, 2829, 2829, 1341, 197, 1159, 1238, 2829, 1159, 105, 147, 1240, 2830, 1231, 1240, 158, 1237, 2830, 2830, 1237, 106, 1156, 1231, 2830, 1156, 112, 157, 1242, 2831, 1339, 1242, 160, 1238, 2831, 2831, 1238, 105, 1153, 1339, 2831, 1153, 195, 146, 1338, 2832, 1245, 1338, 200, 1157, 2832, 2832, 1157, 113, 1347, 1245, 2832, 1347, 159, 122, 1351, 2833, 1183, 1351, 204, 1364, 2833, 2833, 1364, 210, 1172, 1183, 2833, 1172, 119, 129, 1184, 2834, 1182, 1184, 126, 1179, 2834, 2834, 1179, 213, 1365, 1182, 2834, 1365, 216, 120, 1185, 2835, 1350, 1185, 118, 1171, 2835, 2835, 1171, 209, 1366, 1350, 2835, 1366, 203, 129, 1182, 2836, 1186, 1182, 216, 1367, 2836, 2836, 1367, 212, 1177, 1186, 2836, 1177, 124, 125, 1187, 2837, 1353, 1187, 128, 1181, 2837, 2837, 1181, 215, 1368, 1353, 2837, 1368, 206, 123, 1352, 2838, 1188, 1352, 205, 1369, 2838, 2838, 1369, 214, 1180, 1188, 2838, 1180, 127, 128, 1189, 2839, 1181, 1189, 116, 1349, 2839, 2839, 1349, 202, 1370, 1181, 2839, 1370, 215, 127, 1180, 2840, 1190, 1180, 214, 1371, 2840, 2840, 1371, 201, 1348, 1190, 2840, 1348, 114, 126, 1191, 2841, 1179, 1191, 125, 1353, 2841, 2841, 1353, 206, 1372, 1179, 2841, 1372, 213, 124, 1177, 2842, 1192, 1177, 212, 1373, 2842, 2842, 1373, 205, 1352, 1192, 2842, 1352, 123, 121, 1174, 2843, 1193, 1174, 211, 1374, 2843, 2843, 1374, 204, 1351, 1193, 2843, 1351, 122, 121, 1194, 2844, 1174, 1194, 120, 1350, 2844, 2844, 1350, 203, 1375, 1174, 2844, 1375, 211, 119, 1172, 2845, 1195, 1172, 210, 1376, 2845, 2845, 1376, 208, 1170, 1195, 2845, 1170, 117, 118, 1196, 2846, 1171, 1196, 115, 1168, 2846, 2846, 1168, 207, 1377, 1171, 2846, 1377, 209, 117, 1170, 2847, 1197, 1170, 208, 1378, 2847, 2847, 1378, 202, 1349, 1197, 2847, 1349, 116, 115, 1198, 2848, 1168, 1198, 114, 1348, 2848, 2848, 1348, 201, 1379, 1168, 2848, 1379, 207, 217, 1381, 2849, 1380, 1381, 219, 1436, 2849, 2849, 1436, 259, 1437, 1380, 2849, 1437, 218, 220, 1383, 2850, 1382, 1383, 221, 1458, 2850, 2850, 1458, 219, 1381, 1382, 2850, 1381, 217, 221, 1383, 2851, 1457, 1383, 220, 1384, 2851, 2851, 1384, 222, 1385, 1457, 2851, 1385, 223, 224, 1387, 2852, 1386, 1387, 225, 1456, 2852, 2852, 1456, 223, 1385, 1386, 2852, 1385, 222, 228, 1391, 2853, 1390, 1391, 225, 1387, 2853, 2853, 1387, 224, 1388, 1390, 2853, 1388, 226, 229, 1392, 2854, 1455, 1392, 228, 1390, 2854, 2854, 1390, 226, 1389, 1455, 2854, 1389, 227, 230, 1394, 2855, 1393, 1394, 231, 1454, 2855, 2855, 1454, 225, 1391, 1393, 2855, 1391, 228, 233, 1396, 2856, 1398, 1396, 230, 1393, 2856, 2856, 1393, 228, 1392, 1398, 2856, 1392, 229, 232, 1452, 2857, 1395, 1452, 239, 1451, 2857, 2857, 1451, 231, 1394, 1395, 2857, 1394, 230, 235, 1400, 2858, 1399, 1400, 232, 1395, 2858, 2858, 1395, 230, 1396, 1399, 2858, 1396, 233, 234, 1402, 2859, 1397, 1402, 236, 1401, 2859, 2859, 1401, 235, 1399, 1397, 2859, 1399, 233, 233, 1398, 2860, 1397, 1398, 229, 1455, 2860, 2860, 1455, 227, 1453, 1397, 2860, 1453, 234, 237, 1404, 2861, 1403, 1404, 232, 1400, 2861, 2861, 1400, 235, 1401, 1403, 2861, 1401, 236, 238, 1406, 2862, 1405, 1406, 239, 1452, 2862, 2862, 1452, 232, 1404, 1405, 2862, 1404, 237, 240, 1409, 2863, 1407, 1409, 242, 1412, 2863, 2863, 1412, 239, 1406, 1407, 2863, 1406, 238, 241, 1415, 2864, 1408, 1415, 244, 1411, 2864, 2864, 1411, 242, 1409, 1408, 2864, 1409, 240, 239, 1412, 2865, 1451, 1412, 242, 1410, 2865, 2865, 1410, 243, 1449, 1451, 2865, 1449, 231, 244, 1413, 2866, 1411, 1413, 245, 1448, 2866, 2866, 1448, 243, 1410, 1411, 2866, 1410, 242, 244, 1414, 2867, 1413, 1414, 246, 1417, 2867, 2867, 1417, 248, 1445, 1413, 2867, 1445, 245, 241, 1446, 2868, 1415, 1446, 247, 1416, 2868, 2868, 1416, 246, 1414, 1415, 2868, 1414, 244, 246, 1416, 2869, 1418, 1416, 247, 1442, 2869, 2869, 1442, 251, 1420, 1418, 2869, 1420, 249, 248, 1417, 2870, 1443, 1417, 246, 1418, 2870, 2870, 1418, 249, 1419, 1443, 2870, 1419, 250, 250, 1419, 2871, 1426, 1419, 249, 1421, 2871, 2871, 1421, 252, 1424, 1426, 2871, 1424, 255, 249, 1420, 2872, 1421, 1420, 251, 1441, 2872, 2872, 1441, 254, 1423, 1421, 2872, 1423, 252, 252, 1423, 2873, 1422, 1423, 254, 1435, 2873, 2873, 1435, 262, 1434, 1422, 2873, 1434, 253, 255, 1424, 2874, 1425, 1424, 252, 1422, 2874, 2874, 1422, 253, 1440, 1425, 2874, 1440, 256, 257, 1427, 2875, 1428, 1427, 255, 1425, 2875, 2875, 1425, 256, 1439, 1428, 2875, 1439, 258, 259, 1438, 2876, 1429, 1438, 250, 1426, 2876, 2876, 1426, 255, 1427, 1429, 2876, 1427, 257, 260, 1430, 2877, 1431, 1430, 257, 1428, 2877, 2877, 1428, 258, 1433, 1431, 2877, 1433, 261, 218, 1437, 2878, 1432, 1437, 259, 1429, 2878, 2878, 1429, 257, 1430, 1432, 2878, 1430, 260, 219, 1444, 2879, 1436, 1444, 248, 1443, 2879, 2879, 1443, 250, 1438, 1436, 2879, 1438, 259, 245, 1445, 2880, 1447, 1445, 248, 1444, 2880, 2880, 1444, 219, 1458, 1447, 2880, 1458, 221, 243, 1448, 2881, 1450, 1448, 245, 1447, 2881, 2881, 1447, 221, 1457, 1450, 2881, 1457, 223, 225, 1454, 2882, 1456, 1454, 231, 1449, 2882, 2882, 1449, 243, 1450, 1456, 2882, 1450, 223, 263, 1460, 2883, 1459, 1460, 265, 1517, 2883, 2883, 1517, 307, 1518, 1459, 2883, 1518, 264, 266, 1462, 2884, 1461, 1462, 267, 1537, 2884, 2884, 1537, 265, 1460, 1461, 2884, 1460, 263, 267, 1462, 2885, 1536, 1462, 266, 1463, 2885, 2885, 1463, 268, 1464, 1536, 2885, 1464, 269, 270, 1466, 2886, 1465, 1466, 271, 1535, 2886, 2886, 1535, 269, 1464, 1465, 2886, 1464, 268, 274, 1470, 2887, 1469, 1470, 271, 1466, 2887, 2887, 1466, 270, 1467, 1469, 2887, 1467, 272, 275, 1471, 2888, 1534, 1471, 274, 1469, 2888, 2888, 1469, 272, 1468, 1534, 2888, 1468, 273, 276, 1473, 2889, 1472, 1473, 277, 1533, 2889, 2889, 1533, 271, 1470, 1472, 2889, 1470, 274, 279, 1475, 2890, 1477, 1475, 276, 1472, 2890, 2890, 1472, 274, 1471, 1477, 2890, 1471, 275, 278, 1531, 2891, 1474, 1531, 285, 1530, 2891, 2891, 1530, 277, 1473, 1474, 2891, 1473, 276, 281, 1479, 2892, 1478, 1479, 278, 1474, 2892, 2892, 1474, 276, 1475, 1478, 2892, 1475, 279, 280, 1481, 2893, 1476, 1481, 282, 1480, 2893, 2893, 1480, 281, 1478, 1476, 2893, 1478, 279, 279, 1477, 2894, 1476, 1477, 275, 1534, 2894, 2894, 1534, 273, 1532, 1476, 2894, 1532, 280, 283, 1483, 2895, 1482, 1483, 278, 1479, 2895, 2895, 1479, 281, 1480, 1482, 2895, 1480, 282, 284, 1485, 2896, 1484, 1485, 285, 1531, 2896, 2896, 1531, 278, 1483, 1484, 2896, 1483, 283, 286, 1488, 2897, 1486, 1488, 288, 1491, 2897, 2897, 1491, 285, 1485, 1486, 2897, 1485, 284, 287, 1494, 2898, 1487, 1494, 290, 1490, 2898, 2898, 1490, 288, 1488, 1487, 2898, 1488, 286, 285, 1491, 2899, 1530, 1491, 288, 1489, 2899, 2899, 1489, 289, 1528, 1530, 2899, 1528, 277, 290, 1492, 2900, 1490, 1492, 291, 1527, 2900, 2900, 1527, 289, 1489, 1490, 2900, 1489, 288, 290, 1493, 2901, 1492, 1493, 292, 1496, 2901, 2901, 1496, 294, 1524, 1492, 2901, 1524, 291, 287, 1525, 2902, 1494, 1525, 293, 1495, 2902, 2902, 1495, 292, 1493, 1494, 2902, 1493, 290, 292, 1495, 2903, 1497, 1495, 293, 1501, 2903, 2903, 1501, 298, 1500, 1497, 2903, 1500, 295, 294, 1496, 2904, 1522, 1496, 292, 1497, 2904, 2904, 1497, 295, 1499, 1522, 2904, 1499, 297, 295, 1500, 2905, 1498, 1500, 298, 1502, 2905, 2905, 1502, 299, 1504, 1498, 2905, 1504, 296, 297, 1499, 2906, 1520, 1499, 295, 1498, 2906, 2906, 1498, 296, 1521, 1520, 2906, 1521, 303, 296, 1504, 2907, 1507, 1504, 299, 1503, 2907, 2907, 1503, 300, 1505, 1507, 2907, 1505, 301, 303, 1521, 2908, 1508, 1521, 296, 1507, 2908, 2908, 1507, 301, 1506, 1508, 2908, 1506, 302, 306, 1514, 2909, 1511, 1514, 303, 1508, 2909, 2909, 1508, 302, 1509, 1511, 2909, 1509, 304, 308, 1513, 2910, 1515, 1513, 306, 1511, 2910, 2910, 1511, 304, 1510, 1515, 2910, 1510, 305, 307, 1519, 2911, 1512, 1519, 297, 1520, 2911, 2911, 1520, 303, 1514, 1512, 2911, 1514, 306, 264, 1518, 2912, 1516, 1518, 307, 1512, 2912, 2912, 1512, 306, 1513, 1516, 2912, 1513, 308, 265, 1523, 2913, 1517, 1523, 294, 1522, 2913, 2913, 1522, 297, 1519, 1517, 2913, 1519, 307, 291, 1524, 2914, 1526, 1524, 294, 1523, 2914, 2914, 1523, 265, 1537, 1526, 2914, 1537, 267, 289, 1527, 2915, 1529, 1527, 291, 1526, 2915, 2915, 1526, 267, 1536, 1529, 2915, 1536, 269, 271, 1533, 2916, 1535, 1533, 277, 1528, 2916, 2916, 1528, 289, 1529, 1535, 2916, 1529, 269, 309, 1539, 2917, 1538, 1539, 311, 1541, 2917, 2917, 1541, 313, 1543, 1538, 2917, 1543, 310, 311, 1540, 2918, 1541, 1540, 312, 1622, 2918, 2918, 1622, 314, 1542, 1541, 2918, 1542, 313, 313, 1542, 2919, 1544, 1542, 314, 1621, 2919, 2919, 1621, 316, 1545, 1544, 2919, 1545, 315, 310, 1543, 2920, 1620, 1543, 313, 1544, 2920, 2920, 1544, 315, 1546, 1620, 2920, 1546, 317, 315, 1545, 2921, 1547, 1545, 316, 1619, 2921, 2921, 1619, 319, 1548, 1547, 2921, 1548, 318, 317, 1546, 2922, 1618, 1546, 315, 1547, 2922, 2922, 1547, 318, 1549, 1618, 2922, 1549, 320, 318, 1548, 2923, 1550, 1548, 319, 1617, 2923, 2923, 1617, 322, 1551, 1550, 2923, 1551, 321, 320, 1549, 2924, 1616, 1549, 318, 1550, 2924, 2924, 1550, 321, 1552, 1616, 2924, 1552, 323, 321, 1551, 2925, 1553, 1551, 322, 1614, 2925, 2925, 1614, 326, 1555, 1553, 2925, 1555, 324, 323, 1552, 2926, 1615, 1552, 321, 1553, 2926, 2926, 1553, 324, 1554, 1615, 2926, 1554, 325, 325, 1554, 2927, 1612, 1554, 324, 1556, 2927, 2927, 1556, 327, 1558, 1612, 2927, 1558, 329, 324, 1555, 2928, 1556, 1555, 326, 1613, 2928, 2928, 1613, 328, 1557, 1556, 2928, 1557, 327, 327, 1557, 2929, 1559, 1557, 328, 1563, 2929, 2929, 1563, 333, 1562, 1559, 2929, 1562, 330, 329, 1558, 2930, 1611, 1558, 327, 1559, 2930, 2930, 1559, 330, 1561, 1611, 2930, 1561, 332, 332, 1561, 2931, 1607, 1561, 330, 1560, 2931, 2931, 1560, 331, 1606, 1607, 2931, 1606, 358, 330, 1562, 2932, 1560, 1562, 333, 1564, 2932, 2932, 1564, 334, 1610, 1560, 2932, 1610, 331, 328, 1608, 2933, 1563, 1608, 337, 1567, 2933, 2933, 1567, 335, 1565, 1563, 2933, 1565, 333, 333, 1565, 2934, 1564, 1565, 335, 1566, 2934, 2934, 1566, 336, 1609, 1564, 2934, 1609, 334, 335, 1568, 2935, 1566, 1568, 338, 1569, 2935, 2935, 1569, 339, 1596, 1566, 2935, 1596, 336, 337, 1571, 2936, 1567, 1571, 340, 1570, 2936, 2936, 1570, 338, 1568, 1567, 2936, 1568, 335, 343, 1574, 2937, 1577, 1574, 341, 1572, 2937, 2937, 1572, 340, 1571, 1577, 2937, 1571, 337, 344, 1578, 2938, 1576, 1578, 342, 1573, 2938, 2938, 1573, 341, 1574, 1576, 2938, 1574, 343, 326, 1575, 2939, 1613, 1575, 343, 1577, 2939, 2939, 1577, 337, 1608, 1613, 2939, 1608, 328, 322, 1579, 2940, 1614, 1579, 344, 1576, 2940, 2940, 1576, 343, 1575, 1614, 2940, 1575, 326, 345, 1581, 2941, 1580, 1581, 346, 1595, 2941, 2941, 1595, 342, 1578, 1580, 2941, 1578, 344, 319, 1582, 2942, 1617, 1582, 345, 1580, 2942, 2942, 1580, 344, 1579, 1617, 2942, 1579, 322, 347, 1584, 2943, 1583, 1584, 348, 1594, 2943, 2943, 1594, 346, 1581, 1583, 2943, 1581, 345, 316, 1585, 2944, 1619, 1585, 347, 1583, 2944, 2944, 1583, 345, 1582, 1619, 2944, 1582, 319, 349, 1587, 2945, 1586, 1587, 350, 1593, 2945, 2945, 1593, 348, 1584, 1586, 2945, 1584, 347, 314, 1588, 2946, 1621, 1588, 349, 1586, 2946, 2946, 1586, 347, 1585, 1621, 2946, 1585, 316, 351, 1590, 2947, 1589, 1590, 352, 1592, 2947, 2947, 1592, 350, 1587, 1589, 2947, 1587, 349, 312, 1591, 2948, 1622, 1591, 351, 1589, 2948, 2948, 1589, 349, 1588, 1622, 2948, 1588, 314, 336, 1596, 2949, 1600, 1596, 339, 1597, 2949, 2949, 1597, 353, 1598, 1600, 2949, 1598, 354, 334, 1609, 2950, 1602, 1609, 336, 1600, 2950, 2950, 1600, 354, 1599, 1602, 2950, 1599, 355, 331, 1610, 2951, 1604, 1610, 334, 1602, 2951, 2951, 1602, 355, 1601, 1604, 2951, 1601, 356, 358, 1606, 2952, 1605, 1606, 331, 1604, 2952, 2952, 1604, 356, 1603, 1605, 2952, 1603, 357, 359, 1625, 2953, 1623, 1625, 362, 1626, 2953, 2953, 1626, 363, 1701, 1623, 2953, 1701, 360, 360, 1657, 2954, 1623, 1657, 386, 1655, 2954, 2954, 1655, 361, 1624, 1623, 2954, 1624, 359, 362, 1627, 2955, 1626, 1627, 364, 1629, 2955, 2955, 1629, 366, 1631, 1626, 2955, 1631, 363, 364, 1628, 2956, 1629, 1628, 365, 1700, 2956, 2956, 1700, 367, 1630, 1629, 2956, 1630, 366, 366, 1630, 2957, 1632, 1630, 367, 1699, 2957, 2957, 1699, 369, 1633, 1632, 2957, 1633, 368, 363, 1631, 2958, 1698, 1631, 366, 1632, 2958, 2958, 1632, 368, 1634, 1698, 2958, 1634, 370, 368, 1633, 2959, 1635, 1633, 369, 1696, 2959, 2959, 1696, 373, 1637, 1635, 2959, 1637, 371, 370, 1634, 2960, 1697, 1634, 368, 1635, 2960, 2960, 1635, 371, 1636, 1697, 2960, 1636, 372, 372, 1636, 2961, 1641, 1636, 371, 1638, 2961, 2961, 1638, 374, 1640, 1641, 2961, 1640, 376, 371, 1637, 2962, 1638, 1637, 373, 1665, 2962, 2962, 1665, 375, 1639, 1638, 2962, 1639, 374, 378, 1664, 2963, 1643, 1664, 372, 1641, 2963, 2963, 1641, 376, 1642, 1643, 2963, 1642, 377, 377, 1644, 2964, 1643, 1644, 379, 1645, 2964, 2964, 1645, 380, 1663, 1643, 2964, 1663, 378, 405, 1702, 2965, 1710, 1702, 381, 1647, 2965, 2965, 1647, 382, 1703, 1710, 2965, 1703, 406, 406, 1703, 2966, 1709, 1703, 382, 1649, 2966, 2966, 1649, 383, 1704, 1709, 2966, 1704, 407, 407, 1704, 2967, 1708, 1704, 383, 1651, 2967, 2967, 1651, 385, 1705, 1708, 2967, 1705, 408, 408, 1705, 2968, 1707, 1705, 385, 1653, 2968, 2968, 1653, 387, 1654, 1707, 2968, 1654, 409, 388, 1659, 2969, 1661, 1659, 384, 1656, 2969, 2969, 1656, 386, 1657, 1661, 2969, 1657, 360, 378, 1663, 2970, 1660, 1663, 380, 1658, 2970, 2970, 1658, 384, 1659, 1660, 2970, 1659, 388, 388, 1662, 2971, 1660, 1662, 370, 1697, 2971, 2971, 1697, 372, 1664, 1660, 2971, 1664, 378, 360, 1701, 2972, 1661, 1701, 363, 1698, 2972, 2972, 1698, 370, 1662, 1661, 2972, 1662, 388, 390, 1667, 2973, 1695, 1667, 389, 1666, 2973, 2973, 1666, 375, 1665, 1695, 2973, 1665, 373, 393, 1670, 2974, 1672, 1670, 391, 1668, 2974, 2974, 1668, 389, 1667, 1672, 2974, 1667, 390, 394, 1694, 2975, 1671, 1694, 392, 1669, 2975, 2975, 1669, 391, 1670, 1671, 2975, 1670, 393, 395, 1674, 2976, 1673, 1674, 396, 1693, 2976, 2976, 1693, 394, 1671, 1673, 2976, 1671, 393, 397, 1675, 2977, 1691, 1675, 395, 1673, 2977, 2977, 1673, 393, 1672, 1691, 2977, 1672, 390, 398, 1678, 2978, 1676, 1678, 400, 1688, 2978, 2978, 1688, 396, 1674, 1676, 2978, 1674, 395, 399, 1677, 2979, 1689, 1677, 398, 1676, 2979, 2979, 1676, 395, 1675, 1689, 2979, 1675, 397, 401, 1679, 2980, 1681, 1679, 398, 1677, 2980, 2980, 1677, 399, 1683, 1681, 2980, 1683, 403, 402, 1684, 2981, 1680, 1684, 400, 1678, 2981, 2981, 1678, 398, 1679, 1680, 2981, 1679, 401, 403, 1683, 2982, 1682, 1683, 399, 1690, 2982, 2982, 1690, 367, 1700, 1682, 2982, 1700, 365, 400, 1684, 2983, 1688, 1684, 402, 1685, 2983, 2983, 1685, 404, 1686, 1688, 2983, 1686, 396, 396, 1686, 2984, 1693, 1686, 404, 1687, 2984, 2984, 1687, 392, 1694, 1693, 2984, 1694, 394, 367, 1690, 2985, 1699, 1690, 399, 1689, 2985, 2985, 1689, 397, 1692, 1699, 2985, 1692, 369, 369, 1692, 2986, 1696, 1692, 397, 1691, 2986, 2986, 1691, 390, 1695, 1696, 2986, 1695, 373, 386, 1652, 2987, 1655, 1652, 408, 1707, 2987, 2987, 1707, 409, 1706, 1655, 2987, 1706, 361, 384, 1650, 2988, 1656, 1650, 407, 1708, 2988, 2988, 1708, 408, 1652, 1656, 2988, 1652, 386, 380, 1648, 2989, 1658, 1648, 406, 1709, 2989, 2989, 1709, 407, 1650, 1658, 2989, 1650, 384, 379, 1646, 2990, 1645, 1646, 405, 1710, 2990, 2990, 1710, 406, 1648, 1645, 2990, 1648, 380, 411, 1711, 2991, 1713, 1711, 412, 1786, 2991, 2991, 1786, 414, 1714, 1713, 2991, 1714, 413, 410, 1712, 2992, 1785, 1712, 411, 1713, 2992, 2992, 1713, 413, 1715, 1785, 2992, 1715, 415, 413, 1714, 2993, 1716, 1714, 414, 1784, 2993, 2993, 1784, 417, 1717, 1716, 2993, 1717, 416, 415, 1715, 2994, 1783, 1715, 413, 1716, 2994, 2994, 1716, 416, 1718, 1783, 2994, 1718, 418, 416, 1717, 2995, 1719, 1717, 417, 1782, 2995, 2995, 1782, 420, 1720, 1719, 2995, 1720, 419, 418, 1718, 2996, 1781, 1718, 416, 1719, 2996, 2996, 1719, 419, 1721, 1781, 2996, 1721, 421, 419, 1720, 2997, 1722, 1720, 420, 1779, 2997, 2997, 1779, 424, 1724, 1722, 2997, 1724, 422, 421, 1721, 2998, 1780, 1721, 419, 1722, 2998, 2998, 1722, 422, 1723, 1780, 2998, 1723, 423, 423, 1723, 2999, 1777, 1723, 422, 1725, 2999, 2999, 1725, 425, 1727, 1777, 2999, 1727, 427, 422, 1724, 3000, 1725, 1724, 424, 1778, 3000, 3000, 1778, 426, 1726, 1725, 3000, 1726, 425, 425, 1726, 3001, 1728, 1726, 426, 1732, 3001, 3001, 1732, 431, 1731, 1728, 3001, 1731, 428, 427, 1727, 3002, 1776, 1727, 425, 1728, 3002, 3002, 1728, 428, 1730, 1776, 3002, 1730, 430, 430, 1730, 3003, 1772, 1730, 428, 1729, 3003, 3003, 1729, 429, 1771, 1772, 3003, 1771, 454, 428, 1731, 3004, 1729, 1731, 431, 1733, 3004, 3004, 1733, 432, 1775, 1729, 3004, 1775, 429, 426, 1773, 3005, 1732, 1773, 435, 1736, 3005, 3005, 1736, 433, 1734, 1732, 3005, 1734, 431, 431, 1734, 3006, 1733, 1734, 433, 1735, 3006, 3006, 1735, 434, 1774, 1733, 3006, 1774, 432, 433, 1737, 3007, 1735, 1737, 436, 1738, 3007, 3007, 1738, 437, 1761, 1735, 3007, 1761, 434, 435, 1740, 3008, 1736, 1740, 438, 1739, 3008, 3008, 1739, 436, 1737, 1736, 3008, 1737, 433, 441, 1743, 3009, 1746, 1743, 439, 1741, 3009, 3009, 1741, 438, 1740, 1746, 3009, 1740, 435, 442, 1747, 3010, 1745, 1747, 440, 1742, 3010, 3010, 1742, 439, 1743, 1745, 3010, 1743, 441, 424, 1744, 3011, 1778, 1744, 441, 1746, 3011, 3011, 1746, 435, 1773, 1778, 3011, 1773, 426, 420, 1748, 3012, 1779, 1748, 442, 1745, 3012, 3012, 1745, 441, 1744, 1779, 3012, 1744, 424, 443, 1750, 3013, 1749, 1750, 444, 1760, 3013, 3013, 1760, 440, 1747, 1749, 3013, 1747, 442, 417, 1751, 3014, 1782, 1751, 443, 1749, 3014, 3014, 1749, 442, 1748, 1782, 3014, 1748, 420, 445, 1753, 3015, 1752, 1753, 446, 1759, 3015, 3015, 1759, 444, 1750, 1752, 3015, 1750, 443, 414, 1754, 3016, 1784, 1754, 445, 1752, 3016, 3016, 1752, 443, 1751, 1784, 3016, 1751, 417, 447, 1756, 3017, 1755, 1756, 448, 1758, 3017, 3017, 1758, 446, 1753, 1755, 3017, 1753, 445, 412, 1757, 3018, 1786, 1757, 447, 1755, 3018, 3018, 1755, 445, 1754, 1786, 3018, 1754, 414, 434, 1761, 3019, 1765, 1761, 437, 1762, 3019, 3019, 1762, 449, 1763, 1765, 3019, 1763, 450, 432, 1774, 3020, 1767, 1774, 434, 1765, 3020, 3020, 1765, 450, 1764, 1767, 3020, 1764, 451, 429, 1775, 3021, 1769, 1775, 432, 1767, 3021, 3021, 1767, 451, 1766, 1769, 3021, 1766, 452, 454, 1771, 3022, 1770, 1771, 429, 1769, 3022, 3022, 1769, 452, 1768, 1770, 3022, 1768, 453, 455, 1788, 3023, 1787, 1788, 457, 1790, 3023, 3023, 1790, 459, 1792, 1787, 3023, 1792, 456, 457, 1789, 3024, 1790, 1789, 458, 1862, 3024, 3024, 1862, 460, 1791, 1790, 3024, 1791, 459, 459, 1791, 3025, 1793, 1791, 460, 1861, 3025, 3025, 1861, 462, 1794, 1793, 3025, 1794, 461, 456, 1792, 3026, 1860, 1792, 459, 1793, 3026, 3026, 1793, 461, 1795, 1860, 3026, 1795, 463, 461, 1794, 3027, 1796, 1794, 462, 1859, 3027, 3027, 1859, 465, 1797, 1796, 3027, 1797, 464, 463, 1795, 3028, 1858, 1795, 461, 1796, 3028, 3028, 1796, 464, 1798, 1858, 3028, 1798, 466, 464, 1797, 3029, 1799, 1797, 465, 1857, 3029, 3029, 1857, 468, 1800, 1799, 3029, 1800, 467, 466, 1798, 3030, 1856, 1798, 464, 1799, 3030, 3030, 1799, 467, 1801, 1856, 3030, 1801, 469, 467, 1800, 3031, 1802, 1800, 468, 1855, 3031, 3031, 1855, 471, 1803, 1802, 3031, 1803, 470, 467, 1802, 3032, 1801, 1802, 470, 1805, 3032, 3032, 1805, 473, 1806, 1801, 3032, 1806, 469, 470, 1803, 3033, 1804, 1803, 471, 1853, 3033, 3033, 1853, 480, 1852, 1804, 3033, 1852, 472, 470, 1804, 3034, 1805, 1804, 472, 1809, 3034, 3034, 1809, 474, 1807, 1805, 3034, 1807, 473, 472, 1812, 3035, 1809, 1812, 477, 1811, 3035, 3035, 1811, 475, 1808, 1809, 3035, 1808, 474, 477, 1813, 3036, 1811, 1813, 478, 1854, 3036, 3036, 1854, 476, 1810, 1811, 3036, 1810, 475, 472, 1852, 3037, 1812, 1852, 480, 1815, 3037, 3037, 1815, 479, 1814, 1812, 3037, 1814, 477, 477, 1814, 3038, 1813, 1814, 479, 1816, 3038, 3038, 1816, 481, 1851, 1813, 3038, 1851, 478, 480, 1849, 3039, 1815, 1849, 484, 1819, 3039, 3039, 1819, 482, 1817, 1815, 3039, 1817, 479, 479, 1817, 3040, 1816, 1817, 482, 1818, 3040, 3040, 1818, 483, 1850, 1816, 3040, 1850, 481, 483, 1818, 3041, 1823, 1818, 482, 1820, 3041, 3041, 1820, 485, 1822, 1823, 3041, 1822, 487, 482, 1819, 3042, 1820, 1819, 484, 1825, 3042, 3042, 1825, 486, 1821, 1820, 3042, 1821, 485, 484, 1830, 3043, 1825, 1830, 490, 1827, 3043, 3043, 1827, 488, 1824, 1825, 3043, 1824, 486, 490, 1829, 3044, 1827, 1829, 491, 1831, 3044, 3044, 1831, 489, 1826, 1827, 3044, 1826, 488, 471, 1828, 3045, 1853, 1828, 490, 1830, 3045, 3045, 1830, 484, 1849, 1853, 3045, 1849, 480, 468, 1832, 3046, 1855, 1832, 491, 1829, 3046, 3046, 1829, 490, 1828, 1855, 3046, 1828, 471, 492, 1834, 3047, 1833, 1834, 493, 1848, 3047, 3047, 1848, 489, 1831, 1833, 3047, 1831, 491, 465, 1835, 3048, 1857, 1835, 492, 1833, 3048, 3048, 1833, 491, 1832, 1857, 3048, 1832, 468, 494, 1837, 3049, 1836, 1837, 495, 1847, 3049, 3049, 1847, 493, 1834, 1836, 3049, 1834, 492, 462, 1838, 3050, 1859, 1838, 494, 1836, 3050, 3050, 1836, 492, 1835, 1859, 3050, 1835, 465, 496, 1840, 3051, 1839, 1840, 497, 1846, 3051, 3051, 1846, 495, 1837, 1839, 3051, 1837, 494, 460, 1841, 3052, 1861, 1841, 496, 1839, 3052, 3052, 1839, 494, 1838, 1861, 3052, 1838, 462, 498, 1843, 3053, 1842, 1843, 499, 1845, 3053, 3053, 1845, 497, 1840, 1842, 3053, 1840, 496, 458, 1844, 3054, 1862, 1844, 498, 1842, 3054, 3054, 1842, 496, 1841, 1862, 3054, 1841, 460, 500, 1864, 3055, 1863, 1864, 502, 1928, 3055, 3055, 1928, 542, 1929, 1863, 3055, 1929, 501, 503, 1866, 3056, 1865, 1866, 504, 1950, 3056, 3056, 1950, 502, 1864, 1865, 3056, 1864, 500, 504, 1866, 3057, 1949, 1866, 503, 1867, 3057, 3057, 1867, 505, 1868, 1949, 3057, 1868, 506, 507, 1870, 3058, 1869, 1870, 508, 1948, 3058, 3058, 1948, 506, 1868, 1869, 3058, 1868, 505, 511, 1874, 3059, 1873, 1874, 508, 1870, 3059, 3059, 1870, 507, 1871, 1873, 3059, 1871, 509, 512, 1875, 3060, 1947, 1875, 511, 1873, 3060, 3060, 1873, 509, 1872, 1947, 3060, 1872, 510, 513, 1877, 3061, 1876, 1877, 514, 1946, 3061, 3061, 1946, 508, 1874, 1876, 3061, 1874, 511, 516, 1879, 3062, 1881, 1879, 513, 1876, 3062, 3062, 1876, 511, 1875, 1881, 3062, 1875, 512, 515, 1944, 3063, 1878, 1944, 522, 1943, 3063, 3063, 1943, 514, 1877, 1878, 3063, 1877, 513, 518, 1883, 3064, 1882, 1883, 515, 1878, 3064, 3064, 1878, 513, 1879, 1882, 3064, 1879, 516, 517, 1885, 3065, 1880, 1885, 519, 1884, 3065, 3065, 1884, 518, 1882, 1880, 3065, 1882, 516, 516, 1881, 3066, 1880, 1881, 512, 1947, 3066, 3066, 1947, 510, 1945, 1880, 3066, 1945, 517, 520, 1887, 3067, 1886, 1887, 515, 1883, 3067, 3067, 1883, 518, 1884, 1886, 3067, 1884, 519, 521, 1889, 3068, 1888, 1889, 522, 1944, 3068, 3068, 1944, 515, 1887, 1888, 3068, 1887, 520, 523, 1892, 3069, 1890, 1892, 525, 1895, 3069, 3069, 1895, 522, 1889, 1890, 3069, 1889, 521, 524, 1898, 3070, 1891, 1898, 527, 1894, 3070, 3070, 1894, 525, 1892, 1891, 3070, 1892, 523, 522, 1895, 3071, 1943, 1895, 525, 1893, 3071, 3071, 1893, 526, 1941, 1943, 3071, 1941, 514, 527, 1896, 3072, 1894, 1896, 528, 1940, 3072, 3072, 1940, 526, 1893, 1894, 3072, 1893, 525, 527, 1897, 3073, 1896, 1897, 529, 1900, 3073, 3073, 1900, 531, 1937, 1896, 3073, 1937, 528, 524, 1938, 3074, 1898, 1938, 530, 1899, 3074, 3074, 1899, 529, 1897, 1898, 3074, 1897, 527, 529, 1899, 3075, 1901, 1899, 530, 1934, 3075, 3075, 1934, 534, 1903, 1901, 3075, 1903, 532, 531, 1900, 3076, 1935, 1900, 529, 1901, 3076, 3076, 1901, 532, 1902, 1935, 3076, 1902, 533, 533, 1902, 3077, 1909, 1902, 532, 1904, 3077, 3077, 1904, 535, 1907, 1909, 3077, 1907, 538, 532, 1903, 3078, 1904, 1903, 534, 1933, 3078, 3078, 1933, 537, 1906, 1904, 3078, 1906, 535, 535, 1906, 3079, 1905, 1906, 537, 1927, 3079, 3079, 1927, 550, 1926, 1905, 3079, 1926, 536, 538, 1907, 3080, 1908, 1907, 535, 1905, 3080, 3080, 1905, 536, 1932, 1908, 3080, 1932, 539, 540, 1910, 3081, 1911, 1910, 538, 1908, 3081, 3081, 1908, 539, 1931, 1911, 3081, 1931, 541, 542, 1930, 3082, 1912, 1930, 533, 1909, 3082, 3082, 1909, 538, 1910, 1912, 3082, 1910, 540, 543, 1913, 3083, 1914, 1913, 540, 1911, 3083, 3083, 1911, 541, 1917, 1914, 3083, 1917, 544, 501, 1929, 3084, 1915, 1929, 542, 1912, 3084, 3084, 1912, 540, 1913, 1915, 3084, 1913, 543, 544, 1917, 3085, 1916, 1917, 541, 1920, 3085, 3085, 1920, 546, 1918, 1916, 3085, 1918, 545, 541, 1931, 3086, 1920, 1931, 539, 1922, 3086, 3086, 1922, 547, 1919, 1920, 3086, 1919, 546, 539, 1932, 3087, 1922, 1932, 536, 1924, 3087, 3087, 1924, 548, 1921, 1922, 3087, 1921, 547, 536, 1926, 3088, 1924, 1926, 550, 1925, 3088, 3088, 1925, 549, 1923, 1924, 3088, 1923, 548, 502, 1936, 3089, 1928, 1936, 531, 1935, 3089, 3089, 1935, 533, 1930, 1928, 3089, 1930, 542, 528, 1937, 3090, 1939, 1937, 531, 1936, 3090, 3090, 1936, 502, 1950, 1939, 3090, 1950, 504, 526, 1940, 3091, 1942, 1940, 528, 1939, 3091, 3091, 1939, 504, 1949, 1942, 3091, 1949, 506, 508, 1946, 3092, 1948, 1946, 514, 1941, 3092, 3092, 1941, 526, 1942, 1948, 3092, 1942, 506, 570, 1982, 3093, 1964, 1982, 564, 1953, 3093, 3093, 1953, 554, 1962, 1964, 3093, 1962, 560, 568, 1980, 3094, 1960, 1980, 566, 1957, 3094, 3094, 1957, 556, 1958, 1960, 3094, 1958, 557, 571, 1983, 3095, 1988, 1983, 574, 1963, 3095, 3095, 1963, 558, 1959, 1988, 3095, 1959, 551, 578, 1991, 3096, 1985, 1991, 555, 1955, 3096, 3096, 1955, 558, 1963, 1985, 3096, 1963, 574, 561, 1978, 3097, 1965, 1978, 568, 1960, 3097, 3097, 1960, 557, 1954, 1965, 3097, 1954, 553, 573, 1987, 3098, 1986, 1987, 559, 1961, 3098, 3098, 1961, 555, 1991, 1986, 3098, 1991, 578, 566, 1976, 3099, 1957, 1976, 570, 1964, 3099, 3099, 1964, 560, 1956, 1957, 3099, 1956, 556, 555, 1961, 3100, 1969, 1961, 559, 1973, 3100, 3100, 1973, 569, 1975, 1969, 3100, 1975, 565, 565, 1975, 3101, 1970, 1975, 569, 1974, 3101, 3101, 1974, 570, 1976, 1970, 3101, 1976, 566, 551, 1959, 3102, 1951, 1959, 558, 1971, 3102, 3102, 1971, 567, 1977, 1951, 3102, 1977, 562, 562, 1977, 3103, 1966, 1977, 567, 1972, 3103, 3103, 1972, 568, 1978, 1966, 3103, 1978, 561, 558, 1955, 3104, 1971, 1955, 555, 1969, 3104, 3104, 1969, 565, 1979, 1971, 3104, 1979, 567, 567, 1979, 3105, 1972, 1979, 565, 1970, 3105, 3105, 1970, 566, 1980, 1972, 3105, 1980, 568, 559, 1952, 3106, 1973, 1952, 552, 1967, 3106, 3106, 1967, 563, 1981, 1973, 3106, 1981, 569, 569, 1981, 3107, 1974, 1981, 563, 1968, 3107, 3107, 1968, 564, 1982, 1974, 3107, 1982, 570, 572, 1984, 3108, 1993, 1984, 552, 1952, 3108, 3108, 1952, 559, 1987, 1993, 3108, 1987, 573, 574, 1983, 3109, 1996, 1983, 571, 1995, 3109, 3109, 1995, 579, 1994, 1996, 3109, 1994, 580, 577, 1992, 3110, 1997, 1992, 578, 1985, 3110, 3110, 1985, 574, 1996, 1997, 3110, 1996, 580, 573, 1986, 3111, 2001, 1986, 578, 1992, 3111, 3111, 1992, 577, 2000, 2001, 3111, 2000, 582, 572, 1993, 3112, 1998, 1993, 573, 2001, 3112, 3112, 2001, 582, 1999, 1998, 3112, 1999, 581, 581, 1999, 3113, 2004, 1999, 582, 2003, 3113, 3113, 2003, 584, 2002, 2004, 3113, 2002, 583, 584, 2003, 3114, 2005, 2003, 582, 2000, 3114, 3114, 2000, 577, 1990, 2005, 3114, 1990, 576, 586, 2008, 3115, 2009, 2008, 576, 1990, 3115, 3115, 1990, 577, 1997, 2009, 3115, 1997, 580, 585, 2007, 3116, 2006, 2007, 586, 2009, 3116, 3116, 2009, 580, 1994, 2006, 3116, 1994, 579, 583, 2002, 3117, 2012, 2002, 584, 2011, 3117, 3117, 2011, 588, 2010, 2012, 3117, 2010, 587, 591, 2015, 3118, 2017, 2015, 586, 2007, 3118, 3118, 2007, 585, 2013, 2017, 3118, 2013, 589, 592, 2016, 3119, 2018, 2016, 591, 2017, 3119, 3119, 2017, 589, 2014, 2018, 3119, 2014, 590, 593, 2019, 3120, 2020, 2019, 576, 2008, 3120, 3120, 2008, 586, 2015, 2020, 3120, 2015, 591, 588, 2011, 3121, 2021, 2011, 584, 2005, 3121, 3121, 2005, 576, 2019, 2021, 3121, 2019, 593, 595, 2023, 3122, 2024, 2023, 593, 2020, 3122, 3122, 2020, 591, 2016, 2024, 3122, 2016, 592, 594, 2022, 3123, 2025, 2022, 588, 2021, 3123, 3123, 2021, 593, 2023, 2025, 3123, 2023, 595, 595, 2024, 3124, 1989, 2024, 592, 2018, 3124, 3124, 2018, 590, 2026, 1989, 3124, 2026, 575, 575, 2027, 3125, 1989, 2027, 596, 2028, 3125, 3125, 2028, 594, 2025, 1989, 3125, 2025, 595, 587, 2010, 3126, 2029, 2010, 588, 2022, 3126, 3126, 2022, 594, 2028, 2029, 3126, 2028, 596, 597, 2031, 3127, 2030, 2031, 599, 2088, 3127, 3127, 2088, 641, 2089, 2030, 3127, 2089, 598, 600, 2033, 3128, 2032, 2033, 601, 2108, 3128, 3128, 2108, 599, 2031, 2032, 3128, 2031, 597, 601, 2033, 3129, 2107, 2033, 600, 2034, 3129, 3129, 2034, 602, 2035, 2107, 3129, 2035, 603, 604, 2037, 3130, 2036, 2037, 605, 2106, 3130, 3130, 2106, 603, 2035, 2036, 3130, 2035, 602, 608, 2041, 3131, 2040, 2041, 605, 2037, 3131, 3131, 2037, 604, 2038, 2040, 3131, 2038, 606, 609, 2042, 3132, 2105, 2042, 608, 2040, 3132, 3132, 2040, 606, 2039, 2105, 3132, 2039, 607, 610, 2044, 3133, 2043, 2044, 611, 2104, 3133, 3133, 2104, 605, 2041, 2043, 3133, 2041, 608, 613, 2046, 3134, 2048, 2046, 610, 2043, 3134, 3134, 2043, 608, 2042, 2048, 3134, 2042, 609, 612, 2102, 3135, 2045, 2102, 619, 2101, 3135, 3135, 2101, 611, 2044, 2045, 3135, 2044, 610, 615, 2050, 3136, 2049, 2050, 612, 2045, 3136, 3136, 2045, 610, 2046, 2049, 3136, 2046, 613, 614, 2052, 3137, 2047, 2052, 616, 2051, 3137, 3137, 2051, 615, 2049, 2047, 3137, 2049, 613, 613, 2048, 3138, 2047, 2048, 609, 2105, 3138, 3138, 2105, 607, 2103, 2047, 3138, 2103, 614, 617, 2054, 3139, 2053, 2054, 612, 2050, 3139, 3139, 2050, 615, 2051, 2053, 3139, 2051, 616, 618, 2056, 3140, 2055, 2056, 619, 2102, 3140, 3140, 2102, 612, 2054, 2055, 3140, 2054, 617, 620, 2059, 3141, 2057, 2059, 622, 2062, 3141, 3141, 2062, 619, 2056, 2057, 3141, 2056, 618, 621, 2065, 3142, 2058, 2065, 624, 2061, 3142, 3142, 2061, 622, 2059, 2058, 3142, 2059, 620, 619, 2062, 3143, 2101, 2062, 622, 2060, 3143, 3143, 2060, 623, 2099, 2101, 3143, 2099, 611, 624, 2063, 3144, 2061, 2063, 625, 2098, 3144, 3144, 2098, 623, 2060, 2061, 3144, 2060, 622, 624, 2064, 3145, 2063, 2064, 626, 2067, 3145, 3145, 2067, 628, 2095, 2063, 3145, 2095, 625, 621, 2096, 3146, 2065, 2096, 627, 2066, 3146, 3146, 2066, 626, 2064, 2065, 3146, 2064, 624, 626, 2066, 3147, 2068, 2066, 627, 2072, 3147, 3147, 2072, 632, 2071, 2068, 3147, 2071, 629, 628, 2067, 3148, 2093, 2067, 626, 2068, 3148, 3148, 2068, 629, 2070, 2093, 3148, 2070, 631, 629, 2071, 3149, 2069, 2071, 632, 2073, 3149, 3149, 2073, 633, 2075, 2069, 3149, 2075, 630, 631, 2070, 3150, 2091, 2070, 629, 2069, 3150, 3150, 2069, 630, 2092, 2091, 3150, 2092, 637, 630, 2075, 3151, 2078, 2075, 633, 2074, 3151, 3151, 2074, 634, 2076, 2078, 3151, 2076, 635, 637, 2092, 3152, 2079, 2092, 630, 2078, 3152, 3152, 2078, 635, 2077, 2079, 3152, 2077, 636, 640, 2085, 3153, 2082, 2085, 637, 2079, 3153, 3153, 2079, 636, 2080, 2082, 3153, 2080, 638, 642, 2084, 3154, 2086, 2084, 640, 2082, 3154, 3154, 2082, 638, 2081, 2086, 3154, 2081, 639, 641, 2090, 3155, 2083, 2090, 631, 2091, 3155, 3155, 2091, 637, 2085, 2083, 3155, 2085, 640, 598, 2089, 3156, 2087, 2089, 641, 2083, 3156, 3156, 2083, 640, 2084, 2087, 3156, 2084, 642, 599, 2094, 3157, 2088, 2094, 628, 2093, 3157, 3157, 2093, 631, 2090, 2088, 3157, 2090, 641, 625, 2095, 3158, 2097, 2095, 628, 2094, 3158, 3158, 2094, 599, 2108, 2097, 3158, 2108, 601, 623, 2098, 3159, 2100, 2098, 625, 2097, 3159, 3159, 2097, 601, 2107, 2100, 3159, 2107, 603, 605, 2104, 3160, 2106, 2104, 611, 2099, 3160, 3160, 2099, 623, 2100, 2106, 3160, 2100, 603, 643, 2111, 3161, 2109, 2111, 646, 2112, 3161, 3161, 2112, 647, 2196, 2109, 3161, 2196, 644, 644, 2150, 3162, 2109, 2150, 673, 2148, 3162, 3162, 2148, 645, 2110, 2109, 3162, 2110, 643, 646, 2113, 3163, 2112, 2113, 648, 2115, 3163, 3163, 2115, 650, 2117, 2112, 3163, 2117, 647, 648, 2114, 3164, 2115, 2114, 649, 2195, 3164, 3164, 2195, 651, 2116, 2115, 3164, 2116, 650, 650, 2116, 3165, 2118, 2116, 651, 2194, 3165, 3165, 2194, 653, 2119, 2118, 3165, 2119, 652, 647, 2117, 3166, 2193, 2117, 650, 2118, 3166, 3166, 2118, 652, 2120, 2193, 3166, 2120, 654, 652, 2119, 3167, 2121, 2119, 653, 2191, 3167, 3167, 2191, 657, 2123, 2121, 3167, 2123, 655, 654, 2120, 3168, 2192, 2120, 652, 2121, 3168, 3168, 2121, 655, 2122, 2192, 3168, 2122, 656, 656, 2122, 3169, 2127, 2122, 655, 2124, 3169, 3169, 2124, 658, 2126, 2127, 3169, 2126, 660, 655, 2123, 3170, 2124, 2123, 657, 2160, 3170, 3170, 2160, 659, 2125, 2124, 3170, 2125, 658, 662, 2159, 3171, 2129, 2159, 656, 2127, 3171, 3171, 2127, 660, 2128, 2129, 3171, 2128, 661, 661, 2130, 3172, 2129, 2130, 663, 2131, 3172, 3172, 2131, 664, 2158, 2129, 3172, 2158, 662, 663, 2132, 3173, 2131, 2132, 665, 2134, 3173, 3173, 2134, 667, 2135, 2131, 3173, 2135, 664, 665, 2133, 3174, 2134, 2133, 666, 2157, 3174, 3174, 2157, 668, 2136, 2134, 3174, 2136, 667, 664, 2135, 3175, 2152, 2135, 667, 2137, 3175, 3175, 2137, 669, 2138, 2152, 3175, 2138, 670, 667, 2136, 3176, 2137, 2136, 668, 2151, 3176, 3176, 2151, 671, 2139, 2137, 3176, 2139, 669, 670, 2138, 3177, 2149, 2138, 669, 2140, 3177, 3177, 2140, 672, 2141, 2149, 3177, 2141, 673, 669, 2139, 3178, 2140, 2139, 671, 2147, 3178, 3178, 2147, 674, 2142, 2140, 3178, 2142, 672, 673, 2141, 3179, 2148, 2141, 672, 2143, 3179, 3179, 2143, 675, 2145, 2148, 3179, 2145, 645, 672, 2142, 3180, 2143, 2142, 674, 2146, 3180, 3180, 2146, 676, 2144, 2143, 3180, 2144, 675, 677, 2153, 3181, 2155, 2153, 670, 2149, 3181, 3181, 2149, 673, 2150, 2155, 3181, 2150, 644, 662, 2158, 3182, 2154, 2158, 664, 2152, 3182, 3182, 2152, 670, 2153, 2154, 3182, 2153, 677, 677, 2156, 3183, 2154, 2156, 654, 2192, 3183, 3183, 2192, 656, 2159, 2154, 3183, 2159, 662, 644, 2196, 3184, 2155, 2196, 647, 2193, 3184, 3184, 2193, 654, 2156, 2155, 3184, 2156, 677, 679, 2162, 3185, 2190, 2162, 678, 2161, 3185, 3185, 2161, 659, 2160, 2190, 3185, 2160, 657, 682, 2165, 3186, 2167, 2165, 680, 2163, 3186, 3186, 2163, 678, 2162, 2167, 3186, 2162, 679, 683, 2189, 3187, 2166, 2189, 681, 2164, 3187, 3187, 2164, 680, 2165, 2166, 3187, 2165, 682, 684, 2169, 3188, 2168, 2169, 685, 2188, 3188, 3188, 2188, 683, 2166, 2168, 3188, 2166, 682, 686, 2170, 3189, 2186, 2170, 684, 2168, 3189, 3189, 2168, 682, 2167, 2186, 3189, 2167, 679, 687, 2173, 3190, 2171, 2173, 689, 2183, 3190, 3190, 2183, 685, 2169, 2171, 3190, 2169, 684, 688, 2172, 3191, 2184, 2172, 687, 2171, 3191, 3191, 2171, 684, 2170, 2184, 3191, 2170, 686, 690, 2174, 3192, 2176, 2174, 687, 2172, 3192, 3192, 2172, 688, 2178, 2176, 3192, 2178, 692, 691, 2179, 3193, 2175, 2179, 689, 2173, 3193, 3193, 2173, 687, 2174, 2175, 3193, 2174, 690, 692, 2178, 3194, 2177, 2178, 688, 2185, 3194, 3194, 2185, 651, 2195, 2177, 3194, 2195, 649, 689, 2179, 3195, 2183, 2179, 691, 2180, 3195, 3195, 2180, 693, 2181, 2183, 3195, 2181, 685, 685, 2181, 3196, 2188, 2181, 693, 2182, 3196, 3196, 2182, 681, 2189, 2188, 3196, 2189, 683, 651, 2185, 3197, 2194, 2185, 688, 2184, 3197, 3197, 2184, 686, 2187, 2194, 3197, 2187, 653, 653, 2187, 3198, 2191, 2187, 686, 2186, 3198, 3198, 2186, 679, 2190, 2191, 3198, 2190, 657, 694, 2198, 3199, 2197, 2198, 696, 2255, 3199, 3199, 2255, 738, 2256, 2197, 3199, 2256, 695, 697, 2200, 3200, 2199, 2200, 698, 2275, 3200, 3200, 2275, 696, 2198, 2199, 3200, 2198, 694, 698, 2200, 3201, 2274, 2200, 697, 2201, 3201, 3201, 2201, 699, 2202, 2274, 3201, 2202, 700, 701, 2204, 3202, 2203, 2204, 702, 2273, 3202, 3202, 2273, 700, 2202, 2203, 3202, 2202, 699, 705, 2208, 3203, 2207, 2208, 702, 2204, 3203, 3203, 2204, 701, 2205, 2207, 3203, 2205, 703, 706, 2209, 3204, 2272, 2209, 705, 2207, 3204, 3204, 2207, 703, 2206, 2272, 3204, 2206, 704, 707, 2211, 3205, 2210, 2211, 708, 2271, 3205, 3205, 2271, 702, 2208, 2210, 3205, 2208, 705, 710, 2213, 3206, 2215, 2213, 707, 2210, 3206, 3206, 2210, 705, 2209, 2215, 3206, 2209, 706, 709, 2269, 3207, 2212, 2269, 716, 2268, 3207, 3207, 2268, 708, 2211, 2212, 3207, 2211, 707, 712, 2217, 3208, 2216, 2217, 709, 2212, 3208, 3208, 2212, 707, 2213, 2216, 3208, 2213, 710, 711, 2219, 3209, 2214, 2219, 713, 2218, 3209, 3209, 2218, 712, 2216, 2214, 3209, 2216, 710, 710, 2215, 3210, 2214, 2215, 706, 2272, 3210, 3210, 2272, 704, 2270, 2214, 3210, 2270, 711, 714, 2221, 3211, 2220, 2221, 709, 2217, 3211, 3211, 2217, 712, 2218, 2220, 3211, 2218, 713, 715, 2223, 3212, 2222, 2223, 716, 2269, 3212, 3212, 2269, 709, 2221, 2222, 3212, 2221, 714, 717, 2226, 3213, 2224, 2226, 719, 2229, 3213, 3213, 2229, 716, 2223, 2224, 3213, 2223, 715, 718, 2232, 3214, 2225, 2232, 721, 2228, 3214, 3214, 2228, 719, 2226, 2225, 3214, 2226, 717, 716, 2229, 3215, 2268, 2229, 719, 2227, 3215, 3215, 2227, 720, 2266, 2268, 3215, 2266, 708, 721, 2230, 3216, 2228, 2230, 722, 2265, 3216, 3216, 2265, 720, 2227, 2228, 3216, 2227, 719, 721, 2231, 3217, 2230, 2231, 723, 2234, 3217, 3217, 2234, 725, 2262, 2230, 3217, 2262, 722, 718, 2263, 3218, 2232, 2263, 724, 2233, 3218, 3218, 2233, 723, 2231, 2232, 3218, 2231, 721, 723, 2233, 3219, 2235, 2233, 724, 2239, 3219, 3219, 2239, 729, 2238, 2235, 3219, 2238, 726, 725, 2234, 3220, 2260, 2234, 723, 2235, 3220, 3220, 2235, 726, 2237, 2260, 3220, 2237, 728, 726, 2238, 3221, 2236, 2238, 729, 2240, 3221, 3221, 2240, 730, 2242, 2236, 3221, 2242, 727, 728, 2237, 3222, 2258, 2237, 726, 2236, 3222, 3222, 2236, 727, 2259, 2258, 3222, 2259, 734, 727, 2242, 3223, 2245, 2242, 730, 2241, 3223, 3223, 2241, 731, 2243, 2245, 3223, 2243, 732, 734, 2259, 3224, 2246, 2259, 727, 2245, 3224, 3224, 2245, 732, 2244, 2246, 3224, 2244, 733, 737, 2252, 3225, 2249, 2252, 734, 2246, 3225, 3225, 2246, 733, 2247, 2249, 3225, 2247, 735, 739, 2251, 3226, 2253, 2251, 737, 2249, 3226, 3226, 2249, 735, 2248, 2253, 3226, 2248, 736, 738, 2257, 3227, 2250, 2257, 728, 2258, 3227, 3227, 2258, 734, 2252, 2250, 3227, 2252, 737, 695, 2256, 3228, 2254, 2256, 738, 2250, 3228, 3228, 2250, 737, 2251, 2254, 3228, 2251, 739, 696, 2261, 3229, 2255, 2261, 725, 2260, 3229, 3229, 2260, 728, 2257, 2255, 3229, 2257, 738, 722, 2262, 3230, 2264, 2262, 725, 2261, 3230, 3230, 2261, 696, 2275, 2264, 3230, 2275, 698, 720, 2265, 3231, 2267, 2265, 722, 2264, 3231, 3231, 2264, 698, 2274, 2267, 3231, 2274, 700, 702, 2271, 3232, 2273, 2271, 708, 2266, 3232, 3232, 2266, 720, 2267, 2273, 3232, 2267, 700, 740, 2277, 3233, 2276, 2277, 742, 2334, 3233, 3233, 2334, 784, 2335, 2276, 3233, 2335, 741, 743, 2279, 3234, 2278, 2279, 744, 2354, 3234, 3234, 2354, 742, 2277, 2278, 3234, 2277, 740, 744, 2279, 3235, 2353, 2279, 743, 2280, 3235, 3235, 2280, 745, 2281, 2353, 3235, 2281, 746, 747, 2283, 3236, 2282, 2283, 748, 2352, 3236, 3236, 2352, 746, 2281, 2282, 3236, 2281, 745, 751, 2287, 3237, 2286, 2287, 748, 2283, 3237, 3237, 2283, 747, 2284, 2286, 3237, 2284, 749, 752, 2288, 3238, 2351, 2288, 751, 2286, 3238, 3238, 2286, 749, 2285, 2351, 3238, 2285, 750, 753, 2290, 3239, 2289, 2290, 754, 2350, 3239, 3239, 2350, 748, 2287, 2289, 3239, 2287, 751, 756, 2292, 3240, 2294, 2292, 753, 2289, 3240, 3240, 2289, 751, 2288, 2294, 3240, 2288, 752, 755, 2348, 3241, 2291, 2348, 762, 2347, 3241, 3241, 2347, 754, 2290, 2291, 3241, 2290, 753, 758, 2296, 3242, 2295, 2296, 755, 2291, 3242, 3242, 2291, 753, 2292, 2295, 3242, 2292, 756, 757, 2298, 3243, 2293, 2298, 759, 2297, 3243, 3243, 2297, 758, 2295, 2293, 3243, 2295, 756, 756, 2294, 3244, 2293, 2294, 752, 2351, 3244, 3244, 2351, 750, 2349, 2293, 3244, 2349, 757, 760, 2300, 3245, 2299, 2300, 755, 2296, 3245, 3245, 2296, 758, 2297, 2299, 3245, 2297, 759, 761, 2302, 3246, 2301, 2302, 762, 2348, 3246, 3246, 2348, 755, 2300, 2301, 3246, 2300, 760, 763, 2305, 3247, 2303, 2305, 765, 2308, 3247, 3247, 2308, 762, 2302, 2303, 3247, 2302, 761, 764, 2311, 3248, 2304, 2311, 767, 2307, 3248, 3248, 2307, 765, 2305, 2304, 3248, 2305, 763, 762, 2308, 3249, 2347, 2308, 765, 2306, 3249, 3249, 2306, 766, 2345, 2347, 3249, 2345, 754, 767, 2309, 3250, 2307, 2309, 768, 2344, 3250, 3250, 2344, 766, 2306, 2307, 3250, 2306, 765, 767, 2310, 3251, 2309, 2310, 769, 2313, 3251, 3251, 2313, 771, 2341, 2309, 3251, 2341, 768, 764, 2342, 3252, 2311, 2342, 770, 2312, 3252, 3252, 2312, 769, 2310, 2311, 3252, 2310, 767, 769, 2312, 3253, 2314, 2312, 770, 2318, 3253, 3253, 2318, 775, 2317, 2314, 3253, 2317, 772, 771, 2313, 3254, 2339, 2313, 769, 2314, 3254, 3254, 2314, 772, 2316, 2339, 3254, 2316, 774, 772, 2317, 3255, 2315, 2317, 775, 2319, 3255, 3255, 2319, 776, 2321, 2315, 3255, 2321, 773, 774, 2316, 3256, 2337, 2316, 772, 2315, 3256, 3256, 2315, 773, 2338, 2337, 3256, 2338, 780, 773, 2321, 3257, 2324, 2321, 776, 2320, 3257, 3257, 2320, 777, 2322, 2324, 3257, 2322, 778, 780, 2338, 3258, 2325, 2338, 773, 2324, 3258, 3258, 2324, 778, 2323, 2325, 3258, 2323, 779, 783, 2331, 3259, 2328, 2331, 780, 2325, 3259, 3259, 2325, 779, 2326, 2328, 3259, 2326, 781, 785, 2330, 3260, 2332, 2330, 783, 2328, 3260, 3260, 2328, 781, 2327, 2332, 3260, 2327, 782, 784, 2336, 3261, 2329, 2336, 774, 2337, 3261, 3261, 2337, 780, 2331, 2329, 3261, 2331, 783, 741, 2335, 3262, 2333, 2335, 784, 2329, 3262, 3262, 2329, 783, 2330, 2333, 3262, 2330, 785, 742, 2340, 3263, 2334, 2340, 771, 2339, 3263, 3263, 2339, 774, 2336, 2334, 3263, 2336, 784, 768, 2341, 3264, 2343, 2341, 771, 2340, 3264, 3264, 2340, 742, 2354, 2343, 3264, 2354, 744, 766, 2344, 3265, 2346, 2344, 768, 2343, 3265, 3265, 2343, 744, 2353, 2346, 3265, 2353, 746, 748, 2350, 3266, 2352, 2350, 754, 2345, 3266, 3266, 2345, 766, 2346, 2352, 3266, 2346, 746, 786, 2356, 3267, 2355, 2356, 788, 2404, 3267, 3267, 2404, 825, 2405, 2355, 3267, 2405, 787, 789, 2358, 3268, 2357, 2358, 790, 2424, 3268, 3268, 2424, 788, 2356, 2357, 3268, 2356, 786, 790, 2358, 3269, 2423, 2358, 789, 2359, 3269, 3269, 2359, 791, 2360, 2423, 3269, 2360, 792, 793, 2362, 3270, 2361, 2362, 794, 2422, 3270, 3270, 2422, 792, 2360, 2361, 3270, 2360, 791, 797, 2366, 3271, 2365, 2366, 794, 2362, 3271, 3271, 2362, 793, 2363, 2365, 3271, 2363, 795, 798, 2367, 3272, 2421, 2367, 797, 2365, 3272, 3272, 2365, 795, 2364, 2421, 3272, 2364, 796, 799, 2369, 3273, 2368, 2369, 800, 2420, 3273, 3273, 2420, 794, 2366, 2368, 3273, 2366, 797, 802, 2371, 3274, 2373, 2371, 799, 2368, 3274, 3274, 2368, 797, 2367, 2373, 3274, 2367, 798, 801, 2418, 3275, 2370, 2418, 808, 2417, 3275, 3275, 2417, 800, 2369, 2370, 3275, 2369, 799, 804, 2375, 3276, 2374, 2375, 801, 2370, 3276, 3276, 2370, 799, 2371, 2374, 3276, 2371, 802, 803, 2377, 3277, 2372, 2377, 805, 2376, 3277, 3277, 2376, 804, 2374, 2372, 3277, 2374, 802, 802, 2373, 3278, 2372, 2373, 798, 2421, 3278, 3278, 2421, 796, 2419, 2372, 3278, 2419, 803, 806, 2379, 3279, 2378, 2379, 801, 2375, 3279, 3279, 2375, 804, 2376, 2378, 3279, 2376, 805, 807, 2381, 3280, 2380, 2381, 808, 2418, 3280, 3280, 2418, 801, 2379, 2380, 3280, 2379, 806, 809, 2384, 3281, 2382, 2384, 811, 2387, 3281, 3281, 2387, 808, 2381, 2382, 3281, 2381, 807, 810, 2390, 3282, 2383, 2390, 813, 2386, 3282, 3282, 2386, 811, 2384, 2383, 3282, 2384, 809, 808, 2387, 3283, 2417, 2387, 811, 2385, 3283, 3283, 2385, 812, 2415, 2417, 3283, 2415, 800, 813, 2388, 3284, 2386, 2388, 814, 2414, 3284, 3284, 2414, 812, 2385, 2386, 3284, 2385, 811, 813, 2389, 3285, 2388, 2389, 815, 2392, 3285, 3285, 2392, 817, 2411, 2388, 3285, 2411, 814, 810, 2412, 3286, 2390, 2412, 816, 2391, 3286, 3286, 2391, 815, 2389, 2390, 3286, 2389, 813, 815, 2391, 3287, 2393, 2391, 816, 2397, 3287, 3287, 2397, 821, 2396, 2393, 3287, 2396, 818, 817, 2392, 3288, 2409, 2392, 815, 2393, 3288, 3288, 2393, 818, 2395, 2409, 3288, 2395, 820, 818, 2396, 3289, 2394, 2396, 821, 2398, 3289, 3289, 2398, 822, 2399, 2394, 3289, 2399, 819, 820, 2395, 3290, 2407, 2395, 818, 2394, 3290, 3290, 2394, 819, 2408, 2407, 3290, 2408, 823, 825, 2406, 3291, 2400, 2406, 820, 2407, 3291, 3291, 2407, 823, 2402, 2400, 3291, 2402, 824, 787, 2405, 3292, 2403, 2405, 825, 2400, 3292, 3292, 2400, 824, 2401, 2403, 3292, 2401, 826, 788, 2410, 3293, 2404, 2410, 817, 2409, 3293, 3293, 2409, 820, 2406, 2404, 3293, 2406, 825, 814, 2411, 3294, 2413, 2411, 817, 2410, 3294, 3294, 2410, 788, 2424, 2413, 3294, 2424, 790, 812, 2414, 3295, 2416, 2414, 814, 2413, 3295, 3295, 2413, 790, 2423, 2416, 3295, 2423, 792, 794, 2420, 3296, 2422, 2420, 800, 2415, 3296, 3296, 2415, 812, 2416, 2422, 3296, 2416, 792, 827, 2426, 3297, 2425, 2426, 829, 2483, 3297, 3297, 2483, 871, 2484, 2425, 3297, 2484, 828, 830, 2428, 3298, 2427, 2428, 831, 2503, 3298, 3298, 2503, 829, 2426, 2427, 3298, 2426, 827, 831, 2428, 3299, 2502, 2428, 830, 2429, 3299, 3299, 2429, 832, 2430, 2502, 3299, 2430, 833, 834, 2432, 3300, 2431, 2432, 835, 2501, 3300, 3300, 2501, 833, 2430, 2431, 3300, 2430, 832, 838, 2436, 3301, 2435, 2436, 835, 2432, 3301, 3301, 2432, 834, 2433, 2435, 3301, 2433, 836, 839, 2437, 3302, 2500, 2437, 838, 2435, 3302, 3302, 2435, 836, 2434, 2500, 3302, 2434, 837, 840, 2439, 3303, 2438, 2439, 841, 2499, 3303, 3303, 2499, 835, 2436, 2438, 3303, 2436, 838, 843, 2441, 3304, 2443, 2441, 840, 2438, 3304, 3304, 2438, 838, 2437, 2443, 3304, 2437, 839, 842, 2497, 3305, 2440, 2497, 849, 2496, 3305, 3305, 2496, 841, 2439, 2440, 3305, 2439, 840, 845, 2445, 3306, 2444, 2445, 842, 2440, 3306, 3306, 2440, 840, 2441, 2444, 3306, 2441, 843, 844, 2447, 3307, 2442, 2447, 846, 2446, 3307, 3307, 2446, 845, 2444, 2442, 3307, 2444, 843, 843, 2443, 3308, 2442, 2443, 839, 2500, 3308, 3308, 2500, 837, 2498, 2442, 3308, 2498, 844, 847, 2449, 3309, 2448, 2449, 842, 2445, 3309, 3309, 2445, 845, 2446, 2448, 3309, 2446, 846, 848, 2451, 3310, 2450, 2451, 849, 2497, 3310, 3310, 2497, 842, 2449, 2450, 3310, 2449, 847, 850, 2454, 3311, 2452, 2454, 852, 2457, 3311, 3311, 2457, 849, 2451, 2452, 3311, 2451, 848, 851, 2460, 3312, 2453, 2460, 854, 2456, 3312, 3312, 2456, 852, 2454, 2453, 3312, 2454, 850, 849, 2457, 3313, 2496, 2457, 852, 2455, 3313, 3313, 2455, 853, 2494, 2496, 3313, 2494, 841, 854, 2458, 3314, 2456, 2458, 855, 2493, 3314, 3314, 2493, 853, 2455, 2456, 3314, 2455, 852, 854, 2459, 3315, 2458, 2459, 856, 2462, 3315, 3315, 2462, 858, 2490, 2458, 3315, 2490, 855, 851, 2491, 3316, 2460, 2491, 857, 2461, 3316, 3316, 2461, 856, 2459, 2460, 3316, 2459, 854, 856, 2461, 3317, 2463, 2461, 857, 2467, 3317, 3317, 2467, 862, 2466, 2463, 3317, 2466, 859, 858, 2462, 3318, 2488, 2462, 856, 2463, 3318, 3318, 2463, 859, 2465, 2488, 3318, 2465, 861, 859, 2466, 3319, 2464, 2466, 862, 2468, 3319, 3319, 2468, 863, 2470, 2464, 3319, 2470, 860, 861, 2465, 3320, 2486, 2465, 859, 2464, 3320, 3320, 2464, 860, 2487, 2486, 3320, 2487, 867, 860, 2470, 3321, 2473, 2470, 863, 2469, 3321, 3321, 2469, 864, 2471, 2473, 3321, 2471, 865, 867, 2487, 3322, 2474, 2487, 860, 2473, 3322, 3322, 2473, 865, 2472, 2474, 3322, 2472, 866, 870, 2480, 3323, 2477, 2480, 867, 2474, 3323, 3323, 2474, 866, 2475, 2477, 3323, 2475, 868, 872, 2479, 3324, 2481, 2479, 870, 2477, 3324, 3324, 2477, 868, 2476, 2481, 3324, 2476, 869, 871, 2485, 3325, 2478, 2485, 861, 2486, 3325, 3325, 2486, 867, 2480, 2478, 3325, 2480, 870, 828, 2484, 3326, 2482, 2484, 871, 2478, 3326, 3326, 2478, 870, 2479, 2482, 3326, 2479, 872, 829, 2489, 3327, 2483, 2489, 858, 2488, 3327, 3327, 2488, 861, 2485, 2483, 3327, 2485, 871, 855, 2490, 3328, 2492, 2490, 858, 2489, 3328, 3328, 2489, 829, 2503, 2492, 3328, 2503, 831, 853, 2493, 3329, 2495, 2493, 855, 2492, 3329, 3329, 2492, 831, 2502, 2495, 3329, 2502, 833, 835, 2499, 3330, 2501, 2499, 841, 2494, 3330, 3330, 2494, 853, 2495, 2501, 3330, 2495, 833, 873, 2505, 3331, 2504, 2505, 875, 2553, 3331, 3331, 2553, 912, 2554, 2504, 3331, 2554, 874, 876, 2507, 3332, 2506, 2507, 877, 2573, 3332, 3332, 2573, 875, 2505, 2506, 3332, 2505, 873, 877, 2507, 3333, 2572, 2507, 876, 2508, 3333, 3333, 2508, 878, 2509, 2572, 3333, 2509, 879, 880, 2511, 3334, 2510, 2511, 881, 2571, 3334, 3334, 2571, 879, 2509, 2510, 3334, 2509, 878, 884, 2515, 3335, 2514, 2515, 881, 2511, 3335, 3335, 2511, 880, 2512, 2514, 3335, 2512, 882, 885, 2516, 3336, 2570, 2516, 884, 2514, 3336, 3336, 2514, 882, 2513, 2570, 3336, 2513, 883, 886, 2518, 3337, 2517, 2518, 887, 2569, 3337, 3337, 2569, 881, 2515, 2517, 3337, 2515, 884, 889, 2520, 3338, 2522, 2520, 886, 2517, 3338, 3338, 2517, 884, 2516, 2522, 3338, 2516, 885, 888, 2567, 3339, 2519, 2567, 895, 2566, 3339, 3339, 2566, 887, 2518, 2519, 3339, 2518, 886, 891, 2524, 3340, 2523, 2524, 888, 2519, 3340, 3340, 2519, 886, 2520, 2523, 3340, 2520, 889, 890, 2526, 3341, 2521, 2526, 892, 2525, 3341, 3341, 2525, 891, 2523, 2521, 3341, 2523, 889, 889, 2522, 3342, 2521, 2522, 885, 2570, 3342, 3342, 2570, 883, 2568, 2521, 3342, 2568, 890, 893, 2528, 3343, 2527, 2528, 888, 2524, 3343, 3343, 2524, 891, 2525, 2527, 3343, 2525, 892, 894, 2530, 3344, 2529, 2530, 895, 2567, 3344, 3344, 2567, 888, 2528, 2529, 3344, 2528, 893, 896, 2533, 3345, 2531, 2533, 898, 2536, 3345, 3345, 2536, 895, 2530, 2531, 3345, 2530, 894, 897, 2539, 3346, 2532, 2539, 900, 2535, 3346, 3346, 2535, 898, 2533, 2532, 3346, 2533, 896, 895, 2536, 3347, 2566, 2536, 898, 2534, 3347, 3347, 2534, 899, 2564, 2566, 3347, 2564, 887, 900, 2537, 3348, 2535, 2537, 901, 2563, 3348, 3348, 2563, 899, 2534, 2535, 3348, 2534, 898, 900, 2538, 3349, 2537, 2538, 902, 2541, 3349, 3349, 2541, 904, 2560, 2537, 3349, 2560, 901, 897, 2561, 3350, 2539, 2561, 903, 2540, 3350, 3350, 2540, 902, 2538, 2539, 3350, 2538, 900, 902, 2540, 3351, 2542, 2540, 903, 2546, 3351, 3351, 2546, 908, 2545, 2542, 3351, 2545, 905, 904, 2541, 3352, 2558, 2541, 902, 2542, 3352, 3352, 2542, 905, 2544, 2558, 3352, 2544, 907, 905, 2545, 3353, 2543, 2545, 908, 2547, 3353, 3353, 2547, 909, 2548, 2543, 3353, 2548, 906, 907, 2544, 3354, 2556, 2544, 905, 2543, 3354, 3354, 2543, 906, 2557, 2556, 3354, 2557, 910, 912, 2555, 3355, 2549, 2555, 907, 2556, 3355, 3355, 2556, 910, 2551, 2549, 3355, 2551, 911, 874, 2554, 3356, 2552, 2554, 912, 2549, 3356, 3356, 2549, 911, 2550, 2552, 3356, 2550, 913, 875, 2559, 3357, 2553, 2559, 904, 2558, 3357, 3357, 2558, 907, 2555, 2553, 3357, 2555, 912, 901, 2560, 3358, 2562, 2560, 904, 2559, 3358, 3358, 2559, 875, 2573, 2562, 3358, 2573, 877, 899, 2563, 3359, 2565, 2563, 901, 2562, 3359, 3359, 2562, 877, 2572, 2565, 3359, 2572, 879, 881, 2569, 3360, 2571, 2569, 887, 2564, 3360, 3360, 2564, 899, 2565, 2571, 3360, 2565, 879, 915, 2574, 3361, 2630, 2574, 914, 2576, 3361, 3361, 2576, 917, 2629, 2630, 3361, 2629, 951, 914, 2574, 3362, 2575, 2574, 915, 2644, 3362, 3362, 2644, 952, 2631, 2575, 3362, 2631, 916, 919, 2581, 3363, 2578, 2581, 922, 2583, 3363, 3363, 2583, 917, 2576, 2578, 3363, 2576, 914, 919, 2578, 3364, 2580, 2578, 914, 2577, 3364, 3364, 2577, 918, 2607, 2580, 3364, 2607, 921, 920, 2585, 3365, 2579, 2585, 923, 2582, 3365, 3365, 2582, 922, 2581, 2579, 3365, 2581, 919, 920, 2579, 3366, 2628, 2579, 919, 2580, 3366, 3366, 2580, 921, 2606, 2628, 3366, 2606, 938, 925, 2586, 3367, 2587, 2586, 924, 2584, 3367, 3367, 2584, 923, 2585, 2587, 3367, 2585, 920, 925, 2587, 3368, 2588, 2587, 920, 2605, 3368, 3368, 2605, 927, 2589, 2588, 3368, 2589, 926, 926, 2589, 3369, 2590, 2589, 927, 2604, 3369, 3369, 2604, 929, 2591, 2590, 3369, 2591, 928, 928, 2591, 3370, 2592, 2591, 929, 2603, 3370, 3370, 2603, 931, 2593, 2592, 3370, 2593, 930, 930, 2593, 3371, 2594, 2593, 931, 2602, 3371, 3371, 2602, 933, 2595, 2594, 3371, 2595, 932, 932, 2595, 3372, 2596, 2595, 933, 2600, 3372, 3372, 2600, 936, 2598, 2596, 3372, 2598, 934, 934, 2598, 3373, 2597, 2598, 936, 2599, 3373, 3373, 2599, 937, 2601, 2597, 3373, 2601, 935, 938, 2606, 3374, 2627, 2606, 921, 2608, 3374, 3374, 2608, 939, 2609, 2627, 3374, 2609, 940, 921, 2607, 3375, 2608, 2607, 918, 2626, 3375, 3375, 2626, 941, 2610, 2608, 3375, 2610, 939, 940, 2609, 3376, 2625, 2609, 939, 2611, 3376, 3376, 2611, 942, 2612, 2625, 3376, 2612, 943, 939, 2610, 3377, 2611, 2610, 941, 2624, 3377, 3377, 2624, 944, 2613, 2611, 3377, 2613, 942, 943, 2612, 3378, 2623, 2612, 942, 2614, 3378, 3378, 2614, 945, 2615, 2623, 3378, 2615, 946, 942, 2613, 3379, 2614, 2613, 944, 2622, 3379, 3379, 2622, 947, 2616, 2614, 3379, 2616, 945, 946, 2615, 3380, 2621, 2615, 945, 2617, 3380, 3380, 2617, 948, 2618, 2621, 3380, 2618, 949, 945, 2616, 3381, 2617, 2616, 947, 2620, 3381, 3381, 2620, 950, 2619, 2617, 3381, 2619, 948, 916, 2631, 3382, 2632, 2631, 952, 2643, 3382, 3382, 2643, 954, 2633, 2632, 3382, 2633, 953, 953, 2633, 3383, 2634, 2633, 954, 2638, 3383, 3383, 2638, 957, 2636, 2634, 3383, 2636, 955, 955, 2636, 3384, 2635, 2636, 957, 2637, 3384, 3384, 2637, 958, 2639, 2635, 3384, 2639, 956, 956, 2639, 3385, 2642, 2639, 958, 2640, 3385, 3385, 2640, 959, 2641, 2642, 3385, 2641, 960]
            rel material:binding = </root/_materials/nettle_plant>
            normal3f[] normals = [(-0.13550523, 0.48511416, 0.8638881), (-0.19576795, 0.5929868, 0.7810515), (-0.17507915, 0.50755745, 0.84364253), (-0.10379852, 0.34685957, 0.9321557), (-0.19576795, 0.5929868, 0.7810515), (-0.3258158, 0.66740197, 0.6696408), (-0.32475153, 0.6473112, 0.68958294), (-0.17507915, 0.50755745, 0.84364253), (-0.17507915, 0.50755745, 0.84364253), (-0.32475153, 0.6473112, 0.68958294), (-0.32284632, 0.63113576, 0.70529276), (-0.13472511, 0.3930846, 0.9095788), (-0.10379852, 0.34685957, 0.9321557), (-0.17507915, 0.50755745, 0.84364253), (-0.13472511, 0.3930846, 0.9095788), (-0.06940667, 0.14223604, 0.98739636), (-0.06940667, 0.14223604, 0.98739636), (-0.057372194, 0.12451417, 0.9905578), (-0.083699465, 0.29299307, 0.95244396), (-0.10379852, 0.34685957, 0.9321557), (-0.057372194, 0.12451417, 0.9905578), (0.0021188054, 0.14663456, 0.9891885), (-0.016163578, 0.249351, 0.9682782), (-0.083699465, 0.29299307, 0.95244396), (-0.083699465, 0.29299307, 0.95244396), (-0.016163578, 0.249351, 0.9682782), (-0.023899455, 0.3074638, 0.95125955), (-0.095237195, 0.39975163, 0.91166246), (-0.10379852, 0.34685957, 0.9321557), (-0.083699465, 0.29299307, 0.95244396), (-0.095237195, 0.39975163, 0.91166246), (-0.13550523, 0.48511416, 0.8638881), (-0.06940667, 0.14223604, 0.98739636), (-0.05823739, 0.020928852, 0.9980834), (-0.04585359, 0.04417653, 0.9979708), (-0.057372194, 0.12451417, 0.9905578), (-0.05823739, 0.020928852, 0.9980834), (0.018986091, -0.052749988, 0.9984273), (0.010094875, -0.026072655, 0.99960905), (-0.04585359, 0.04417653, 0.9979708), (-0.04585359, 0.04417653, 0.9979708), (0.010094875, -0.026072655, 0.99960905), (0.03295618, 0.020558137, 0.9992454), (0.011135774, 0.08089267, 0.99666065), (-0.057372194, 0.12451417, 0.9905578), (-0.04585359, 0.04417653, 0.9979708), (0.011135774, 0.08089267, 0.99666065), (0.0021188054, 0.14663456, 0.9891885), (-0.3258158, 0.66740197, 0.6696408), (-0.44868472, 0.6615669, 0.60084206), (-0.4498383, 0.6614264, 0.6001339), (-0.32475153, 0.6473112, 0.68958294), (-0.44868472, 0.6615669, 0.60084206), (-0.5357487, 0.6326633, 0.5592052), (-0.5343649, 0.63422346, 0.5587617), (-0.4498383, 0.6614264, 0.6001339), (-0.4498383, 0.6614264, 0.6001339), (-0.5343649, 0.63422346, 0.5587617), (-0.53303206, 0.635526, 0.5585548), (-0.45084473, 0.6613116, 0.59950477), (-0.32475153, 0.6473112, 0.68958294), (-0.4498383, 0.6614264, 0.6001339), (-0.45084473, 0.6613116, 0.59950477), (-0.32284632, 0.63113576, 0.70529276), (-0.086578615, -0.82868904, 0.5529726), (-0.1600523, -0.8671597, 0.47161138), (-0.15331997, -0.8655035, 0.47686133), (-0.07979527, -0.8280175, 0.5549953), (-0.1600523, -0.8671597, 0.47161138), (-0.23961659, -0.88238704, 0.40494078), (-0.2357887, -0.88061196, 0.4110064), (-0.15331997, -0.8655035, 0.47686133), (-0.15331997, -0.8655035, 0.47686133), (-0.2357887, -0.88061196, 0.4110064), (-0.23132275, -0.87904054, 0.41686642), (-0.14663911, -0.8638181, 0.48199096), (-0.07979527, -0.8280175, 0.5549953), (-0.15331997, -0.8655035, 0.47686133), (-0.14663911, -0.8638181, 0.48199096), (-0.07247499, -0.8337661, 0.5473404), (0.025212932, -0.5047452, 0.8629001), (-0.008205145, -0.68811256, 0.72555757), (-0.008421197, -0.7273353, 0.68623066), (0.034228154, -0.6310616, 0.7749772), (-0.008205145, -0.68811256, 0.72555757), (-0.086578615, -0.82868904, 0.5529726), (-0.07979527, -0.8280175, 0.5549953), (-0.008421197, -0.7273353, 0.68623066), (-0.008421197, -0.7273353, 0.68623066), (-0.07979527, -0.8280175, 0.5549953), (-0.07247499, -0.8337661, 0.5473404), (-0.0012390668, -0.77132535, 0.6364398), (0.034228154, -0.6310616, 0.7749772), (-0.008421197, -0.7273353, 0.68623066), (-0.0012390668, -0.77132535, 0.6364398), (0.048825655, -0.70601255, 0.70651424), (-0.23961659, -0.88238704, 0.40494078), (-0.30512735, -0.8853906, 0.35068616), (-0.31487072, -0.88136894, 0.35220036), (-0.2357887, -0.88061196, 0.4110064), (-0.30512735, -0.8853906, 0.35068616), (-0.34063488, -0.8820976, 0.32537928), (-0.3515654, -0.8728555, 0.3384155), (-0.31487072, -0.88136894, 0.35220036), (-0.31487072, -0.88136894, 0.35220036), (-0.3515654, -0.8728555, 0.3384155), (-0.3539299, -0.870798, 0.34123954), (-0.31807446, -0.8775229, 0.3588623), (-0.2357887, -0.88061196, 0.4110064), (-0.31487072, -0.88136894, 0.35220036), (-0.31807446, -0.8775229, 0.3588623), (-0.23132275, -0.87904054, 0.41686642), (-0.5357487, 0.6326633, 0.5592052), (-0.5921558, 0.6107991, 0.52561945), (-0.589436, 0.6145173, 0.5243412), (-0.5343649, 0.63422346, 0.5587617), (-0.5921558, 0.6107991, 0.52561945), (-0.61026716, 0.6037677, 0.5128729), (-0.6093182, 0.6053165, 0.5121749), (-0.589436, 0.6145173, 0.5243412), (-0.589436, 0.6145173, 0.5243412), (-0.6093182, 0.6053165, 0.5121749), (-0.60492915, 0.61240256, 0.50894374), (-0.583049, 0.618737, 0.52651536), (-0.5343649, 0.63422346, 0.5587617), (-0.589436, 0.6145173, 0.5243412), (-0.583049, 0.618737, 0.52651536), (-0.53303206, 0.635526, 0.5585548), (0.048825655, -0.70601255, 0.70651424), (0.091854915, -0.63969433, 0.76312107), (0.072149396, -0.5832198, 0.8091039), (0.034228154, -0.6310616, 0.7749772), (0.091854915, -0.63969433, 0.76312107), (0.13244945, -0.5478031, 0.8260562), (0.12889615, -0.5184857, 0.8453156), (0.072149396, -0.5832198, 0.8091039), (0.072149396, -0.5832198, 0.8091039), (0.12889615, -0.5184857, 0.8453156), (0.12200542, -0.45757303, 0.8807619), (0.05122066, -0.47106495, 0.88061017), (0.034228154, -0.6310616, 0.7749772), (0.072149396, -0.5832198, 0.8091039), (0.05122066, -0.47106495, 0.88061017), (0.025212932, -0.5047452, 0.8629001), (0.101930216, -0.41283736, 0.9050831), (0.05336328, -0.41747615, 0.90711963), (0.0407315, -0.42565608, 0.90396786), (0.11086012, -0.42686957, 0.8974923), (0.05336328, -0.41747615, 0.90711963), (0.035978615, -0.42341605, 0.9052206), (0.01738463, -0.42160004, 0.9066152), (0.0407315, -0.42565608, 0.90396786), (0.0407315, -0.42565608, 0.90396786), (0.01738463, -0.42160004, 0.9066152), (0.025212932, -0.5047452, 0.8629001), (0.05122066, -0.47106495, 0.88061017), (0.11086012, -0.42686957, 0.8974923), (0.0407315, -0.42565608, 0.90396786), (0.05122066, -0.47106495, 0.88061017), (0.12200542, -0.45757303, 0.8807619), (0.27478862, -0.33742398, 0.90035343), (0.2318091, -0.36720395, 0.90079176), (0.12094781, -0.40553087, 0.90604436), (0.1720775, -0.38824826, 0.9053467), (0.2318091, -0.36720395, 0.90079176), (0.20195682, -0.39021987, 0.89829946), (0.10115223, -0.4196013, 0.9020549), (0.12094781, -0.40553087, 0.90604436), (0.12094781, -0.40553087, 0.90604436), (0.10115223, -0.4196013, 0.9020549), (0.035978615, -0.42341605, 0.9052206), (0.05336328, -0.41747615, 0.90711963), (0.1720775, -0.38824826, 0.9053467), (0.12094781, -0.40553087, 0.90604436), (0.05336328, -0.41747615, 0.90711963), (0.101930216, -0.41283736, 0.9050831), (0.298282, -0.35761783, 0.8849504), (0.29656884, -0.33944097, 0.8926515), (0.20039575, -0.39982608, 0.89441633), (0.202913, -0.42021602, 0.88444597), (0.29656884, -0.33944097, 0.8926515), (0.27478862, -0.33742398, 0.90035343), (0.1720775, -0.38824826, 0.9053467), (0.20039575, -0.39982608, 0.89441633), (0.20039575, -0.39982608, 0.89441633), (0.1720775, -0.38824826, 0.9053467), (0.101930216, -0.41283736, 0.9050831), (0.11086012, -0.42686957, 0.8974923), (0.202913, -0.42021602, 0.88444597), (0.20039575, -0.39982608, 0.89441633), (0.11086012, -0.42686957, 0.8974923), (0.12200542, -0.45757303, 0.8807619), (0.50796974, -0.19632788, 0.8387027), (0.44724733, -0.27103683, 0.8523549), (0.34613803, -0.31601843, 0.8833577), (0.3870668, -0.27015975, 0.88158554), (0.44724733, -0.27103683, 0.8523549), (0.39533088, -0.31759727, 0.86188483), (0.30669728, -0.34960595, 0.88527536), (0.34613803, -0.31601843, 0.8833577), (0.34613803, -0.31601843, 0.8833577), (0.30669728, -0.34960595, 0.88527536), (0.20195682, -0.39021987, 0.89829946), (0.2318091, -0.36720395, 0.90079176), (0.3870668, -0.27015975, 0.88158554), (0.34613803, -0.31601843, 0.8833577), (0.2318091, -0.36720395, 0.90079176), (0.27478862, -0.33742398, 0.90035343), (0.5858593, -0.2005698, 0.785201), (0.55469424, -0.1783589, 0.812713), (0.41439226, -0.2598033, 0.8722278), (0.4291974, -0.2788758, 0.85907966), (0.55469424, -0.1783589, 0.812713), (0.50796974, -0.19632788, 0.8387027), (0.3870668, -0.27015975, 0.88158554), (0.41439226, -0.2598033, 0.8722278), (0.41439226, -0.2598033, 0.8722278), (0.3870668, -0.27015975, 0.88158554), (0.27478862, -0.33742398, 0.90035343), (0.29656884, -0.33944097, 0.8926515), (0.4291974, -0.2788758, 0.85907966), (0.41439226, -0.2598033, 0.8722278), (0.29656884, -0.33944097, 0.8926515), (0.298282, -0.35761783, 0.8849504), (0.6660893, -0.14044273, 0.7325304), (0.6012687, -0.19922248, 0.77381283), (0.53689235, -0.24141541, 0.80837196), (0.61058563, -0.15870698, 0.7758848), (0.6012687, -0.19922248, 0.77381283), (0.53131926, -0.29598188, 0.793785), (0.47130048, -0.29904193, 0.8297287), (0.53689235, -0.24141541, 0.80837196), (0.53689235, -0.24141541, 0.80837196), (0.47130048, -0.29904193, 0.8297287), (0.39533088, -0.31759727, 0.86188483), (0.44724733, -0.27103683, 0.8523549), (0.61058563, -0.15870698, 0.7758848), (0.53689235, -0.24141541, 0.80837196), (0.44724733, -0.27103683, 0.8523549), (0.50796974, -0.19632788, 0.8387027), (0.7494164, -0.15235876, 0.64433056), (0.71526945, -0.13081577, 0.686496), (0.6679002, -0.13585207, 0.7317469), (0.706064, -0.15639634, 0.6906619), (0.71526945, -0.13081577, 0.686496), (0.6660893, -0.14044273, 0.7325304), (0.61058563, -0.15870698, 0.7758848), (0.6679002, -0.13585207, 0.7317469), (0.6679002, -0.13585207, 0.7317469), (0.61058563, -0.15870698, 0.7758848), (0.50796974, -0.19632788, 0.8387027), (0.55469424, -0.1783589, 0.812713), (0.706064, -0.15639634, 0.6906619), (0.6679002, -0.13585207, 0.7317469), (0.55469424, -0.1783589, 0.812713), (0.5858593, -0.2005698, 0.785201), (0.60553, -0.25234655, 0.7547546), (0.73957735, -0.20446023, 0.64126545), (0.72799796, -0.18952815, 0.6588612), (0.5987417, -0.23667808, 0.76517445), (0.73957735, -0.20446023, 0.64126545), (0.7792791, -0.19384424, 0.59594333), (0.77157116, -0.1815113, 0.60969794), (0.72799796, -0.18952815, 0.6588612), (0.72799796, -0.18952815, 0.6588612), (0.77157116, -0.1815113, 0.60969794), (0.7494164, -0.15235876, 0.64433056), (0.706064, -0.15639634, 0.6906619), (0.5987417, -0.23667808, 0.76517445), (0.72799796, -0.18952815, 0.6588612), (0.706064, -0.15639634, 0.6906619), (0.5858593, -0.2005698, 0.785201), (0.27471232, -0.38706732, 0.88017726), (0.42253008, -0.32403812, 0.8464441), (0.42761812, -0.30969116, 0.849255), (0.28600898, -0.37761632, 0.88068426), (0.42253008, -0.32403812, 0.8464441), (0.60553, -0.25234655, 0.7547546), (0.5987417, -0.23667808, 0.76517445), (0.42761812, -0.30969116, 0.849255), (0.42761812, -0.30969116, 0.849255), (0.5987417, -0.23667808, 0.76517445), (0.5858593, -0.2005698, 0.785201), (0.4291974, -0.2788758, 0.85907966), (0.28600898, -0.37761632, 0.88068426), (0.42761812, -0.30969116, 0.849255), (0.4291974, -0.2788758, 0.85907966), (0.298282, -0.35761783, 0.8849504), (0.17857128, 0.15948147, 0.97091603), (0.3329224, 0.17377609, 0.9268034), (0.3274117, 0.21065521, 0.9211004), (0.17062382, 0.19829676, 0.96517664), (0.3329224, 0.17377609, 0.9268034), (0.5237393, 0.20075622, 0.82788527), (0.5240568, 0.22878818, 0.8203782), (0.3274117, 0.21065521, 0.9211004), (0.3274117, 0.21065521, 0.9211004), (0.5240568, 0.22878818, 0.8203782), (0.5276828, 0.23815043, 0.8153743), (0.32885474, 0.22298336, 0.91767806), (0.17062382, 0.19829676, 0.96517664), (0.3274117, 0.21065521, 0.9211004), (0.32885474, 0.22298336, 0.91767806), (0.16757308, 0.21238132, 0.9627115), (0.5237393, 0.20075622, 0.82788527), (0.6437173, 0.25289413, 0.72226906), (0.66031563, 0.25889307, 0.70495224), (0.5240568, 0.22878818, 0.8203782), (0.6437173, 0.25289413, 0.72226906), (0.67145175, 0.28448215, 0.68426776), (0.69628984, 0.27939644, 0.66114914), (0.66031563, 0.25889307, 0.70495224), (0.66031563, 0.25889307, 0.70495224), (0.69628984, 0.27939644, 0.66114914), (0.7056991, 0.2798488, 0.650902), (0.6633698, 0.261981, 0.70093256), (0.5240568, 0.22878818, 0.8203782), (0.66031563, 0.25889307, 0.70495224), (0.6633698, 0.261981, 0.70093256), (0.5276828, 0.23815043, 0.8153743), (0.4515415, 0.10138737, 0.88647103), (0.50533485, 0.15369812, 0.84912515), (0.331854, 0.10579379, 0.93737966), (0.31554362, 0.01827062, 0.9487352), (0.50533485, 0.15369812, 0.84912515), (0.5237393, 0.20075622, 0.82788527), (0.3329224, 0.17377609, 0.9268034), (0.331854, 0.10579379, 0.93737966), (0.331854, 0.10579379, 0.93737966), (0.3329224, 0.17377609, 0.9268034), (0.17857128, 0.15948147, 0.97091603), (0.18760398, 0.089447536, 0.97816354), (0.31554362, 0.01827062, 0.9487352), (0.331854, 0.10579379, 0.93737966), (0.18760398, 0.089447536, 0.97816354), (0.19697738, -0.0077207126, 0.9803777), (0.5530896, 0.31026497, 0.7731931), (0.63063985, 0.2949117, 0.7178582), (0.602323, 0.24598007, 0.7594082), (0.51594627, 0.24097353, 0.8220287), (0.63063985, 0.2949117, 0.7178582), (0.67145175, 0.28448215, 0.68426776), (0.6437173, 0.25289413, 0.72226906), (0.602323, 0.24598007, 0.7594082), (0.602323, 0.24598007, 0.7594082), (0.6437173, 0.25289413, 0.72226906), (0.5237393, 0.20075622, 0.82788527), (0.50533485, 0.15369812, 0.84912515), (0.51594627, 0.24097353, 0.8220287), (0.602323, 0.24598007, 0.7594082), (0.50533485, 0.15369812, 0.84912515), (0.4515415, 0.10138737, 0.88647103), (0.25437984, 0.03085438, 0.96661204), (0.24222462, 0.18712187, 0.9520045), (0.3496107, 0.24379843, 0.9046185), (0.32616705, 0.06856685, 0.9428222), (0.24222462, 0.18712187, 0.9520045), (0.23019347, 0.3406014, 0.91159284), (0.4102005, 0.3306796, 0.84993327), (0.3496107, 0.24379843, 0.9046185), (0.3496107, 0.24379843, 0.9046185), (0.4102005, 0.3306796, 0.84993327), (0.5530896, 0.31026497, 0.7731931), (0.51594627, 0.24097353, 0.8220287), (0.32616705, 0.06856685, 0.9428222), (0.3496107, 0.24379843, 0.9046185), (0.51594627, 0.24097353, 0.8220287), (0.4515415, 0.10138737, 0.88647103), (0.19569217, -0.10824319, 0.97467333), (0.24014266, -0.07415414, 0.9679012), (0.26940107, -0.04760675, 0.96185064), (0.19838247, -0.08437014, 0.9764866), (0.24014266, -0.07415414, 0.9679012), (0.25437984, 0.03085438, 0.96661204), (0.32616705, 0.06856685, 0.9428222), (0.26940107, -0.04760675, 0.96185064), (0.26940107, -0.04760675, 0.96185064), (0.32616705, 0.06856685, 0.9428222), (0.4515415, 0.10138737, 0.88647103), (0.31554362, 0.01827062, 0.9487352), (0.19838247, -0.08437014, 0.9764866), (0.26940107, -0.04760675, 0.96185064), (0.31554362, 0.01827062, 0.9487352), (0.19697738, -0.0077207126, 0.9803777), (0.018986091, -0.052749988, 0.9984273), (0.12038712, -0.09739687, 0.9879376), (0.11393731, -0.074474365, 0.9906926), (0.010094875, -0.026072655, 0.99960905), (0.12038712, -0.09739687, 0.9879376), (0.19569217, -0.10824319, 0.97467333), (0.19838247, -0.08437014, 0.9764866), (0.11393731, -0.074474365, 0.9906926), (0.11393731, -0.074474365, 0.9906926), (0.19838247, -0.08437014, 0.9764866), (0.19697738, -0.0077207126, 0.9803777), (0.109909944, 0.0010424141, 0.99394095), (0.010094875, -0.026072655, 0.99960905), (0.11393731, -0.074474365, 0.9906926), (0.109909944, 0.0010424141, 0.99394095), (0.03295618, 0.020558137, 0.9992454), (0.19697738, -0.0077207126, 0.9803777), (0.18760398, 0.089447536, 0.97816354), (0.095127195, 0.09331579, 0.9910817), (0.109909944, 0.0010424141, 0.99394095), (0.18760398, 0.089447536, 0.97816354), (0.17857128, 0.15948147, 0.97091603), (0.08198967, 0.15581228, 0.9843781), (0.095127195, 0.09331579, 0.9910817), (0.095127195, 0.09331579, 0.9910817), (0.08198967, 0.15581228, 0.9843781), (0.0021188054, 0.14663456, 0.9891885), (0.011135774, 0.08089267, 0.99666065), (0.109909944, 0.0010424141, 0.99394095), (0.095127195, 0.09331579, 0.9910817), (0.011135774, 0.08089267, 0.99666065), (0.03295618, 0.020558137, 0.9992454), (0.0021188054, 0.14663456, 0.9891885), (0.08198967, 0.15581228, 0.9843781), (0.06816478, 0.20831819, 0.97568285), (-0.016163578, 0.249351, 0.9682782), (0.08198967, 0.15581228, 0.9843781), (0.17857128, 0.15948147, 0.97091603), (0.17062382, 0.19829676, 0.96517664), (0.06816478, 0.20831819, 0.97568285), (0.06816478, 0.20831819, 0.97568285), (0.17062382, 0.19829676, 0.96517664), (0.16757308, 0.21238132, 0.9627115), (0.06009166, 0.23360817, 0.97047216), (-0.016163578, 0.249351, 0.9682782), (0.06816478, 0.20831819, 0.97568285), (0.06009166, 0.23360817, 0.97047216), (-0.023899455, 0.3074638, 0.95125955), (0.13244945, -0.5478031, 0.8260562), (0.18271701, -0.45590812, 0.8710696), (0.1921191, -0.443234, 0.8755763), (0.12889615, -0.5184857, 0.8453156), (0.18271701, -0.45590812, 0.8710696), (0.27471232, -0.38706732, 0.88017726), (0.28600898, -0.37761632, 0.88068426), (0.1921191, -0.443234, 0.8755763), (0.1921191, -0.443234, 0.8755763), (0.28600898, -0.37761632, 0.88068426), (0.298282, -0.35761783, 0.8849504), (0.202913, -0.42021602, 0.88444597), (0.12889615, -0.5184857, 0.8453156), (0.1921191, -0.443234, 0.8755763), (0.202913, -0.42021602, 0.88444597), (0.12200542, -0.45757303, 0.8807619), (-0.38904086, 0.8969111, 0.21023227), (-0.40173686, 0.8981986, 0.17845653), (-0.10577219, 0.9837086, 0.14536026), (-0.096769884, 0.98070836, 0.16984318), (-0.40173686, 0.8981986, 0.17845653), (-0.40868682, 0.90115094, 0.14457537), (-0.11267824, 0.986954, 0.115001865), (-0.10577219, 0.9837086, 0.14536026), (-0.10577219, 0.9837086, 0.14536026), (-0.11267824, 0.986954, 0.115001865), (0.2578198, 0.9640098, 0.064915575), (0.26543936, 0.9602045, 0.086887196), (-0.096769884, 0.98070836, 0.16984318), (-0.10577219, 0.9837086, 0.14536026), (0.26543936, 0.9602045, 0.086887196), (0.2721524, 0.95714337, 0.099043876), (-0.29316804, -0.95223564, -0.08543826), (-0.28083077, -0.9569498, -0.07335706), (-0.49520993, -0.86820364, -0.031457596), (-0.50574434, -0.86198807, -0.034630578), (-0.28083077, -0.9569498, -0.07335706), (-0.2659345, -0.9626293, -0.05122171), (-0.4845293, -0.8746413, -0.015292497), (-0.49520993, -0.86820364, -0.031457596), (-0.49520993, -0.86820364, -0.031457596), (-0.4845293, -0.8746413, -0.015292497), (-0.43306726, -0.9010185, -0.024866866), (-0.44408265, -0.8949494, -0.04308284), (-0.50574434, -0.86198807, -0.034630578), (-0.49520993, -0.86820364, -0.031457596), (-0.44408265, -0.8949494, -0.04308284), (-0.45430005, -0.8895225, -0.04859358), (0.8726477, -0.43699723, -0.21798913), (0.9619972, -0.18869796, -0.19736841), (0.96742594, -0.19281986, -0.16403544), (0.8809415, -0.43698066, -0.18163109), (0.9619972, -0.18869796, -0.19736841), (0.9495518, -0.23933397, -0.2026587), (0.95494294, -0.24440233, -0.16837837), (0.96742594, -0.19281986, -0.16403544), (0.96742594, -0.19281986, -0.16403544), (0.95494294, -0.24440233, -0.16837837), (0.95800173, -0.24801983, -0.14394014), (0.9709974, -0.19326927, -0.14075166), (0.8809415, -0.43698066, -0.18163109), (0.96742594, -0.19281986, -0.16403544), (0.9709974, -0.19326927, -0.14075166), (0.8877614, -0.43431625, -0.15247653), (-0.54214114, -0.83988917, -0.025864718), (-0.53268903, -0.84598315, -0.02355796), (-0.76429725, -0.64386576, 0.03586877), (-0.7694486, -0.63711417, 0.045103706), (-0.53268903, -0.84598315, -0.02355796), (-0.52297854, -0.85230774, -0.0080554485), (-0.75834525, -0.6505377, 0.041389473), (-0.76429725, -0.64386576, 0.03586877), (-0.76429725, -0.64386576, 0.03586877), (-0.75834525, -0.6505377, 0.041389473), (-0.9006437, -0.42702183, 0.080581106), (-0.90284157, -0.4216742, 0.084071115), (-0.7694486, -0.63711417, 0.045103706), (-0.76429725, -0.64386576, 0.03586877), (-0.90284157, -0.4216742, 0.084071115), (-0.90205353, -0.4195016, 0.10157676), (0.97370845, -0.12480714, -0.19056489), (0.9729007, 0.18023317, -0.14484543), (0.9769836, 0.17671205, -0.11948174), (0.97889525, -0.12920876, -0.1583322), (0.9729007, 0.18023317, -0.14484543), (0.90733635, 0.40862754, -0.09881406), (0.91038746, 0.40583384, -0.080583036), (0.9769836, 0.17671205, -0.11948174), (0.9769836, 0.17671205, -0.11948174), (0.91038746, 0.40583384, -0.080583036), (0.9087557, 0.4105956, -0.074661665), (0.9782751, 0.17805618, -0.10617768), (0.97889525, -0.12920876, -0.1583322), (0.9769836, 0.17671205, -0.11948174), (0.9782751, 0.17805618, -0.10617768), (0.9818037, -0.13212366, -0.13639906), (-0.45430005, -0.8895225, -0.04859358), (-0.44408265, -0.8949494, -0.04308284), (-0.372928, -0.92607504, -0.057531368), (-0.383152, -0.9212891, -0.066490084), (-0.44408265, -0.8949494, -0.04308284), (-0.43306726, -0.9010185, -0.024866866), (-0.36129707, -0.9317207, -0.036891785), (-0.372928, -0.92607504, -0.057531368), (-0.372928, -0.92607504, -0.057531368), (-0.36129707, -0.9317207, -0.036891785), (-0.52297854, -0.85230774, -0.0080554485), (-0.53268903, -0.84598315, -0.02355796), (-0.383152, -0.9212891, -0.066490084), (-0.372928, -0.92607504, -0.057531368), (-0.53268903, -0.84598315, -0.02355796), (-0.54214114, -0.83988917, -0.025864718), (0.9495518, -0.23933397, -0.2026587), (0.9273159, -0.31010035, -0.20957825), (0.9330266, -0.3147334, -0.1743684), (0.95494294, -0.24440233, -0.16837837), (0.9273159, -0.31010035, -0.20957825), (0.97370845, -0.12480714, -0.19056489), (0.97889525, -0.12920876, -0.1583322), (0.9330266, -0.3147334, -0.1743684), (0.9330266, -0.3147334, -0.1743684), (0.97889525, -0.12920876, -0.1583322), (0.9818037, -0.13212366, -0.13639906), (0.9359546, -0.31949338, -0.14803049), (0.95494294, -0.24440233, -0.16837837), (0.9330266, -0.3147334, -0.1743684), (0.9359546, -0.31949338, -0.14803049), (0.95800173, -0.24801983, -0.14394014), (0.35820335, -0.91282356, -0.19607012), (0.37083736, -0.9139988, -0.16457798), (0.07064881, -0.9890858, -0.12929837), (0.0578135, -0.98650974, -0.15315416), (0.37083736, -0.9139988, -0.16457798), (0.38585094, -0.91317415, -0.13127053), (0.08841475, -0.99106914, -0.09982338), (0.07064881, -0.9890858, -0.12929837), (0.07064881, -0.9890858, -0.12929837), (0.08841475, -0.99106914, -0.09982338), (-0.2659345, -0.9626293, -0.05122171), (-0.28083077, -0.9569498, -0.07335706), (0.0578135, -0.98650974, -0.15315416), (0.07064881, -0.9890858, -0.12929837), (-0.28083077, -0.9569498, -0.07335706), (-0.29316804, -0.95223564, -0.08543826), (-0.8765528, 0.4246488, 0.226558), (-0.9602662, 0.18890418, 0.20543653), (-0.9657519, 0.19447266, 0.1717665), (-0.8847408, 0.42588255, 0.18936118), (-0.9602662, 0.18890418, 0.20543653), (-0.9434975, 0.2543549, 0.21240567), (-0.949178, 0.25965875, 0.17787217), (-0.9657519, 0.19447266, 0.1717665), (-0.9657519, 0.19447266, 0.1717665), (-0.949178, 0.25965875, 0.17787217), (-0.95289797, 0.26244423, 0.15201472), (-0.9691118, 0.19753283, 0.14765905), (-0.8847408, 0.42588255, 0.18936118), (-0.9657519, 0.19447266, 0.1717665), (-0.9691118, 0.19753283, 0.14765905), (-0.8886913, 0.42976597, 0.15977773), (0.35820335, -0.91282356, -0.19607012), (0.63144207, -0.74357617, -0.21994418), (0.64382374, -0.7427209, -0.18400156), (0.37083736, -0.9139988, -0.16457798), (0.63144207, -0.74357617, -0.21994418), (0.8726477, -0.43699723, -0.21798913), (0.8809415, -0.43698066, -0.18163109), (0.64382374, -0.7427209, -0.18400156), (0.64382374, -0.7427209, -0.18400156), (0.8809415, -0.43698066, -0.18163109), (0.8877614, -0.43431625, -0.15247653), (0.65523237, -0.7403043, -0.15039983), (0.37083736, -0.9139988, -0.16457798), (0.64382374, -0.7427209, -0.18400156), (0.65523237, -0.7403043, -0.15039983), (0.38585094, -0.91317415, -0.13127053), (0.2721524, 0.95714337, 0.099043876), (0.26543936, 0.9602045, 0.086887196), (0.49661094, 0.86706847, 0.039620396), (0.50294065, 0.863285, 0.042304683), (0.26543936, 0.9602045, 0.086887196), (0.2578198, 0.9640098, 0.064915575), (0.4881215, 0.87240416, 0.025463397), (0.49661094, 0.86706847, 0.039620396), (0.49661094, 0.86706847, 0.039620396), (0.4881215, 0.87240416, 0.025463397), (0.43958187, 0.8975693, 0.03371995), (0.44991335, 0.89171594, 0.049200386), (0.50294065, 0.863285, 0.042304683), (0.49661094, 0.86706847, 0.039620396), (0.44991335, 0.89171594, 0.049200386), (0.4556704, 0.8884858, 0.054384045), (-0.9686273, 0.14762178, 0.19992235), (-0.9732934, -0.17214505, 0.15187506), (-0.9774164, -0.16898935, 0.12688506), (-0.97418505, 0.15187348, 0.1670268), (-0.9732934, -0.17214505, 0.15187506), (-0.90205353, -0.4195016, 0.10157676), (-0.90284157, -0.4216742, 0.084071115), (-0.9774164, -0.16898935, 0.12688506), (-0.9774164, -0.16898935, 0.12688506), (-0.90284157, -0.4216742, 0.084071115), (-0.9006437, -0.42702183, 0.080581106), (-0.97852886, -0.17140575, 0.114461444), (-0.97418505, 0.15187348, 0.1670268), (-0.9774164, -0.16898935, 0.12688506), (-0.97852886, -0.17140575, 0.114461444), (-0.9775653, 0.15316059, 0.14459606), (0.56430554, 0.82517064, 0.025547998), (0.5632969, 0.8258901, 0.024539284), (0.7889372, 0.61341006, -0.036139127), (0.78730744, 0.6148177, -0.046327624), (0.5632969, 0.8258901, 0.024539284), (0.5527458, 0.83324826, 0.013014729), (0.78331524, 0.6204759, -0.037773427), (0.7889372, 0.61341006, -0.036139127), (0.7889372, 0.61341006, -0.036139127), (0.78331524, 0.6204759, -0.037773427), (0.9087557, 0.4105956, -0.074661665), (0.91038746, 0.40583384, -0.080583036), (0.78730744, 0.6148177, -0.046327624), (0.7889372, 0.61341006, -0.036139127), (0.91038746, 0.40583384, -0.080583036), (0.90733635, 0.40862754, -0.09881406), (-0.9434975, 0.2543549, 0.21240567), (-0.9165139, 0.33445266, 0.21941644), (-0.92295235, 0.33831877, 0.18357392), (-0.949178, 0.25965875, 0.17787217), (-0.9165139, 0.33445266, 0.21941644), (-0.9686273, 0.14762178, 0.19992235), (-0.97418505, 0.15187348, 0.1670268), (-0.92295235, 0.33831877, 0.18357392), (-0.92295235, 0.33831877, 0.18357392), (-0.97418505, 0.15187348, 0.1670268), (-0.9775653, 0.15316059, 0.14459606), (-0.9268915, 0.3413907, 0.15596332), (-0.949178, 0.25965875, 0.17787217), (-0.92295235, 0.33831877, 0.18357392), (-0.9268915, 0.3413907, 0.15596332), (-0.95289797, 0.26244423, 0.15201472), (0.4556704, 0.8884858, 0.054384045), (0.44991335, 0.89171594, 0.049200386), (0.3892445, 0.9190513, 0.061914958), (0.3930174, 0.91685754, 0.07006788), (0.44991335, 0.89171594, 0.049200386), (0.43958187, 0.8975693, 0.03371995), (0.37710762, 0.9250988, 0.04452149), (0.3892445, 0.9190513, 0.061914958), (0.3892445, 0.9190513, 0.061914958), (0.37710762, 0.9250988, 0.04452149), (0.5527458, 0.83324826, 0.013014729), (0.5632969, 0.8258901, 0.024539284), (0.3930174, 0.91685754, 0.07006788), (0.3892445, 0.9190513, 0.061914958), (0.5632969, 0.8258901, 0.024539284), (0.56430554, 0.82517064, 0.025547998), (-0.38904086, 0.8969111, 0.21023227), (-0.64696205, 0.7266075, 0.23126099), (-0.65983355, 0.72574264, 0.1947234), (-0.40173686, 0.8981986, 0.17845653), (-0.64696205, 0.7266075, 0.23126099), (-0.8765528, 0.4246488, 0.226558), (-0.8847408, 0.42588255, 0.18936118), (-0.65983355, 0.72574264, 0.1947234), (-0.65983355, 0.72574264, 0.1947234), (-0.8847408, 0.42588255, 0.18936118), (-0.8886913, 0.42976597, 0.15977773), (-0.665455, 0.7289706, 0.16053528), (-0.40173686, 0.8981986, 0.17845653), (-0.65983355, 0.72574264, 0.1947234), (-0.665455, 0.7289706, 0.16053528), (-0.40868682, 0.90115094, 0.14457537), (-0.9793996, 0.15929991, 0.12409678), (-0.97451544, -0.18631338, 0.124927446), (-0.9800068, -0.17808293, 0.08873092), (-0.98119885, 0.16889697, 0.09339534), (-0.97451544, -0.18631338, 0.124927446), (-0.8910174, -0.43907622, 0.1153264), (-0.898121, -0.43279463, 0.07789428), (-0.9800068, -0.17808293, 0.08873092), (-0.9800068, -0.17808293, 0.08873092), (-0.898121, -0.43279463, 0.07789428), (-0.9022933, -0.43110284, -0.004140153), (-0.9842056, -0.17675437, 0.00986825), (-0.98119885, 0.16889697, 0.09339534), (-0.9800068, -0.17808293, 0.08873092), (-0.9842056, -0.17675437, 0.00986825), (-0.98539406, 0.16810046, 0.027218917), (0.49649772, 0.8658933, -0.06098136), (0.50412434, 0.86302334, -0.03239358), (0.7591148, 0.6480918, -0.061006743), (0.74970907, 0.65482527, -0.09560434), (0.50412434, 0.86302334, -0.03239358), (0.5057553, 0.86207473, 0.03222867), (0.7628732, 0.64631504, 0.017361097), (0.7591148, 0.6480918, -0.061006743), (0.7591148, 0.6480918, -0.061006743), (0.7628732, 0.64631504, 0.017361097), (0.9058141, 0.4236491, 0.004702486), (0.90190756, 0.4247184, -0.078593805), (0.74970907, 0.65482527, -0.09560434), (0.7591148, 0.6480918, -0.061006743), (0.90190756, 0.4247184, -0.078593805), (0.89373225, 0.43346992, -0.115527175), (-0.907767, 0.4030589, 0.11620037), (-0.9104494, 0.39736938, 0.114802144), (-0.9028562, 0.42044726, 0.08985986), (-0.8758597, 0.47416374, 0.08965779), (-0.9104494, 0.39736938, 0.114802144), (-0.9793996, 0.15929991, 0.12409678), (-0.98119885, 0.16889697, 0.09339534), (-0.9028562, 0.42044726, 0.08985986), (-0.9028562, 0.42044726, 0.08985986), (-0.98119885, 0.16889697, 0.09339534), (-0.98539406, 0.16810046, 0.027218917), (-0.9053393, 0.42296267, 0.038254745), (-0.8758597, 0.47416374, 0.08965779), (-0.9028562, 0.42044726, 0.08985986), (-0.9053393, 0.42296267, 0.038254745), (-0.8672739, 0.49618137, 0.040496342), (0.40476426, 0.9131161, -0.048836146), (0.41042665, 0.9116183, -0.022408672), (0.32195386, 0.94666356, -0.01318751), (0.31811318, 0.9473347, -0.036889907), (0.41042665, 0.9116183, -0.022408672), (0.41009176, 0.9112933, 0.037002422), (0.3205484, 0.94639534, 0.03980753), (0.32195386, 0.94666356, -0.01318751), (0.32195386, 0.94666356, -0.01318751), (0.3205484, 0.94639534, 0.03980753), (0.5057553, 0.86207473, 0.03222867), (0.50412434, 0.86302334, -0.03239358), (0.31811318, 0.9473347, -0.036889907), (0.32195386, 0.94666356, -0.01318751), (0.50412434, 0.86302334, -0.03239358), (0.49649772, 0.8658933, -0.06098136), (-0.38843963, 0.91966265, 0.057752427), (-0.59070915, 0.8025383, 0.08363643), (-0.562226, 0.8238705, 0.07168938), (-0.38222328, 0.9223642, 0.05612114), (-0.59070915, 0.8025383, 0.08363643), (-0.78456515, 0.6107929, 0.10672178), (-0.72189224, 0.6868812, 0.08405919), (-0.562226, 0.8238705, 0.07168938), (-0.562226, 0.8238705, 0.07168938), (-0.72189224, 0.6868812, 0.08405919), (-0.69009763, 0.7219655, 0.05030888), (-0.5478425, 0.83488166, 0.05330295), (-0.38222328, 0.9223642, 0.05612114), (-0.562226, 0.8238705, 0.07168938), (-0.5478425, 0.83488166, 0.05330295), (-0.3815051, 0.92275727, 0.05452327), (-0.38843963, 0.91966265, 0.057752427), (-0.38222328, 0.9223642, 0.05612114), (-0.11528685, 0.9928421, 0.03120173), (-0.117121615, 0.99288183, 0.021637132), (-0.38222328, 0.9223642, 0.05612114), (-0.3815051, 0.92275727, 0.05452327), (-0.120104454, 0.9913612, 0.05270555), (-0.11528685, 0.9928421, 0.03120173), (-0.11528685, 0.9928421, 0.03120173), (-0.120104454, 0.9913612, 0.05270555), (0.25664774, 0.9655171, 0.043688823), (0.25775728, 0.96619046, -0.006096116), (-0.117121615, 0.99288183, 0.021637132), (-0.11528685, 0.9928421, 0.03120173), (0.25775728, 0.96619046, -0.006096116), (0.2500146, 0.96783775, -0.027974848), (-0.33383456, -0.9415264, 0.045633677), (-0.37161443, -0.9281005, 0.02306938), (-0.51081806, -0.85887384, 0.037423626), (-0.4964, -0.8654993, 0.06706695), (-0.37161443, -0.9281005, 0.02306938), (-0.37666664, -0.92569834, -0.03470985), (-0.5118832, -0.8585254, -0.030163033), (-0.51081806, -0.85887384, 0.037423626), (-0.51081806, -0.85887384, 0.037423626), (-0.5118832, -0.8585254, -0.030163033), (-0.4129692, -0.9100767, -0.034883533), (-0.41554603, -0.9091345, 0.028212205), (-0.4964, -0.8654993, 0.06706695), (-0.51081806, -0.85887384, 0.037423626), (-0.41554603, -0.9091345, 0.028212205), (-0.41206467, -0.90937066, 0.0569879), (0.8980858, -0.42350572, -0.1186797), (0.9755521, -0.17868562, -0.12794365), (0.97944176, -0.17753646, -0.09578409), (0.9023236, -0.42105317, -0.09233812), (0.9755521, -0.17868562, -0.12794365), (0.95861125, -0.25523922, -0.12616402), (0.961299, -0.25848287, -0.095346175), (0.97944176, -0.17753646, -0.09578409), (0.97944176, -0.17753646, -0.09578409), (0.961299, -0.25848287, -0.095346175), (0.96711123, -0.25295052, -0.026680127), (0.98521006, -0.16969302, -0.023780216), (0.9023236, -0.42105317, -0.09233812), (0.97944176, -0.17753646, -0.09578409), (0.98521006, -0.16969302, -0.023780216), (0.91089773, -0.41133037, -0.03275196), (-0.49771962, -0.86470944, 0.06747386), (-0.4981751, -0.86633384, 0.035879675), (-0.7538083, -0.6541853, 0.06176176), (-0.7477236, -0.65673065, 0.098052375), (-0.4981751, -0.86633384, 0.035879675), (-0.49556124, -0.8679618, -0.032577746), (-0.7562307, -0.6540626, -0.017807819), (-0.7538083, -0.6541853, 0.06176176), (-0.7538083, -0.6541853, 0.06176176), (-0.7562307, -0.6540626, -0.017807819), (-0.9022933, -0.43110284, -0.004140153), (-0.898121, -0.43279463, 0.07789428), (-0.7477236, -0.65673065, 0.098052375), (-0.7538083, -0.6541853, 0.06176176), (-0.898121, -0.43279463, 0.07789428), (-0.8910174, -0.43907622, 0.1153264), (0.97970325, -0.15338889, -0.1290483), (0.97541684, 0.17993322, -0.12722419), (0.98102534, 0.17145915, -0.09050368), (0.9825103, -0.15950003, -0.09608981), (0.97541684, 0.17993322, -0.12722419), (0.89373225, 0.43346992, -0.115527175), (0.90190756, 0.4247184, -0.078593805), (0.98102534, 0.17145915, -0.09050368), (0.98102534, 0.17145915, -0.09050368), (0.90190756, 0.4247184, -0.078593805), (0.9058141, 0.4236491, 0.004702486), (0.98491246, 0.17286333, -0.008112452), (0.9825103, -0.15950003, -0.09608981), (0.98102534, 0.17145915, -0.09050368), (0.98491246, 0.17286333, -0.008112452), (0.9876266, -0.15519436, -0.022544548), (-0.41206467, -0.90937066, 0.0569879), (-0.41554603, -0.9091345, 0.028212205), (-0.3210254, -0.94688183, 0.018905023), (-0.32345816, -0.9451247, 0.04597868), (-0.41554603, -0.9091345, 0.028212205), (-0.4129692, -0.9100767, -0.034883533), (-0.31544635, -0.94813627, -0.039130397), (-0.3210254, -0.94688183, 0.018905023), (-0.3210254, -0.94688183, 0.018905023), (-0.31544635, -0.94813627, -0.039130397), (-0.49556124, -0.8679618, -0.032577746), (-0.4981751, -0.86633384, 0.035879675), (-0.32345816, -0.9451247, 0.04597868), (-0.3210254, -0.94688183, 0.018905023), (-0.4981751, -0.86633384, 0.035879675), (-0.49771962, -0.86470944, 0.06747386), (0.95861125, -0.25523922, -0.12616402), (0.93062574, -0.34462696, -0.123158336), (0.9322222, -0.34939572, -0.09425703), (0.961299, -0.25848287, -0.095346175), (0.93062574, -0.34462696, -0.123158336), (0.97970325, -0.15338889, -0.1290483), (0.9825103, -0.15950003, -0.09608981), (0.9322222, -0.34939572, -0.09425703), (0.9322222, -0.34939572, -0.09425703), (0.9825103, -0.15950003, -0.09608981), (0.9876266, -0.15519436, -0.022544548), (0.93834853, -0.34438834, -0.029978277), (0.961299, -0.25848287, -0.095346175), (0.9322222, -0.34939572, -0.09425703), (0.93834853, -0.34438834, -0.029978277), (0.96711123, -0.25295052, -0.026680127), (0.3050292, -0.95145565, -0.041101728), (0.2605583, -0.9646672, -0.039072722), (-0.08743373, -0.9961549, -0.0055418694), (-0.026904603, -0.9996287, 0.0043194746), (0.2605583, -0.9646672, -0.039072722), (0.25733322, -0.96528757, -0.044715337), (-0.096620455, -0.9944692, -0.041174877), (-0.08743373, -0.9961549, -0.0055418694), (-0.08743373, -0.9961549, -0.0055418694), (-0.096620455, -0.9944692, -0.041174877), (-0.37666664, -0.92569834, -0.03470985), (-0.37161443, -0.9281005, 0.02306938), (-0.026904603, -0.9996287, 0.0043194746), (-0.08743373, -0.9961549, -0.0055418694), (-0.37161443, -0.9281005, 0.02306938), (-0.33383456, -0.9415264, 0.045633677), (-0.78456515, 0.6107929, 0.10672178), (-0.9017355, 0.41570392, 0.11858919), (-0.84317, 0.5299476, 0.09066342), (-0.72189224, 0.6868812, 0.08405919), (-0.9017355, 0.41570392, 0.11858919), (-0.907767, 0.4030589, 0.11620037), (-0.8758597, 0.47416374, 0.08965779), (-0.84317, 0.5299476, 0.09066342), (-0.84317, 0.5299476, 0.09066342), (-0.8758597, 0.47416374, 0.08965779), (-0.8672739, 0.49618137, 0.040496342), (-0.8164007, 0.57577354, 0.044437002), (-0.72189224, 0.6868812, 0.08405919), (-0.84317, 0.5299476, 0.09066342), (-0.8164007, 0.57577354, 0.044437002), (-0.69009763, 0.7219655, 0.05030888), (0.3050292, -0.95145565, -0.041101728), (0.6421399, -0.7617483, -0.085999034), (0.6330313, -0.7707697, -0.07200954), (0.2605583, -0.9646672, -0.039072722), (0.6421399, -0.7617483, -0.085999034), (0.8980858, -0.42350572, -0.1186797), (0.9023236, -0.42105317, -0.09233812), (0.6330313, -0.7707697, -0.07200954), (0.6330313, -0.7707697, -0.07200954), (0.9023236, -0.42105317, -0.09233812), (0.91089773, -0.41133037, -0.03275196), (0.6407562, -0.766559, -0.042647157), (0.2605583, -0.9646672, -0.039072722), (0.6330313, -0.7707697, -0.07200954), (0.6407562, -0.766559, -0.042647157), (0.25733322, -0.96528757, -0.044715337), (0.2500146, 0.96783775, -0.027974848), (0.25775728, 0.96619046, -0.006096116), (0.48544484, 0.8737402, -0.03035581), (0.47573182, 0.8776271, -0.05873657), (0.25775728, 0.96619046, -0.006096116), (0.25664774, 0.9655171, 0.043688823), (0.48727655, 0.872578, 0.034193106), (0.48544484, 0.8737402, -0.03035581), (0.48544484, 0.8737402, -0.03035581), (0.48727655, 0.872578, 0.034193106), (0.41009176, 0.9112933, 0.037002422), (0.41042665, 0.9116183, -0.022408672), (0.47573182, 0.8776271, -0.05873657), (0.48544484, 0.8737402, -0.03035581), (0.41042665, 0.9116183, -0.022408672), (0.40476426, 0.9131161, -0.048836146), (-0.37326553, -0.9148385, -0.15408875), (-0.35261983, -0.9161284, -0.19070414), (-0.26664633, -0.94448256, -0.19197021), (-0.28469652, -0.9461493, -0.1541081), (-0.35261983, -0.9161284, -0.19070414), (-0.33454975, -0.9202604, -0.2029709), (-0.24919032, -0.94672596, -0.20399538), (-0.26664633, -0.94448256, -0.19197021), (-0.26664633, -0.94448256, -0.19197021), (-0.24919032, -0.94672596, -0.20399538), (-0.43837315, -0.87629294, -0.19984952), (-0.45507073, -0.87016886, -0.18898882), (-0.28469652, -0.9461493, -0.1541081), (-0.26664633, -0.94448256, -0.19197021), (-0.45507073, -0.87016886, -0.18898882), (-0.472393, -0.86758375, -0.15538119), (0.97388715, -0.22212115, 0.046967275), (0.9501236, -0.30993962, 0.034677546), (0.9564825, -0.2910225, 0.02114434), (0.97811127, -0.2047135, 0.037292663), (0.9501236, -0.30993962, 0.034677546), (0.99075073, -0.11944063, 0.06439729), (0.9930826, -0.101182155, 0.05957512), (0.9564825, -0.2910225, 0.02114434), (0.9564825, -0.2910225, 0.02114434), (0.9930826, -0.101182155, 0.05957512), (0.99460864, -0.08727132, 0.056012914), (0.96128494, -0.2751543, 0.0148774125), (0.97811127, -0.2047135, 0.037292663), (0.9564825, -0.2910225, 0.02114434), (0.96128494, -0.2751543, 0.0148774125), (0.98145556, -0.18881488, 0.0330751), (0.3965086, -0.91378003, -0.08824408), (0.48971146, -0.8641451, -0.11591339), (0.22609028, -0.9616373, -0.15536064), (0.08807362, -0.98821324, -0.12521042), (0.48971146, -0.8641451, -0.11591339), (0.5590123, -0.8202177, -0.121441625), (0.33339196, -0.92916566, -0.15968977), (0.22609028, -0.9616373, -0.15536064), (0.22609028, -0.9616373, -0.15536064), (0.33339196, -0.92916566, -0.15968977), (-0.056049738, -0.9790984, -0.19551133), (-0.14208263, -0.9723931, -0.1851061), (0.08807362, -0.98821324, -0.12521042), (0.22609028, -0.9616373, -0.15536064), (-0.14208263, -0.9723931, -0.1851061), (-0.24570629, -0.95786035, -0.14876753), (-0.76422256, 0.6434321, 0.044260114), (-0.9113187, 0.4116978, 0.0017440596), (-0.954155, 0.29926443, 0.005380892), (-0.81395584, 0.5770848, 0.06670117), (-0.9113187, 0.4116978, 0.0017440596), (-0.92988294, 0.36783922, -0.0034659747), (-0.9578346, 0.2872766, 0.004988163), (-0.954155, 0.29926443, 0.005380892), (-0.954155, 0.29926443, 0.005380892), (-0.9578346, 0.2872766, 0.004988163), (-0.9734341, 0.22896741, 0.000052098454), (-0.97633004, 0.21624075, -0.004435397), (-0.81395584, 0.5770848, 0.06670117), (-0.954155, 0.29926443, 0.005380892), (-0.97633004, 0.21624075, -0.004435397), (-0.85198015, 0.51942414, 0.06579144), (0.3965086, -0.91378003, -0.08824408), (0.69798106, -0.7151389, -0.037399746), (0.729612, -0.68082345, -0.06438764), (0.48971146, -0.8641451, -0.11591339), (0.69798106, -0.7151389, -0.037399746), (0.9253755, -0.37830558, 0.023766192), (0.93166554, -0.36325756, 0.0065765874), (0.729612, -0.68082345, -0.06438764), (0.729612, -0.68082345, -0.06438764), (0.93166554, -0.36325756, 0.0065765874), (0.93609923, -0.3517293, -0.0021745025), (0.7530048, -0.65379304, -0.07441981), (0.48971146, -0.8641451, -0.11591339), (0.729612, -0.68082345, -0.06438764), (0.7530048, -0.65379304, -0.07441981), (0.5590123, -0.8202177, -0.121441625), (0.21195608, 0.9646926, 0.15634201), (0.19305375, 0.960099, 0.20233722), (0.43329024, 0.87823796, 0.20238015), (0.45169523, 0.8775181, 0.16103812), (0.19305375, 0.960099, 0.20233722), (0.17862953, 0.9591933, 0.2191796), (0.41932744, 0.8814092, 0.21744466), (0.43329024, 0.87823796, 0.20238015), (0.43329024, 0.87823796, 0.20238015), (0.41932744, 0.8814092, 0.21744466), (0.34819305, 0.9115621, 0.21866897), (0.36342245, 0.9091742, 0.20328899), (0.45169523, 0.8775181, 0.16103812), (0.43329024, 0.87823796, 0.20238015), (0.36342245, 0.9091742, 0.20328899), (0.3811551, 0.9105012, 0.1603383), (-0.9895909, 0.13899176, -0.03729748), (-0.97763723, -0.19173199, -0.086396545), (-0.9745175, -0.20585464, -0.08910391), (-0.9925132, 0.11926205, -0.026348028), (-0.97763723, -0.19173199, -0.086396545), (-0.88989586, -0.4405654, -0.11826825), (-0.8821796, -0.4520135, -0.13207112), (-0.9745175, -0.20585464, -0.08910391), (-0.9745175, -0.20585464, -0.08910391), (-0.8821796, -0.4520135, -0.13207112), (-0.8748627, -0.4642732, -0.1380786), (-0.9710134, -0.22048542, -0.09229953), (-0.9925132, 0.11926205, -0.026348028), (-0.9745175, -0.20585464, -0.08910391), (-0.9710134, -0.22048542, -0.09229953), (-0.99455535, 0.10086587, -0.026184779), (0.47172993, 0.867249, 0.15921648), (0.45515472, 0.8674827, 0.2007681), (0.7200251, 0.6694552, 0.18273902), (0.73450816, 0.66161096, 0.15089272), (0.45515472, 0.8674827, 0.2007681), (0.441875, 0.8706154, 0.21627578), (0.709229, 0.6776634, 0.19433616), (0.7200251, 0.6694552, 0.18273902), (0.7200251, 0.6694552, 0.18273902), (0.709229, 0.6776634, 0.19433616), (0.86728984, 0.47066808, 0.16211082), (0.87469923, 0.4593294, 0.15465376), (0.73450816, 0.66161096, 0.15089272), (0.7200251, 0.6694552, 0.18273902), (0.87469923, 0.4593294, 0.15465376), (0.88491946, 0.44637173, 0.13292782), (-0.92988294, 0.36783922, -0.0034659747), (-0.93181646, 0.36292723, -0.0013618929), (-0.9456369, 0.32485604, 0.015474923), (-0.9578346, 0.2872766, 0.004988163), (-0.93181646, 0.36292723, -0.0013618929), (-0.9895909, 0.13899176, -0.03729748), (-0.9925132, 0.11926205, -0.026348028), (-0.9456369, 0.32485604, 0.015474923), (-0.9456369, 0.32485604, 0.015474923), (-0.9925132, 0.11926205, -0.026348028), (-0.99455535, 0.10086587, -0.026184779), (-0.9555775, 0.29429868, 0.016126648), (-0.9578346, 0.2872766, 0.004988163), (-0.9456369, 0.32485604, 0.015474923), (-0.9555775, 0.29429868, 0.016126648), (-0.9734341, 0.22896741, 0.000052098454), (0.3811551, 0.9105012, 0.1603383), (0.36342245, 0.9091742, 0.20328899), (0.27287292, 0.94058436, 0.20209259), (0.289529, 0.9441996, 0.15703516), (0.36342245, 0.9091742, 0.20328899), (0.34819305, 0.9115621, 0.21866897), (0.25816762, 0.9410483, 0.21858059), (0.27287292, 0.94058436, 0.20209259), (0.27287292, 0.94058436, 0.20209259), (0.25816762, 0.9410483, 0.21858059), (0.441875, 0.8706154, 0.21627578), (0.45515472, 0.8674827, 0.2007681), (0.289529, 0.9441996, 0.15703516), (0.27287292, 0.94058436, 0.20209259), (0.45515472, 0.8674827, 0.2007681), (0.47172993, 0.867249, 0.15921648), (-0.39054987, 0.9142353, 0.10790992), (-0.56070924, 0.82379484, 0.08346942), (-0.5741353, 0.80913275, 0.12519124), (-0.39321926, 0.9063172, 0.15481561), (-0.56070924, 0.82379484, 0.08346942), (-0.76422256, 0.6434321, 0.044260114), (-0.81395584, 0.5770848, 0.06670117), (-0.5741353, 0.80913275, 0.12519124), (-0.5741353, 0.80913275, 0.12519124), (-0.81395584, 0.5770848, 0.06670117), (-0.85198015, 0.51942414, 0.06579144), (-0.5941196, 0.79253507, 0.1375137), (-0.39321926, 0.9063172, 0.15481561), (-0.5741353, 0.80913275, 0.12519124), (-0.5941196, 0.79253507, 0.1375137), (-0.40247414, 0.89934033, 0.17088467), (-0.39054987, 0.9142353, 0.10790992), (-0.39321926, 0.9063172, 0.15481561), (-0.16583683, 0.969358, 0.18122706), (-0.15302998, 0.9791757, 0.13340458), (-0.39321926, 0.9063172, 0.15481561), (-0.40247414, 0.89934033, 0.17088467), (-0.17904738, 0.9637198, 0.19795503), (-0.16583683, 0.969358, 0.18122706), (-0.16583683, 0.969358, 0.18122706), (-0.17904738, 0.9637198, 0.19795503), (0.17862953, 0.9591933, 0.2191796), (0.19305375, 0.960099, 0.20233722), (-0.15302998, 0.9791757, 0.13340458), (-0.16583683, 0.969358, 0.18122706), (0.19305375, 0.960099, 0.20233722), (0.21195608, 0.9646926, 0.15634201), (-0.24570629, -0.95786035, -0.14876753), (-0.14208263, -0.9723931, -0.1851061), (-0.40657896, -0.8938586, -0.18897153), (-0.449464, -0.88002104, -0.15344399), (-0.14208263, -0.9723931, -0.1851061), (-0.056049738, -0.9790984, -0.19551133), (-0.37019053, -0.9068824, -0.20130403), (-0.40657896, -0.8938586, -0.18897153), (-0.40657896, -0.8938586, -0.18897153), (-0.37019053, -0.9068824, -0.20130403), (-0.33454975, -0.9202604, -0.2029709), (-0.35261983, -0.9161284, -0.19070414), (-0.449464, -0.88002104, -0.15344399), (-0.40657896, -0.8938586, -0.18897153), (-0.35261983, -0.9161284, -0.19070414), (-0.37326553, -0.9148385, -0.15408875), (0.9253755, -0.37830558, 0.023766192), (0.98806673, -0.14249407, 0.058476437), (0.99027026, -0.1292045, 0.05168149), (0.93166554, -0.36325756, 0.0065765874), (0.98806673, -0.14249407, 0.058476437), (0.97388715, -0.22212115, 0.046967275), (0.97811127, -0.2047135, 0.037292663), (0.99027026, -0.1292045, 0.05168149), (0.99027026, -0.1292045, 0.05168149), (0.97811127, -0.2047135, 0.037292663), (0.98145556, -0.18881488, 0.0330751), (0.9919343, -0.11737339, 0.047853086), (0.93166554, -0.36325756, 0.0065765874), (0.99027026, -0.1292045, 0.05168149), (0.9919343, -0.11737339, 0.047853086), (0.93609923, -0.3517293, -0.0021745025), (-0.472393, -0.86758375, -0.15538119), (-0.45507073, -0.87016886, -0.18898882), (-0.72546834, -0.6681322, -0.16521233), (-0.7383762, -0.65940285, -0.14138006), (-0.45507073, -0.87016886, -0.18898882), (-0.43837315, -0.87629294, -0.19984952), (-0.7135754, -0.6786624, -0.17386065), (-0.72546834, -0.6681322, -0.16521233), (-0.72546834, -0.6681322, -0.16521233), (-0.7135754, -0.6786624, -0.17386065), (-0.8748627, -0.4642732, -0.1380786), (-0.8821796, -0.4520135, -0.13207112), (-0.7383762, -0.65940285, -0.14138006), (-0.72546834, -0.6681322, -0.16521233), (-0.8821796, -0.4520135, -0.13207112), (-0.88989586, -0.4405654, -0.11826825), (0.99075073, -0.11944063, 0.06439729), (0.9731248, 0.20407847, 0.10667774), (0.9684365, 0.22007212, 0.117043085), (0.9930826, -0.101182155, 0.05957512), (0.9731248, 0.20407847, 0.10667774), (0.88491946, 0.44637173, 0.13292782), (0.87469923, 0.4593294, 0.15465376), (0.9684365, 0.22007212, 0.117043085), (0.9684365, 0.22007212, 0.117043085), (0.87469923, 0.4593294, 0.15465376), (0.86728984, 0.47066808, 0.16211082), (0.9652172, 0.23244712, 0.11968327), (0.9930826, -0.101182155, 0.05957512), (0.9684365, 0.22007212, 0.117043085), (0.9652172, 0.23244712, 0.11968327), (0.99460864, -0.08727132, 0.056012914), (-0.44556406, 0.88714105, 0.12022201), (-0.46837965, 0.8788623, 0.090672016), (-0.22106907, 0.9687397, 0.112569936), (-0.20924412, 0.96693486, 0.14578687), (-0.46837965, 0.8788623, 0.090672016), (-0.48396227, 0.8707594, 0.0869396), (-0.22699106, 0.96822774, 0.10492938), (-0.22106907, 0.9687397, 0.112569936), (-0.22106907, 0.9687397, 0.112569936), (-0.22699106, 0.96822774, 0.10492938), (0.14107083, 0.9829489, 0.117942646), (0.14584059, 0.9805285, 0.13150829), (-0.20924412, 0.96693486, 0.14578687), (-0.22106907, 0.9687397, 0.112569936), (0.14584059, 0.9805285, 0.13150829), (0.15459338, 0.97357875, 0.16806364), (-0.014051668, -0.990498, -0.13680708), (-0.032873373, -0.9946633, -0.09779729), (-0.34019306, -0.9343229, -0.10634578), (-0.33946106, -0.92912245, -0.14662099), (-0.032873373, -0.9946633, -0.09779729), (-0.05523105, -0.99502116, -0.082960054), (-0.3452257, -0.9344298, -0.08752212), (-0.34019306, -0.9343229, -0.10634578), (-0.34019306, -0.9343229, -0.10634578), (-0.3452257, -0.9344298, -0.08752212), (-0.29622602, -0.95110667, -0.08744319), (-0.29844722, -0.9485171, -0.10604031), (-0.33946106, -0.92912245, -0.14662099), (-0.34019306, -0.9343229, -0.10634578), (-0.29844722, -0.9485171, -0.10604031), (-0.30606973, -0.94059616, -0.14696965), (0.94121623, -0.33754927, 0.013134687), (0.9937046, -0.0993218, 0.051828828), (0.9946182, -0.091010556, 0.04951524), (0.9436649, -0.33024693, 0.020816457), (0.9937046, -0.0993218, 0.051828828), (0.9848254, -0.1685826, 0.04121838), (0.9857928, -0.16284929, 0.041142616), (0.9946182, -0.091010556, 0.04951524), (0.9946182, -0.091010556, 0.04951524), (0.9857928, -0.16284929, 0.041142616), (0.9868638, -0.15852943, 0.031118736), (0.9957174, -0.08389438, 0.038841102), (0.9436649, -0.33024693, 0.020816457), (0.9946182, -0.091010556, 0.04951524), (0.9957174, -0.08389438, 0.038841102), (0.94622415, -0.32317618, 0.014733218), (-0.4162048, -0.8975628, -0.14544667), (-0.40998235, -0.905988, -0.1053577), (-0.69440967, -0.7130965, -0.09637722), (-0.69925165, -0.702709, -0.13132803), (-0.40998235, -0.905988, -0.1053577), (-0.406868, -0.9094295, -0.08600353), (-0.6902579, -0.7195884, -0.07573932), (-0.69440967, -0.7130965, -0.09637722), (-0.69440967, -0.7130965, -0.09637722), (-0.6902579, -0.7195884, -0.07573932), (-0.85863405, -0.509003, -0.060526952), (-0.86194575, -0.5005484, -0.08062777), (-0.69925165, -0.702709, -0.13132803), (-0.69440967, -0.7130965, -0.09637722), (-0.86194575, -0.5005484, -0.08062777), (-0.8654706, -0.4890249, -0.10869856), (0.99583083, -0.07088345, 0.057415742), (0.9619186, 0.2522524, 0.10526775), (0.96080816, 0.26218197, 0.090046145), (0.9964933, -0.0638987, 0.054018885), (0.9619186, 0.2522524, 0.10526775), (0.8586245, 0.4941944, 0.1361465), (0.8552794, 0.5057757, 0.1126415), (0.96080816, 0.26218197, 0.090046145), (0.96080816, 0.26218197, 0.090046145), (0.8552794, 0.5057757, 0.1126415), (0.85255426, 0.5138022, 0.09570051), (0.9599407, 0.2699838, 0.07498359), (0.9964933, -0.0638987, 0.054018885), (0.96080816, 0.26218197, 0.090046145), (0.9599407, 0.2699838, 0.07498359), (0.99741054, -0.05773439, 0.042882875), (-0.30606973, -0.94059616, -0.14696965), (-0.29844722, -0.9485171, -0.10604031), (-0.213963, -0.97124135, -0.1044504), (-0.22148755, -0.9642297, -0.14561749), (-0.29844722, -0.9485171, -0.10604031), (-0.29622602, -0.95110667, -0.08744319), (-0.21141921, -0.97353005, -0.086839676), (-0.213963, -0.97124135, -0.1044504), (-0.213963, -0.97124135, -0.1044504), (-0.21141921, -0.97353005, -0.086839676), (-0.406868, -0.9094295, -0.08600353), (-0.40998235, -0.905988, -0.1053577), (-0.22148755, -0.9642297, -0.14561749), (-0.213963, -0.97124135, -0.1044504), (-0.40998235, -0.905988, -0.1053577), (-0.4162048, -0.8975628, -0.14544667), (0.9848254, -0.1685826, 0.04121838), (0.9657773, -0.2579947, 0.02670137), (0.96690786, -0.25332803, 0.030232748), (0.9857928, -0.16284929, 0.041142616), (0.9657773, -0.2579947, 0.02670137), (0.99583083, -0.07088345, 0.057415742), (0.9964933, -0.0638987, 0.054018885), (0.96690786, -0.25332803, 0.030232748), (0.96690786, -0.25332803, 0.030232748), (0.9964933, -0.0638987, 0.054018885), (0.99741054, -0.05773439, 0.042882875), (0.96815383, -0.24940856, 0.021761503), (0.9857928, -0.16284929, 0.041142616), (0.96690786, -0.25332803, 0.030232748), (0.96815383, -0.24940856, 0.021761503), (0.9868638, -0.15852943, 0.031118736), (0.59577245, -0.7996064, -0.07539932), (0.5862554, -0.8086285, -0.04923948), (0.35936108, -0.9303638, -0.07268379), (0.38211155, -0.91818875, -0.10450005), (0.5862554, -0.8086285, -0.04923948), (0.5748012, -0.81702584, -0.04552329), (0.33409953, -0.94030225, -0.06487823), (0.35936108, -0.9303638, -0.07268379), (0.35936108, -0.9303638, -0.07268379), (0.33409953, -0.94030225, -0.06487823), (-0.05523105, -0.99502116, -0.082960054), (-0.032873373, -0.9946633, -0.09779729), (0.38211155, -0.91818875, -0.10450005), (0.35936108, -0.9303638, -0.07268379), (-0.032873373, -0.9946633, -0.09779729), (-0.014051668, -0.990498, -0.13680708), (-0.89782476, 0.4394974, 0.02743354), (-0.98989916, 0.13978557, -0.02365524), (-0.992464, 0.12087915, -0.02008943), (-0.9121247, 0.40954852, 0.01728117), (-0.98989916, 0.13978557, -0.02365524), (-0.9834062, 0.18064797, -0.016689125), (-0.9853057, 0.17022441, -0.014009368), (-0.992464, 0.12087915, -0.02008943), (-0.992464, 0.12087915, -0.02008943), (-0.9853057, 0.17022441, -0.014009368), (-0.9868757, 0.16147579, -0.0013082885), (-0.9943069, 0.10632075, -0.007049349), (-0.9121247, 0.40954852, 0.01728117), (-0.992464, 0.12087915, -0.02008943), (-0.9943069, 0.10632075, -0.007049349), (-0.92224354, 0.38582715, 0.02458451), (0.59577245, -0.7996064, -0.07539932), (0.7705308, -0.6360644, -0.041283295), (0.7714509, -0.6359269, -0.021458944), (0.5862554, -0.8086285, -0.04923948), (0.7705308, -0.6360644, -0.041283295), (0.94121623, -0.33754927, 0.013134687), (0.9436649, -0.33024693, 0.020816457), (0.7714509, -0.6359269, -0.021458944), (0.7714509, -0.6359269, -0.021458944), (0.9436649, -0.33024693, 0.020816457), (0.94622415, -0.32317618, 0.014733218), (0.7716937, -0.6356347, -0.021385485), (0.5862554, -0.8086285, -0.04923948), (0.7714509, -0.6359269, -0.021458944), (0.7716937, -0.6356347, -0.021385485), (0.5748012, -0.81702584, -0.04552329), (0.15459338, 0.97357875, 0.16806364), (0.14584059, 0.9805285, 0.13150829), (0.38846704, 0.9115837, 0.1345676), (0.3970539, 0.9018479, 0.17034826), (0.14584059, 0.9805285, 0.13150829), (0.14107083, 0.9829489, 0.117942646), (0.3834305, 0.91596395, 0.118283935), (0.38846704, 0.9115837, 0.1345676), (0.38846704, 0.9115837, 0.1345676), (0.3834305, 0.91596395, 0.118283935), (0.30955678, 0.9434564, 0.11859412), (0.3144131, 0.939791, 0.13392933), (0.3970539, 0.9018479, 0.17034826), (0.38846704, 0.9115837, 0.1345676), (0.3144131, 0.939791, 0.13392933), (0.32340348, 0.9308743, 0.16995063), (-0.99663436, 0.07541272, -0.032136593), (-0.96600074, -0.24648154, -0.07803522), (-0.96459264, -0.2571836, -0.058460493), (-0.99742573, 0.06735953, -0.024588104), (-0.96600074, -0.24648154, -0.07803522), (-0.8654706, -0.4890249, -0.10869856), (-0.86194575, -0.5005484, -0.08062777), (-0.96459264, -0.2571836, -0.058460493), (-0.96459264, -0.2571836, -0.058460493), (-0.86194575, -0.5005484, -0.08062777), (-0.85863405, -0.509003, -0.060526952), (-0.96332407, -0.26532468, -0.040119585), (-0.99742573, 0.06735953, -0.024588104), (-0.96459264, -0.2571836, -0.058460493), (-0.96332407, -0.26532468, -0.040119585), (-0.99807197, 0.06127584, -0.009881294), (0.4190996, 0.8917789, 0.17054619), (0.40927786, 0.90234894, 0.13512215), (0.6879023, 0.7143983, 0.12816195), (0.6942979, 0.7020601, 0.15830992), (0.40927786, 0.90234894, 0.13512215), (0.40265462, 0.90761226, 0.11878281), (0.68324715, 0.72176445, 0.11058655), (0.6879023, 0.7143983, 0.12816195), (0.6879023, 0.7143983, 0.12816195), (0.68324715, 0.72176445, 0.11058655), (0.85255426, 0.5138022, 0.09570051), (0.8552794, 0.5057757, 0.1126415), (0.6942979, 0.7020601, 0.15830992), (0.6879023, 0.7143983, 0.12816195), (0.8552794, 0.5057757, 0.1126415), (0.8586245, 0.4941944, 0.1361465), (-0.9834062, 0.18064797, -0.016689125), (-0.9643558, 0.26459643, -0.0025612477), (-0.96629494, 0.2574215, -0.002866592), (-0.9853057, 0.17022441, -0.014009368), (-0.9643558, 0.26459643, -0.0025612477), (-0.99663436, 0.07541272, -0.032136593), (-0.99742573, 0.06735953, -0.024588104), (-0.96629494, 0.2574215, -0.002866592), (-0.96629494, 0.2574215, -0.002866592), (-0.99742573, 0.06735953, -0.024588104), (-0.99807197, 0.06127584, -0.009881294), (-0.9678558, 0.25135526, 0.008695605), (-0.9853057, 0.17022441, -0.014009368), (-0.96629494, 0.2574215, -0.002866592), (-0.9678558, 0.25135526, 0.008695605), (-0.9868757, 0.16147579, -0.0013082885), (0.32340348, 0.9308743, 0.16995063), (0.3144131, 0.939791, 0.13392933), (0.22131553, 0.966184, 0.13231753), (0.2317157, 0.9580297, 0.16878079), (0.3144131, 0.939791, 0.13392933), (0.30955678, 0.9434564, 0.11859412), (0.21554683, 0.9693524, 0.11787869), (0.22131553, 0.966184, 0.13231753), (0.22131553, 0.966184, 0.13231753), (0.21554683, 0.9693524, 0.11787869), (0.40265462, 0.90761226, 0.11878281), (0.40927786, 0.90234894, 0.13512215), (0.2317157, 0.9580297, 0.16878079), (0.22131553, 0.966184, 0.13231753), (0.40927786, 0.90234894, 0.13512215), (0.4190996, 0.8917789, 0.17054619), (-0.44556406, 0.88714105, 0.12022201), (-0.65352917, 0.7517104, 0.08849324), (-0.6825933, 0.72798645, 0.0640473), (-0.46837965, 0.8788623, 0.090672016), (-0.65352917, 0.7517104, 0.08849324), (-0.89782476, 0.4394974, 0.02743354), (-0.9121247, 0.40954852, 0.01728117), (-0.6825933, 0.72798645, 0.0640473), (-0.6825933, 0.72798645, 0.0640473), (-0.9121247, 0.40954852, 0.01728117), (-0.92224354, 0.38582715, 0.02458451), (-0.7037029, 0.70761126, 0.06394196), (-0.46837965, 0.8788623, 0.090672016), (-0.6825933, 0.72798645, 0.0640473), (-0.7037029, 0.70761126, 0.06394196), (-0.48396227, 0.8707594, 0.0869396), (0.35783485, -0.9069275, -0.22234331), (0.34956107, -0.91198653, -0.2146801), (0.04973527, -0.9851799, -0.16415536), (0.054742076, -0.9841251, -0.16882277), (0.34956107, -0.91198653, -0.2146801), (0.35820335, -0.91282356, -0.19607012), (0.0578135, -0.98650974, -0.15315416), (0.04973527, -0.9851799, -0.16415536), (0.04973527, -0.9851799, -0.16415536), (0.0578135, -0.98650974, -0.15315416), (-0.29316804, -0.95223564, -0.08543826), (-0.30265725, -0.9492533, -0.0855385), (0.054742076, -0.9841251, -0.16882277), (0.04973527, -0.9851799, -0.16415536), (-0.30265725, -0.9492533, -0.0855385), (-0.30679756, -0.94803697, -0.08426829), (0.9694008, -0.09911231, -0.22458574), (0.963913, 0.20133357, -0.17417377), (0.96840227, 0.18366668, -0.16871154), (0.9683977, -0.12169626, -0.21770605), (0.963913, 0.20133357, -0.17417377), (0.8976539, 0.42306852, -0.12341209), (0.90316427, 0.4126607, -0.11834489), (0.96840227, 0.18366668, -0.16871154), (0.96840227, 0.18366668, -0.16871154), (0.90316427, 0.4126607, -0.11834489), (0.90733635, 0.40862754, -0.09881406), (0.9729007, 0.18023317, -0.14484543), (0.9683977, -0.12169626, -0.21770605), (0.96840227, 0.18366668, -0.16871154), (0.9729007, 0.18023317, -0.14484543), (0.97370845, -0.12480714, -0.19056489), (0.9390029, -0.24470402, -0.24164766), (0.9208228, -0.30168068, -0.247132), (0.9218028, -0.30636162, -0.23753358), (0.94447887, -0.23417404, -0.23048244), (0.9208228, -0.30168068, -0.247132), (0.9694008, -0.09911231, -0.22458574), (0.9683977, -0.12169626, -0.21770605), (0.9218028, -0.30636162, -0.23753358), (0.9218028, -0.30636162, -0.23753358), (0.9683977, -0.12169626, -0.21770605), (0.97370845, -0.12480714, -0.19056489), (0.9273159, -0.31010035, -0.20957825), (0.94447887, -0.23417404, -0.23048244), (0.9218028, -0.30636162, -0.23753358), (0.9273159, -0.31010035, -0.20957825), (0.9495518, -0.23933397, -0.2026587), (0.87480605, -0.41228327, -0.25443456), (0.9561478, -0.17611656, -0.23401786), (0.9567339, -0.18455681, -0.22494261), (0.86481017, -0.4377456, -0.24593106), (0.9561478, -0.17611656, -0.23401786), (0.9390029, -0.24470402, -0.24164766), (0.94447887, -0.23417404, -0.23048244), (0.9567339, -0.18455681, -0.22494261), (0.9567339, -0.18455681, -0.22494261), (0.94447887, -0.23417404, -0.23048244), (0.9495518, -0.23933397, -0.2026587), (0.9619972, -0.18869796, -0.19736841), (0.86481017, -0.4377456, -0.24593106), (0.9567339, -0.18455681, -0.22494261), (0.9619972, -0.18869796, -0.19736841), (0.8726477, -0.43699723, -0.21798913), (-0.46407276, -0.88485837, -0.04076927), (-0.46213287, -0.8857493, -0.043375023), (-0.39084306, -0.9182341, -0.06393533), (-0.3945792, -0.91679054, -0.06166216), (-0.46213287, -0.8857493, -0.043375023), (-0.45430005, -0.8895225, -0.04859358), (-0.383152, -0.9212891, -0.066490084), (-0.39084306, -0.9182341, -0.06393533), (-0.39084306, -0.9182341, -0.06393533), (-0.383152, -0.9212891, -0.066490084), (-0.54214114, -0.83988917, -0.025864718), (-0.55045116, -0.83468354, -0.01751888), (-0.3945792, -0.91679054, -0.06166216), (-0.39084306, -0.9182341, -0.06393533), (-0.55045116, -0.83468354, -0.01751888), (-0.55895245, -0.8291197, -0.0115225455), (-0.85272783, 0.44972244, 0.2657158), (-0.95204926, 0.1857165, 0.24312899), (-0.95516217, 0.18296349, 0.23278648), (-0.8693995, 0.4234397, 0.25464362), (-0.95204926, 0.1857165, 0.24312899), (-0.94045836, 0.23228142, 0.24816003), (-0.9381984, 0.24938226, 0.23998402), (-0.95516217, 0.18296349, 0.23278648), (-0.95516217, 0.18296349, 0.23278648), (-0.9381984, 0.24938226, 0.23998402), (-0.9434975, 0.2543549, 0.21240567), (-0.9602662, 0.18890418, 0.20543653), (-0.8693995, 0.4234397, 0.25464362), (-0.95516217, 0.18296349, 0.23278648), (-0.9602662, 0.18890418, 0.20543653), (-0.8765528, 0.4246488, 0.226558), (0.35783485, -0.9069275, -0.22234331), (0.63112235, -0.7330763, -0.25354233), (0.62091947, -0.7448531, -0.2442397), (0.34956107, -0.91198653, -0.2146801), (0.63112235, -0.7330763, -0.25354233), (0.87480605, -0.41228327, -0.25443456), (0.86481017, -0.4377456, -0.24593106), (0.62091947, -0.7448531, -0.2442397), (0.62091947, -0.7448531, -0.2442397), (0.86481017, -0.4377456, -0.24593106), (0.8726477, -0.43699723, -0.21798913), (0.63144207, -0.74357617, -0.21994418), (0.34956107, -0.91198653, -0.2146801), (0.62091947, -0.7448531, -0.2442397), (0.63144207, -0.74357617, -0.21994418), (0.35820335, -0.91282356, -0.19607012), (-0.55895245, -0.8291197, -0.0115225455), (-0.55045116, -0.83468354, -0.01751888), (-0.7738877, -0.63030636, 0.061739508), (-0.782549, -0.61842746, 0.07186499), (-0.55045116, -0.83468354, -0.01751888), (-0.54214114, -0.83988917, -0.025864718), (-0.7694486, -0.63711417, 0.045103706), (-0.7738877, -0.63030636, 0.061739508), (-0.7738877, -0.63030636, 0.061739508), (-0.7694486, -0.63711417, 0.045103706), (-0.90205353, -0.4195016, 0.10157676), (-0.90029484, -0.41772225, 0.12238193), (-0.782549, -0.61842746, 0.07186499), (-0.7738877, -0.63030636, 0.061739508), (-0.90029484, -0.41772225, 0.12238193), (-0.9035305, -0.40734395, 0.13305485), (-0.36481947, 0.90140307, 0.23319393), (-0.37943012, 0.89642847, 0.22901711), (-0.09175387, 0.9790203, 0.18193525), (-0.08217971, 0.97952974, 0.1837608), (-0.37943012, 0.89642847, 0.22901711), (-0.38904086, 0.8969111, 0.21023227), (-0.096769884, 0.98070836, 0.16984318), (-0.09175387, 0.9790203, 0.18193525), (-0.09175387, 0.9790203, 0.18193525), (-0.096769884, 0.98070836, 0.16984318), (0.2721524, 0.95714337, 0.099043876), (0.27546924, 0.95600575, 0.10084476), (-0.08217971, 0.97952974, 0.1837608), (-0.09175387, 0.9790203, 0.18193525), (0.27546924, 0.95600575, 0.10084476), (0.2760773, 0.9558363, 0.10078795), (-0.30679756, -0.94803697, -0.08426829), (-0.30265725, -0.9492533, -0.0855385), (-0.51467234, -0.85695225, -0.027298845), (-0.52006406, -0.85382015, -0.022900555), (-0.30265725, -0.9492533, -0.0855385), (-0.29316804, -0.95223564, -0.08543826), (-0.50574434, -0.86198807, -0.034630578), (-0.51467234, -0.85695225, -0.027298845), (-0.51467234, -0.85695225, -0.027298845), (-0.50574434, -0.86198807, -0.034630578), (-0.45430005, -0.8895225, -0.04859358), (-0.46213287, -0.8857493, -0.043375023), (-0.52006406, -0.85382015, -0.022900555), (-0.51467234, -0.85695225, -0.027298845), (-0.46213287, -0.8857493, -0.043375023), (-0.46407276, -0.88485837, -0.04076927), (0.2578198, 0.9640098, 0.064915575), (0.25426468, 0.9662138, 0.04219449), (0.480606, 0.8769057, 0.0073712426), (0.4881215, 0.87240416, 0.025463397), (0.25426468, 0.9662138, 0.04219449), (0.25173467, 0.9676855, 0.014640329), (0.4745365, 0.88005567, -0.01780589), (0.480606, 0.8769057, 0.0073712426), (0.480606, 0.8769057, 0.0073712426), (0.4745365, 0.88005567, -0.01780589), (0.41263768, 0.91085285, -0.008782004), (0.4262879, 0.90445054, 0.015742635), (0.4881215, 0.87240416, 0.025463397), (0.480606, 0.8769057, 0.0073712426), (0.4262879, 0.90445054, 0.015742635), (0.43958187, 0.8975693, 0.03371995), (0.38585094, -0.91317415, -0.13127053), (0.65523237, -0.7403043, -0.15039983), (0.6627853, -0.7376881, -0.12857634), (0.3963022, -0.91188675, -0.106804594), (0.65523237, -0.7403043, -0.15039983), (0.8877614, -0.43431625, -0.15247653), (0.89287114, -0.4290304, -0.13679932), (0.6627853, -0.7376881, -0.12857634), (0.6627853, -0.7376881, -0.12857634), (0.89287114, -0.4290304, -0.13679932), (0.8961174, -0.42477357, -0.12861192), (0.6638315, -0.73947936, -0.11179478), (0.3963022, -0.91188675, -0.106804594), (0.6627853, -0.7376881, -0.12857634), (0.6638315, -0.73947936, -0.11179478), (0.3901375, -0.91695017, -0.08363663), (-0.8886913, 0.42976597, 0.15977773), (-0.9691118, 0.19753283, 0.14765905), (-0.9697311, 0.20242238, 0.13655315), (-0.886049, 0.44086507, 0.14337118), (-0.9691118, 0.19753283, 0.14765905), (-0.95289797, 0.26244423, 0.15201472), (-0.9539533, 0.26584482, 0.13892291), (-0.9697311, 0.20242238, 0.13655315), (-0.9697311, 0.20242238, 0.13655315), (-0.9539533, 0.26584482, 0.13892291), (-0.94967014, 0.28413406, 0.1318881), (-0.96429515, 0.22940525, 0.13231759), (-0.886049, 0.44086507, 0.14337118), (-0.9697311, 0.20242238, 0.13655315), (-0.96429515, 0.22940525, 0.13231759), (-0.8726794, 0.47006127, 0.13218568), (0.38585094, -0.91317415, -0.13127053), (0.3963022, -0.91188675, -0.106804594), (0.10145077, -0.99198693, -0.07529755), (0.08841475, -0.99106914, -0.09982338), (0.3963022, -0.91188675, -0.106804594), (0.3901375, -0.91695017, -0.08363663), (0.09104407, -0.9946874, -0.048042398), (0.10145077, -0.99198693, -0.07529755), (0.10145077, -0.99198693, -0.07529755), (0.09104407, -0.9946874, -0.048042398), (-0.26203537, -0.9650567, -0.0017518888), (-0.25599524, -0.9662409, -0.029069984), (0.08841475, -0.99106914, -0.09982338), (0.10145077, -0.99198693, -0.07529755), (-0.25599524, -0.9662409, -0.029069984), (-0.2659345, -0.9626293, -0.05122171), (0.95800173, -0.24801983, -0.14394014), (0.9359546, -0.31949338, -0.14803049), (0.9363697, -0.3239728, -0.13510537), (0.95951504, -0.24840274, -0.13276653), (0.9359546, -0.31949338, -0.14803049), (0.9818037, -0.13212366, -0.13639906), (0.9827672, -0.13361923, -0.12772854), (0.9363697, -0.3239728, -0.13510537), (0.9363697, -0.3239728, -0.13510537), (0.9827672, -0.13361923, -0.12772854), (0.98230934, -0.13723685, -0.12741455), (0.93528366, -0.32930395, -0.12962744), (0.95951504, -0.24840274, -0.13276653), (0.9363697, -0.3239728, -0.13510537), (0.93528366, -0.32930395, -0.12962744), (0.96022904, -0.24749576, -0.1292518), (-0.43306726, -0.9010185, -0.024866866), (-0.42592785, -0.90474665, -0.004334385), (-0.35180733, -0.935946, -0.015386039), (-0.36129707, -0.9317207, -0.036891785), (-0.42592785, -0.90474665, -0.004334385), (-0.4203504, -0.90713197, 0.02042411), (-0.34189168, -0.93968976, 0.009658332), (-0.35180733, -0.935946, -0.015386039), (-0.35180733, -0.935946, -0.015386039), (-0.34189168, -0.93968976, 0.009658332), (-0.507788, -0.86082405, 0.03366563), (-0.5153001, -0.8569453, 0.010518647), (-0.36129707, -0.9317207, -0.036891785), (-0.35180733, -0.935946, -0.015386039), (-0.5153001, -0.8569453, 0.010518647), (-0.52297854, -0.85230774, -0.0080554485), (0.9818037, -0.13212366, -0.13639906), (0.9782751, 0.17805618, -0.10617768), (0.9771852, 0.18481722, -0.10464957), (0.9827672, -0.13361923, -0.12772854), (0.9782751, 0.17805618, -0.10617768), (0.9087557, 0.4105956, -0.074661665), (0.9024251, 0.42366117, -0.07835944), (0.9771852, 0.18481722, -0.10464957), (0.9771852, 0.18481722, -0.10464957), (0.9024251, 0.42366117, -0.07835944), (0.89500046, 0.43662432, -0.09128721), (0.9752765, 0.19035602, -0.11225061), (0.9827672, -0.13361923, -0.12772854), (0.9771852, 0.18481722, -0.10464957), (0.9752765, 0.19035602, -0.11225061), (0.98230934, -0.13723685, -0.12741455), (-0.52297854, -0.85230774, -0.0080554485), (-0.5153001, -0.8569453, 0.010518647), (-0.75297654, -0.65587234, 0.05345867), (-0.75834525, -0.6505377, 0.041389473), (-0.5153001, -0.8569453, 0.010518647), (-0.507788, -0.86082405, 0.03366563), (-0.74820817, -0.6596175, 0.07133828), (-0.75297654, -0.65587234, 0.05345867), (-0.75297654, -0.65587234, 0.05345867), (-0.74820817, -0.6596175, 0.07133828), (-0.8905995, -0.4443049, 0.09708589), (-0.8958405, -0.43605188, 0.08560663), (-0.75834525, -0.6505377, 0.041389473), (-0.75297654, -0.65587234, 0.05345867), (-0.8958405, -0.43605188, 0.08560663), (-0.9006437, -0.42702183, 0.080581106), (0.8877614, -0.43431625, -0.15247653), (0.9709974, -0.19326927, -0.14075166), (0.9734064, -0.18819247, -0.13062754), (0.89287114, -0.4290304, -0.13679932), (0.9709974, -0.19326927, -0.14075166), (0.95800173, -0.24801983, -0.14394014), (0.95951504, -0.24840274, -0.13276653), (0.9734064, -0.18819247, -0.13062754), (0.9734064, -0.18819247, -0.13062754), (0.95951504, -0.24840274, -0.13276653), (0.96022904, -0.24749576, -0.1292518), (0.9749491, -0.18154363, -0.12851503), (0.89287114, -0.4290304, -0.13679932), (0.9734064, -0.18819247, -0.13062754), (0.9749491, -0.18154363, -0.12851503), (0.8961174, -0.42477357, -0.12861192), (-0.2659345, -0.9626293, -0.05122171), (-0.25599524, -0.9662409, -0.029069984), (-0.47871056, -0.87796307, 0.0041266778), (-0.4845293, -0.8746413, -0.015292497), (-0.25599524, -0.9662409, -0.029069984), (-0.26203537, -0.9650567, -0.0017518888), (-0.4786119, -0.8775539, 0.028806193), (-0.47871056, -0.87796307, 0.0041266778), (-0.47871056, -0.87796307, 0.0041266778), (-0.4786119, -0.8775539, 0.028806193), (-0.4203504, -0.90713197, 0.02042411), (-0.42592785, -0.90474665, -0.004334385), (-0.4845293, -0.8746413, -0.015292497), (-0.47871056, -0.87796307, 0.0041266778), (-0.42592785, -0.90474665, -0.004334385), (-0.43306726, -0.9010185, -0.024866866), (-0.40868682, 0.90115094, 0.14457537), (-0.4050459, 0.90656495, 0.11865028), (-0.1124774, 0.98966295, 0.088971816), (-0.11267824, 0.986954, 0.115001865), (-0.4050459, 0.90656495, 0.11865028), (-0.39840248, 0.912388, 0.093933366), (-0.112082504, 0.9917875, 0.061604254), (-0.1124774, 0.98966295, 0.088971816), (-0.1124774, 0.98966295, 0.088971816), (-0.112082504, 0.9917875, 0.061604254), (0.25173467, 0.9676855, 0.014640329), (0.25426468, 0.9662138, 0.04219449), (-0.11267824, 0.986954, 0.115001865), (-0.1124774, 0.98966295, 0.088971816), (0.25426468, 0.9662138, 0.04219449), (0.2578198, 0.9640098, 0.064915575), (-0.40868682, 0.90115094, 0.14457537), (-0.665455, 0.7289706, 0.16053528), (-0.6593358, 0.73919517, 0.13735642), (-0.4050459, 0.90656495, 0.11865028), (-0.665455, 0.7289706, 0.16053528), (-0.8886913, 0.42976597, 0.15977773), (-0.886049, 0.44086507, 0.14337118), (-0.6593358, 0.73919517, 0.13735642), (-0.6593358, 0.73919517, 0.13735642), (-0.886049, 0.44086507, 0.14337118), (-0.8726794, 0.47006127, 0.13218568), (-0.6441174, 0.75589746, 0.11718283), (-0.4050459, 0.90656495, 0.11865028), (-0.6593358, 0.73919517, 0.13735642), (-0.6441174, 0.75589746, 0.11718283), (-0.39840248, 0.912388, 0.093933366), (0.43958187, 0.8975693, 0.03371995), (0.4262879, 0.90445054, 0.015742635), (0.35807574, 0.93332624, 0.026152335), (0.37710762, 0.9250988, 0.04452149), (0.4262879, 0.90445054, 0.015742635), (0.41263768, 0.91085285, -0.008782004), (0.33689493, 0.9415397, 0.0022089079), (0.35807574, 0.93332624, 0.026152335), (0.35807574, 0.93332624, 0.026152335), (0.33689493, 0.9415397, 0.0022089079), (0.5126566, 0.85826653, -0.023698919), (0.5337528, 0.84563833, -0.0018802441), (0.37710762, 0.9250988, 0.04452149), (0.35807574, 0.93332624, 0.026152335), (0.5337528, 0.84563833, -0.0018802441), (0.5527458, 0.83324826, 0.013014729), (-0.95289797, 0.26244423, 0.15201472), (-0.9268915, 0.3413907, 0.15596332), (-0.9282475, 0.34423098, 0.1409308), (-0.9539533, 0.26584482, 0.13892291), (-0.9268915, 0.3413907, 0.15596332), (-0.9775653, 0.15316059, 0.14459606), (-0.9796389, 0.1492516, 0.1342821), (-0.9282475, 0.34423098, 0.1409308), (-0.9282475, 0.34423098, 0.1409308), (-0.9796389, 0.1492516, 0.1342821), (-0.98088396, 0.1447784, 0.13002266), (-0.926674, 0.35223714, 0.13116471), (-0.9539533, 0.26584482, 0.13892291), (-0.9282475, 0.34423098, 0.1409308), (-0.926674, 0.35223714, 0.13116471), (-0.94967014, 0.28413406, 0.1318881), (0.5527458, 0.83324826, 0.013014729), (0.5337528, 0.84563833, -0.0018802441), (0.77055424, 0.635675, -0.046513133), (0.78331524, 0.6204759, -0.037773427), (0.5337528, 0.84563833, -0.0018802441), (0.5126566, 0.85826653, -0.023698919), (0.75631946, 0.65106964, -0.06394545), (0.77055424, 0.635675, -0.046513133), (0.77055424, 0.635675, -0.046513133), (0.75631946, 0.65106964, -0.06394545), (0.89500046, 0.43662432, -0.09128721), (0.9024251, 0.42366117, -0.07835944), (0.78331524, 0.6204759, -0.037773427), (0.77055424, 0.635675, -0.046513133), (0.9024251, 0.42366117, -0.07835944), (0.9087557, 0.4105956, -0.074661665), (-0.9775653, 0.15316059, 0.14459606), (-0.97852886, -0.17140575, 0.114461444), (-0.97688484, -0.18189956, 0.11228796), (-0.9796389, 0.1492516, 0.1342821), (-0.97852886, -0.17140575, 0.114461444), (-0.9006437, -0.42702183, 0.080581106), (-0.8958405, -0.43605188, 0.08560663), (-0.97688484, -0.18189956, 0.11228796), (-0.97688484, -0.18189956, 0.11228796), (-0.8958405, -0.43605188, 0.08560663), (-0.8905995, -0.4443049, 0.09708589), (-0.9741691, -0.1932511, 0.11682751), (-0.9796389, 0.1492516, 0.1342821), (-0.97688484, -0.18189956, 0.11228796), (-0.9741691, -0.1932511, 0.11682751), (-0.98088396, 0.1447784, 0.13002266), (0.9876266, -0.15519436, -0.022544548), (0.98491246, 0.17286333, -0.008112452), (0.980084, 0.18574275, 0.07024914), (0.9892058, -0.13986203, 0.04370957), (0.98491246, 0.17286333, -0.008112452), (0.9058141, 0.4236491, 0.004702486), (0.89752793, 0.43233636, 0.08676903), (0.980084, 0.18574275, 0.07024914), (0.980084, 0.18574275, 0.07024914), (0.89752793, 0.43233636, 0.08676903), (0.88491946, 0.44637173, 0.13292782), (0.9731248, 0.20407847, 0.10667774), (0.9892058, -0.13986203, 0.04370957), (0.980084, 0.18574275, 0.07024914), (0.9731248, 0.20407847, 0.10667774), (0.99075073, -0.11944063, 0.06439729), (-0.49556124, -0.8679618, -0.032577746), (-0.4864779, -0.86753476, -0.10355019), (-0.7495637, -0.65497905, -0.095690496), (-0.7562307, -0.6540626, -0.017807819), (-0.4864779, -0.86753476, -0.10355019), (-0.472393, -0.86758375, -0.15538119), (-0.7383762, -0.65940285, -0.14138006), (-0.7495637, -0.65497905, -0.095690496), (-0.7495637, -0.65497905, -0.095690496), (-0.7383762, -0.65940285, -0.14138006), (-0.88989586, -0.4405654, -0.11826825), (-0.8975018, -0.43346578, -0.0812263), (-0.7562307, -0.6540626, -0.017807819), (-0.7495637, -0.65497905, -0.095690496), (-0.8975018, -0.43346578, -0.0812263), (-0.9022933, -0.43110284, -0.004140153), (0.91089773, -0.41133037, -0.03275196), (0.98521006, -0.16969302, -0.023780216), (0.98684967, -0.15649588, 0.040457394), (0.9181751, -0.3957723, 0.017856523), (0.98521006, -0.16969302, -0.023780216), (0.96711123, -0.25295052, -0.026680127), (0.97051907, -0.23870732, 0.03334009), (0.98684967, -0.15649588, 0.040457394), (0.98684967, -0.15649588, 0.040457394), (0.97051907, -0.23870732, 0.03334009), (0.97388715, -0.22212115, 0.046967275), (0.98806673, -0.14249407, 0.058476437), (0.9181751, -0.3957723, 0.017856523), (0.98684967, -0.15649588, 0.040457394), (0.98806673, -0.14249407, 0.058476437), (0.9253755, -0.37830558, 0.023766192), (-0.37666664, -0.92569834, -0.03470985), (-0.3321528, -0.9381346, -0.0978666), (-0.48884687, -0.8664984, -0.101041235), (-0.5118832, -0.8585254, -0.030163033), (-0.3321528, -0.9381346, -0.0978666), (-0.24570629, -0.95786035, -0.14876753), (-0.449464, -0.88002104, -0.15344399), (-0.48884687, -0.8664984, -0.101041235), (-0.48884687, -0.8664984, -0.101041235), (-0.449464, -0.88002104, -0.15344399), (-0.37326553, -0.9148385, -0.15408875), (-0.39621085, -0.9124899, -0.10187797), (-0.5118832, -0.8585254, -0.030163033), (-0.48884687, -0.8664984, -0.101041235), (-0.39621085, -0.9124899, -0.10187797), (-0.4129692, -0.9100767, -0.034883533), (-0.3815051, 0.92275727, 0.05452327), (-0.38663906, 0.91982484, 0.06657681), (-0.13609621, 0.9870569, 0.0848315), (-0.120104454, 0.9913612, 0.05270555), (-0.38663906, 0.91982484, 0.06657681), (-0.39054987, 0.9142353, 0.10790992), (-0.15302998, 0.9791757, 0.13340458), (-0.13609621, 0.9870569, 0.0848315), (-0.13609621, 0.9870569, 0.0848315), (-0.15302998, 0.9791757, 0.13340458), (0.21195608, 0.9646926, 0.15634201), (0.23713051, 0.9662225, 0.10091168), (-0.120104454, 0.9913612, 0.05270555), (-0.13609621, 0.9870569, 0.0848315), (0.23713051, 0.9662225, 0.10091168), (0.25664774, 0.9655171, 0.043688823), (-0.3815051, 0.92275727, 0.05452327), (-0.5478425, 0.83488166, 0.05330295), (-0.5501124, 0.8335541, 0.05063562), (-0.38663906, 0.91982484, 0.06657681), (-0.5478425, 0.83488166, 0.05330295), (-0.69009763, 0.7219655, 0.05030888), (-0.7119607, 0.7015515, 0.030618107), (-0.5501124, 0.8335541, 0.05063562), (-0.5501124, 0.8335541, 0.05063562), (-0.7119607, 0.7015515, 0.030618107), (-0.76422256, 0.6434321, 0.044260114), (-0.56070924, 0.82379484, 0.08346942), (-0.38663906, 0.91982484, 0.06657681), (-0.5501124, 0.8335541, 0.05063562), (-0.56070924, 0.82379484, 0.08346942), (-0.39054987, 0.9142353, 0.10790992), (0.41009176, 0.9112933, 0.037002422), (0.3988608, 0.91121227, 0.10296722), (0.30771232, 0.9461741, 0.1003381), (0.3205484, 0.94639534, 0.03980753), (0.3988608, 0.91121227, 0.10296722), (0.3811551, 0.9105012, 0.1603383), (0.289529, 0.9441996, 0.15703516), (0.30771232, 0.9461741, 0.1003381), (0.30771232, 0.9461741, 0.1003381), (0.289529, 0.9441996, 0.15703516), (0.47172993, 0.867249, 0.15921648), (0.49186352, 0.864635, 0.10235538), (0.3205484, 0.94639534, 0.03980753), (0.30771232, 0.9461741, 0.1003381), (0.49186352, 0.864635, 0.10235538), (0.5057553, 0.86207473, 0.03222867), (-0.8672739, 0.49618137, 0.040496342), (-0.9053393, 0.42296267, 0.038254745), (-0.91672426, 0.3995131, -0.0024084873), (-0.8929978, 0.4500597, 0.0011216056), (-0.9053393, 0.42296267, 0.038254745), (-0.98539406, 0.16810046, 0.027218917), (-0.98736066, 0.15593378, -0.028347183), (-0.91672426, 0.3995131, -0.0024084873), (-0.91672426, 0.3995131, -0.0024084873), (-0.98736066, 0.15593378, -0.028347183), (-0.9895909, 0.13899176, -0.03729748), (-0.93181646, 0.36292723, -0.0013618929), (-0.8929978, 0.4500597, 0.0011216056), (-0.91672426, 0.3995131, -0.0024084873), (-0.93181646, 0.36292723, -0.0013618929), (-0.92988294, 0.36783922, -0.0034659747), (0.5057553, 0.86207473, 0.03222867), (0.49186352, 0.864635, 0.10235538), (0.7518139, 0.6521002, 0.09767892), (0.7628732, 0.64631504, 0.017361097), (0.49186352, 0.864635, 0.10235538), (0.47172993, 0.867249, 0.15921648), (0.73450816, 0.66161096, 0.15089272), (0.7518139, 0.6521002, 0.09767892), (0.7518139, 0.6521002, 0.09767892), (0.73450816, 0.66161096, 0.15089272), (0.88491946, 0.44637173, 0.13292782), (0.89752793, 0.43233636, 0.08676903), (0.7628732, 0.64631504, 0.017361097), (0.7518139, 0.6521002, 0.09767892), (0.89752793, 0.43233636, 0.08676903), (0.9058141, 0.4236491, 0.004702486), (-0.98539406, 0.16810046, 0.027218917), (-0.9842056, -0.17675437, 0.00986825), (-0.9814195, -0.18195538, -0.06089352), (-0.98736066, 0.15593378, -0.028347183), (-0.9842056, -0.17675437, 0.00986825), (-0.9022933, -0.43110284, -0.004140153), (-0.8975018, -0.43346578, -0.0812263), (-0.9814195, -0.18195538, -0.06089352), (-0.9814195, -0.18195538, -0.06089352), (-0.8975018, -0.43346578, -0.0812263), (-0.88989586, -0.4405654, -0.11826825), (-0.97763723, -0.19173199, -0.086396545), (-0.98736066, 0.15593378, -0.028347183), (-0.9814195, -0.18195538, -0.06089352), (-0.97763723, -0.19173199, -0.086396545), (-0.9895909, 0.13899176, -0.03729748), (0.25664774, 0.9655171, 0.043688823), (0.23713051, 0.9662225, 0.10091168), (0.4731791, 0.8747913, 0.10412328), (0.48727655, 0.872578, 0.034193106), (0.23713051, 0.9662225, 0.10091168), (0.21195608, 0.9646926, 0.15634201), (0.45169523, 0.8775181, 0.16103812), (0.4731791, 0.8747913, 0.10412328), (0.4731791, 0.8747913, 0.10412328), (0.45169523, 0.8775181, 0.16103812), (0.3811551, 0.9105012, 0.1603383), (0.3988608, 0.91121227, 0.10296722), (0.48727655, 0.872578, 0.034193106), (0.4731791, 0.8747913, 0.10412328), (0.3988608, 0.91121227, 0.10296722), (0.41009176, 0.9112933, 0.037002422), (0.25733322, -0.96528757, -0.044715337), (0.6407562, -0.766559, -0.042647157), (0.6644874, -0.74693453, -0.023350624), (0.30761638, -0.9496369, -0.05968199), (0.6407562, -0.766559, -0.042647157), (0.91089773, -0.41133037, -0.03275196), (0.9181751, -0.3957723, 0.017856523), (0.6644874, -0.74693453, -0.023350624), (0.6644874, -0.74693453, -0.023350624), (0.9181751, -0.3957723, 0.017856523), (0.9253755, -0.37830558, 0.023766192), (0.69798106, -0.7151389, -0.037399746), (0.30761638, -0.9496369, -0.05968199), (0.6644874, -0.74693453, -0.023350624), (0.69798106, -0.7151389, -0.037399746), (0.3965086, -0.91378003, -0.08824408), (-0.69009763, 0.7219655, 0.05030888), (-0.8164007, 0.57577354, 0.044437002), (-0.8522289, 0.523109, 0.007933807), (-0.7119607, 0.7015515, 0.030618107), (-0.8164007, 0.57577354, 0.044437002), (-0.8672739, 0.49618137, 0.040496342), (-0.8929978, 0.4500597, 0.0011216056), (-0.8522289, 0.523109, 0.007933807), (-0.8522289, 0.523109, 0.007933807), (-0.8929978, 0.4500597, 0.0011216056), (-0.92988294, 0.36783922, -0.0034659747), (-0.9113187, 0.4116978, 0.0017440596), (-0.7119607, 0.7015515, 0.030618107), (-0.8522289, 0.523109, 0.007933807), (-0.9113187, 0.4116978, 0.0017440596), (-0.76422256, 0.6434321, 0.044260114), (0.25733322, -0.96528757, -0.044715337), (0.30761638, -0.9496369, -0.05968199), (-0.033421997, -0.995872, -0.08439148), (-0.096620455, -0.9944692, -0.041174877), (0.30761638, -0.9496369, -0.05968199), (0.3965086, -0.91378003, -0.08824408), (0.08807362, -0.98821324, -0.12521042), (-0.033421997, -0.995872, -0.08439148), (-0.033421997, -0.995872, -0.08439148), (0.08807362, -0.98821324, -0.12521042), (-0.24570629, -0.95786035, -0.14876753), (-0.3321528, -0.9381346, -0.0978666), (-0.096620455, -0.9944692, -0.041174877), (-0.033421997, -0.995872, -0.08439148), (-0.3321528, -0.9381346, -0.0978666), (-0.37666664, -0.92569834, -0.03470985), (0.96711123, -0.25295052, -0.026680127), (0.93834853, -0.34438834, -0.029978277), (0.94394666, -0.32913288, 0.025224106), (0.97051907, -0.23870732, 0.03334009), (0.93834853, -0.34438834, -0.029978277), (0.9876266, -0.15519436, -0.022544548), (0.9892058, -0.13986203, 0.04370957), (0.94394666, -0.32913288, 0.025224106), (0.94394666, -0.32913288, 0.025224106), (0.9892058, -0.13986203, 0.04370957), (0.99075073, -0.11944063, 0.06439729), (0.9501236, -0.30993962, 0.034677546), (0.97051907, -0.23870732, 0.03334009), (0.94394666, -0.32913288, 0.025224106), (0.9501236, -0.30993962, 0.034677546), (0.97388715, -0.22212115, 0.046967275), (-0.4129692, -0.9100767, -0.034883533), (-0.39621085, -0.9124899, -0.10187797), (-0.30218673, -0.9477913, -0.10185706), (-0.31544635, -0.94813627, -0.039130397), (-0.39621085, -0.9124899, -0.10187797), (-0.37326553, -0.9148385, -0.15408875), (-0.28469652, -0.9461493, -0.1541081), (-0.30218673, -0.9477913, -0.10185706), (-0.30218673, -0.9477913, -0.10185706), (-0.28469652, -0.9461493, -0.1541081), (-0.472393, -0.86758375, -0.15538119), (-0.4864779, -0.86753476, -0.10355019), (-0.31544635, -0.94813627, -0.039130397), (-0.30218673, -0.9477913, -0.10185706), (-0.4864779, -0.86753476, -0.10355019), (-0.49556124, -0.8679618, -0.032577746), (0.9868638, -0.15852943, 0.031118736), (0.96815383, -0.24940856, 0.021761503), (0.9688261, -0.2470484, 0.018519966), (0.9873058, -0.15636782, 0.027866466), (0.96815383, -0.24940856, 0.021761503), (0.99741054, -0.05773439, 0.042882875), (0.9975932, -0.056683045, 0.03993545), (0.9688261, -0.2470484, 0.018519966), (0.9688261, -0.2470484, 0.018519966), (0.9975932, -0.056683045, 0.03993545), (0.9935489, -0.06526917, 0.09273848), (0.96732134, -0.24547638, 0.063488044), (0.9873058, -0.15636782, 0.027866466), (0.9688261, -0.2470484, 0.018519966), (0.96732134, -0.24547638, 0.063488044), (0.9838636, -0.16084588, 0.078364976), (0.5748012, -0.81702584, -0.04552329), (0.56767946, -0.82211226, -0.04326037), (0.3199655, -0.94551957, -0.060123783), (0.33409953, -0.94030225, -0.06487823), (0.56767946, -0.82211226, -0.04326037), (0.5642227, -0.82545173, 0.016797148), (0.32562882, -0.945473, -0.006830875), (0.3199655, -0.94551957, -0.060123783), (0.3199655, -0.94551957, -0.060123783), (0.32562882, -0.945473, -0.006830875), (-0.061770942, -0.9979778, -0.014991451), (-0.06816527, -0.99498385, -0.07321557), (0.33409953, -0.94030225, -0.06487823), (0.3199655, -0.94551957, -0.060123783), (-0.06816527, -0.99498385, -0.07321557), (-0.05523105, -0.99502116, -0.082960054), (-0.92224354, 0.38582715, 0.02458451), (-0.9943069, 0.10632075, -0.007049349), (-0.995003, 0.09844554, 0.016661322), (-0.9270978, 0.37158176, 0.049160775), (-0.9943069, 0.10632075, -0.007049349), (-0.9868757, 0.16147579, -0.0013082885), (-0.9877044, 0.1547056, 0.02250011), (-0.995003, 0.09844554, 0.016661322), (-0.995003, 0.09844554, 0.016661322), (-0.9877044, 0.1547056, 0.02250011), (-0.9869726, 0.14592317, 0.06776086), (-0.9926588, 0.104433954, 0.061010078), (-0.9270978, 0.37158176, 0.049160775), (-0.995003, 0.09844554, 0.016661322), (-0.9926588, 0.104433954, 0.061010078), (-0.92412853, 0.36799556, 0.10278968), (0.5748012, -0.81702584, -0.04552329), (0.7716937, -0.6356347, -0.021385485), (0.7728124, -0.6342934, -0.02080322), (0.56767946, -0.82211226, -0.04326037), (0.7716937, -0.6356347, -0.021385485), (0.94622415, -0.32317618, 0.014733218), (0.94710046, -0.3206847, 0.01272796), (0.7728124, -0.6342934, -0.02080322), (0.7728124, -0.6342934, -0.02080322), (0.94710046, -0.3206847, 0.01272796), (0.940286, -0.33356923, 0.06777731), (0.7754469, -0.6306629, 0.030764075), (0.56767946, -0.82211226, -0.04326037), (0.7728124, -0.6342934, -0.02080322), (0.7754469, -0.6306629, 0.030764075), (0.5642227, -0.82545173, 0.016797148), (0.14107083, 0.9829489, 0.117942646), (0.14030491, 0.981509, 0.1302099), (0.38188565, 0.9156578, 0.12543546), (0.3834305, 0.91596395, 0.118283935), (0.14030491, 0.981509, 0.1302099), (0.13482764, 0.9739091, 0.18254477), (0.38181692, 0.90903294, 0.16695806), (0.38188565, 0.9156578, 0.12543546), (0.38188565, 0.9156578, 0.12543546), (0.38181692, 0.90903294, 0.16695806), (0.31394723, 0.93356013, 0.17292367), (0.3085284, 0.94269127, 0.12705714), (0.3834305, 0.91596395, 0.118283935), (0.38188565, 0.9156578, 0.12543546), (0.3085284, 0.94269127, 0.12705714), (0.30955678, 0.9434564, 0.11859412), (-0.99807197, 0.06127584, -0.009881294), (-0.96332407, -0.26532468, -0.040119585), (-0.9615434, -0.2741334, -0.016888285), (-0.9983573, 0.055357393, 0.0147743495), (-0.96332407, -0.26532468, -0.040119585), (-0.85863405, -0.509003, -0.060526952), (-0.85526466, -0.51671576, -0.03907964), (-0.9615434, -0.2741334, -0.016888285), (-0.9615434, -0.2741334, -0.016888285), (-0.85526466, -0.51671576, -0.03907964), (-0.8496697, -0.52708524, 0.015572725), (-0.95504206, -0.29481694, 0.031267866), (-0.9983573, 0.055357393, 0.0147743495), (-0.9615434, -0.2741334, -0.016888285), (-0.95504206, -0.29481694, 0.031267866), (-0.99669737, 0.048176993, 0.06537066), (0.40265462, 0.90761226, 0.11878281), (0.4003444, 0.90754265, 0.12684909), (0.6835678, 0.7208717, 0.11436346), (0.68324715, 0.72176445, 0.11058655), (0.4003444, 0.90754265, 0.12684909), (0.39999145, 0.89912933, 0.1776886), (0.6972758, 0.69854134, 0.16076842), (0.6835678, 0.7208717, 0.11436346), (0.6835678, 0.7208717, 0.11436346), (0.6972758, 0.69854134, 0.16076842), (0.8503546, 0.5039987, 0.15126911), (0.8515788, 0.51519716, 0.09687882), (0.68324715, 0.72176445, 0.11058655), (0.6835678, 0.7208717, 0.11436346), (0.8515788, 0.51519716, 0.09687882), (0.85255426, 0.5138022, 0.09570051), (-0.9868757, 0.16147579, -0.0013082885), (-0.9678558, 0.25135526, 0.008695605), (-0.9690773, 0.244615, 0.032443948), (-0.9877044, 0.1547056, 0.02250011), (-0.9678558, 0.25135526, 0.008695605), (-0.99807197, 0.06127584, -0.009881294), (-0.9983573, 0.055357393, 0.0147743495), (-0.9690773, 0.244615, 0.032443948), (-0.9690773, 0.244615, 0.032443948), (-0.9983573, 0.055357393, 0.0147743495), (-0.99669737, 0.048176993, 0.06537066), (-0.97112316, 0.22662628, 0.074567966), (-0.9877044, 0.1547056, 0.02250011), (-0.9690773, 0.244615, 0.032443948), (-0.97112316, 0.22662628, 0.074567966), (-0.9869726, 0.14592317, 0.06776086), (0.30955678, 0.9434564, 0.11859412), (0.3085284, 0.94269127, 0.12705714), (0.21686442, 0.9677877, 0.12789366), (0.21554683, 0.9693524, 0.11787869), (0.3085284, 0.94269127, 0.12705714), (0.31394723, 0.93356013, 0.17292367), (0.24207893, 0.9550571, 0.17106637), (0.21686442, 0.9677877, 0.12789366), (0.21686442, 0.9677877, 0.12789366), (0.24207893, 0.9550571, 0.17106637), (0.39999145, 0.89912933, 0.1776886), (0.4003444, 0.90754265, 0.12684909), (0.21554683, 0.9693524, 0.11787869), (0.21686442, 0.9677877, 0.12789366), (0.4003444, 0.90754265, 0.12684909), (0.40265462, 0.90761226, 0.11878281), (-0.48396227, 0.8707594, 0.0869396), (-0.7037029, 0.70761126, 0.06394196), (-0.71331906, 0.69540274, 0.087126024), (-0.48990235, 0.86498135, 0.10864102), (-0.7037029, 0.70761126, 0.06394196), (-0.92224354, 0.38582715, 0.02458451), (-0.9270978, 0.37158176, 0.049160775), (-0.71331906, 0.69540274, 0.087126024), (-0.71331906, 0.69540274, 0.087126024), (-0.9270978, 0.37158176, 0.049160775), (-0.92412853, 0.36799556, 0.10278968), (-0.7118092, 0.68864393, 0.13819236), (-0.48990235, 0.86498135, 0.10864102), (-0.71331906, 0.69540274, 0.087126024), (-0.7118092, 0.68864393, 0.13819236), (-0.48828197, 0.85717523, 0.16380267), (-0.48396227, 0.8707594, 0.0869396), (-0.48990235, 0.86498135, 0.10864102), (-0.22472055, 0.9665772, 0.12340687), (-0.22699106, 0.96822774, 0.10492938), (-0.48990235, 0.86498135, 0.10864102), (-0.48828197, 0.85717523, 0.16380267), (-0.2055935, 0.963018, 0.17414783), (-0.22472055, 0.9665772, 0.12340687), (-0.22472055, 0.9665772, 0.12340687), (-0.2055935, 0.963018, 0.17414783), (0.13482764, 0.9739091, 0.18254477), (0.14030491, 0.981509, 0.1302099), (-0.22699106, 0.96822774, 0.10492938), (-0.22472055, 0.9665772, 0.12340687), (0.14030491, 0.981509, 0.1302099), (0.14107083, 0.9829489, 0.117942646), (-0.05523105, -0.99502116, -0.082960054), (-0.06816527, -0.99498385, -0.07321557), (-0.34458947, -0.9357529, -0.074996285), (-0.3452257, -0.9344298, -0.08752212), (-0.06816527, -0.99498385, -0.07321557), (-0.061770942, -0.9979778, -0.014991451), (-0.30729893, -0.9511836, -0.028583627), (-0.34458947, -0.9357529, -0.074996285), (-0.34458947, -0.9357529, -0.074996285), (-0.30729893, -0.9511836, -0.028583627), (-0.2906418, -0.9564823, -0.025865115), (-0.29590294, -0.9522087, -0.075763136), (-0.3452257, -0.9344298, -0.08752212), (-0.34458947, -0.9357529, -0.074996285), (-0.29590294, -0.9522087, -0.075763136), (-0.29622602, -0.95110667, -0.08744319), (0.94622415, -0.32317618, 0.014733218), (0.9957174, -0.08389438, 0.038841102), (0.99586034, -0.083734035, 0.03536716), (0.94710046, -0.3206847, 0.01272796), (0.9957174, -0.08389438, 0.038841102), (0.9868638, -0.15852943, 0.031118736), (0.9873058, -0.15636782, 0.027866466), (0.99586034, -0.083734035, 0.03536716), (0.99586034, -0.083734035, 0.03536716), (0.9873058, -0.15636782, 0.027866466), (0.9838636, -0.16084588, 0.078364976), (0.99054456, -0.11386742, 0.07652296), (0.94710046, -0.3206847, 0.01272796), (0.99586034, -0.083734035, 0.03536716), (0.99054456, -0.11386742, 0.07652296), (0.940286, -0.33356923, 0.06777731), (-0.406868, -0.9094295, -0.08600353), (-0.40315628, -0.9122951, -0.071990624), (-0.6838342, -0.72737586, -0.05740265), (-0.6902579, -0.7195884, -0.07573932), (-0.40315628, -0.9122951, -0.071990624), (-0.39566606, -0.9182241, -0.017690197), (-0.66387093, -0.7478008, -0.008323338), (-0.6838342, -0.72737586, -0.05740265), (-0.6838342, -0.72737586, -0.05740265), (-0.66387093, -0.7478008, -0.008323338), (-0.8496697, -0.52708524, 0.015572725), (-0.85526466, -0.51671576, -0.03907964), (-0.6902579, -0.7195884, -0.07573932), (-0.6838342, -0.72737586, -0.05740265), (-0.85526466, -0.51671576, -0.03907964), (-0.85863405, -0.509003, -0.060526952), (0.99741054, -0.05773439, 0.042882875), (0.9599407, 0.2699838, 0.07498359), (0.9600902, 0.26980162, 0.07371437), (0.9975932, -0.056683045, 0.03993545), (0.9599407, 0.2699838, 0.07498359), (0.85255426, 0.5138022, 0.09570051), (0.8515788, 0.51519716, 0.09687882), (0.9600902, 0.26980162, 0.07371437), (0.9600902, 0.26980162, 0.07371437), (0.8515788, 0.51519716, 0.09687882), (0.8503546, 0.5039987, 0.15126911), (0.96111923, 0.24900584, 0.11935578), (0.9975932, -0.056683045, 0.03993545), (0.9600902, 0.26980162, 0.07371437), (0.96111923, 0.24900584, 0.11935578), (0.9935489, -0.06526917, 0.09273848), (-0.29622602, -0.95110667, -0.08744319), (-0.29590294, -0.9522087, -0.075763136), (-0.20934111, -0.9748579, -0.076343596), (-0.21141921, -0.97353005, -0.086839676), (-0.29590294, -0.9522087, -0.075763136), (-0.2906418, -0.9564823, -0.025865115), (-0.19924267, -0.97948456, -0.030208625), (-0.20934111, -0.9748579, -0.076343596), (-0.20934111, -0.9748579, -0.076343596), (-0.19924267, -0.97948456, -0.030208625), (-0.39566606, -0.9182241, -0.017690197), (-0.40315628, -0.9122951, -0.071990624), (-0.21141921, -0.97353005, -0.086839676), (-0.20934111, -0.9748579, -0.076343596), (-0.40315628, -0.9122951, -0.071990624), (-0.406868, -0.9094295, -0.08600353), (0.9935489, -0.06526917, 0.09273848), (0.96111923, 0.24900584, 0.11935578), (0.95235866, 0.22956376, 0.20078188), (0.92545635, -0.05254463, 0.3751926), (0.8503546, 0.5039987, 0.15126911), (0.8149675, 0.3892963, 0.42927417), (0.95235866, 0.22956376, 0.20078188), (0.96111923, 0.24900584, 0.11935578), (-0.036193743, -0.08730032, 0.99552435), (0.92545635, -0.05254463, 0.3751926), (0.95235866, 0.22956376, 0.20078188), (0.8149675, 0.3892963, 0.42927417), (-0.2906418, -0.9564823, -0.025865115), (-0.19998638, -0.9493016, 0.24255316), (-0.19964458, -0.9788113, 0.045501336), (-0.19924267, -0.97948456, -0.030208625), (-0.036193743, -0.08730032, 0.99552435), (-0.37759048, -0.8878436, 0.26298106), (-0.19964458, -0.9788113, 0.045501336), (-0.19998638, -0.9493016, 0.24255316), (-0.39566606, -0.9182241, -0.017690197), (-0.19924267, -0.97948456, -0.030208625), (-0.19964458, -0.9788113, 0.045501336), (-0.37759048, -0.8878436, 0.26298106), (0.9838636, -0.16084588, 0.078364976), (0.96732134, -0.24547638, 0.063488044), (0.95941997, -0.24372609, 0.14181308), (0.9160695, -0.2104295, 0.34137374), (0.9935489, -0.06526917, 0.09273848), (0.92545635, -0.05254463, 0.3751926), (0.95941997, -0.24372609, 0.14181308), (0.96732134, -0.24547638, 0.063488044), (-0.036193743, -0.08730032, 0.99552435), (0.9160695, -0.2104295, 0.34137374), (0.95941997, -0.24372609, 0.14181308), (0.92545635, -0.05254463, 0.3751926), (0.5642227, -0.82545173, 0.016797148), (0.5443905, -0.7745743, 0.32198402), (0.32104492, -0.9433793, 0.08346007), (0.32562882, -0.945473, -0.006830875), (-0.036193743, -0.08730032, 0.99552435), (0.054681603, -0.95669115, 0.28592294), (0.32104492, -0.9433793, 0.08346007), (0.5443905, -0.7745743, 0.32198402), (-0.061770942, -0.9979778, -0.014991451), (0.32562882, -0.945473, -0.006830875), (0.32104492, -0.9433793, 0.08346007), (0.054681603, -0.95669115, 0.28592294), (-0.92412853, 0.36799556, 0.10278968), (-0.9926588, 0.104433954, 0.061010078), (-0.98576653, 0.114160694, 0.12341696), (-0.8470064, 0.37550783, 0.3762634), (-0.9869726, 0.14592317, 0.06776086), (-0.94505596, 0.11944111, 0.3043074), (-0.98576653, 0.114160694, 0.12341696), (-0.9926588, 0.104433954, 0.061010078), (-0.036193743, -0.08730032, 0.99552435), (-0.8470064, 0.37550783, 0.3762634), (-0.98576653, 0.114160694, 0.12341696), (-0.94505596, 0.11944111, 0.3043074), (0.5642227, -0.82545173, 0.016797148), (0.7754469, -0.6306629, 0.030764075), (0.76958865, -0.62691027, 0.121313214), (0.5443905, -0.7745743, 0.32198402), (0.940286, -0.33356923, 0.06777731), (0.8463086, -0.4006623, 0.35104346), (0.76958865, -0.62691027, 0.121313214), (0.7754469, -0.6306629, 0.030764075), (-0.036193743, -0.08730032, 0.99552435), (0.5443905, -0.7745743, 0.32198402), (0.76958865, -0.62691027, 0.121313214), (0.8463086, -0.4006623, 0.35104346), (0.13482764, 0.9739091, 0.18254477), (0.11407642, 0.88640624, 0.44863194), (0.36801422, 0.90015507, 0.2329945), (0.38181692, 0.90903294, 0.16695806), (-0.036193743, -0.08730032, 0.99552435), (0.3352683, 0.84491354, 0.416793), (0.36801422, 0.90015507, 0.2329945), (0.11407642, 0.88640624, 0.44863194), (0.31394723, 0.93356013, 0.17292367), (0.38181692, 0.90903294, 0.16695806), (0.36801422, 0.90015507, 0.2329945), (0.3352683, 0.84491354, 0.416793), (-0.99669737, 0.048176993, 0.06537066), (-0.95504206, -0.29481694, 0.031267866), (-0.9461925, -0.30659497, 0.103533454), (-0.94603616, -0.08242091, 0.31340432), (-0.8496697, -0.52708524, 0.015572725), (-0.7668097, -0.56989896, 0.2953271), (-0.9461925, -0.30659497, 0.103533454), (-0.95504206, -0.29481694, 0.031267866), (-0.036193743, -0.08730032, 0.99552435), (-0.94603616, -0.08242091, 0.31340432), (-0.9461925, -0.30659497, 0.103533454), (-0.7668097, -0.56989896, 0.2953271), (0.39999145, 0.89912933, 0.1776886), (0.49251345, 0.7518378, 0.43837264), (0.69606006, 0.6775026, 0.23767759), (0.6972758, 0.69854134, 0.16076842), (-0.036193743, -0.08730032, 0.99552435), (0.8149675, 0.3892963, 0.42927417), (0.69606006, 0.6775026, 0.23767759), (0.49251345, 0.7518378, 0.43837264), (0.8503546, 0.5039987, 0.15126911), (0.6972758, 0.69854134, 0.16076842), (0.69606006, 0.6775026, 0.23767759), (0.8149675, 0.3892963, 0.42927417), (-0.9869726, 0.14592317, 0.06776086), (-0.97112316, 0.22662628, 0.074567966), (-0.96917117, 0.20591047, 0.13530779), (-0.94505596, 0.11944111, 0.3043074), (-0.99669737, 0.048176993, 0.06537066), (-0.94603616, -0.08242091, 0.31340432), (-0.96917117, 0.20591047, 0.13530779), (-0.97112316, 0.22662628, 0.074567966), (-0.036193743, -0.08730032, 0.99552435), (-0.94505596, 0.11944111, 0.3043074), (-0.96917117, 0.20591047, 0.13530779), (-0.94603616, -0.08242091, 0.31340432), (0.31394723, 0.93356013, 0.17292367), (0.3352683, 0.84491354, 0.416793), (0.25776094, 0.93695, 0.23597457), (0.24207893, 0.9550571, 0.17106637), (-0.036193743, -0.08730032, 0.99552435), (0.49251345, 0.7518378, 0.43837264), (0.25776094, 0.93695, 0.23597457), (0.3352683, 0.84491354, 0.416793), (0.39999145, 0.89912933, 0.1776886), (0.24207893, 0.9550571, 0.17106637), (0.25776094, 0.93695, 0.23597457), (0.49251345, 0.7518378, 0.43837264), (-0.48828197, 0.85717523, 0.16380267), (-0.7118092, 0.68864393, 0.13819236), (-0.7077592, 0.6736934, 0.21263607), (-0.42868152, 0.7886668, 0.440723), (-0.92412853, 0.36799556, 0.10278968), (-0.8470064, 0.37550783, 0.3762634), (-0.7077592, 0.6736934, 0.21263607), (-0.7118092, 0.68864393, 0.13819236), (-0.036193743, -0.08730032, 0.99552435), (-0.42868152, 0.7886668, 0.440723), (-0.7077592, 0.6736934, 0.21263607), (-0.8470064, 0.37550783, 0.3762634), (-0.48828197, 0.85717523, 0.16380267), (-0.42868152, 0.7886668, 0.440723), (-0.19381109, 0.9488092, 0.24939606), (-0.2055935, 0.963018, 0.17414783), (-0.036193743, -0.08730032, 0.99552435), (0.11407642, 0.88640624, 0.44863194), (-0.19381109, 0.9488092, 0.24939606), (-0.42868152, 0.7886668, 0.440723), (0.13482764, 0.9739091, 0.18254477), (-0.2055935, 0.963018, 0.17414783), (-0.19381109, 0.9488092, 0.24939606), (0.11407642, 0.88640624, 0.44863194), (-0.061770942, -0.9979778, -0.014991451), (0.054681603, -0.95669115, 0.28592294), (-0.27815196, -0.9596169, 0.042034283), (-0.30729893, -0.9511836, -0.028583627), (-0.036193743, -0.08730032, 0.99552435), (-0.19998638, -0.9493016, 0.24255316), (-0.27815196, -0.9596169, 0.042034283), (0.054681603, -0.95669115, 0.28592294), (-0.2906418, -0.9564823, -0.025865115), (-0.30729893, -0.9511836, -0.028583627), (-0.27815196, -0.9596169, 0.042034283), (-0.19998638, -0.9493016, 0.24255316), (0.940286, -0.33356923, 0.06777731), (0.99054456, -0.11386742, 0.07652296), (0.9783084, -0.14401421, 0.14890479), (0.8463086, -0.4006623, 0.35104346), (0.9838636, -0.16084588, 0.078364976), (0.9160695, -0.2104295, 0.34137374), (0.9783084, -0.14401421, 0.14890479), (0.99054456, -0.11386742, 0.07652296), (-0.036193743, -0.08730032, 0.99552435), (0.8463086, -0.4006623, 0.35104346), (0.9783084, -0.14401421, 0.14890479), (0.9160695, -0.2104295, 0.34137374), (-0.39566606, -0.9182241, -0.017690197), (-0.37759048, -0.8878436, 0.26298106), (-0.6494078, -0.75728667, 0.06918327), (-0.66387093, -0.7478008, -0.008323338), (-0.036193743, -0.08730032, 0.99552435), (-0.7668097, -0.56989896, 0.2953271), (-0.6494078, -0.75728667, 0.06918327), (-0.37759048, -0.8878436, 0.26298106), (-0.8496697, -0.52708524, 0.015572725), (-0.66387093, -0.7478008, -0.008323338), (-0.6494078, -0.75728667, 0.06918327), (-0.7668097, -0.56989896, 0.2953271), (-0.40247414, 0.89934033, 0.17088467), (-0.5941196, 0.79253507, 0.1375137), (-0.62196517, 0.77382904, 0.119782716), (-0.4212477, 0.8937091, 0.15438414), (-0.5941196, 0.79253507, 0.1375137), (-0.85198015, 0.51942414, 0.06579144), (-0.878685, 0.47505325, 0.04729749), (-0.62196517, 0.77382904, 0.119782716), (-0.62196517, 0.77382904, 0.119782716), (-0.878685, 0.47505325, 0.04729749), (-0.89782476, 0.4394974, 0.02743354), (-0.65352917, 0.7517104, 0.08849324), (-0.4212477, 0.8937091, 0.15438414), (-0.62196517, 0.77382904, 0.119782716), (-0.65352917, 0.7517104, 0.08849324), (-0.44556406, 0.88714105, 0.12022201), (0.34819305, 0.9115621, 0.21866897), (0.33509666, 0.91961974, 0.20496272), (0.24443984, 0.9478417, 0.20456105), (0.25816762, 0.9410483, 0.21858059), (0.33509666, 0.91961974, 0.20496272), (0.32340348, 0.9308743, 0.16995063), (0.2317157, 0.9580297, 0.16878079), (0.24443984, 0.9478417, 0.20456105), (0.24443984, 0.9478417, 0.20456105), (0.2317157, 0.9580297, 0.16878079), (0.4190996, 0.8917789, 0.17054619), (0.42994368, 0.8795403, 0.20385605), (0.25816762, 0.9410483, 0.21858059), (0.24443984, 0.9478417, 0.20456105), (0.42994368, 0.8795403, 0.20385605), (0.441875, 0.8706154, 0.21627578), (-0.9734341, 0.22896741, 0.000052098454), (-0.9555775, 0.29429868, 0.016126648), (-0.96134865, 0.2752784, 0.005522723), (-0.98047435, 0.19631945, -0.011348236), (-0.9555775, 0.29429868, 0.016126648), (-0.99455535, 0.10086587, -0.026184779), (-0.99571407, 0.08671737, -0.032148015), (-0.96134865, 0.2752784, 0.005522723), (-0.96134865, 0.2752784, 0.005522723), (-0.99571407, 0.08671737, -0.032148015), (-0.99663436, 0.07541272, -0.032136593), (-0.9643558, 0.26459643, -0.0025612477), (-0.98047435, 0.19631945, -0.011348236), (-0.96134865, 0.2752784, 0.005522723), (-0.9643558, 0.26459643, -0.0025612477), (-0.9834062, 0.18064797, -0.016689125), (0.441875, 0.8706154, 0.21627578), (0.42994368, 0.8795403, 0.20385605), (0.70091957, 0.68884987, 0.1849257), (0.709229, 0.6776634, 0.19433616), (0.42994368, 0.8795403, 0.20385605), (0.4190996, 0.8917789, 0.17054619), (0.6942979, 0.7020601, 0.15830992), (0.70091957, 0.68884987, 0.1849257), (0.70091957, 0.68884987, 0.1849257), (0.6942979, 0.7020601, 0.15830992), (0.8586245, 0.4941944, 0.1361465), (0.86214465, 0.48219565, 0.15554447), (0.709229, 0.6776634, 0.19433616), (0.70091957, 0.68884987, 0.1849257), (0.86214465, 0.48219565, 0.15554447), (0.86728984, 0.47066808, 0.16211082), (-0.99455535, 0.10086587, -0.026184779), (-0.9710134, -0.22048542, -0.09229953), (-0.96803844, -0.23358037, -0.09133285), (-0.99571407, 0.08671737, -0.032148015), (-0.9710134, -0.22048542, -0.09229953), (-0.8748627, -0.4642732, -0.1380786), (-0.869435, -0.47613955, -0.13180998), (-0.96803844, -0.23358037, -0.09133285), (-0.96803844, -0.23358037, -0.09133285), (-0.869435, -0.47613955, -0.13180998), (-0.8654706, -0.4890249, -0.10869856), (-0.96600074, -0.24648154, -0.07803522), (-0.99571407, 0.08671737, -0.032148015), (-0.96803844, -0.23358037, -0.09133285), (-0.96600074, -0.24648154, -0.07803522), (-0.99663436, 0.07541272, -0.032136593), (0.17862953, 0.9591933, 0.2191796), (0.16574012, 0.9647418, 0.20445867), (0.40755317, 0.8900081, 0.20441632), (0.41932744, 0.8814092, 0.21744466), (0.16574012, 0.9647418, 0.20445867), (0.15459338, 0.97357875, 0.16806364), (0.3970539, 0.9018479, 0.17034826), (0.40755317, 0.8900081, 0.20441632), (0.40755317, 0.8900081, 0.20441632), (0.3970539, 0.9018479, 0.17034826), (0.32340348, 0.9308743, 0.16995063), (0.33509666, 0.91961974, 0.20496272), (0.41932744, 0.8814092, 0.21744466), (0.40755317, 0.8900081, 0.20441632), (0.33509666, 0.91961974, 0.20496272), (0.34819305, 0.9115621, 0.21866897), (0.5590123, -0.8202177, -0.121441625), (0.7530048, -0.65379304, -0.07441981), (0.76605946, -0.639547, -0.06428438), (0.59209263, -0.79896545, -0.10526434), (0.7530048, -0.65379304, -0.07441981), (0.93609923, -0.3517293, -0.0021745025), (0.9391316, -0.34355152, 0.0020162808), (0.76605946, -0.639547, -0.06428438), (0.76605946, -0.639547, -0.06428438), (0.9391316, -0.34355152, 0.0020162808), (0.94121623, -0.33754927, 0.013134687), (0.7705308, -0.6360644, -0.041283295), (0.59209263, -0.79896545, -0.10526434), (0.76605946, -0.639547, -0.06428438), (0.7705308, -0.6360644, -0.041283295), (0.59577245, -0.7996064, -0.07539932), (-0.85198015, 0.51942414, 0.06579144), (-0.97633004, 0.21624075, -0.004435397), (-0.9857509, 0.1672291, -0.018153563), (-0.878685, 0.47505325, 0.04729749), (-0.97633004, 0.21624075, -0.004435397), (-0.9734341, 0.22896741, 0.000052098454), (-0.98047435, 0.19631945, -0.011348236), (-0.9857509, 0.1672291, -0.018153563), (-0.9857509, 0.1672291, -0.018153563), (-0.98047435, 0.19631945, -0.011348236), (-0.9834062, 0.18064797, -0.016689125), (-0.98989916, 0.13978557, -0.02365524), (-0.878685, 0.47505325, 0.04729749), (-0.9857509, 0.1672291, -0.018153563), (-0.98989916, 0.13978557, -0.02365524), (-0.89782476, 0.4394974, 0.02743354), (0.5590123, -0.8202177, -0.121441625), (0.59209263, -0.79896545, -0.10526434), (0.38244084, -0.91333616, -0.13984331), (0.33339196, -0.92916566, -0.15968977), (0.59209263, -0.79896545, -0.10526434), (0.59577245, -0.7996064, -0.07539932), (0.38211155, -0.91818875, -0.10450005), (0.38244084, -0.91333616, -0.13984331), (0.38244084, -0.91333616, -0.13984331), (0.38211155, -0.91818875, -0.10450005), (-0.014051668, -0.990498, -0.13680708), (-0.014882044, -0.9840808, -0.17709738), (0.33339196, -0.92916566, -0.15968977), (0.38244084, -0.91333616, -0.13984331), (-0.014882044, -0.9840808, -0.17709738), (-0.056049738, -0.9790984, -0.19551133), (0.98145556, -0.18881488, 0.0330751), (0.96128494, -0.2751543, 0.0148774125), (0.96423274, -0.26439425, 0.018733319), (0.9835487, -0.17696235, 0.036280263), (0.96128494, -0.2751543, 0.0148774125), (0.99460864, -0.08727132, 0.056012914), (0.99537647, -0.07752332, 0.05670798), (0.96423274, -0.26439425, 0.018733319), (0.96423274, -0.26439425, 0.018733319), (0.99537647, -0.07752332, 0.05670798), (0.99583083, -0.07088345, 0.057415742), (0.9657773, -0.2579947, 0.02670137), (0.9835487, -0.17696235, 0.036280263), (0.96423274, -0.26439425, 0.018733319), (0.9657773, -0.2579947, 0.02670137), (0.9848254, -0.1685826, 0.04121838), (-0.33454975, -0.9202604, -0.2029709), (-0.31858915, -0.9292973, -0.18683548), (-0.2337433, -0.9542201, -0.18662272), (-0.24919032, -0.94672596, -0.20399538), (-0.31858915, -0.9292973, -0.18683548), (-0.30606973, -0.94059616, -0.14696965), (-0.22148755, -0.9642297, -0.14561749), (-0.2337433, -0.9542201, -0.18662272), (-0.2337433, -0.9542201, -0.18662272), (-0.22148755, -0.9642297, -0.14561749), (-0.4162048, -0.8975628, -0.14544667), (-0.42564705, -0.8859395, -0.18421681), (-0.24919032, -0.94672596, -0.20399538), (-0.2337433, -0.9542201, -0.18662272), (-0.42564705, -0.8859395, -0.18421681), (-0.43837315, -0.87629294, -0.19984952), (0.99460864, -0.08727132, 0.056012914), (0.9652172, 0.23244712, 0.11968327), (0.9630826, 0.24284321, 0.11618476), (0.99537647, -0.07752332, 0.05670798), (0.9652172, 0.23244712, 0.11968327), (0.86728984, 0.47066808, 0.16211082), (0.86214465, 0.48219565, 0.15554447), (0.9630826, 0.24284321, 0.11618476), (0.9630826, 0.24284321, 0.11618476), (0.86214465, 0.48219565, 0.15554447), (0.8586245, 0.4941944, 0.1361465), (0.9619186, 0.2522524, 0.10526775), (0.99537647, -0.07752332, 0.05670798), (0.9630826, 0.24284321, 0.11618476), (0.9619186, 0.2522524, 0.10526775), (0.99583083, -0.07088345, 0.057415742), (-0.43837315, -0.87629294, -0.19984952), (-0.42564705, -0.8859395, -0.18421681), (-0.70525855, -0.68998754, -0.16287304), (-0.7135754, -0.6786624, -0.17386065), (-0.42564705, -0.8859395, -0.18421681), (-0.4162048, -0.8975628, -0.14544667), (-0.69925165, -0.702709, -0.13132803), (-0.70525855, -0.68998754, -0.16287304), (-0.70525855, -0.68998754, -0.16287304), (-0.69925165, -0.702709, -0.13132803), (-0.8654706, -0.4890249, -0.10869856), (-0.869435, -0.47613955, -0.13180998), (-0.7135754, -0.6786624, -0.17386065), (-0.70525855, -0.68998754, -0.16287304), (-0.869435, -0.47613955, -0.13180998), (-0.8748627, -0.4642732, -0.1380786), (0.93609923, -0.3517293, -0.0021745025), (0.9919343, -0.11737339, 0.047853086), (0.9929527, -0.107640475, 0.04958339), (0.9391316, -0.34355152, 0.0020162808), (0.9919343, -0.11737339, 0.047853086), (0.98145556, -0.18881488, 0.0330751), (0.9835487, -0.17696235, 0.036280263), (0.9929527, -0.107640475, 0.04958339), (0.9929527, -0.107640475, 0.04958339), (0.9835487, -0.17696235, 0.036280263), (0.9848254, -0.1685826, 0.04121838), (0.9937046, -0.0993218, 0.051828828), (0.9391316, -0.34355152, 0.0020162808), (0.9929527, -0.107640475, 0.04958339), (0.9937046, -0.0993218, 0.051828828), (0.94121623, -0.33754927, 0.013134687), (-0.056049738, -0.9790984, -0.19551133), (-0.014882044, -0.9840808, -0.17709738), (-0.3479596, -0.9189145, -0.18579625), (-0.37019053, -0.9068824, -0.20130403), (-0.014882044, -0.9840808, -0.17709738), (-0.014051668, -0.990498, -0.13680708), (-0.33946106, -0.92912245, -0.14662099), (-0.3479596, -0.9189145, -0.18579625), (-0.3479596, -0.9189145, -0.18579625), (-0.33946106, -0.92912245, -0.14662099), (-0.30606973, -0.94059616, -0.14696965), (-0.31858915, -0.9292973, -0.18683548), (-0.37019053, -0.9068824, -0.20130403), (-0.3479596, -0.9189145, -0.18579625), (-0.31858915, -0.9292973, -0.18683548), (-0.33454975, -0.9202604, -0.2029709), (-0.40247414, 0.89934033, 0.17088467), (-0.4212477, 0.8937091, 0.15438414), (-0.19419402, 0.9639763, 0.18176413), (-0.17904738, 0.9637198, 0.19795503), (-0.4212477, 0.8937091, 0.15438414), (-0.44556406, 0.88714105, 0.12022201), (-0.20924412, 0.96693486, 0.14578687), (-0.19419402, 0.9639763, 0.18176413), (-0.19419402, 0.9639763, 0.18176413), (-0.20924412, 0.96693486, 0.14578687), (0.15459338, 0.97357875, 0.16806364), (0.16574012, 0.9647418, 0.20445867), (-0.17904738, 0.9637198, 0.19795503), (-0.19419402, 0.9639763, 0.18176413), (0.16574012, 0.9647418, 0.20445867), (0.17862953, 0.9591933, 0.2191796), (0.5552369, 0.8314884, 0.018415673), (0.5611245, 0.82749826, 0.019646343), (0.7834035, 0.6185778, -0.06033711), (0.77551216, 0.6281725, -0.063089184), (0.5611245, 0.82749826, 0.019646343), (0.56430554, 0.82517064, 0.025547998), (0.78730744, 0.6148177, -0.046327624), (0.7834035, 0.6185778, -0.06033711), (0.7834035, 0.6185778, -0.06033711), (0.78730744, 0.6148177, -0.046327624), (0.90733635, 0.40862754, -0.09881406), (0.90316427, 0.4126607, -0.11834489), (0.77551216, 0.6281725, -0.063089184), (0.7834035, 0.6185778, -0.06033711), (0.90316427, 0.4126607, -0.11834489), (0.8976539, 0.42306852, -0.12341209), (0.46230593, 0.88544923, 0.04746471), (0.45884234, 0.88708156, 0.050496828), (0.39234582, 0.917208, 0.06924094), (0.39163426, 0.9175868, 0.06824286), (0.45884234, 0.88708156, 0.050496828), (0.4556704, 0.8884858, 0.054384045), (0.3930174, 0.91685754, 0.07006788), (0.39234582, 0.917208, 0.06924094), (0.39234582, 0.917208, 0.06924094), (0.3930174, 0.91685754, 0.07006788), (0.56430554, 0.82517064, 0.025547998), (0.5611245, 0.82749826, 0.019646343), (0.39163426, 0.9175868, 0.06824286), (0.39234582, 0.917208, 0.06924094), (0.5611245, 0.82749826, 0.019646343), (0.5552369, 0.8314884, 0.018415673), (-0.9569849, 0.16303547, 0.23999865), (-0.96881455, -0.16093627, 0.18840861), (-0.9684685, -0.17633496, 0.17599648), (-0.96331966, 0.14258428, 0.22734317), (-0.96881455, -0.16093627, 0.18840861), (-0.9035305, -0.40734395, 0.13305485), (-0.90029484, -0.41772225, 0.12238193), (-0.9684685, -0.17633496, 0.17599648), (-0.9684685, -0.17633496, 0.17599648), (-0.90029484, -0.41772225, 0.12238193), (-0.90205353, -0.4195016, 0.10157676), (-0.9732934, -0.17214505, 0.15187506), (-0.96331966, 0.14258428, 0.22734317), (-0.9684685, -0.17633496, 0.17599648), (-0.9732934, -0.17214505, 0.15187506), (-0.9686273, 0.14762178, 0.19992235), (-0.36481947, 0.90140307, 0.23319393), (-0.6165656, 0.74227566, 0.26243818), (-0.6359405, 0.7281669, 0.2556417), (-0.37943012, 0.89642847, 0.22901711), (-0.6165656, 0.74227566, 0.26243818), (-0.85272783, 0.44972244, 0.2657158), (-0.8693995, 0.4234397, 0.25464362), (-0.6359405, 0.7281669, 0.2556417), (-0.6359405, 0.7281669, 0.2556417), (-0.8693995, 0.4234397, 0.25464362), (-0.8765528, 0.4246488, 0.226558), (-0.64696205, 0.7266075, 0.23126099), (-0.37943012, 0.89642847, 0.22901711), (-0.6359405, 0.7281669, 0.2556417), (-0.64696205, 0.7266075, 0.23126099), (-0.38904086, 0.8969111, 0.21023227), (-0.94045836, 0.23228142, 0.24816003), (-0.9074022, 0.33215955, 0.25747088), (-0.9106894, 0.33081138, 0.24740359), (-0.9381984, 0.24938226, 0.23998402), (-0.9074022, 0.33215955, 0.25747088), (-0.9569849, 0.16303547, 0.23999865), (-0.96331966, 0.14258428, 0.22734317), (-0.9106894, 0.33081138, 0.24740359), (-0.9106894, 0.33081138, 0.24740359), (-0.96331966, 0.14258428, 0.22734317), (-0.9686273, 0.14762178, 0.19992235), (-0.9165139, 0.33445266, 0.21941644), (-0.9381984, 0.24938226, 0.23998402), (-0.9106894, 0.33081138, 0.24740359), (-0.9165139, 0.33445266, 0.21941644), (-0.9434975, 0.2543549, 0.21240567), (0.2760773, 0.9558363, 0.10078795), (0.27546924, 0.95600575, 0.10084476), (0.5073095, 0.86099833, 0.036316507), (0.5080316, 0.8606834, 0.033584833), (0.27546924, 0.95600575, 0.10084476), (0.2721524, 0.95714337, 0.099043876), (0.50294065, 0.863285, 0.042304683), (0.5073095, 0.86099833, 0.036316507), (0.5073095, 0.86099833, 0.036316507), (0.50294065, 0.863285, 0.042304683), (0.4556704, 0.8884858, 0.054384045), (0.45884234, 0.88708156, 0.050496828), (0.5080316, 0.8606834, 0.033584833), (0.5073095, 0.86099833, 0.036316507), (0.45884234, 0.88708156, 0.050496828), (0.46230593, 0.88544923, 0.04746471), (0.25173467, 0.9676855, 0.014640329), (0.24828489, 0.9685539, -0.01606079), (0.47132456, 0.88067853, -0.047523834), (0.4745365, 0.88005567, -0.01780589), (0.24828489, 0.9685539, -0.01606079), (0.2500146, 0.96783775, -0.027974848), (0.47573182, 0.8776271, -0.05873657), (0.47132456, 0.88067853, -0.047523834), (0.47132456, 0.88067853, -0.047523834), (0.47573182, 0.8776271, -0.05873657), (0.40476426, 0.9131161, -0.048836146), (0.4037934, 0.91406703, -0.037848163), (0.4745365, 0.88005567, -0.01780589), (0.47132456, 0.88067853, -0.047523834), (0.4037934, 0.91406703, -0.037848163), (0.41263768, 0.91085285, -0.008782004), (0.3901375, -0.91695017, -0.08363663), (0.6638315, -0.73947936, -0.11179478), (0.6563543, -0.7483476, -0.095785566), (0.35773936, -0.9320513, -0.057469618), (0.6638315, -0.73947936, -0.11179478), (0.8961174, -0.42477357, -0.12861192), (0.8975266, -0.42331436, -0.12349434), (0.6563543, -0.7483476, -0.095785566), (0.6563543, -0.7483476, -0.095785566), (0.8975266, -0.42331436, -0.12349434), (0.8980858, -0.42350572, -0.1186797), (0.6421399, -0.7617483, -0.085999034), (0.35773936, -0.9320513, -0.057469618), (0.6563543, -0.7483476, -0.095785566), (0.6421399, -0.7617483, -0.085999034), (0.3050292, -0.95145565, -0.041101728), (-0.8726794, 0.47006127, 0.13218568), (-0.96429515, 0.22940525, 0.13231759), (-0.94489706, 0.3011888, 0.12827586), (-0.8401951, 0.52884746, 0.11996846), (-0.96429515, 0.22940525, 0.13231759), (-0.94967014, 0.28413406, 0.1318881), (-0.9354054, 0.33063993, 0.12527578), (-0.94489706, 0.3011888, 0.12827586), (-0.94489706, 0.3011888, 0.12827586), (-0.9354054, 0.33063993, 0.12527578), (-0.907767, 0.4030589, 0.11620037), (-0.9017355, 0.41570392, 0.11858919), (-0.8401951, 0.52884746, 0.11996846), (-0.94489706, 0.3011888, 0.12827586), (-0.9017355, 0.41570392, 0.11858919), (-0.78456515, 0.6107929, 0.10672178), (0.3901375, -0.91695017, -0.08363663), (0.35773936, -0.9320513, -0.057469618), (0.044604637, -0.9988902, -0.0151235275), (0.09104407, -0.9946874, -0.048042398), (0.35773936, -0.9320513, -0.057469618), (0.3050292, -0.95145565, -0.041101728), (-0.026904603, -0.9996287, 0.0043194746), (0.044604637, -0.9988902, -0.0151235275), (0.044604637, -0.9988902, -0.0151235275), (-0.026904603, -0.9996287, 0.0043194746), (-0.33383456, -0.9415264, 0.045633677), (-0.29011327, -0.95650786, 0.030448714), (0.09104407, -0.9946874, -0.048042398), (0.044604637, -0.9988902, -0.0151235275), (-0.29011327, -0.95650786, 0.030448714), (-0.26203537, -0.9650567, -0.0017518888), (0.96022904, -0.24749576, -0.1292518), (0.93528366, -0.32930395, -0.12962744), (0.93304837, -0.33649346, -0.12725091), (0.95965147, -0.24971296, -0.12927671), (0.93528366, -0.32930395, -0.12962744), (0.98230934, -0.13723685, -0.12741455), (0.98083764, -0.14437087, -0.13082273), (0.93304837, -0.33649346, -0.12725091), (0.93304837, -0.33649346, -0.12725091), (0.98083764, -0.14437087, -0.13082273), (0.97970325, -0.15338889, -0.1290483), (0.93062574, -0.34462696, -0.123158336), (0.95965147, -0.24971296, -0.12927671), (0.93304837, -0.33649346, -0.12725091), (0.93062574, -0.34462696, -0.123158336), (0.95861125, -0.25523922, -0.12616402), (-0.4203504, -0.90713197, 0.02042411), (-0.41404343, -0.90899676, 0.047883518), (-0.33051002, -0.9430747, 0.037056874), (-0.34189168, -0.93968976, 0.009658332), (-0.41404343, -0.90899676, 0.047883518), (-0.41206467, -0.90937066, 0.0569879), (-0.32345816, -0.9451247, 0.04597868), (-0.33051002, -0.9430747, 0.037056874), (-0.33051002, -0.9430747, 0.037056874), (-0.32345816, -0.9451247, 0.04597868), (-0.49771962, -0.86470944, 0.06747386), (-0.5004255, -0.86372924, 0.059549205), (-0.34189168, -0.93968976, 0.009658332), (-0.33051002, -0.9430747, 0.037056874), (-0.5004255, -0.86372924, 0.059549205), (-0.507788, -0.86082405, 0.03366563), (0.98230934, -0.13723685, -0.12741455), (0.9752765, 0.19035602, -0.11225061), (0.9740916, 0.18855883, -0.12486467), (0.98083764, -0.14437087, -0.13082273), (0.9752765, 0.19035602, -0.11225061), (0.89500046, 0.43662432, -0.09128721), (0.89115363, 0.44014207, -0.110092014), (0.9740916, 0.18855883, -0.12486467), (0.9740916, 0.18855883, -0.12486467), (0.89115363, 0.44014207, -0.110092014), (0.89373225, 0.43346992, -0.115527175), (0.97541684, 0.17993322, -0.12722419), (0.98083764, -0.14437087, -0.13082273), (0.9740916, 0.18855883, -0.12486467), (0.97541684, 0.17993322, -0.12722419), (0.97970325, -0.15338889, -0.1290483), (-0.507788, -0.86082405, 0.03366563), (-0.5004255, -0.86372924, 0.059549205), (-0.74544346, -0.6601155, 0.09252823), (-0.74820817, -0.6596175, 0.07133828), (-0.5004255, -0.86372924, 0.059549205), (-0.49771962, -0.86470944, 0.06747386), (-0.7477236, -0.65673065, 0.098052375), (-0.74544346, -0.6601155, 0.09252823), (-0.74544346, -0.6601155, 0.09252823), (-0.7477236, -0.65673065, 0.098052375), (-0.8910174, -0.43907622, 0.1153264), (-0.8882549, -0.44537926, 0.11243048), (-0.74820817, -0.6596175, 0.07133828), (-0.74544346, -0.6601155, 0.09252823), (-0.8882549, -0.44537926, 0.11243048), (-0.8905995, -0.4443049, 0.09708589), (0.8961174, -0.42477357, -0.12861192), (0.9749491, -0.18154363, -0.12851503), (0.97530377, -0.17836098, -0.13026841), (0.8975266, -0.42331436, -0.12349434), (0.9749491, -0.18154363, -0.12851503), (0.96022904, -0.24749576, -0.1292518), (0.95965147, -0.24971296, -0.12927671), (0.97530377, -0.17836098, -0.13026841), (0.97530377, -0.17836098, -0.13026841), (0.95965147, -0.24971296, -0.12927671), (0.95861125, -0.25523922, -0.12616402), (0.9755521, -0.17868562, -0.12794365), (0.8975266, -0.42331436, -0.12349434), (0.97530377, -0.17836098, -0.13026841), (0.9755521, -0.17868562, -0.12794365), (0.8980858, -0.42350572, -0.1186797), (-0.26203537, -0.9650567, -0.0017518888), (-0.29011327, -0.95650786, 0.030448714), (-0.48395297, -0.87324405, 0.056871098), (-0.4786119, -0.8775539, 0.028806193), (-0.29011327, -0.95650786, 0.030448714), (-0.33383456, -0.9415264, 0.045633677), (-0.4964, -0.8654993, 0.06706695), (-0.48395297, -0.87324405, 0.056871098), (-0.48395297, -0.87324405, 0.056871098), (-0.4964, -0.8654993, 0.06706695), (-0.41206467, -0.90937066, 0.0569879), (-0.41404343, -0.90899676, 0.047883518), (-0.4786119, -0.8775539, 0.028806193), (-0.48395297, -0.87324405, 0.056871098), (-0.41404343, -0.90899676, 0.047883518), (-0.4203504, -0.90713197, 0.02042411), (-0.39840248, 0.912388, 0.093933366), (-0.39395037, 0.91651785, 0.0692687), (-0.11563173, 0.9927363, 0.033224598), (-0.112082504, 0.9917875, 0.061604254), (-0.39395037, 0.91651785, 0.0692687), (-0.38843963, 0.91966265, 0.057752427), (-0.117121615, 0.99288183, 0.021637132), (-0.11563173, 0.9927363, 0.033224598), (-0.11563173, 0.9927363, 0.033224598), (-0.117121615, 0.99288183, 0.021637132), (0.2500146, 0.96783775, -0.027974848), (0.24828489, 0.9685539, -0.01606079), (-0.112082504, 0.9917875, 0.061604254), (-0.11563173, 0.9927363, 0.033224598), (0.24828489, 0.9685539, -0.01606079), (0.25173467, 0.9676855, 0.014640329), (-0.39840248, 0.912388, 0.093933366), (-0.6441174, 0.75589746, 0.11718283), (-0.6209094, 0.77790886, 0.09658839), (-0.39395037, 0.91651785, 0.0692687), (-0.6441174, 0.75589746, 0.11718283), (-0.8726794, 0.47006127, 0.13218568), (-0.8401951, 0.52884746, 0.11996846), (-0.6209094, 0.77790886, 0.09658839), (-0.6209094, 0.77790886, 0.09658839), (-0.8401951, 0.52884746, 0.11996846), (-0.78456515, 0.6107929, 0.10672178), (-0.59070915, 0.8025383, 0.08363643), (-0.39395037, 0.91651785, 0.0692687), (-0.6209094, 0.77790886, 0.09658839), (-0.59070915, 0.8025383, 0.08363643), (-0.38843963, 0.91966265, 0.057752427), (0.41263768, 0.91085285, -0.008782004), (0.4037934, 0.91406703, -0.037848163), (0.32150003, 0.9465489, -0.026132496), (0.33689493, 0.9415397, 0.0022089079), (0.4037934, 0.91406703, -0.037848163), (0.40476426, 0.9131161, -0.048836146), (0.31811318, 0.9473347, -0.036889907), (0.32150003, 0.9465489, -0.026132496), (0.32150003, 0.9465489, -0.026132496), (0.31811318, 0.9473347, -0.036889907), (0.49649772, 0.8658933, -0.06098136), (0.49821126, 0.8655578, -0.050944924), (0.33689493, 0.9415397, 0.0022089079), (0.32150003, 0.9465489, -0.026132496), (0.49821126, 0.8655578, -0.050944924), (0.5126566, 0.85826653, -0.023698919), (-0.94967014, 0.28413406, 0.1318881), (-0.926674, 0.35223714, 0.13116471), (-0.9206217, 0.37070456, 0.12261231), (-0.9354054, 0.33063993, 0.12527578), (-0.926674, 0.35223714, 0.13116471), (-0.98088396, 0.1447784, 0.13002266), (-0.9805795, 0.1481706, 0.1284884), (-0.9206217, 0.37070456, 0.12261231), (-0.9206217, 0.37070456, 0.12261231), (-0.9805795, 0.1481706, 0.1284884), (-0.9793996, 0.15929991, 0.12409678), (-0.9104494, 0.39736938, 0.114802144), (-0.9354054, 0.33063993, 0.12527578), (-0.9206217, 0.37070456, 0.12261231), (-0.9104494, 0.39736938, 0.114802144), (-0.907767, 0.4030589, 0.11620037), (0.5126566, 0.85826653, -0.023698919), (0.49821126, 0.8655578, -0.050944924), (0.7479425, 0.65796095, -0.087575056), (0.75631946, 0.65106964, -0.06394545), (0.49821126, 0.8655578, -0.050944924), (0.49649772, 0.8658933, -0.06098136), (0.74970907, 0.65482527, -0.09560434), (0.7479425, 0.65796095, -0.087575056), (0.7479425, 0.65796095, -0.087575056), (0.74970907, 0.65482527, -0.09560434), (0.89373225, 0.43346992, -0.115527175), (0.89115363, 0.44014207, -0.110092014), (0.75631946, 0.65106964, -0.06394545), (0.7479425, 0.65796095, -0.087575056), (0.89115363, 0.44014207, -0.110092014), (0.89500046, 0.43662432, -0.09128721), (-0.98088396, 0.1447784, 0.13002266), (-0.9741691, -0.1932511, 0.11682751), (-0.9728386, -0.19472355, 0.12517132), (-0.9805795, 0.1481706, 0.1284884), (-0.9741691, -0.1932511, 0.11682751), (-0.8905995, -0.4443049, 0.09708589), (-0.8882549, -0.44537926, 0.11243048), (-0.9728386, -0.19472355, 0.12517132), (-0.9728386, -0.19472355, 0.12517132), (-0.8882549, -0.44537926, 0.11243048), (-0.8910174, -0.43907622, 0.1153264), (-0.97451544, -0.18631338, 0.124927446), (-0.9805795, 0.1481706, 0.1284884), (-0.9728386, -0.19472355, 0.12517132), (-0.97451544, -0.18631338, 0.124927446), (-0.9793996, 0.15929991, 0.12409678), (0.35118762, -0.6224558, 0.6994399), (0.37878656, -0.60896236, 0.6969114), (0.52986634, -0.7186843, 0.4502604), (0.5282861, -0.736486, 0.42249522), (0.37878656, -0.60896236, 0.6969114), (0.42643777, -0.56955016, 0.70268303), (0.5544668, -0.67476135, 0.4870971), (0.52986634, -0.7186843, 0.4502604), (0.52986634, -0.7186843, 0.4502604), (0.5544668, -0.67476135, 0.4870971), (0.61303526, -0.72163045, 0.32161647), (0.5910658, -0.7600301, 0.27017662), (0.5282861, -0.736486, 0.42249522), (0.52986634, -0.7186843, 0.4502604), (0.5910658, -0.7600301, 0.27017662), (0.5835142, -0.77172613, 0.2528832), (0.12213903, -0.37478215, 0.9190324), (0.1350545, -0.4005836, 0.90625226), (0.2222512, -0.4755846, 0.85113084), (0.17862397, -0.45663172, 0.8715395), (0.1350545, -0.4005836, 0.90625226), (0.15906012, -0.44450828, 0.8815397), (0.27730238, -0.48036486, 0.83207744), (0.2222512, -0.4755846, 0.85113084), (0.2222512, -0.4755846, 0.85113084), (0.27730238, -0.48036486, 0.83207744), (0.42643777, -0.56955016, 0.70268303), (0.37878656, -0.60896236, 0.6969114), (0.17862397, -0.45663172, 0.8715395), (0.2222512, -0.4755846, 0.85113084), (0.37878656, -0.60896236, 0.6969114), (0.35118762, -0.6224558, 0.6994399), (0.15906012, -0.44450828, 0.8815397), (0.1350545, -0.4005836, 0.90625226), (0.11347405, -0.38940528, 0.9140498), (0.095187336, -0.44693372, 0.88948846), (0.1350545, -0.4005836, 0.90625226), (0.12213903, -0.37478215, 0.9190324), (0.13253927, -0.37281227, 0.91839224), (0.11347405, -0.38940528, 0.9140498), (0.11347405, -0.38940528, 0.9140498), (0.13253927, -0.37281227, 0.91839224), (0.17541388, -0.41827852, 0.89122), (0.1405514, -0.43236083, 0.8906792), (0.095187336, -0.44693372, 0.88948846), (0.11347405, -0.38940528, 0.9140498), (0.1405514, -0.43236083, 0.8906792), (0.08179249, -0.48002312, 0.8734344), (0.1094555, -0.6453663, 0.7559907), (0.10313868, -0.6243006, 0.77434564), (0.15970568, -0.5163969, 0.84132534), (0.19538143, -0.5114111, 0.83683026), (0.10313868, -0.6243006, 0.77434564), (0.059829883, -0.5954173, 0.8011858), (0.084279574, -0.5352167, 0.8404999), (0.15970568, -0.5163969, 0.84132534), (0.15970568, -0.5163969, 0.84132534), (0.084279574, -0.5352167, 0.8404999), (0.08179249, -0.48002312, 0.8734344), (0.1405514, -0.43236083, 0.8906792), (0.19538143, -0.5114111, 0.83683026), (0.15970568, -0.5163969, 0.84132534), (0.1405514, -0.43236083, 0.8906792), (0.17541388, -0.41827852, 0.89122), (-0.13556696, -0.6455278, 0.75160867), (-0.020345353, -0.6375363, 0.7701517), (-0.051281534, -0.70485705, 0.7074933), (-0.23457927, -0.69076866, 0.68396723), (-0.020345353, -0.6375363, 0.7701517), (0.059829883, -0.5954173, 0.8011858), (0.10313868, -0.6243006, 0.77434564), (-0.051281534, -0.70485705, 0.7074933), (-0.051281534, -0.70485705, 0.7074933), (0.10313868, -0.6243006, 0.77434564), (0.1094555, -0.6453663, 0.7559907), (-0.061743952, -0.73522574, 0.6750043), (-0.23457927, -0.69076866, 0.68396723), (-0.051281534, -0.70485705, 0.7074933), (-0.061743952, -0.73522574, 0.6750043), (-0.27335978, -0.72267944, 0.6348298), (-0.3195439, -0.6471676, 0.69214576), (-0.24511057, -0.6432005, 0.725406), (-0.3886325, -0.6309072, 0.67150646), (-0.4484608, -0.6053806, 0.6575692), (-0.24511057, -0.6432005, 0.725406), (-0.13556696, -0.6455278, 0.75160867), (-0.23457927, -0.69076866, 0.68396723), (-0.3886325, -0.6309072, 0.67150646), (-0.3886325, -0.6309072, 0.67150646), (-0.23457927, -0.69076866, 0.68396723), (-0.27335978, -0.72267944, 0.6348298), (-0.44591764, -0.6323888, 0.6334366), (-0.4484608, -0.6053806, 0.6575692), (-0.3886325, -0.6309072, 0.67150646), (-0.44591764, -0.6323888, 0.6334366), (-0.4994797, -0.58195126, 0.6417575), (-0.06113378, -0.6554213, 0.75278515), (-0.025361644, -0.6018104, 0.7982362), (-0.017332748, -0.60524154, 0.79585314), (-0.07128504, -0.64437455, 0.76138026), (-0.025361644, -0.6018104, 0.7982362), (0.0017045448, -0.5651476, 0.8249881), (0.01798803, -0.5719371, 0.8201002), (-0.017332748, -0.60524154, 0.79585314), (-0.017332748, -0.60524154, 0.79585314), (0.01798803, -0.5719371, 0.8201002), (0.059829883, -0.5954173, 0.8011858), (-0.020345353, -0.6375363, 0.7701517), (-0.07128504, -0.64437455, 0.76138026), (-0.017332748, -0.60524154, 0.79585314), (-0.020345353, -0.6375363, 0.7701517), (-0.13556696, -0.6455278, 0.75160867), (-0.17850603, -0.68415105, 0.7071583), (-0.099737614, -0.6966219, 0.71047187), (-0.13062355, -0.6790127, 0.7224121), (-0.23015812, -0.67828035, 0.69782734), (-0.099737614, -0.6966219, 0.71047187), (-0.06113378, -0.6554213, 0.75278515), (-0.07128504, -0.64437455, 0.76138026), (-0.13062355, -0.6790127, 0.7224121), (-0.13062355, -0.6790127, 0.7224121), (-0.07128504, -0.64437455, 0.76138026), (-0.13556696, -0.6455278, 0.75160867), (-0.24511057, -0.6432005, 0.725406), (-0.23015812, -0.67828035, 0.69782734), (-0.13062355, -0.6790127, 0.7224121), (-0.24511057, -0.6432005, 0.725406), (-0.3195439, -0.6471676, 0.69214576), (-0.4740213, -0.110123165, 0.8735998), (-0.43176475, -0.0514782, 0.9005161), (-0.393505, -0.07791561, 0.91601473), (-0.4569656, -0.11038636, 0.88260823), (-0.43176475, -0.0514782, 0.9005161), (-0.33598104, 0.0019814277, 0.9418667), (-0.33940834, -0.048888277, 0.93936783), (-0.393505, -0.07791561, 0.91601473), (-0.393505, -0.07791561, 0.91601473), (-0.33940834, -0.048888277, 0.93936783), (-0.33453238, -0.06482309, 0.94015217), (-0.37942868, -0.08912208, 0.9209186), (-0.4569656, -0.11038636, 0.88260823), (-0.393505, -0.07791561, 0.91601473), (-0.37942868, -0.08912208, 0.9209186), (-0.4526851, -0.11308701, 0.88447016), (-0.5083482, -0.1351196, 0.850485), (-0.49639913, -0.13766351, 0.85710955), (-0.5053966, -0.12225831, 0.85418224), (-0.5150046, -0.1164823, 0.84923625), (-0.49639913, -0.13766351, 0.85710955), (-0.4740213, -0.110123165, 0.8735998), (-0.4569656, -0.11038636, 0.88260823), (-0.5053966, -0.12225831, 0.85418224), (-0.5053966, -0.12225831, 0.85418224), (-0.4569656, -0.11038636, 0.88260823), (-0.4526851, -0.11308701, 0.88447016), (-0.51206934, -0.11963394, 0.850572), (-0.5150046, -0.1164823, 0.84923625), (-0.5053966, -0.12225831, 0.85418224), (-0.51206934, -0.11963394, 0.850572), (-0.51798064, -0.10821557, 0.8485196), (-0.47279125, -0.10179003, 0.8752755), (-0.4837121, -0.118197046, 0.8672094), (-0.49542856, -0.115878105, 0.86088485), (-0.48861033, -0.101219185, 0.86661094), (-0.4837121, -0.118197046, 0.8672094), (-0.49734944, -0.15656342, 0.8533061), (-0.50113666, -0.14852934, 0.8525263), (-0.49542856, -0.115878105, 0.86088485), (-0.49542856, -0.115878105, 0.86088485), (-0.50113666, -0.14852934, 0.8525263), (-0.5083482, -0.1351196, 0.850485), (-0.5150046, -0.1164823, 0.84923625), (-0.48861033, -0.101219185, 0.86661094), (-0.49542856, -0.115878105, 0.86088485), (-0.5150046, -0.1164823, 0.84923625), (-0.51798064, -0.10821557, 0.8485196), (-0.17850603, -0.68415105, 0.7071583), (-0.23015812, -0.67828035, 0.69782734), (-0.36044577, -0.60649854, 0.7086878), (-0.2919791, -0.5936229, 0.7499067), (-0.23015812, -0.67828035, 0.69782734), (-0.3195439, -0.6471676, 0.69214576), (-0.4484608, -0.6053806, 0.6575692), (-0.36044577, -0.60649854, 0.7086878), (-0.36044577, -0.60649854, 0.7086878), (-0.4484608, -0.6053806, 0.6575692), (-0.4994797, -0.58195126, 0.6417575), (-0.41772094, -0.5574825, 0.7174416), (-0.2919791, -0.5936229, 0.7499067), (-0.36044577, -0.60649854, 0.7086878), (-0.41772094, -0.5574825, 0.7174416), (-0.34169605, -0.53521466, 0.77252126), (-0.55169976, -0.120003335, 0.8253645), (-0.5144235, -0.12201977, 0.84881073), (-0.5015422, -0.1579589, 0.85059065), (-0.51235026, -0.1644839, 0.8428773), (-0.5144235, -0.12201977, 0.84881073), (-0.4740213, -0.110123165, 0.8735998), (-0.49639913, -0.13766351, 0.85710955), (-0.5015422, -0.1579589, 0.85059065), (-0.5015422, -0.1579589, 0.85059065), (-0.49639913, -0.13766351, 0.85710955), (-0.5083482, -0.1351196, 0.850485), (-0.50113666, -0.14852934, 0.8525263), (-0.51235026, -0.1644839, 0.8428773), (-0.5015422, -0.1579589, 0.85059065), (-0.50113666, -0.14852934, 0.8525263), (-0.49734944, -0.15656342, 0.8533061), (-0.26423988, 0.105040945, 0.95871985), (-0.3029687, 0.069120936, 0.95049053), (-0.48402676, -0.037888754, 0.8742326), (-0.4816005, -0.009706996, 0.8763371), (-0.3029687, 0.069120936, 0.95049053), (-0.33598104, 0.0019814277, 0.9418667), (-0.43176475, -0.0514782, 0.9005161), (-0.48402676, -0.037888754, 0.8742326), (-0.48402676, -0.037888754, 0.8742326), (-0.43176475, -0.0514782, 0.9005161), (-0.4740213, -0.110123165, 0.8735998), (-0.5144235, -0.12201977, 0.84881073), (-0.4816005, -0.009706996, 0.8763371), (-0.48402676, -0.037888754, 0.8742326), (-0.5144235, -0.12201977, 0.84881073), (-0.55169976, -0.120003335, 0.8253645), (-0.004342435, 0.06561918, 0.9978353), (-0.07326294, 0.002268572, 0.9973101), (-0.11021603, 0.089034185, 0.9899118), (-0.056754727, 0.13491458, 0.98923045), (-0.07326294, 0.002268572, 0.9973101), (-0.18078147, -0.034621704, 0.98291373), (-0.22935085, 0.0046324804, 0.9733328), (-0.11021603, 0.089034185, 0.9899118), (-0.11021603, 0.089034185, 0.9899118), (-0.22935085, 0.0046324804, 0.9733328), (-0.33598104, 0.0019814277, 0.9418667), (-0.3029687, 0.069120936, 0.95049053), (-0.056754727, 0.13491458, 0.98923045), (-0.11021603, 0.089034185, 0.9899118), (-0.3029687, 0.069120936, 0.95049053), (-0.26423988, 0.105040945, 0.95871985), (-0.16818295, -0.107456565, 0.97988147), (-0.18378969, -0.062902026, 0.98095095), (-0.13053912, -0.08322372, 0.98794407), (-0.073965825, -0.05605607, 0.9956841), (-0.18378969, -0.062902026, 0.98095095), (-0.1878779, -0.0013979247, 0.98219144), (-0.1785395, -0.052395426, 0.9825367), (-0.13053912, -0.08322372, 0.98794407), (-0.13053912, -0.08322372, 0.98794407), (-0.1785395, -0.052395426, 0.9825367), (-0.18078147, -0.034621704, 0.98291373), (-0.07326294, 0.002268572, 0.9973101), (-0.073965825, -0.05605607, 0.9956841), (-0.13053912, -0.08322372, 0.98794407), (-0.07326294, 0.002268572, 0.9973101), (-0.004342435, 0.06561918, 0.9978353), (-0.33598104, 0.0019814277, 0.9418667), (-0.22935085, 0.0046324804, 0.9733328), (-0.2946274, -0.03664783, 0.9549092), (-0.33940834, -0.048888277, 0.93936783), (-0.22935085, 0.0046324804, 0.9733328), (-0.18078147, -0.034621704, 0.98291373), (-0.25873524, -0.027791824, 0.9655484), (-0.2946274, -0.03664783, 0.9549092), (-0.2946274, -0.03664783, 0.9549092), (-0.25873524, -0.027791824, 0.9655484), (-0.282464, -0.014699166, 0.9591653), (-0.309739, -0.043213382, 0.9498392), (-0.33940834, -0.048888277, 0.93936783), (-0.2946274, -0.03664783, 0.9549092), (-0.309739, -0.043213382, 0.9498392), (-0.33453238, -0.06482309, 0.94015217), (-0.1878779, -0.0013979247, 0.98219144), (-0.19965191, 0.05719046, 0.97819644), (-0.2303102, -0.0021860765, 0.97311485), (-0.1785395, -0.052395426, 0.9825367), (-0.19965191, 0.05719046, 0.97819644), (-0.20126979, 0.084193766, 0.97591084), (-0.2492323, 0.024868153, 0.96812445), (-0.2303102, -0.0021860765, 0.97311485), (-0.2303102, -0.0021860765, 0.97311485), (-0.2492323, 0.024868153, 0.96812445), (-0.282464, -0.014699166, 0.9591653), (-0.25873524, -0.027791824, 0.9655484), (-0.1785395, -0.052395426, 0.9825367), (-0.2303102, -0.0021860765, 0.97311485), (-0.25873524, -0.027791824, 0.9655484), (-0.18078147, -0.034621704, 0.98291373), (-0.1878779, -0.0013979247, 0.98219144), (-0.20701924, 0.13243806, 0.96933126), (-0.1636108, 0.16993, 0.9717794), (-0.19965191, 0.05719046, 0.97819644), (-0.20701924, 0.13243806, 0.96933126), (-0.24632925, 0.3737252, 0.8942322), (-0.15078917, 0.35561746, 0.9223876), (-0.1636108, 0.16993, 0.9717794), (-0.1636108, 0.16993, 0.9717794), (-0.15078917, 0.35561746, 0.9223876), (-0.10443616, 0.34743497, 0.93187016), (-0.13584773, 0.18603949, 0.9731057), (-0.19965191, 0.05719046, 0.97819644), (-0.1636108, 0.16993, 0.9717794), (-0.13584773, 0.18603949, 0.9731057), (-0.20126979, 0.084193766, 0.97591084), (-0.16818295, -0.107456565, 0.97988147), (-0.25158378, 0.006801261, 0.96781164), (-0.24648352, 0.07513202, 0.9662303), (-0.18378969, -0.062902026, 0.98095095), (-0.25158378, 0.006801261, 0.96781164), (-0.35694197, 0.3477491, 0.866985), (-0.3264893, 0.36376294, 0.8723997), (-0.24648352, 0.07513202, 0.9662303), (-0.24648352, 0.07513202, 0.9662303), (-0.3264893, 0.36376294, 0.8723997), (-0.24632925, 0.3737252, 0.8942322), (-0.20701924, 0.13243806, 0.96933126), (-0.18378969, -0.062902026, 0.98095095), (-0.24648352, 0.07513202, 0.9662303), (-0.20701924, 0.13243806, 0.96933126), (-0.1878779, -0.0013979247, 0.98219144), (-0.24632925, 0.3737252, 0.8942322), (-0.3264893, 0.36376294, 0.8723997), (-0.32893935, 0.68813026, 0.6467423), (-0.25353077, 0.6550896, 0.7117442), (-0.3264893, 0.36376294, 0.8723997), (-0.35694197, 0.3477491, 0.866985), (-0.3417553, 0.7203291, 0.6035969), (-0.32893935, 0.68813026, 0.6467423), (-0.32893935, 0.68813026, 0.6467423), (-0.3417553, 0.7203291, 0.6035969), (-0.20211902, 0.8658201, 0.45771548), (-0.1960346, 0.8525666, 0.48445898), (-0.25353077, 0.6550896, 0.7117442), (-0.32893935, 0.68813026, 0.6467423), (-0.1960346, 0.8525666, 0.48445898), (-0.13242756, 0.8140024, 0.56556433), (-0.10443616, 0.34743497, 0.93187016), (-0.15078917, 0.35561746, 0.9223876), (-0.14228983, 0.58348453, 0.7995619), (-0.08437317, 0.5394326, 0.83779097), (-0.15078917, 0.35561746, 0.9223876), (-0.24632925, 0.3737252, 0.8942322), (-0.25353077, 0.6550896, 0.7117442), (-0.14228983, 0.58348453, 0.7995619), (-0.14228983, 0.58348453, 0.7995619), (-0.25353077, 0.6550896, 0.7117442), (-0.13242756, 0.8140024, 0.56556433), (-0.0313715, 0.7422396, 0.66939986), (-0.08437317, 0.5394326, 0.83779097), (-0.14228983, 0.58348453, 0.7995619), (-0.0313715, 0.7422396, 0.66939986), (0.018562602, 0.69506264, 0.7187096), (0.018562602, 0.69506264, 0.7187096), (-0.0313715, 0.7422396, 0.66939986), (0.1197604, 0.8068304, 0.5785172), (0.16274577, 0.77432233, 0.6115053), (-0.0313715, 0.7422396, 0.66939986), (-0.13242756, 0.8140024, 0.56556433), (0.026369598, 0.8616151, 0.5068767), (0.1197604, 0.8068304, 0.5785172), (0.1197604, 0.8068304, 0.5785172), (0.026369598, 0.8616151, 0.5068767), (0.1120392, 0.88219774, 0.45735577), (0.20322874, 0.8379451, 0.5065038), (0.16274577, 0.77432233, 0.6115053), (0.1197604, 0.8068304, 0.5785172), (0.20322874, 0.8379451, 0.5065038), (0.24501283, 0.8136242, 0.5272422), (-0.13242756, 0.8140024, 0.56556433), (-0.1960346, 0.8525666, 0.48445898), (-0.041383382, 0.8936339, 0.4468846), (0.026369598, 0.8616151, 0.5068767), (-0.1960346, 0.8525666, 0.48445898), (-0.20211902, 0.8658201, 0.45771548), (-0.058769144, 0.90198106, 0.42775735), (-0.041383382, 0.8936339, 0.4468846), (-0.041383382, 0.8936339, 0.4468846), (-0.058769144, 0.90198106, 0.42775735), (0.017015554, 0.9157079, 0.40148413), (0.039620157, 0.9090558, 0.41478658), (0.026369598, 0.8616151, 0.5068767), (-0.041383382, 0.8936339, 0.4468846), (0.039620157, 0.9090558, 0.41478658), (0.1120392, 0.88219774, 0.45735577), (0.1120392, 0.88219774, 0.45735577), (0.039620157, 0.9090558, 0.41478658), (0.06437611, 0.91994464, 0.38672674), (0.14304453, 0.8943154, 0.42395538), (0.039620157, 0.9090558, 0.41478658), (0.017015554, 0.9157079, 0.40148413), (0.036292985, 0.9249684, 0.3783071), (0.06437611, 0.91994464, 0.38672674), (0.06437611, 0.91994464, 0.38672674), (0.036292985, 0.9249684, 0.3783071), (0.042375073, 0.9295783, 0.36618093), (0.095113516, 0.91612107, 0.38945562), (0.14304453, 0.8943154, 0.42395538), (0.06437611, 0.91994464, 0.38672674), (0.095113516, 0.91612107, 0.38945562), (0.16891408, 0.89127874, 0.4208209), (0.24501283, 0.8136242, 0.5272422), (0.20322874, 0.8379451, 0.5065038), (0.23710911, 0.85317713, 0.46461603), (0.27993083, 0.8310381, 0.4806396), (0.20322874, 0.8379451, 0.5065038), (0.1120392, 0.88219774, 0.45735577), (0.14304453, 0.8943154, 0.42395538), (0.23710911, 0.85317713, 0.46461603), (0.23710911, 0.85317713, 0.46461603), (0.14304453, 0.8943154, 0.42395538), (0.16891408, 0.89127874, 0.4208209), (0.2509348, 0.8555628, 0.45281792), (0.27993083, 0.8310381, 0.4806396), (0.23710911, 0.85317713, 0.46461603), (0.2509348, 0.8555628, 0.45281792), (0.29027972, 0.83524466, 0.46701616), (0.67464817, -0.7107912, 0.19906211), (0.723622, -0.63687295, 0.266015), (0.7567595, -0.6173453, 0.2149415), (0.70447564, -0.6926012, 0.15497623), (0.723622, -0.63687295, 0.266015), (0.7449126, -0.59889054, 0.2939988), (0.77870756, -0.5798767, 0.23949453), (0.7567595, -0.6173453, 0.2149415), (0.7567595, -0.6173453, 0.2149415), (0.77870756, -0.5798767, 0.23949453), (0.78837204, -0.5740078, 0.2213244), (0.76939166, -0.6070271, 0.19888337), (0.70447564, -0.6926012, 0.15497623), (0.7567595, -0.6173453, 0.2149415), (0.76939166, -0.6070271, 0.19888337), (0.7244851, -0.6727112, 0.15026996), (0.61303526, -0.72163045, 0.32161647), (0.6346622, -0.6594163, 0.40295655), (0.6777554, -0.65815127, 0.32784823), (0.63943005, -0.7264278, 0.25185698), (0.6346622, -0.6594163, 0.40295655), (0.6421434, -0.62202483, 0.4480368), (0.69421816, -0.62100106, 0.36389378), (0.6777554, -0.65815127, 0.32784823), (0.6777554, -0.65815127, 0.32784823), (0.69421816, -0.62100106, 0.36389378), (0.7449126, -0.59889054, 0.2939988), (0.723622, -0.63687295, 0.266015), (0.63943005, -0.7264278, 0.25185698), (0.6777554, -0.65815127, 0.32784823), (0.723622, -0.63687295, 0.266015), (0.67464817, -0.7107912, 0.19906211), (0.6142086, -0.77844596, 0.12949756), (0.62993896, -0.7630316, 0.14477442), (0.65380865, -0.74963796, 0.10284541), (0.63190234, -0.7694996, 0.09257351), (0.62993896, -0.7630316, 0.14477442), (0.67464817, -0.7107912, 0.19906211), (0.70447564, -0.6926012, 0.15497623), (0.65380865, -0.74963796, 0.10284541), (0.65380865, -0.74963796, 0.10284541), (0.70447564, -0.6926012, 0.15497623), (0.7244851, -0.6727112, 0.15026996), (0.67884195, -0.72665644, 0.10556569), (0.63190234, -0.7694996, 0.09257351), (0.65380865, -0.74963796, 0.10284541), (0.67884195, -0.72665644, 0.10556569), (0.6409871, -0.76414067, 0.072280794), (0.5835142, -0.77172613, 0.2528832), (0.5910658, -0.7600301, 0.27017662), (0.6058098, -0.7711203, 0.19587712), (0.5949028, -0.7832788, 0.18045752), (0.5910658, -0.7600301, 0.27017662), (0.61303526, -0.72163045, 0.32161647), (0.63943005, -0.7264278, 0.25185698), (0.6058098, -0.7711203, 0.19587712), (0.6058098, -0.7711203, 0.19587712), (0.63943005, -0.7264278, 0.25185698), (0.67464817, -0.7107912, 0.19906211), (0.62993896, -0.7630316, 0.14477442), (0.5949028, -0.7832788, 0.18045752), (0.6058098, -0.7711203, 0.19587712), (0.62993896, -0.7630316, 0.14477442), (0.6142086, -0.77844596, 0.12949756), (0.42643777, -0.56955016, 0.70268303), (0.4571842, -0.51559174, 0.7246708), (0.56874, -0.60627055, 0.55585134), (0.5544668, -0.67476135, 0.4870971), (0.4571842, -0.51559174, 0.7246708), (0.46617547, -0.48705217, 0.73855305), (0.57141906, -0.5672582, 0.5930417), (0.56874, -0.60627055, 0.55585134), (0.56874, -0.60627055, 0.55585134), (0.57141906, -0.5672582, 0.5930417), (0.6421434, -0.62202483, 0.4480368), (0.6346622, -0.6594163, 0.40295655), (0.5544668, -0.67476135, 0.4870971), (0.56874, -0.60627055, 0.55585134), (0.6346622, -0.6594163, 0.40295655), (0.61303526, -0.72163045, 0.32161647), (0.19661787, -0.50043494, 0.84315264), (0.33239943, -0.46999073, 0.81769145), (0.32032233, -0.47537, 0.81940037), (0.1870237, -0.48538786, 0.85406137), (0.33239943, -0.46999073, 0.81769145), (0.46617547, -0.48705217, 0.73855305), (0.4571842, -0.51559174, 0.7246708), (0.32032233, -0.47537, 0.81940037), (0.32032233, -0.47537, 0.81940037), (0.4571842, -0.51559174, 0.7246708), (0.42643777, -0.56955016, 0.70268303), (0.27730238, -0.48036486, 0.83207744), (0.1870237, -0.48538786, 0.85406137), (0.32032233, -0.47537, 0.81940037), (0.27730238, -0.48036486, 0.83207744), (0.15906012, -0.44450828, 0.8815397), (0.05437204, -0.53613806, 0.84237736), (0.10476825, -0.5242406, 0.8451009), (0.098675944, -0.5037985, 0.85816675), (0.05648306, -0.52190137, 0.85113376), (0.10476825, -0.5242406, 0.8451009), (0.19661787, -0.50043494, 0.84315264), (0.1870237, -0.48538786, 0.85406137), (0.098675944, -0.5037985, 0.85816675), (0.098675944, -0.5037985, 0.85816675), (0.1870237, -0.48538786, 0.85406137), (0.15906012, -0.44450828, 0.8815397), (0.095187336, -0.44693372, 0.88948846), (0.05648306, -0.52190137, 0.85113376), (0.098675944, -0.5037985, 0.85816675), (0.095187336, -0.44693372, 0.88948846), (0.08179249, -0.48002312, 0.8734344), (0.059829883, -0.5954173, 0.8011858), (0.01798803, -0.5719371, 0.8201002), (0.035888907, -0.54471207, 0.8378548), (0.084279574, -0.5352167, 0.8404999), (0.01798803, -0.5719371, 0.8201002), (0.0017045448, -0.5651476, 0.8249881), (0.023485087, -0.54700905, 0.8367972), (0.035888907, -0.54471207, 0.8378548), (0.035888907, -0.54471207, 0.8378548), (0.023485087, -0.54700905, 0.8367972), (0.05437204, -0.53613806, 0.84237736), (0.05648306, -0.52190137, 0.85113376), (0.084279574, -0.5352167, 0.8404999), (0.035888907, -0.54471207, 0.8378548), (0.05648306, -0.52190137, 0.85113376), (0.08179249, -0.48002312, 0.8734344), (0.54763365, 0.10151088, 0.8305377), (0.5375497, 0.12674552, 0.8336522), (0.75657314, 0.15186527, 0.63602996), (0.78925896, 0.14389731, 0.59696215), (0.5375497, 0.12674552, 0.8336522), (0.51713806, 0.18014158, 0.8367301), (0.72136796, 0.19780834, 0.66370183), (0.75657314, 0.15186527, 0.63602996), (0.75657314, 0.15186527, 0.63602996), (0.72136796, 0.19780834, 0.66370183), (0.8380514, 0.28387564, 0.46592322), (0.87633896, 0.247782, 0.41307864), (0.78925896, 0.14389731, 0.59696215), (0.75657314, 0.15186527, 0.63602996), (0.87633896, 0.247782, 0.41307864), (0.88563865, 0.23018128, 0.4033123), (0.34817624, 0.13903221, 0.9270617), (0.34632632, 0.14835557, 0.9263091), (0.4028762, 0.1552248, 0.90199554), (0.40373692, 0.14017893, 0.9040721), (0.34632632, 0.14835557, 0.9263091), (0.33189094, 0.17002957, 0.92786765), (0.38771856, 0.19403413, 0.90112436), (0.4028762, 0.1552248, 0.90199554), (0.4028762, 0.1552248, 0.90199554), (0.38771856, 0.19403413, 0.90112436), (0.51713806, 0.18014158, 0.8367301), (0.5375497, 0.12674552, 0.8336522), (0.40373692, 0.14017893, 0.9040721), (0.4028762, 0.1552248, 0.90199554), (0.5375497, 0.12674552, 0.8336522), (0.54763365, 0.10151088, 0.8305377), (0.33189094, 0.17002957, 0.92786765), (0.34632632, 0.14835557, 0.9263091), (0.3302817, 0.11795992, 0.9364825), (0.31413418, 0.123454496, 0.9413175), (0.34632632, 0.14835557, 0.9263091), (0.34817624, 0.13903221, 0.9270617), (0.33678585, 0.11450371, 0.934593), (0.3302817, 0.11795992, 0.9364825), (0.3302817, 0.11795992, 0.9364825), (0.33678585, 0.11450371, 0.934593), (0.34691408, 0.10349837, 0.9321688), (0.33785737, 0.09808105, 0.93607295), (0.31413418, 0.123454496, 0.9413175), (0.3302817, 0.11795992, 0.9364825), (0.33785737, 0.09808105, 0.93607295), (0.31973258, 0.086297646, 0.9435697), (0.3877319, 0.056767058, 0.9200226), (0.38667142, 0.025584642, 0.92186254), (0.3566497, 0.075848706, 0.9311541), (0.36385593, 0.089421116, 0.92715305), (0.38667142, 0.025584642, 0.92186254), (0.37422544, -0.034700323, 0.9266883), (0.3400405, 0.041608684, 0.93948984), (0.3566497, 0.075848706, 0.9311541), (0.3566497, 0.075848706, 0.9311541), (0.3400405, 0.041608684, 0.93948984), (0.31973258, 0.086297646, 0.9435697), (0.33785737, 0.09808105, 0.93607295), (0.36385593, 0.089421116, 0.92715305), (0.3566497, 0.075848706, 0.9311541), (0.33785737, 0.09808105, 0.93607295), (0.34691408, 0.10349837, 0.9321688), (0.50147915, -0.36253846, 0.7855472), (0.4299061, -0.16893336, 0.8869286), (0.43741965, -0.09541508, 0.8941812), (0.5045792, -0.31239104, 0.8048675), (0.4299061, -0.16893336, 0.8869286), (0.37422544, -0.034700323, 0.9266883), (0.38667142, 0.025584642, 0.92186254), (0.43741965, -0.09541508, 0.8941812), (0.43741965, -0.09541508, 0.8941812), (0.38667142, 0.025584642, 0.92186254), (0.3877319, 0.056767058, 0.9200226), (0.42928815, -0.028207378, 0.90272695), (0.5045792, -0.31239104, 0.8048675), (0.43741965, -0.09541508, 0.8941812), (0.42928815, -0.028207378, 0.90272695), (0.49207586, -0.22426352, 0.84117013), (0.5918828, -0.5866705, 0.55271363), (0.55671805, -0.5171904, 0.6500607), (0.5512941, -0.5109493, 0.65954965), (0.5849754, -0.61880845, 0.5242897), (0.55671805, -0.5171904, 0.6500607), (0.50147915, -0.36253846, 0.7855472), (0.5045792, -0.31239104, 0.8048675), (0.5512941, -0.5109493, 0.65954965), (0.5512941, -0.5109493, 0.65954965), (0.5045792, -0.31239104, 0.8048675), (0.49207586, -0.22426352, 0.84117013), (0.54534805, -0.4744357, 0.6910183), (0.5849754, -0.61880845, 0.5242897), (0.5512941, -0.5109493, 0.65954965), (0.54534805, -0.4744357, 0.6910183), (0.5773674, -0.6233979, 0.5272778), (0.5051208, -0.4583315, 0.7312901), (0.43202534, -0.2794505, 0.8574739), (0.42833203, -0.24084404, 0.8709339), (0.5035114, -0.42458075, 0.7524676), (0.43202534, -0.2794505, 0.8574739), (0.37115642, -0.12212971, 0.9205038), (0.36830497, -0.090525955, 0.9252873), (0.42833203, -0.24084404, 0.8709339), (0.42833203, -0.24084404, 0.8709339), (0.36830497, -0.090525955, 0.9252873), (0.37422544, -0.034700323, 0.9266883), (0.4299061, -0.16893336, 0.8869286), (0.5035114, -0.42458075, 0.7524676), (0.42833203, -0.24084404, 0.8709339), (0.4299061, -0.16893336, 0.8869286), (0.50147915, -0.36253846, 0.7855472), (0.6250609, -0.6247484, 0.4679619), (0.57249856, -0.57510185, 0.5843828), (0.56962276, -0.5500651, 0.6107032), (0.613324, -0.6124692, 0.49871346), (0.57249856, -0.57510185, 0.5843828), (0.5051208, -0.4583315, 0.7312901), (0.5035114, -0.42458075, 0.7524676), (0.56962276, -0.5500651, 0.6107032), (0.56962276, -0.5500651, 0.6107032), (0.5035114, -0.42458075, 0.7524676), (0.50147915, -0.36253846, 0.7855472), (0.55671805, -0.5171904, 0.6500607), (0.613324, -0.6124692, 0.49871346), (0.56962276, -0.5500651, 0.6107032), (0.55671805, -0.5171904, 0.6500607), (0.5918828, -0.5866705, 0.55271363), (-0.2879863, -0.57266504, 0.76754063), (-0.32996866, -0.49348903, 0.8047293), (-0.26597857, -0.47910506, 0.8364889), (-0.24706945, -0.5787677, 0.77716446), (-0.32996866, -0.49348903, 0.8047293), (-0.37197474, -0.4391607, 0.81778526), (-0.31222498, -0.40696704, 0.85842496), (-0.26597857, -0.47910506, 0.8364889), (-0.26597857, -0.47910506, 0.8364889), (-0.31222498, -0.40696704, 0.85842496), (-0.2915145, -0.38414583, 0.8760429), (-0.24074025, -0.47332126, 0.8473553), (-0.24706945, -0.5787677, 0.77716446), (-0.26597857, -0.47910506, 0.8364889), (-0.24074025, -0.47332126, 0.8473553), (-0.23108348, -0.5907168, 0.7730809), (-0.2805413, -0.6844237, 0.67294925), (-0.2727096, -0.644293, 0.714504), (-0.26888227, -0.6565554, 0.7047251), (-0.30023637, -0.6971359, 0.65104496), (-0.2727096, -0.644293, 0.714504), (-0.2879863, -0.57266504, 0.76754063), (-0.24706945, -0.5787677, 0.77716446), (-0.26888227, -0.6565554, 0.7047251), (-0.26888227, -0.6565554, 0.7047251), (-0.24706945, -0.5787677, 0.77716446), (-0.23108348, -0.5907168, 0.7730809), (-0.27125958, -0.6728026, 0.6882986), (-0.30023637, -0.6971359, 0.65104496), (-0.26888227, -0.6565554, 0.7047251), (-0.27125958, -0.6728026, 0.6882986), (-0.31469086, -0.70373327, 0.63696873), (-0.326458, -0.7230643, 0.6087718), (-0.31238744, -0.7240615, 0.61493826), (-0.30903214, -0.71749496, 0.6242597), (-0.32636452, -0.71868014, 0.6139911), (-0.31238744, -0.7240615, 0.61493826), (-0.27933484, -0.713414, 0.6426605), (-0.27894104, -0.7032707, 0.653913), (-0.30903214, -0.71749496, 0.6242597), (-0.30903214, -0.71749496, 0.6242597), (-0.27894104, -0.7032707, 0.653913), (-0.2805413, -0.6844237, 0.67294925), (-0.30023637, -0.6971359, 0.65104496), (-0.32636452, -0.71868014, 0.6139911), (-0.30903214, -0.71749496, 0.6242597), (-0.30023637, -0.6971359, 0.65104496), (-0.31469086, -0.70373327, 0.63696873), (0.6250609, -0.6247484, 0.4679619), (0.613324, -0.6124692, 0.49871346), (0.62304753, -0.653164, 0.43033537), (0.64142305, -0.6599678, 0.39117658), (0.613324, -0.6124692, 0.49871346), (0.5918828, -0.5866705, 0.55271363), (0.5849754, -0.61880845, 0.5242897), (0.62304753, -0.653164, 0.43033537), (0.62304753, -0.653164, 0.43033537), (0.5849754, -0.61880845, 0.5242897), (0.5773674, -0.6233979, 0.5272778), (0.6209186, -0.67070585, 0.40572616), (0.64142305, -0.6599678, 0.39117658), (0.62304753, -0.653164, 0.43033537), (0.6209186, -0.67070585, 0.40572616), (0.64057195, -0.6727581, 0.37022188), (-0.3515155, -0.59288514, 0.72451645), (-0.32902017, -0.5879883, 0.73892856), (-0.28152165, -0.65772796, 0.6986698), (-0.28752047, -0.66664374, 0.68769044), (-0.32902017, -0.5879883, 0.73892856), (-0.2879863, -0.57266504, 0.76754063), (-0.2727096, -0.644293, 0.714504), (-0.28152165, -0.65772796, 0.6986698), (-0.28152165, -0.65772796, 0.6986698), (-0.2727096, -0.644293, 0.714504), (-0.2805413, -0.6844237, 0.67294925), (-0.27894104, -0.7032707, 0.653913), (-0.28752047, -0.66664374, 0.68769044), (-0.28152165, -0.65772796, 0.6986698), (-0.27894104, -0.7032707, 0.653913), (-0.27933484, -0.713414, 0.6426605), (-0.45240167, -0.4568964, 0.7658841), (-0.43174744, -0.45398527, 0.77941746), (-0.39111397, -0.5133931, 0.7638438), (-0.41754782, -0.51808125, 0.7464888), (-0.43174744, -0.45398527, 0.77941746), (-0.37197474, -0.4391607, 0.81778526), (-0.32996866, -0.49348903, 0.8047293), (-0.39111397, -0.5133931, 0.7638438), (-0.39111397, -0.5133931, 0.7638438), (-0.32996866, -0.49348903, 0.8047293), (-0.2879863, -0.57266504, 0.76754063), (-0.32902017, -0.5879883, 0.73892856), (-0.41754782, -0.51808125, 0.7464888), (-0.39111397, -0.5133931, 0.7638438), (-0.32902017, -0.5879883, 0.73892856), (-0.3515155, -0.59288514, 0.72451645), (-0.44860676, -0.25697485, 0.8559883), (-0.43992525, -0.2294482, 0.86822766), (-0.44143292, -0.37535197, 0.81501395), (-0.45765954, -0.38312703, 0.8023475), (-0.43992525, -0.2294482, 0.86822766), (-0.42756718, -0.25058013, 0.8685597), (-0.4004313, -0.37500262, 0.8360788), (-0.44143292, -0.37535197, 0.81501395), (-0.44143292, -0.37535197, 0.81501395), (-0.4004313, -0.37500262, 0.8360788), (-0.37197474, -0.4391607, 0.81778526), (-0.43174744, -0.45398527, 0.77941746), (-0.45765954, -0.38312703, 0.8023475), (-0.44143292, -0.37535197, 0.81501395), (-0.43174744, -0.45398527, 0.77941746), (-0.45240167, -0.4568964, 0.7658841), (-0.4965831, 0.0830483, 0.864007), (-0.51591593, 0.087122664, 0.85219735), (-0.4544606, -0.05684927, 0.88895094), (-0.44680923, -0.06921043, 0.8919481), (-0.51591593, 0.087122664, 0.85219735), (-0.54409283, 0.0716706, 0.83595836), (-0.46954837, -0.08961473, 0.87834704), (-0.4544606, -0.05684927, 0.88895094), (-0.4544606, -0.05684927, 0.88895094), (-0.46954837, -0.08961473, 0.87834704), (-0.42756718, -0.25058013, 0.8685597), (-0.43992525, -0.2294482, 0.86822766), (-0.44680923, -0.06921043, 0.8919481), (-0.4544606, -0.05684927, 0.88895094), (-0.43992525, -0.2294482, 0.86822766), (-0.44860676, -0.25697485, 0.8559883), (-0.37197474, -0.4391607, 0.81778526), (-0.4004313, -0.37500262, 0.8360788), (-0.3655183, -0.34385598, 0.8649621), (-0.31222498, -0.40696704, 0.85842496), (-0.4004313, -0.37500262, 0.8360788), (-0.42756718, -0.25058013, 0.8685597), (-0.42467463, -0.246036, 0.8712736), (-0.3655183, -0.34385598, 0.8649621), (-0.3655183, -0.34385598, 0.8649621), (-0.42467463, -0.246036, 0.8712736), (-0.42707986, -0.23442523, 0.873297), (-0.35649392, -0.3190623, 0.8781294), (-0.31222498, -0.40696704, 0.85842496), (-0.3655183, -0.34385598, 0.8649621), (-0.35649392, -0.3190623, 0.8781294), (-0.2915145, -0.38414583, 0.8760429), (-0.54409283, 0.0716706, 0.83595836), (-0.5752547, 0.066515304, 0.8152655), (-0.4930735, -0.105858, 0.86352336), (-0.46954837, -0.08961473, 0.87834704), (-0.5752547, 0.066515304, 0.8152655), (-0.58524054, 0.062370665, 0.80845743), (-0.50377417, -0.107417986, 0.85713065), (-0.4930735, -0.105858, 0.86352336), (-0.4930735, -0.105858, 0.86352336), (-0.50377417, -0.107417986, 0.85713065), (-0.42707986, -0.23442523, 0.873297), (-0.42467463, -0.246036, 0.8712736), (-0.46954837, -0.08961473, 0.87834704), (-0.4930735, -0.105858, 0.86352336), (-0.42467463, -0.246036, 0.8712736), (-0.42756718, -0.25058013, 0.8685597), (-0.54409283, 0.0716706, 0.83595836), (-0.6403571, 0.18376368, 0.74577063), (-0.65244293, 0.20084321, 0.73073953), (-0.5752547, 0.066515304, 0.8152655), (-0.6403571, 0.18376368, 0.74577063), (-0.73258173, 0.19911815, 0.65090394), (-0.7204872, 0.23002505, 0.65420693), (-0.65244293, 0.20084321, 0.73073953), (-0.65244293, 0.20084321, 0.73073953), (-0.7204872, 0.23002505, 0.65420693), (-0.7115157, 0.24375623, 0.65903586), (-0.653669, 0.20607388, 0.7281829), (-0.5752547, 0.066515304, 0.8152655), (-0.65244293, 0.20084321, 0.73073953), (-0.653669, 0.20607388, 0.7281829), (-0.58524054, 0.062370665, 0.80845743), (-0.4965831, 0.0830483, 0.864007), (-0.6076689, 0.15730256, 0.7784564), (-0.62284136, 0.16725956, 0.76425976), (-0.51591593, 0.087122664, 0.85219735), (-0.6076689, 0.15730256, 0.7784564), (-0.72723985, 0.14831837, 0.670167), (-0.731994, 0.1657594, 0.6608393), (-0.62284136, 0.16725956, 0.76425976), (-0.62284136, 0.16725956, 0.76425976), (-0.731994, 0.1657594, 0.6608393), (-0.73258173, 0.19911815, 0.65090394), (-0.6403571, 0.18376368, 0.74577063), (-0.51591593, 0.087122664, 0.85219735), (-0.62284136, 0.16725956, 0.76425976), (-0.6403571, 0.18376368, 0.74577063), (-0.54409283, 0.0716706, 0.83595836), (-0.73258173, 0.19911815, 0.65090394), (-0.731994, 0.1657594, 0.6608393), (-0.8249225, 0.15088104, 0.54473644), (-0.8098777, 0.18052258, 0.55813056), (-0.731994, 0.1657594, 0.6608393), (-0.72723985, 0.14831837, 0.670167), (-0.83375806, 0.14017956, 0.53403854), (-0.8249225, 0.15088104, 0.54473644), (-0.8249225, 0.15088104, 0.54473644), (-0.83375806, 0.14017956, 0.53403854), (-0.88091505, 0.17378975, 0.44021103), (-0.874398, 0.18306696, 0.44934925), (-0.8098777, 0.18052258, 0.55813056), (-0.8249225, 0.15088104, 0.54473644), (-0.874398, 0.18306696, 0.44934925), (-0.84967405, 0.20762007, 0.48471427), (-0.7115157, 0.24375623, 0.65903586), (-0.7204872, 0.23002505, 0.65420693), (-0.78270274, 0.21214098, 0.58512616), (-0.7690493, 0.22625782, 0.5978047), (-0.7204872, 0.23002505, 0.65420693), (-0.73258173, 0.19911815, 0.65090394), (-0.8098777, 0.18052258, 0.55813056), (-0.78270274, 0.21214098, 0.58512616), (-0.78270274, 0.21214098, 0.58512616), (-0.8098777, 0.18052258, 0.55813056), (-0.84967405, 0.20762007, 0.48471427), (-0.813091, 0.23804802, 0.5312402), (-0.7690493, 0.22625782, 0.5978047), (-0.78270274, 0.21214098, 0.58512616), (-0.813091, 0.23804802, 0.5312402), (-0.7940914, 0.25607795, 0.55121946), (-0.84967405, 0.20762007, 0.48471427), (-0.874398, 0.18306696, 0.44934925), (-0.87366724, 0.23463106, 0.42620856), (-0.84407467, 0.26443443, 0.46648946), (-0.874398, 0.18306696, 0.44934925), (-0.88091505, 0.17378975, 0.44021103), (-0.88356245, 0.21926153, 0.41381377), (-0.87366724, 0.23463106, 0.42620856), (-0.87366724, 0.23463106, 0.42620856), (-0.88356245, 0.21926153, 0.41381377), (-0.8741941, 0.26406583, 0.4074971), (-0.8627209, 0.28311858, 0.4189947), (-0.84407467, 0.26443443, 0.46648946), (-0.87366724, 0.23463106, 0.42620856), (-0.8627209, 0.28311858, 0.4189947), (-0.8284176, 0.32069764, 0.4592138), (-0.7940914, 0.25607795, 0.55121946), (-0.813091, 0.23804802, 0.5312402), (-0.80334026, 0.30036503, 0.51422304), (-0.78166264, 0.32253438, 0.5338306), (-0.813091, 0.23804802, 0.5312402), (-0.84967405, 0.20762007, 0.48471427), (-0.84407467, 0.26443443, 0.46648946), (-0.80334026, 0.30036503, 0.51422304), (-0.80334026, 0.30036503, 0.51422304), (-0.84407467, 0.26443443, 0.46648946), (-0.8284176, 0.32069764, 0.4592138), (-0.7835802, 0.36296263, 0.5042422), (-0.78166264, 0.32253438, 0.5338306), (-0.80334026, 0.30036503, 0.51422304), (-0.7835802, 0.36296263, 0.5042422), (-0.7599579, 0.3881898, 0.52131826), (-0.8284176, 0.32069764, 0.4592138), (-0.8627209, 0.28311858, 0.4189947), (-0.85373616, 0.32030872, 0.4105323), (-0.81509817, 0.36353114, 0.4510655), (-0.8627209, 0.28311858, 0.4189947), (-0.8741941, 0.26406583, 0.4074971), (-0.8676037, 0.2977713, 0.39824125), (-0.85373616, 0.32030872, 0.4105323), (-0.85373616, 0.32030872, 0.4105323), (-0.8676037, 0.2977713, 0.39824125), (-0.86349213, 0.31639177, 0.39278182), (-0.8375169, 0.34847894, 0.42086557), (-0.81509817, 0.36353114, 0.4510655), (-0.85373616, 0.32030872, 0.4105323), (-0.8375169, 0.34847894, 0.42086557), (-0.79690343, 0.3920643, 0.4595983), (-0.7599579, 0.3881898, 0.52131826), (-0.7835802, 0.36296263, 0.5042422), (-0.7673408, 0.40926805, 0.4936475), (-0.7435746, 0.43284276, 0.50965077), (-0.7835802, 0.36296263, 0.5042422), (-0.8284176, 0.32069764, 0.4592138), (-0.81509817, 0.36353114, 0.4510655), (-0.7673408, 0.40926805, 0.4936475), (-0.7673408, 0.40926805, 0.4936475), (-0.81509817, 0.36353114, 0.4510655), (-0.79690343, 0.3920643, 0.4595983), (-0.75453883, 0.43161637, 0.4943466), (-0.7435746, 0.43284276, 0.50965077), (-0.7673408, 0.40926805, 0.4936475), (-0.75453883, 0.43161637, 0.4943466), (-0.73890007, 0.44498548, 0.50597894), (0.8133762, 0.42218348, 0.40022522), (0.7561023, 0.4676068, 0.45787904), (0.7405193, 0.5068378, 0.44130105), (0.79869014, 0.45988747, 0.38806903), (0.7561023, 0.4676068, 0.45787904), (0.7256501, 0.49602795, 0.47685245), (0.7111048, 0.5315573, 0.46019208), (0.7405193, 0.5068378, 0.44130105), (0.7405193, 0.5068378, 0.44130105), (0.7111048, 0.5315573, 0.46019208), (0.70752186, 0.5396455, 0.45628452), (0.7227784, 0.52907443, 0.44460282), (0.79869014, 0.45988747, 0.38806903), (0.7405193, 0.5068378, 0.44130105), (0.7227784, 0.52907443, 0.44460282), (0.77430075, 0.4893687, 0.40121898), (0.8718963, 0.35864383, 0.33342373), (0.85665715, 0.3808089, 0.3480276), (0.84511065, 0.41454917, 0.33754548), (0.8618669, 0.39132777, 0.32256493), (0.85665715, 0.3808089, 0.3480276), (0.8133762, 0.42218348, 0.40022522), (0.79869014, 0.45988747, 0.38806903), (0.84511065, 0.41454917, 0.33754548), (0.84511065, 0.41454917, 0.33754548), (0.79869014, 0.45988747, 0.38806903), (0.77430075, 0.4893687, 0.40121898), (0.8259631, 0.44180897, 0.3501282), (0.8618669, 0.39132777, 0.32256493), (0.84511065, 0.41454917, 0.33754548), (0.8259631, 0.44180897, 0.3501282), (0.85651284, 0.40832245, 0.31568733), (0.8380514, 0.28387564, 0.46592322), (0.77974546, 0.3283133, 0.53311104), (0.7763979, 0.40800694, 0.48035055), (0.8333311, 0.36536413, 0.41481128), (0.77974546, 0.3283133, 0.53311104), (0.75256777, 0.36125264, 0.5505799), (0.74551386, 0.43778685, 0.5025453), (0.7763979, 0.40800694, 0.48035055), (0.7763979, 0.40800694, 0.48035055), (0.74551386, 0.43778685, 0.5025453), (0.7256501, 0.49602795, 0.47685245), (0.7561023, 0.4676068, 0.45787904), (0.8333311, 0.36536413, 0.41481128), (0.7763979, 0.40800694, 0.48035055), (0.7561023, 0.4676068, 0.45787904), (0.8133762, 0.42218348, 0.40022522), (0.88563865, 0.23018128, 0.4033123), (0.87633896, 0.247782, 0.41307864), (0.87360704, 0.32911155, 0.3584639), (0.88828, 0.30714503, 0.3414976), (0.87633896, 0.247782, 0.41307864), (0.8380514, 0.28387564, 0.46592322), (0.8333311, 0.36536413, 0.41481128), (0.87360704, 0.32911155, 0.3584639), (0.87360704, 0.32911155, 0.3584639), (0.8333311, 0.36536413, 0.41481128), (0.8133762, 0.42218348, 0.40022522), (0.85665715, 0.3808089, 0.3480276), (0.88828, 0.30714503, 0.3414976), (0.87360704, 0.32911155, 0.3584639), (0.85665715, 0.3808089, 0.3480276), (0.8718963, 0.35864383, 0.33342373), (0.51713806, 0.18014158, 0.8367301), (0.4841737, 0.23924021, 0.8416293), (0.6711422, 0.25648624, 0.6955451), (0.72136796, 0.19780834, 0.66370183), (0.4841737, 0.23924021, 0.8416293), (0.4820054, 0.26573747, 0.8348979), (0.6701302, 0.28926086, 0.6835595), (0.6711422, 0.25648624, 0.6955451), (0.6711422, 0.25648624, 0.6955451), (0.6701302, 0.28926086, 0.6835595), (0.75256777, 0.36125264, 0.5505799), (0.77974546, 0.3283133, 0.53311104), (0.72136796, 0.19780834, 0.66370183), (0.6711422, 0.25648624, 0.6955451), (0.77974546, 0.3283133, 0.53311104), (0.8380514, 0.28387564, 0.46592322), (0.30258185, 0.21875557, 0.92768), (0.35246474, 0.26381752, 0.8978691), (0.3626785, 0.23938134, 0.9006447), (0.3122124, 0.20042102, 0.9286306), (0.35246474, 0.26381752, 0.8978691), (0.4820054, 0.26573747, 0.8348979), (0.4841737, 0.23924021, 0.8416293), (0.3626785, 0.23938134, 0.9006447), (0.3626785, 0.23938134, 0.9006447), (0.4841737, 0.23924021, 0.8416293), (0.51713806, 0.18014158, 0.8367301), (0.38771856, 0.19403413, 0.90112436), (0.3122124, 0.20042102, 0.9286306), (0.3626785, 0.23938134, 0.9006447), (0.38771856, 0.19403413, 0.90112436), (0.33189094, 0.17002957, 0.92786765), (0.30044279, 0.06798313, 0.951374), (0.28985497, 0.14252418, 0.9463989), (0.29717034, 0.13575229, 0.9451249), (0.3043833, 0.07583758, 0.9495259), (0.28985497, 0.14252418, 0.9463989), (0.30258185, 0.21875557, 0.92768), (0.3122124, 0.20042102, 0.9286306), (0.29717034, 0.13575229, 0.9451249), (0.29717034, 0.13575229, 0.9451249), (0.3122124, 0.20042102, 0.9286306), (0.33189094, 0.17002957, 0.92786765), (0.31413418, 0.123454496, 0.9413175), (0.3043833, 0.07583758, 0.9495259), (0.29717034, 0.13575229, 0.9451249), (0.31413418, 0.123454496, 0.9413175), (0.31973258, 0.086297646, 0.9435697), (0.37422544, -0.034700323, 0.9266883), (0.36830497, -0.090525955, 0.9252873), (0.32895055, 0.007579376, 0.94431674), (0.3400405, 0.041608684, 0.93948984), (0.36830497, -0.090525955, 0.9252873), (0.37115642, -0.12212971, 0.9205038), (0.3290709, -0.013993161, 0.9442016), (0.32895055, 0.007579376, 0.94431674), (0.32895055, 0.007579376, 0.94431674), (0.3290709, -0.013993161, 0.9442016), (0.30044279, 0.06798313, 0.951374), (0.3043833, 0.07583758, 0.9495259), (0.3400405, 0.041608684, 0.93948984), (0.32895055, 0.007579376, 0.94431674), (0.3043833, 0.07583758, 0.9495259), (0.31973258, 0.086297646, 0.9435697), (0.53246003, -0.5223403, 0.6660682), (0.5174117, -0.53656834, 0.666618), (0.529366, -0.51283497, 0.675849), (0.5348307, -0.4993294, 0.6816351), (0.5174117, -0.53656834, 0.666618), (0.5156157, -0.537252, 0.6674585), (0.52214676, -0.5183765, 0.67723596), (0.529366, -0.51283497, 0.675849), (0.529366, -0.51283497, 0.675849), (0.52214676, -0.5183765, 0.67723596), (0.5312841, -0.47522113, 0.7013573), (0.5343071, -0.47300297, 0.7005598), (0.5348307, -0.4993294, 0.6816351), (0.529366, -0.51283497, 0.675849), (0.5343071, -0.47300297, 0.7005598), (0.53574044, -0.4664794, 0.70383173), (0.5156157, -0.537252, 0.6674585), (0.5159098, -0.53575134, 0.6684366), (0.52176243, -0.51726747, 0.67837924), (0.52214676, -0.5183765, 0.67723596), (0.5159098, -0.53575134, 0.6684366), (0.5162185, -0.53499, 0.66880804), (0.5203739, -0.5218116, 0.67596126), (0.52176243, -0.51726747, 0.67837924), (0.52176243, -0.51726747, 0.67837924), (0.5203739, -0.5218116, 0.67596126), (0.529299, -0.4811204, 0.6988316), (0.530068, -0.47563162, 0.701999), (0.52214676, -0.5183765, 0.67723596), (0.52176243, -0.51726747, 0.67837924), (0.530068, -0.47563162, 0.701999), (0.5312841, -0.47522113, 0.7013573), (0.5312841, -0.47522113, 0.7013573), (0.530068, -0.47563162, 0.701999), (0.53525037, -0.43465647, 0.7242795), (0.5406138, -0.43155771, 0.7221459), (0.530068, -0.47563162, 0.701999), (0.529299, -0.4811204, 0.6988316), (0.5331063, -0.4395887, 0.72288275), (0.53525037, -0.43465647, 0.7242795), (0.53525037, -0.43465647, 0.7242795), (0.5331063, -0.4395887, 0.72288275), (0.540958, -0.4028523, 0.73829156), (0.54948, -0.39586642, 0.7357727), (0.5406138, -0.43155771, 0.7221459), (0.53525037, -0.43465647, 0.7242795), (0.54948, -0.39586642, 0.7357727), (0.57097507, -0.38423377, 0.7255011), (0.53574044, -0.4664794, 0.70383173), (0.5343071, -0.47300297, 0.7005598), (0.54652977, -0.42873964, 0.7193661), (0.55203927, -0.4226388, 0.7187692), (0.5343071, -0.47300297, 0.7005598), (0.5312841, -0.47522113, 0.7013573), (0.5406138, -0.43155771, 0.7221459), (0.54652977, -0.42873964, 0.7193661), (0.54652977, -0.42873964, 0.7193661), (0.5406138, -0.43155771, 0.7221459), (0.57097507, -0.38423377, 0.7255011), (0.5941604, -0.3732494, 0.7125015), (0.55203927, -0.4226388, 0.7187692), (0.54652977, -0.42873964, 0.7193661), (0.5941604, -0.3732494, 0.7125015), (0.6078479, -0.36622062, 0.70455885), (0.57097507, -0.38423377, 0.7255011), (0.54948, -0.39586642, 0.7357727), (0.58749396, -0.35178885, 0.72876287), (0.626598, -0.33082294, 0.70564234), (0.54948, -0.39586642, 0.7357727), (0.540958, -0.4028523, 0.73829156), (0.57088846, -0.35970724, 0.738036), (0.58749396, -0.35178885, 0.72876287), (0.58749396, -0.35178885, 0.72876287), (0.57088846, -0.35970724, 0.738036), (0.6186782, -0.31688902, 0.71890104), (0.6323246, -0.31243646, 0.708907), (0.626598, -0.33082294, 0.70564234), (0.58749396, -0.35178885, 0.72876287), (0.6323246, -0.31243646, 0.708907), (0.6641767, -0.2937345, 0.6874514), (0.6078479, -0.36622062, 0.70455885), (0.5941604, -0.3732494, 0.7125015), (0.6634745, -0.3083342, 0.6817123), (0.67647576, -0.30119473, 0.67205817), (0.5941604, -0.3732494, 0.7125015), (0.57097507, -0.38423377, 0.7255011), (0.626598, -0.33082294, 0.70564234), (0.6634745, -0.3083342, 0.6817123), (0.6634745, -0.3083342, 0.6817123), (0.626598, -0.33082294, 0.70564234), (0.6641767, -0.2937345, 0.6874514), (0.69142556, -0.26847905, 0.6707084), (0.67647576, -0.30119473, 0.67205817), (0.6634745, -0.3083342, 0.6817123), (0.69142556, -0.26847905, 0.6707084), (0.6986109, -0.25489843, 0.6685578), (0.6641767, -0.2937345, 0.6874514), (0.6323246, -0.31243646, 0.708907), (0.65253115, -0.28394115, 0.70255286), (0.66303533, -0.27089953, 0.6978521), (0.6323246, -0.31243646, 0.708907), (0.6186782, -0.31688902, 0.71890104), (0.6474541, -0.2858899, 0.70644903), (0.65253115, -0.28394115, 0.70255286), (0.65253115, -0.28394115, 0.70255286), (0.6474541, -0.2858899, 0.70644903), (0.64540535, -0.26297882, 0.71714306), (0.64194494, -0.25957513, 0.7214759), (0.66303533, -0.27089953, 0.6978521), (0.65253115, -0.28394115, 0.70255286), (0.64194494, -0.25957513, 0.7214759), (0.6318107, -0.24511056, 0.7353475), (0.6986109, -0.25489843, 0.6685578), (0.69142556, -0.26847905, 0.6707084), (0.668346, -0.24865991, 0.7010576), (0.6573013, -0.22949466, 0.71783507), (0.69142556, -0.26847905, 0.6707084), (0.6641767, -0.2937345, 0.6874514), (0.66303533, -0.27089953, 0.6978521), (0.668346, -0.24865991, 0.7010576), (0.668346, -0.24865991, 0.7010576), (0.66303533, -0.27089953, 0.6978521), (0.6318107, -0.24511056, 0.7353475), (0.6191237, -0.21723858, 0.7546478), (0.6573013, -0.22949466, 0.71783507), (0.668346, -0.24865991, 0.7010576), (0.6191237, -0.21723858, 0.7546478), (0.5951121, -0.181566, 0.78286356), (0.6318107, -0.24511056, 0.7353475), (0.64194494, -0.25957513, 0.7214759), (0.61215025, -0.23506717, 0.75499374), (0.58387953, -0.21363258, 0.7832278), (0.64194494, -0.25957513, 0.7214759), (0.64540535, -0.26297882, 0.71714306), (0.6228428, -0.24266031, 0.7437627), (0.61215025, -0.23506717, 0.75499374), (0.61215025, -0.23506717, 0.75499374), (0.6228428, -0.24266031, 0.7437627), (0.58773935, -0.21896958, 0.7788548), (0.5710143, -0.2079199, 0.7941738), (0.58387953, -0.21363258, 0.7832278), (0.61215025, -0.23506717, 0.75499374), (0.5710143, -0.2079199, 0.7941738), (0.5260882, -0.18033828, 0.83108926), (0.5951121, -0.181566, 0.78286356), (0.6191237, -0.21723858, 0.7546478), (0.5555883, -0.17303608, 0.81325287), (0.5229367, -0.1250399, 0.8431502), (0.6191237, -0.21723858, 0.7546478), (0.6318107, -0.24511056, 0.7353475), (0.58387953, -0.21363258, 0.7832278), (0.5555883, -0.17303608, 0.81325287), (0.5555883, -0.17303608, 0.81325287), (0.58387953, -0.21363258, 0.7832278), (0.5260882, -0.18033828, 0.83108926), (0.48360014, -0.12724249, 0.86599094), (0.5229367, -0.1250399, 0.8431502), (0.5555883, -0.17303608, 0.81325287), (0.48360014, -0.12724249, 0.86599094), (0.44366077, -0.07196029, 0.8933011), (0.44366077, -0.07196029, 0.8933011), (0.48360014, -0.12724249, 0.86599094), (0.4130203, -0.10070009, 0.9051374), (0.37448585, -0.0848521, 0.923342), (0.48360014, -0.12724249, 0.86599094), (0.5260882, -0.18033828, 0.83108926), (0.46739608, -0.14586085, 0.8719321), (0.4130203, -0.10070009, 0.9051374), (0.4130203, -0.10070009, 0.9051374), (0.46739608, -0.14586085, 0.8719321), (0.43019032, -0.112017, 0.89576143), (0.36696163, -0.11301697, 0.92334515), (0.37448585, -0.0848521, 0.923342), (0.4130203, -0.10070009, 0.9051374), (0.36696163, -0.11301697, 0.92334515), (0.33869943, -0.11703027, 0.933588), (0.5260882, -0.18033828, 0.83108926), (0.5710143, -0.2079199, 0.7941738), (0.5248453, -0.16481754, 0.8350884), (0.46739608, -0.14586085, 0.8719321), (0.5710143, -0.2079199, 0.7941738), (0.58773935, -0.21896958, 0.7788548), (0.5441852, -0.1686749, 0.821834), (0.5248453, -0.16481754, 0.8350884), (0.5248453, -0.16481754, 0.8350884), (0.5441852, -0.1686749, 0.821834), (0.502567, -0.07483654, 0.86129314), (0.48754066, -0.09381611, 0.8680453), (0.46739608, -0.14586085, 0.8719321), (0.5248453, -0.16481754, 0.8350884), (0.48754066, -0.09381611, 0.8680453), (0.43019032, -0.112017, 0.89576143), (0.43019032, -0.112017, 0.89576143), (0.48754066, -0.09381611, 0.8680453), (0.47707856, -0.011878326, 0.8787804), (0.43168363, -0.063496895, 0.89978737), (0.48754066, -0.09381611, 0.8680453), (0.502567, -0.07483654, 0.86129314), (0.48605743, 0.022912366, 0.87362653), (0.47707856, -0.011878326, 0.8787804), (0.47707856, -0.011878326, 0.8787804), (0.48605743, 0.022912366, 0.87362653), (0.50186235, 0.07748618, 0.86146975), (0.4952955, 0.047525506, 0.8674236), (0.43168363, -0.063496895, 0.89978737), (0.47707856, -0.011878326, 0.8787804), (0.4952955, 0.047525506, 0.8674236), (0.4634384, -0.005236355, 0.88611364), (0.33869943, -0.11703027, 0.933588), (0.36696163, -0.11301697, 0.92334515), (0.36714724, -0.10216365, 0.9245353), (0.33975863, -0.11541639, 0.9334041), (0.36696163, -0.11301697, 0.92334515), (0.43019032, -0.112017, 0.89576143), (0.43168363, -0.063496895, 0.89978737), (0.36714724, -0.10216365, 0.9245353), (0.36714724, -0.10216365, 0.9245353), (0.43168363, -0.063496895, 0.89978737), (0.4634384, -0.005236355, 0.88611364), (0.4096705, -0.05032525, 0.9108444), (0.33975863, -0.11541639, 0.9334041), (0.36714724, -0.10216365, 0.9245353), (0.4096705, -0.05032525, 0.9108444), (0.38006696, -0.07281283, 0.9220886), (0.38006696, -0.07281283, 0.9220886), (0.4096705, -0.05032525, 0.9108444), (0.4760815, -0.017161625, 0.87923366), (0.4498589, -0.037097573, 0.89232886), (0.4096705, -0.05032525, 0.9108444), (0.4634384, -0.005236355, 0.88611364), (0.50945944, 0.023769114, 0.86016625), (0.4760815, -0.017161625, 0.87923366), (0.4760815, -0.017161625, 0.87923366), (0.50945944, 0.023769114, 0.86016625), (0.5618974, -0.006510078, 0.82718134), (0.55007374, -0.047852106, 0.833744), (0.4498589, -0.037097573, 0.89232886), (0.4760815, -0.017161625, 0.87923366), (0.55007374, -0.047852106, 0.833744), (0.529564, -0.060472023, 0.8461118), (0.4634384, -0.005236355, 0.88611364), (0.4952955, 0.047525506, 0.8674236), (0.52663857, 0.060707405, 0.8479189), (0.50945944, 0.023769114, 0.86016625), (0.4952955, 0.047525506, 0.8674236), (0.50186235, 0.07748618, 0.86146975), (0.5318068, 0.074689455, 0.84356564), (0.52663857, 0.060707405, 0.8479189), (0.52663857, 0.060707405, 0.8479189), (0.5318068, 0.074689455, 0.84356564), (0.56442916, 0.030892352, 0.8249033), (0.56261134, 0.025212439, 0.826337), (0.50945944, 0.023769114, 0.86016625), (0.52663857, 0.060707405, 0.8479189), (0.56261134, 0.025212439, 0.826337), (0.5618974, -0.006510078, 0.82718134), (-0.34112686, -0.18215959, 0.92219865), (-0.32243067, -0.14226091, 0.935842), (-0.29023194, -0.057421815, 0.95523196), (-0.31144735, -0.08184558, 0.9467322), (-0.32243067, -0.14226091, 0.935842), (-0.2705211, -0.073249765, 0.9599233), (-0.2354139, -0.002898413, 0.9718909), (-0.29023194, -0.057421815, 0.95523196), (-0.29023194, -0.057421815, 0.95523196), (-0.2354139, -0.002898413, 0.9718909), (-0.21470828, 0.050137836, 0.97539043), (-0.27712548, 0.027911868, 0.96042824), (-0.31144735, -0.08184558, 0.9467322), (-0.29023194, -0.057421815, 0.95523196), (-0.27712548, 0.027911868, 0.96042824), (-0.30185813, 0.019100681, 0.95316154), (-0.30185813, 0.019100681, 0.95316154), (-0.27712548, 0.027911868, 0.96042824), (-0.28109795, 0.111428134, 0.9531882), (-0.30564615, 0.11088422, 0.9456665), (-0.27712548, 0.027911868, 0.96042824), (-0.21470828, 0.050137836, 0.97539043), (-0.21571027, 0.104335256, 0.9708673), (-0.28109795, 0.111428134, 0.9531882), (-0.28109795, 0.111428134, 0.9531882), (-0.21571027, 0.104335256, 0.9708673), (-0.23554452, 0.16835698, 0.9571701), (-0.29315493, 0.18612163, 0.9377734), (-0.30564615, 0.11088422, 0.9456665), (-0.28109795, 0.111428134, 0.9531882), (-0.29315493, 0.18612163, 0.9377734), (-0.31335753, 0.18726857, 0.9309874), (-0.21470828, 0.050137836, 0.97539043), (-0.1591628, 0.07906568, 0.9840812), (-0.15332998, 0.10055216, 0.9830459), (-0.21571027, 0.104335256, 0.9708673), (-0.1591628, 0.07906568, 0.9840812), (-0.14109695, 0.09365701, 0.98555565), (-0.13209975, 0.09997916, 0.9861814), (-0.15332998, 0.10055216, 0.9830459), (-0.15332998, 0.10055216, 0.9830459), (-0.13209975, 0.09997916, 0.9861814), (-0.14592932, 0.12755889, 0.98103684), (-0.1740995, 0.14424752, 0.9741058), (-0.21571027, 0.104335256, 0.9708673), (-0.15332998, 0.10055216, 0.9830459), (-0.1740995, 0.14424752, 0.9741058), (-0.23554452, 0.16835698, 0.9571701), (-0.2705211, -0.073249765, 0.9599233), (-0.21875827, -0.023485724, 0.97549635), (-0.1853665, 0.05077092, 0.9813569), (-0.2354139, -0.002898413, 0.9718909), (-0.21875827, -0.023485724, 0.97549635), (-0.19720349, 0.010296376, 0.9803085), (-0.16570443, 0.08040598, 0.98289204), (-0.1853665, 0.05077092, 0.9813569), (-0.1853665, 0.05077092, 0.9813569), (-0.16570443, 0.08040598, 0.98289204), (-0.14109695, 0.09365701, 0.98555565), (-0.1591628, 0.07906568, 0.9840812), (-0.2354139, -0.002898413, 0.9718909), (-0.1853665, 0.05077092, 0.9813569), (-0.1591628, 0.07906568, 0.9840812), (-0.21470828, 0.050137836, 0.97539043), (-0.3466453, -0.24195164, 0.9062541), (-0.28536004, -0.22401999, 0.9318716), (-0.2495951, -0.12630977, 0.96007717), (-0.30845, -0.15645234, 0.9382863), (-0.28536004, -0.22401999, 0.9318716), (-0.2555695, -0.20177789, 0.94549984), (-0.22559133, -0.10298337, 0.96876365), (-0.2495951, -0.12630977, 0.96007717), (-0.2495951, -0.12630977, 0.96007717), (-0.22559133, -0.10298337, 0.96876365), (-0.19720349, 0.010296376, 0.9803085), (-0.21875827, -0.023485724, 0.97549635), (-0.30845, -0.15645234, 0.9382863), (-0.2495951, -0.12630977, 0.96007717), (-0.21875827, -0.023485724, 0.97549635), (-0.2705211, -0.073249765, 0.9599233), (-0.4234385, -0.38165867, 0.82160604), (-0.38635224, -0.38590866, 0.8377389), (-0.3360859, -0.3048335, 0.89113575), (-0.3883921, -0.3141274, 0.8662999), (-0.38635224, -0.38590866, 0.8377389), (-0.35800895, -0.3512125, 0.865147), (-0.300556, -0.27792218, 0.91237354), (-0.3360859, -0.3048335, 0.89113575), (-0.3360859, -0.3048335, 0.89113575), (-0.300556, -0.27792218, 0.91237354), (-0.2555695, -0.20177789, 0.94549984), (-0.28536004, -0.22401999, 0.9318716), (-0.3883921, -0.3141274, 0.8662999), (-0.3360859, -0.3048335, 0.89113575), (-0.28536004, -0.22401999, 0.9318716), (-0.3466453, -0.24195164, 0.9062541), (-0.42957214, -0.30197135, 0.85104704), (-0.4066752, -0.27489242, 0.8712345), (-0.36567703, -0.21569687, 0.9054033), (-0.3863695, -0.2568379, 0.8858628), (-0.4066752, -0.27489242, 0.8712345), (-0.3466453, -0.24195164, 0.9062541), (-0.30845, -0.15645234, 0.9382863), (-0.36567703, -0.21569687, 0.9054033), (-0.36567703, -0.21569687, 0.9054033), (-0.30845, -0.15645234, 0.9382863), (-0.2705211, -0.073249765, 0.9599233), (-0.32243067, -0.14226091, 0.935842), (-0.3863695, -0.2568379, 0.8858628), (-0.36567703, -0.21569687, 0.9054033), (-0.32243067, -0.14226091, 0.935842), (-0.34112686, -0.18215959, 0.92219865), (-0.47911483, -0.38046643, 0.7910084), (-0.4627091, -0.37728047, 0.8022218), (-0.43997893, -0.3245244, 0.8373186), (-0.46078816, -0.3374622, 0.82084936), (-0.4627091, -0.37728047, 0.8022218), (-0.4234385, -0.38165867, 0.82160604), (-0.3883921, -0.3141274, 0.8662999), (-0.43997893, -0.3245244, 0.8373186), (-0.43997893, -0.3245244, 0.8373186), (-0.3883921, -0.3141274, 0.8662999), (-0.3466453, -0.24195164, 0.9062541), (-0.4066752, -0.27489242, 0.8712345), (-0.46078816, -0.3374622, 0.82084936), (-0.43997893, -0.3245244, 0.8373186), (-0.4066752, -0.27489242, 0.8712345), (-0.42957214, -0.30197135, 0.85104704), (-0.4361604, -0.52542365, 0.73054373), (-0.427367, -0.5331688, 0.730129), (-0.41715622, -0.46649852, 0.7799743), (-0.44090444, -0.45458293, 0.7739235), (-0.427367, -0.5331688, 0.730129), (-0.42295235, -0.5281607, 0.73631346), (-0.4027684, -0.4469436, 0.798761), (-0.41715622, -0.46649852, 0.7799743), (-0.41715622, -0.46649852, 0.7799743), (-0.4027684, -0.4469436, 0.798761), (-0.35800895, -0.3512125, 0.865147), (-0.38635224, -0.38590866, 0.8377389), (-0.44090444, -0.45458293, 0.7739235), (-0.41715622, -0.46649852, 0.7799743), (-0.38635224, -0.38590866, 0.8377389), (-0.4234385, -0.38165867, 0.82160604), (-0.4512406, -0.51131165, 0.73139757), (-0.44634637, -0.5163726, 0.7308449), (-0.4677672, -0.44236535, 0.7651841), (-0.4785192, -0.43966332, 0.7600759), (-0.44634637, -0.5163726, 0.7308449), (-0.4361604, -0.52542365, 0.73054373), (-0.44090444, -0.45458293, 0.7739235), (-0.4677672, -0.44236535, 0.7651841), (-0.4677672, -0.44236535, 0.7651841), (-0.44090444, -0.45458293, 0.7739235), (-0.4234385, -0.38165867, 0.82160604), (-0.4627091, -0.37728047, 0.8022218), (-0.4785192, -0.43966332, 0.7600759), (-0.4677672, -0.44236535, 0.7651841), (-0.4627091, -0.37728047, 0.8022218), (-0.47911483, -0.38046643, 0.7910084), (-0.33828023, -0.68207234, 0.64833933), (-0.346684, -0.6850082, 0.64076036), (-0.40872583, -0.6057636, 0.68263733), (-0.4026445, -0.60201895, 0.6895292), (-0.346684, -0.6850082, 0.64076036), (-0.35046652, -0.68617624, 0.6374444), (-0.4114125, -0.6075571, 0.67942184), (-0.40872583, -0.6057636, 0.68263733), (-0.40872583, -0.6057636, 0.68263733), (-0.4114125, -0.6075571, 0.67942184), (-0.42295235, -0.5281607, 0.73631346), (-0.427367, -0.5331688, 0.730129), (-0.4026445, -0.60201895, 0.6895292), (-0.40872583, -0.6057636, 0.68263733), (-0.427367, -0.5331688, 0.730129), (-0.4361604, -0.52542365, 0.73054373), (-0.32511216, -0.68064195, 0.6565277), (-0.32963628, -0.67996985, 0.6549663), (-0.3968027, -0.5984392, 0.6960015), (-0.39669666, -0.5939908, 0.69986194), (-0.32963628, -0.67996985, 0.6549663), (-0.33828023, -0.68207234, 0.64833933), (-0.4026445, -0.60201895, 0.6895292), (-0.3968027, -0.5984392, 0.6960015), (-0.3968027, -0.5984392, 0.6960015), (-0.4026445, -0.60201895, 0.6895292), (-0.4361604, -0.52542365, 0.73054373), (-0.44634637, -0.5163726, 0.7308449), (-0.39669666, -0.5939908, 0.69986194), (-0.3968027, -0.5984392, 0.6960015), (-0.44634637, -0.5163726, 0.7308449), (-0.4512406, -0.51131165, 0.73139757), (-0.2129003, -0.80516124, 0.55352414), (-0.21788995, -0.80521774, 0.55149645), (-0.271523, -0.7486023, 0.60487187), (-0.26892966, -0.74765533, 0.60719717), (-0.21788995, -0.80521774, 0.55149645), (-0.22356533, -0.80164295, 0.554425), (-0.27575946, -0.7463599, 0.6057257), (-0.271523, -0.7486023, 0.60487187), (-0.271523, -0.7486023, 0.60487187), (-0.27575946, -0.7463599, 0.6057257), (-0.35046652, -0.68617624, 0.6374444), (-0.346684, -0.6850082, 0.64076036), (-0.26892966, -0.74765533, 0.60719717), (-0.271523, -0.7486023, 0.60487187), (-0.346684, -0.6850082, 0.64076036), (-0.33828023, -0.68207234, 0.64833933), (-0.20818365, -0.8090188, 0.54968), (-0.2117617, -0.8052548, 0.55382454), (-0.26631933, -0.747014, 0.60913396), (-0.2624053, -0.7501476, 0.6069778), (-0.2117617, -0.8052548, 0.55382454), (-0.2129003, -0.80516124, 0.55352414), (-0.26892966, -0.74765533, 0.60719717), (-0.26631933, -0.747014, 0.60913396), (-0.26631933, -0.747014, 0.60913396), (-0.26892966, -0.74765533, 0.60719717), (-0.33828023, -0.68207234, 0.64833933), (-0.32963628, -0.67996985, 0.6549663), (-0.2624053, -0.7501476, 0.6069778), (-0.26631933, -0.747014, 0.60913396), (-0.32963628, -0.67996985, 0.6549663), (-0.32511216, -0.68064195, 0.6565277), (-0.15289685, -0.8631074, 0.48131928), (-0.15630294, -0.8632398, 0.47998586), (-0.18158138, -0.8504901, 0.49365458), (-0.16922753, -0.8486421, 0.5011672), (-0.15630294, -0.8632398, 0.47998586), (-0.18334565, -0.86471933, 0.46759477), (-0.19666435, -0.84237057, 0.50173193), (-0.18158138, -0.8504901, 0.49365458), (-0.18158138, -0.8504901, 0.49365458), (-0.19666435, -0.84237057, 0.50173193), (-0.22356533, -0.80164295, 0.554425), (-0.21788995, -0.80521774, 0.55149645), (-0.16922753, -0.8486421, 0.5011672), (-0.18158138, -0.8504901, 0.49365458), (-0.21788995, -0.80521774, 0.55149645), (-0.2129003, -0.80516124, 0.55352414), (-0.15264843, -0.86337465, 0.4809186), (-0.15242134, -0.86325645, 0.48120275), (-0.16856395, -0.84828806, 0.50198954), (-0.16668019, -0.85036916, 0.49908927), (-0.15242134, -0.86325645, 0.48120275), (-0.15289685, -0.8631074, 0.48131928), (-0.16922753, -0.8486421, 0.5011672), (-0.16856395, -0.84828806, 0.50198954), (-0.16856395, -0.84828806, 0.50198954), (-0.16922753, -0.8486421, 0.5011672), (-0.2129003, -0.80516124, 0.55352414), (-0.2117617, -0.8052548, 0.55382454), (-0.16668019, -0.85036916, 0.49908927), (-0.16856395, -0.84828806, 0.50198954), (-0.2117617, -0.8052548, 0.55382454), (-0.20818365, -0.8090188, 0.54968), (-0.23554452, 0.16835698, 0.9571701), (-0.1740995, 0.14424752, 0.9741058), (-0.21948506, 0.18232606, 0.9584276), (-0.26661333, 0.21540849, 0.9394235), (-0.1740995, 0.14424752, 0.9741058), (-0.14592932, 0.12755889, 0.98103684), (-0.18293428, 0.15945153, 0.9701084), (-0.21948506, 0.18232606, 0.9584276), (-0.21948506, 0.18232606, 0.9584276), (-0.18293428, 0.15945153, 0.9701084), (-0.22543442, 0.17370354, 0.95864826), (-0.2564928, 0.2043787, 0.9446909), (-0.26661333, 0.21540849, 0.9394235), (-0.21948506, 0.18232606, 0.9584276), (-0.2564928, 0.2043787, 0.9446909), (-0.2850318, 0.23056711, 0.9303739), (-0.31335753, 0.18726857, 0.9309874), (-0.29315493, 0.18612163, 0.9377734), (-0.30312192, 0.23269655, 0.92410463), (-0.316006, 0.23408927, 0.9194251), (-0.29315493, 0.18612163, 0.9377734), (-0.23554452, 0.16835698, 0.9571701), (-0.26661333, 0.21540849, 0.9394235), (-0.30312192, 0.23269655, 0.92410463), (-0.30312192, 0.23269655, 0.92410463), (-0.26661333, 0.21540849, 0.9394235), (-0.2850318, 0.23056711, 0.9303739), (-0.30660337, 0.2462664, 0.91942763), (-0.316006, 0.23408927, 0.9194251), (-0.30312192, 0.23269655, 0.92410463), (-0.30660337, 0.2462664, 0.91942763), (-0.3142104, 0.24883741, 0.9161614), (0.5618974, -0.006510078, 0.82718134), (0.56261134, 0.025212439, 0.826337), (0.6077877, -0.029627828, 0.79354656), (0.6200096, -0.072613396, 0.7812268), (0.56261134, 0.025212439, 0.826337), (0.56442916, 0.030892352, 0.8249033), (0.6062593, -0.016813902, 0.7950893), (0.6077877, -0.029627828, 0.79354656), (0.6077877, -0.029627828, 0.79354656), (0.6062593, -0.016813902, 0.7950893), (0.6174776, -0.027828176, 0.78609604), (0.62204874, -0.036366083, 0.7821336), (0.6200096, -0.072613396, 0.7812268), (0.6077877, -0.029627828, 0.79354656), (0.62204874, -0.036366083, 0.7821336), (0.6459769, -0.08828381, 0.7582347), (0.529564, -0.060472023, 0.8461118), (0.55007374, -0.047852106, 0.833744), (0.6172438, -0.11414425, 0.77844787), (0.5973544, -0.12009138, 0.7929349), (0.55007374, -0.047852106, 0.833744), (0.5618974, -0.006510078, 0.82718134), (0.6200096, -0.072613396, 0.7812268), (0.6172438, -0.11414425, 0.77844787), (0.6172438, -0.11414425, 0.77844787), (0.6200096, -0.072613396, 0.7812268), (0.6459769, -0.08828381, 0.7582347), (0.65525186, -0.14066991, 0.7421974), (0.5973544, -0.12009138, 0.7929349), (0.6172438, -0.11414425, 0.77844787), (0.65525186, -0.14066991, 0.7421974), (0.64272237, -0.16827415, 0.74739003), (-0.40385422, 0.7548813, 0.5167745), (-0.16330199, 0.8052717, 0.5699736), (-0.16937649, 0.808919, 0.5629935), (-0.39947224, 0.75823474, 0.5152689), (-0.16330199, 0.8052717, 0.5699736), (0.023245892, 0.77650857, 0.6296778), (-0.0088901995, 0.7876344, 0.6160787), (-0.16937649, 0.808919, 0.5629935), (-0.16937649, 0.808919, 0.5629935), (-0.0088901995, 0.7876344, 0.6160787), (-0.07348217, 0.8077198, 0.5849693), (-0.2172695, 0.819993, 0.52953315), (-0.39947224, 0.75823474, 0.5152689), (-0.16937649, 0.808919, 0.5629935), (-0.2172695, 0.819993, 0.52953315), (-0.4071637, 0.7601919, 0.5062864), (-0.4071637, 0.7601919, 0.5062864), (-0.512741, 0.6711338, 0.5354213), (-0.52026576, 0.677192, 0.52032155), (-0.39947224, 0.75823474, 0.5152689), (-0.512741, 0.6711338, 0.5354213), (-0.6086667, 0.58425665, 0.5368136), (-0.6112328, 0.6019627, 0.5138438), (-0.52026576, 0.677192, 0.52032155), (-0.52026576, 0.677192, 0.52032155), (-0.6112328, 0.6019627, 0.5138438), (-0.6137071, 0.6064168, 0.505591), (-0.5237572, 0.67836887, 0.5152612), (-0.39947224, 0.75823474, 0.5152689), (-0.52026576, 0.677192, 0.52032155), (-0.5237572, 0.67836887, 0.5152612), (-0.40385422, 0.7548813, 0.5167745), (0.023245892, 0.77650857, 0.6296778), (0.046608087, 0.7526594, 0.65675837), (0.029663274, 0.7590189, 0.65039253), (-0.0088901995, 0.7876344, 0.6160787), (0.046608087, 0.7526594, 0.65675837), (0.08929427, 0.74389946, 0.66229904), (0.07498215, 0.7471386, 0.6604253), (0.029663274, 0.7590189, 0.65039253), (0.029663274, 0.7590189, 0.65039253), (0.07498215, 0.7471386, 0.6604253), (0.055936355, 0.7540469, 0.6544344), (-0.008730011, 0.7706581, 0.63718903), (-0.0088901995, 0.7876344, 0.6160787), (0.029663274, 0.7590189, 0.65039253), (-0.008730011, 0.7706581, 0.63718903), (-0.07348217, 0.8077198, 0.5849693), (0.08929427, 0.74389946, 0.66229904), (0.10497877, 0.74386513, 0.66003346), (0.10772707, 0.74599415, 0.6571815), (0.07498215, 0.7471386, 0.6604253), (0.10497877, 0.74386513, 0.66003346), (0.083073795, 0.7538004, 0.6518311), (0.09264957, 0.7588931, 0.6445909), (0.10772707, 0.74599415, 0.6571815), (0.10772707, 0.74599415, 0.6571815), (0.09264957, 0.7588931, 0.6445909), (0.12020888, 0.7699191, 0.6267172), (0.109180994, 0.7550315, 0.64653456), (0.07498215, 0.7471386, 0.6604253), (0.10772707, 0.74599415, 0.6571815), (0.109180994, 0.7550315, 0.64653456), (0.055936355, 0.7540469, 0.6544344), (0.055936355, 0.7540469, 0.6544344), (0.109180994, 0.7550315, 0.64653456), (0.09800348, 0.76708174, 0.63401955), (0.027156223, 0.7590888, 0.6504205), (0.109180994, 0.7550315, 0.64653456), (0.12020888, 0.7699191, 0.6267172), (0.12926503, 0.7832117, 0.6081694), (0.09800348, 0.76708174, 0.63401955), (0.09800348, 0.76708174, 0.63401955), (0.12926503, 0.7832117, 0.6081694), (0.12880552, 0.79006976, 0.5993321), (0.09007437, 0.77298075, 0.62800264), (0.027156223, 0.7590888, 0.6504205), (0.09800348, 0.76708174, 0.63401955), (0.09007437, 0.77298075, 0.62800264), (0.0118037835, 0.75967205, 0.65019923), (-0.07348217, 0.8077198, 0.5849693), (-0.008730011, 0.7706581, 0.63718903), (-0.060907092, 0.77683574, 0.6267508), (-0.14920917, 0.8227856, 0.5484163), (-0.008730011, 0.7706581, 0.63718903), (0.055936355, 0.7540469, 0.6544344), (0.027156223, 0.7590888, 0.6504205), (-0.060907092, 0.77683574, 0.6267508), (-0.060907092, 0.77683574, 0.6267508), (0.027156223, 0.7590888, 0.6504205), (0.0118037835, 0.75967205, 0.65019923), (-0.086235896, 0.7748523, 0.6262326), (-0.14920917, 0.8227856, 0.5484163), (-0.060907092, 0.77683574, 0.6267508), (-0.086235896, 0.7748523, 0.6262326), (-0.18187085, 0.82213044, 0.53946686), (0.69167984, -0.032867514, 0.7214561), (0.73000956, 0.04911493, 0.6816699), (0.7234784, 0.06649317, 0.68713725), (0.6894304, -0.012841662, 0.7242381), (0.73000956, 0.04911493, 0.6816699), (0.761218, 0.10500948, 0.63993764), (0.7517876, 0.1200857, 0.6483786), (0.7234784, 0.06649317, 0.68713725), (0.7234784, 0.06649317, 0.68713725), (0.7517876, 0.1200857, 0.6483786), (0.7280581, 0.15057027, 0.66877496), (0.7077463, 0.10334481, 0.6988669), (0.6894304, -0.012841662, 0.7242381), (0.7234784, 0.06649317, 0.68713725), (0.7077463, 0.10334481, 0.6988669), (0.68181616, 0.02749053, 0.73100686), (0.7104583, -0.21162108, 0.67116725), (0.67937696, -0.120218, 0.72387475), (0.6799437, -0.09285848, 0.7273609), (0.7122009, -0.17756209, 0.6791477), (0.67937696, -0.120218, 0.72387475), (0.69167984, -0.032867514, 0.7214561), (0.6894304, -0.012841662, 0.7242381), (0.6799437, -0.09285848, 0.7273609), (0.6799437, -0.09285848, 0.7273609), (0.6894304, -0.012841662, 0.7242381), (0.68181616, 0.02749053, 0.73100686), (0.67347157, -0.03951808, 0.7381561), (0.7122009, -0.17756209, 0.6791477), (0.6799437, -0.09285848, 0.7273609), (0.67347157, -0.03951808, 0.7381561), (0.7038993, -0.099025995, 0.7033631), (0.7038993, -0.099025995, 0.7033631), (0.67347157, -0.03951808, 0.7381561), (0.66753703, -0.0040737544, 0.7445655), (0.69570005, -0.037857644, 0.7173341), (0.67347157, -0.03951808, 0.7381561), (0.68181616, 0.02749053, 0.73100686), (0.6760711, 0.058088712, 0.73454314), (0.66753703, -0.0040737544, 0.7445655), (0.66753703, -0.0040737544, 0.7445655), (0.6760711, 0.058088712, 0.73454314), (0.6829026, 0.09543834, 0.72424835), (0.6651798, 0.016864512, 0.74649274), (0.69570005, -0.037857644, 0.7173341), (0.66753703, -0.0040737544, 0.7445655), (0.6651798, 0.016864512, 0.74649274), (0.68765527, -0.0110949455, 0.7259525), (0.68181616, 0.02749053, 0.73100686), (0.7077463, 0.10334481, 0.6988669), (0.6951067, 0.13360664, 0.70638233), (0.6760711, 0.058088712, 0.73454314), (0.7077463, 0.10334481, 0.6988669), (0.7280581, 0.15057027, 0.66877496), (0.7047453, 0.16679731, 0.68957436), (0.6951067, 0.13360664, 0.70638233), (0.6951067, 0.13360664, 0.70638233), (0.7047453, 0.16679731, 0.68957436), (0.6962084, 0.16752735, 0.6980175), (0.69346714, 0.1535252, 0.7039413), (0.6760711, 0.058088712, 0.73454314), (0.6951067, 0.13360664, 0.70638233), (0.69346714, 0.1535252, 0.7039413), (0.6829026, 0.09543834, 0.72424835), (0.5807297, -0.49351734, 0.6474516), (0.69362175, -0.26365826, 0.670353), (0.6918014, -0.21073827, 0.690652), (0.5851258, -0.47631797, 0.65631473), (0.69362175, -0.26365826, 0.670353), (0.7038993, -0.099025995, 0.7033631), (0.69570005, -0.037857644, 0.7173341), (0.6918014, -0.21073827, 0.690652), (0.6918014, -0.21073827, 0.690652), (0.69570005, -0.037857644, 0.7173341), (0.68765527, -0.0110949455, 0.7259525), (0.69595116, -0.17838506, 0.69557947), (0.5851258, -0.47631797, 0.65631473), (0.6918014, -0.21073827, 0.690652), (0.69595116, -0.17838506, 0.69557947), (0.5855048, -0.47400844, 0.65764743), (0.5855048, -0.47400844, 0.65764743), (0.45560935, -0.6575742, 0.6000135), (0.45240033, -0.6559273, 0.6042295), (0.5851258, -0.47631797, 0.65631473), (0.45560935, -0.6575742, 0.6000135), (0.32145196, -0.80854446, 0.4928738), (0.31604892, -0.8057169, 0.50093246), (0.45240033, -0.6559273, 0.6042295), (0.45240033, -0.6559273, 0.6042295), (0.31604892, -0.8057169, 0.50093246), (0.29596093, -0.80138904, 0.5197911), (0.44259065, -0.6523005, 0.615319), (0.5851258, -0.47631797, 0.65631473), (0.45240033, -0.6559273, 0.6042295), (0.44259065, -0.6523005, 0.615319), (0.5807297, -0.49351734, 0.6474516), (0.15469171, -0.95090425, 0.26805145), (0.15148178, -0.95859164, 0.24115404), (0.14142127, -0.95881194, 0.2463326), (0.14346561, -0.9515444, 0.2719941), (0.15148178, -0.95859164, 0.24115404), (0.15369067, -0.9601212, 0.233552), (0.1345732, -0.9594928, 0.24751474), (0.14142127, -0.95881194, 0.2463326), (0.14142127, -0.95881194, 0.2463326), (0.1345732, -0.9594928, 0.24751474), (0.10731879, -0.95749146, 0.26775524), (0.11148213, -0.9568657, 0.26829046), (0.14346561, -0.9515444, 0.2719941), (0.14142127, -0.95881194, 0.2463326), (0.11148213, -0.9568657, 0.26829046), (0.11374471, -0.9493964, 0.29276025), (0.11374471, -0.9493964, 0.29276025), (0.11148213, -0.9568657, 0.26829046), (0.079011895, -0.9532455, 0.29168513), (0.08144807, -0.9454712, 0.3153574), (0.11148213, -0.9568657, 0.26829046), (0.10731879, -0.95749146, 0.26775524), (0.07872982, -0.95425004, 0.28845862), (0.079011895, -0.9532455, 0.29168513), (0.079011895, -0.9532455, 0.29168513), (0.07872982, -0.95425004, 0.28845862), (0.06792374, -0.95273155, 0.2961231), (0.06603316, -0.9515866, 0.30020416), (0.08144807, -0.9454712, 0.3153574), (0.079011895, -0.9532455, 0.29168513), (0.06603316, -0.9515866, 0.30020416), (0.067400955, -0.94441444, 0.32177407), (-0.76023066, 0.44659767, 0.47180504), (-0.771422, 0.44316408, 0.45663297), (-0.76744145, 0.45776215, 0.4488736), (-0.7557007, 0.46135268, 0.46483344), (-0.771422, 0.44316408, 0.45663297), (-0.7734214, 0.4431601, 0.45324206), (-0.7700092, 0.4564065, 0.44584623), (-0.76744145, 0.45776215, 0.4488736), (-0.76744145, 0.45776215, 0.4488736), (-0.7700092, 0.4564065, 0.44584623), (-0.7610188, 0.48792544, 0.42752692), (-0.7574073, 0.4928955, 0.42823842), (-0.7557007, 0.46135268, 0.46483344), (-0.76744145, 0.45776215, 0.4488736), (-0.7574073, 0.4928955, 0.42823842), (-0.7464098, 0.49575496, 0.44395876), (-0.7464098, 0.49575496, 0.44395876), (-0.7574073, 0.4928955, 0.42823842), (-0.74686664, 0.5247174, 0.40848732), (-0.7367238, 0.52645123, 0.42436677), (-0.7574073, 0.4928955, 0.42823842), (-0.7610188, 0.48792544, 0.42752692), (-0.75190717, 0.51597005, 0.41037837), (-0.74686664, 0.5247174, 0.40848732), (-0.74686664, 0.5247174, 0.40848732), (-0.75190717, 0.51597005, 0.41037837), (-0.744385, 0.53643847, 0.3976491), (-0.74197084, 0.53567773, 0.40314835), (-0.7367238, 0.52645123, 0.42436677), (-0.74686664, 0.5247174, 0.40848732), (-0.74197084, 0.53567773, 0.40314835), (-0.7321242, 0.53713864, 0.41889885), (-0.41682327, 0.7669047, 0.4879708), (-0.49879077, 0.66250145, 0.5588377), (-0.5036763, 0.6645407, 0.5519926), (-0.41490418, 0.7638786, 0.4943116), (-0.49879077, 0.66250145, 0.5588377), (-0.6025436, 0.55505973, 0.5734543), (-0.60506284, 0.563583, 0.5623817), (-0.5036763, 0.6645407, 0.5519926), (-0.5036763, 0.6645407, 0.5519926), (-0.60506284, 0.563583, 0.5623817), (-0.6086667, 0.58425665, 0.5368136), (-0.512741, 0.6711338, 0.5354213), (-0.41490418, 0.7638786, 0.4943116), (-0.5036763, 0.6645407, 0.5519926), (-0.512741, 0.6711338, 0.5354213), (-0.4071637, 0.7601919, 0.5062864), (0.5807297, -0.49351734, 0.6474516), (0.44259065, -0.6523005, 0.615319), (0.43286392, -0.6472146, 0.6274887), (0.5789387, -0.5120578, 0.63452876), (0.44259065, -0.6523005, 0.615319), (0.29596093, -0.80138904, 0.5197911), (0.27411675, -0.7952933, 0.54071134), (0.43286392, -0.6472146, 0.6274887), (0.43286392, -0.6472146, 0.6274887), (0.27411675, -0.7952933, 0.54071134), (0.26478854, -0.7923892, 0.5495512), (0.42911145, -0.6447602, 0.6325723), (0.5789387, -0.5120578, 0.63452876), (0.43286392, -0.6472146, 0.6274887), (0.42911145, -0.6447602, 0.6325723), (0.5792001, -0.51969385, 0.628049), (0.5792001, -0.51969385, 0.628049), (0.69934607, -0.35777196, 0.61880064), (0.6968522, -0.32996857, 0.63680273), (0.5789387, -0.5120578, 0.63452876), (0.69934607, -0.35777196, 0.61880064), (0.7104583, -0.21162108, 0.67116725), (0.7122009, -0.17756209, 0.6791477), (0.6968522, -0.32996857, 0.63680273), (0.6968522, -0.32996857, 0.63680273), (0.7122009, -0.17756209, 0.6791477), (0.7038993, -0.099025995, 0.7033631), (0.69362175, -0.26365826, 0.670353), (0.5789387, -0.5120578, 0.63452876), (0.6968522, -0.32996857, 0.63680273), (0.69362175, -0.26365826, 0.670353), (0.5807297, -0.49351734, 0.6474516), (-0.4071637, 0.7601919, 0.5062864), (-0.2172695, 0.819993, 0.52953315), (-0.27616054, 0.83085436, 0.48313177), (-0.41490418, 0.7638786, 0.4943116), (-0.2172695, 0.819993, 0.52953315), (-0.07348217, 0.8077198, 0.5849693), (-0.14920917, 0.8227856, 0.5484163), (-0.27616054, 0.83085436, 0.48313177), (-0.27616054, 0.83085436, 0.48313177), (-0.14920917, 0.8227856, 0.5484163), (-0.18187085, 0.82213044, 0.53946686), (-0.29952493, 0.83506775, 0.4614615), (-0.41490418, 0.7638786, 0.4943116), (-0.27616054, 0.83085436, 0.48313177), (-0.29952493, 0.83506775, 0.4614615), (-0.41682327, 0.7669047, 0.4879708), (0.7807733, 0.17062373, 0.60106623), (0.74259514, 0.115379125, 0.6597273), (0.71742624, 0.15579541, 0.67898995), (0.74969846, 0.17119655, 0.63925266), (0.74259514, 0.115379125, 0.6597273), (0.72163695, 0.09218591, 0.6861063), (0.7043838, 0.13947448, 0.6959816), (0.71742624, 0.15579541, 0.67898995), (0.71742624, 0.15579541, 0.67898995), (0.7043838, 0.13947448, 0.6959816), (0.6962084, 0.16752735, 0.6980175), (0.7047453, 0.16679731, 0.68957436), (0.74969846, 0.17119655, 0.63925266), (0.71742624, 0.15579541, 0.67898995), (0.7047453, 0.16679731, 0.68957436), (0.7280581, 0.15057027, 0.66877496), (0.8882904, 0.23857848, 0.39245445), (0.869307, 0.22009414, 0.44256508), (0.79521257, 0.1251472, 0.59327495), (0.82998914, 0.18596084, 0.5258674), (0.869307, 0.22009414, 0.44256508), (0.83381075, 0.14905906, 0.53154594), (0.7586926, 0.067463085, 0.6479462), (0.79521257, 0.1251472, 0.59327495), (0.79521257, 0.1251472, 0.59327495), (0.7586926, 0.067463085, 0.6479462), (0.72163695, 0.09218591, 0.6861063), (0.74259514, 0.115379125, 0.6597273), (0.82998914, 0.18596084, 0.5258674), (0.79521257, 0.1251472, 0.59327495), (0.74259514, 0.115379125, 0.6597273), (0.7807733, 0.17062373, 0.60106623), (0.9475604, 0.26488894, 0.17878231), (0.9438704, 0.28826672, 0.16127923), (0.9148964, 0.29114372, 0.27964252), (0.92639744, 0.27130768, 0.26111302), (0.9438704, 0.28826672, 0.16127923), (0.93692803, 0.30133963, 0.17708822), (0.9015972, 0.28174078, 0.32824495), (0.9148964, 0.29114372, 0.27964252), (0.9148964, 0.29114372, 0.27964252), (0.9015972, 0.28174078, 0.32824495), (0.83381075, 0.14905906, 0.53154594), (0.869307, 0.22009414, 0.44256508), (0.92639744, 0.27130768, 0.26111302), (0.9148964, 0.29114372, 0.27964252), (0.869307, 0.22009414, 0.44256508), (0.8882904, 0.23857848, 0.39245445), (0.9224168, 0.24353252, 0.29973176), (0.9526429, 0.2395714, 0.18728851), (0.94353855, 0.24561147, 0.2222836), (0.9097415, 0.24055079, 0.3383869), (0.9526429, 0.2395714, 0.18728851), (0.9705575, 0.2164632, 0.10564944), (0.96246225, 0.23608588, 0.13390252), (0.94353855, 0.24561147, 0.2222836), (0.94353855, 0.24561147, 0.2222836), (0.96246225, 0.23608588, 0.13390252), (0.9475604, 0.26488894, 0.17878231), (0.92639744, 0.27130768, 0.26111302), (0.9097415, 0.24055079, 0.3383869), (0.94353855, 0.24561147, 0.2222836), (0.92639744, 0.27130768, 0.26111302), (0.8882904, 0.23857848, 0.39245445), (0.82937366, 0.18582043, 0.5268872), (0.87794405, 0.22144857, 0.42446992), (0.86089224, 0.21244046, 0.46231326), (0.81319565, 0.18405847, 0.55211896), (0.87794405, 0.22144857, 0.42446992), (0.9224168, 0.24353252, 0.29973176), (0.9097415, 0.24055079, 0.3383869), (0.86089224, 0.21244046, 0.46231326), (0.86089224, 0.21244046, 0.46231326), (0.9097415, 0.24055079, 0.3383869), (0.8882904, 0.23857848, 0.39245445), (0.82998914, 0.18596084, 0.5258674), (0.81319565, 0.18405847, 0.55211896), (0.86089224, 0.21244046, 0.46231326), (0.82998914, 0.18596084, 0.5258674), (0.7807733, 0.17062373, 0.60106623), (0.38002923, 0.8723193, 0.30763087), (0.39224017, 0.88499004, 0.2508792), (0.31354138, 0.92029035, 0.23400334), (0.30041137, 0.90194327, 0.31024384), (0.39224017, 0.88499004, 0.2508792), (0.36830574, 0.9075507, 0.20174898), (0.3112547, 0.93619984, 0.1632495), (0.31354138, 0.92029035, 0.23400334), (0.31354138, 0.92029035, 0.23400334), (0.3112547, 0.93619984, 0.1632495), (0.28534392, 0.9482028, 0.1396079), (0.29117694, 0.93259144, 0.21328166), (0.30041137, 0.90194327, 0.31024384), (0.31354138, 0.92029035, 0.23400334), (0.29117694, 0.93259144, 0.21328166), (0.27430168, 0.9135924, 0.3001791), (0.1942996, 0.83949584, 0.5074391), (0.3057936, 0.8660845, 0.39545894), (0.25055924, 0.8791831, 0.40528643), (0.18803315, 0.84414524, 0.5020581), (0.3057936, 0.8660845, 0.39545894), (0.38002923, 0.8723193, 0.30763087), (0.30041137, 0.90194327, 0.31024384), (0.25055924, 0.8791831, 0.40528643), (0.25055924, 0.8791831, 0.40528643), (0.30041137, 0.90194327, 0.31024384), (0.27430168, 0.9135924, 0.3001791), (0.23383756, 0.8857479, 0.4009622), (0.18803315, 0.84414524, 0.5020581), (0.25055924, 0.8791831, 0.40528643), (0.23383756, 0.8857479, 0.4009622), (0.18721434, 0.8476663, 0.49639955), (0.49160734, 0.8272291, 0.27205583), (0.46209016, 0.8383229, 0.2892878), (0.36925045, 0.8531579, 0.36847764), (0.34640655, 0.8522382, 0.39203647), (0.46209016, 0.8383229, 0.2892878), (0.38002923, 0.8723193, 0.30763087), (0.3057936, 0.8660845, 0.39545894), (0.36925045, 0.8531579, 0.36847764), (0.36925045, 0.8531579, 0.36847764), (0.3057936, 0.8660845, 0.39545894), (0.1942996, 0.83949584, 0.5074391), (0.19892961, 0.83680236, 0.51008695), (0.34640655, 0.8522382, 0.39203647), (0.36925045, 0.8531579, 0.36847764), (0.19892961, 0.83680236, 0.51008695), (0.15504035, 0.8255613, 0.5425967), (0.42167482, 0.8864122, 0.19095503), (0.40458727, 0.8948686, 0.18846583), (0.4666116, 0.8468136, 0.25530422), (0.4956363, 0.82868683, 0.26004356), (0.40458727, 0.8948686, 0.18846583), (0.36830574, 0.9075507, 0.20174898), (0.39224017, 0.88499004, 0.2508792), (0.4666116, 0.8468136, 0.25530422), (0.4666116, 0.8468136, 0.25530422), (0.39224017, 0.88499004, 0.2508792), (0.38002923, 0.8723193, 0.30763087), (0.46209016, 0.8383229, 0.2892878), (0.4956363, 0.82868683, 0.26004356), (0.4666116, 0.8468136, 0.25530422), (0.46209016, 0.8383229, 0.2892878), (0.49160734, 0.8272291, 0.27205583), (0.15504035, 0.8255613, 0.5425967), (0.19892961, 0.83680236, 0.51008695), (0.0936904, 0.7892178, 0.6069245), (0.06827664, 0.7789006, 0.6234197), (0.19892961, 0.83680236, 0.51008695), (0.1942996, 0.83949584, 0.5074391), (0.12910116, 0.7989307, 0.5874033), (0.0936904, 0.7892178, 0.6069245), (0.0936904, 0.7892178, 0.6069245), (0.12910116, 0.7989307, 0.5874033), (0.12020888, 0.7699191, 0.6267172), (0.09264957, 0.7588931, 0.6445909), (0.06827664, 0.7789006, 0.6234197), (0.0936904, 0.7892178, 0.6069245), (0.09264957, 0.7588931, 0.6445909), (0.083073795, 0.7538004, 0.6518311), (0.36830574, 0.9075507, 0.20174898), (0.40458727, 0.8948686, 0.18846583), (0.31402877, 0.9424917, 0.11443412), (0.3112547, 0.93619984, 0.1632495), (0.40458727, 0.8948686, 0.18846583), (0.42167482, 0.8864122, 0.19095503), (0.31187007, 0.94523907, 0.09622966), (0.31402877, 0.9424917, 0.11443412), (0.31402877, 0.9424917, 0.11443412), (0.31187007, 0.94523907, 0.09622966), (0.26898763, 0.9608721, 0.06610916), (0.2731868, 0.9583487, 0.083287016), (0.3112547, 0.93619984, 0.1632495), (0.31402877, 0.9424917, 0.11443412), (0.2731868, 0.9583487, 0.083287016), (0.28534392, 0.9482028, 0.1396079), (0.9705575, 0.2164632, 0.10564944), (0.97778445, 0.20306699, 0.05197321), (0.9684842, 0.23467717, 0.08345638), (0.96246225, 0.23608588, 0.13390252), (0.97778445, 0.20306699, 0.05197321), (0.9788853, 0.20122243, 0.03595943), (0.96801287, 0.24056818, 0.07125973), (0.9684842, 0.23467717, 0.08345638), (0.9684842, 0.23467717, 0.08345638), (0.96801287, 0.24056818, 0.07125973), (0.93692803, 0.30133963, 0.17708822), (0.9438704, 0.28826672, 0.16127923), (0.96246225, 0.23608588, 0.13390252), (0.9684842, 0.23467717, 0.08345638), (0.9438704, 0.28826672, 0.16127923), (0.9475604, 0.26488894, 0.17878231), (0.12020888, 0.7699191, 0.6267172), (0.12910116, 0.7989307, 0.5874033), (0.14757207, 0.8078459, 0.57062024), (0.12926503, 0.7832117, 0.6081694), (0.12910116, 0.7989307, 0.5874033), (0.1942996, 0.83949584, 0.5074391), (0.18803315, 0.84414524, 0.5020581), (0.14757207, 0.8078459, 0.57062024), (0.14757207, 0.8078459, 0.57062024), (0.18803315, 0.84414524, 0.5020581), (0.18721434, 0.8476663, 0.49639955), (0.1524024, 0.8126447, 0.5624784), (0.12926503, 0.7832117, 0.6081694), (0.14757207, 0.8078459, 0.57062024), (0.1524024, 0.8126447, 0.5624784), (0.12880552, 0.79006976, 0.5993321), (0.761218, 0.10500948, 0.63993764), (0.78996664, 0.1458704, 0.59554553), (0.7780743, 0.15553103, 0.60861343), (0.7517876, 0.1200857, 0.6483786), (0.78996664, 0.1458704, 0.59554553), (0.82937366, 0.18582043, 0.5268872), (0.81319565, 0.18405847, 0.55211896), (0.7780743, 0.15553103, 0.60861343), (0.7780743, 0.15553103, 0.60861343), (0.81319565, 0.18405847, 0.55211896), (0.7807733, 0.17062373, 0.60106623), (0.74969846, 0.17119655, 0.63925266), (0.7517876, 0.1200857, 0.6483786), (0.7780743, 0.15553103, 0.60861343), (0.74969846, 0.17119655, 0.63925266), (0.7280581, 0.15057027, 0.66877496), (-0.6086667, 0.58425665, 0.5368136), (-0.70128196, 0.52063906, 0.4869688), (-0.6955984, 0.5472439, 0.4654749), (-0.6112328, 0.6019627, 0.5138438), (-0.70128196, 0.52063906, 0.4869688), (-0.7464098, 0.49575496, 0.44395876), (-0.7367238, 0.52645123, 0.42436677), (-0.6955984, 0.5472439, 0.4654749), (-0.6955984, 0.5472439, 0.4654749), (-0.7367238, 0.52645123, 0.42436677), (-0.7321242, 0.53713864, 0.41889885), (-0.6917777, 0.55678374, 0.4598211), (-0.6112328, 0.6019627, 0.5138438), (-0.6955984, 0.5472439, 0.4654749), (-0.6917777, 0.55678374, 0.4598211), (-0.6137071, 0.6064168, 0.505591), (-0.6025436, 0.55505973, 0.5734543), (-0.7111403, 0.47495273, 0.51836216), (-0.70666313, 0.48980507, 0.5106056), (-0.60506284, 0.563583, 0.5623817), (-0.7111403, 0.47495273, 0.51836216), (-0.76023066, 0.44659767, 0.47180504), (-0.7557007, 0.46135268, 0.46483344), (-0.70666313, 0.48980507, 0.5106056), (-0.70666313, 0.48980507, 0.5106056), (-0.7557007, 0.46135268, 0.46483344), (-0.7464098, 0.49575496, 0.44395876), (-0.70128196, 0.52063906, 0.4869688), (-0.60506284, 0.563583, 0.5623817), (-0.70666313, 0.48980507, 0.5106056), (-0.70128196, 0.52063906, 0.4869688), (-0.6086667, 0.58425665, 0.5368136), (0.29596093, -0.80138904, 0.5197911), (0.1657586, -0.91094345, 0.3777646), (0.13585258, -0.9064201, 0.39993337), (0.27411675, -0.7952933, 0.54071134), (0.1657586, -0.91094345, 0.3777646), (0.11374471, -0.9493964, 0.29276025), (0.08144807, -0.9454712, 0.3153574), (0.13585258, -0.9064201, 0.39993337), (0.13585258, -0.9064201, 0.39993337), (0.08144807, -0.9454712, 0.3153574), (0.067400955, -0.94441444, 0.32177407), (0.11932929, -0.9068313, 0.40424934), (0.27411675, -0.7952933, 0.54071134), (0.13585258, -0.9064201, 0.39993337), (0.11932929, -0.9068313, 0.40424934), (0.26478854, -0.7923892, 0.5495512), (0.32145196, -0.80854446, 0.4928738), (0.20565706, -0.9115699, 0.35601327), (0.19295926, -0.9135994, 0.35791466), (0.31604892, -0.8057169, 0.50093246), (0.20565706, -0.9115699, 0.35601327), (0.15469171, -0.95090425, 0.26805145), (0.14346561, -0.9515444, 0.2719941), (0.19295926, -0.9135994, 0.35791466), (0.19295926, -0.9135994, 0.35791466), (0.14346561, -0.9515444, 0.2719941), (0.11374471, -0.9493964, 0.29276025), (0.1657586, -0.91094345, 0.3777646), (0.31604892, -0.8057169, 0.50093246), (0.19295926, -0.9135994, 0.35791466), (0.1657586, -0.91094345, 0.3777646), (0.29596093, -0.80138904, 0.5197911), (-0.08276424, 0.81318915, 0.57608455), (-0.056639954, 0.8036248, 0.5924349), (-0.11154056, 0.81663406, 0.5662751), (-0.13940078, 0.82595694, 0.5462256), (-0.056639954, 0.8036248, 0.5924349), (-0.04649133, 0.7990998, 0.599398), (-0.09446016, 0.81073433, 0.5777432), (-0.11154056, 0.81663406, 0.5662751), (-0.11154056, 0.81663406, 0.5662751), (-0.09446016, 0.81073433, 0.5777432), (-0.17700517, 0.8332577, 0.5237851), (-0.18863933, 0.8376347, 0.512624), (-0.13940078, 0.82595694, 0.5462256), (-0.11154056, 0.81663406, 0.5662751), (-0.18863933, 0.8376347, 0.512624), (-0.21298176, 0.8435849, 0.49295366), (-0.14587173, 0.8302115, 0.53802437), (-0.11191272, 0.8215713, 0.55901355), (-0.16930486, 0.8340847, 0.5250129), (-0.20148636, 0.84118646, 0.5018054), (-0.11191272, 0.8215713, 0.55901355), (-0.08276424, 0.81318915, 0.57608455), (-0.13940078, 0.82595694, 0.5462256), (-0.16930486, 0.8340847, 0.5250129), (-0.16930486, 0.8340847, 0.5250129), (-0.13940078, 0.82595694, 0.5462256), (-0.21298176, 0.8435849, 0.49295366), (-0.2360035, 0.848045, 0.47447017), (-0.20148636, 0.84118646, 0.5018054), (-0.16930486, 0.8340847, 0.5250129), (-0.2360035, 0.848045, 0.47447017), (-0.24505457, 0.8498862, 0.46652088), (-0.21298176, 0.8435849, 0.49295366), (-0.18863933, 0.8376347, 0.512624), (-0.15798533, 0.83395517, 0.5287339), (-0.18972889, 0.82422155, 0.533537), (-0.18863933, 0.8376347, 0.512624), (-0.17700517, 0.8332577, 0.5237851), (-0.14684656, 0.8385372, 0.5246822), (-0.15798533, 0.83395517, 0.5287339), (-0.15798533, 0.83395517, 0.5287339), (-0.14684656, 0.8385372, 0.5246822), (-0.0248717, 0.78017765, 0.62506336), (-0.04918052, 0.76167965, 0.64608467), (-0.18972889, 0.82422155, 0.533537), (-0.15798533, 0.83395517, 0.5287339), (-0.04918052, 0.76167965, 0.64608467), (-0.10493582, 0.7317673, 0.6734279), (-0.24505457, 0.8498862, 0.46652088), (-0.2360035, 0.848045, 0.47447017), (-0.21798441, 0.81342643, 0.53927755), (-0.22904806, 0.8061649, 0.54555935), (-0.2360035, 0.848045, 0.47447017), (-0.21298176, 0.8435849, 0.49295366), (-0.18972889, 0.82422155, 0.533537), (-0.21798441, 0.81342643, 0.53927755), (-0.21798441, 0.81342643, 0.53927755), (-0.18972889, 0.82422155, 0.533537), (-0.10493582, 0.7317673, 0.6734279), (-0.14251083, 0.7025182, 0.69725084), (-0.22904806, 0.8061649, 0.54555935), (-0.21798441, 0.81342643, 0.53927755), (-0.14251083, 0.7025182, 0.69725084), (-0.14790471, 0.66942066, 0.728011), (-0.10493582, 0.7317673, 0.6734279), (-0.04918052, 0.76167965, 0.64608467), (-0.098989844, 0.61992246, 0.77839404), (-0.14367491, 0.58660775, 0.79702497), (-0.04918052, 0.76167965, 0.64608467), (-0.0248717, 0.78017765, 0.62506336), (-0.057539683, 0.64216673, 0.76440245), (-0.098989844, 0.61992246, 0.77839404), (-0.098989844, 0.61992246, 0.77839404), (-0.057539683, 0.64216673, 0.76440245), (-0.31441796, 0.466001, 0.8270335), (-0.32013294, 0.45647404, 0.8301484), (-0.14367491, 0.58660775, 0.79702497), (-0.098989844, 0.61992246, 0.77839404), (-0.32013294, 0.45647404, 0.8301484), (-0.32114536, 0.43795645, 0.8396784), (-0.14790471, 0.66942066, 0.728011), (-0.14251083, 0.7025182, 0.69725084), (-0.15897852, 0.56157905, 0.81200665), (-0.1798514, 0.5223455, 0.8335519), (-0.14251083, 0.7025182, 0.69725084), (-0.10493582, 0.7317673, 0.6734279), (-0.14367491, 0.58660775, 0.79702497), (-0.15897852, 0.56157905, 0.81200665), (-0.15897852, 0.56157905, 0.81200665), (-0.14367491, 0.58660775, 0.79702497), (-0.32114536, 0.43795645, 0.8396784), (-0.29930025, 0.4341746, 0.8496539), (-0.1798514, 0.5223455, 0.8335519), (-0.15897852, 0.56157905, 0.81200665), (-0.29930025, 0.4341746, 0.8496539), (-0.3263747, 0.41008312, 0.85165215), (-0.32114536, 0.43795645, 0.8396784), (-0.32013294, 0.45647404, 0.8301484), (-0.4807892, 0.3452198, 0.806018), (-0.4640347, 0.34999964, 0.81373954), (-0.32013294, 0.45647404, 0.8301484), (-0.31441796, 0.466001, 0.8270335), (-0.48469368, 0.3449287, 0.80380106), (-0.4807892, 0.3452198, 0.806018), (-0.4807892, 0.3452198, 0.806018), (-0.48469368, 0.3449287, 0.80380106), (-0.5147549, 0.31403443, 0.79775304), (-0.51722836, 0.32129362, 0.7932498), (-0.4640347, 0.34999964, 0.81373954), (-0.4807892, 0.3452198, 0.806018), (-0.51722836, 0.32129362, 0.7932498), (-0.5072203, 0.350666, 0.7872489), (-0.3263747, 0.41008312, 0.85165215), (-0.29930025, 0.4341746, 0.8496539), (-0.42480904, 0.37359577, 0.82459897), (-0.4149146, 0.39317465, 0.820524), (-0.29930025, 0.4341746, 0.8496539), (-0.32114536, 0.43795645, 0.8396784), (-0.4640347, 0.34999964, 0.81373954), (-0.42480904, 0.37359577, 0.82459897), (-0.42480904, 0.37359577, 0.82459897), (-0.4640347, 0.34999964, 0.81373954), (-0.5072203, 0.350666, 0.7872489), (-0.46695036, 0.4021525, 0.7875473), (-0.4149146, 0.39317465, 0.820524), (-0.42480904, 0.37359577, 0.82459897), (-0.46695036, 0.4021525, 0.7875473), (-0.43807164, 0.44464982, 0.78126806), (-0.43807164, 0.44464982, 0.78126806), (-0.46695036, 0.4021525, 0.7875473), (-0.5051156, 0.42847925, 0.7491753), (-0.50617176, 0.4490798, 0.7362862), (-0.46695036, 0.4021525, 0.7875473), (-0.5072203, 0.350666, 0.7872489), (-0.5232168, 0.36787888, 0.7687063), (-0.5051156, 0.42847925, 0.7491753), (-0.5051156, 0.42847925, 0.7491753), (-0.5232168, 0.36787888, 0.7687063), (-0.5620591, 0.34283242, 0.75269884), (-0.59111667, 0.3782306, 0.7124063), (-0.50617176, 0.4490798, 0.7362862), (-0.5051156, 0.42847925, 0.7491753), (-0.59111667, 0.3782306, 0.7124063), (-0.59642166, 0.39450186, 0.69903463), (-0.5072203, 0.350666, 0.7872489), (-0.51722836, 0.32129362, 0.7932498), (-0.5165436, 0.3226862, 0.79313076), (-0.5232168, 0.36787888, 0.7687063), (-0.51722836, 0.32129362, 0.7932498), (-0.5147549, 0.31403443, 0.79775304), (-0.5094406, 0.30835927, 0.8033585), (-0.5165436, 0.3226862, 0.79313076), (-0.5165436, 0.3226862, 0.79313076), (-0.5094406, 0.30835927, 0.8033585), (-0.52391696, 0.2925084, 0.7999687), (-0.533528, 0.306609, 0.78825045), (-0.5232168, 0.36787888, 0.7687063), (-0.5165436, 0.3226862, 0.79313076), (-0.533528, 0.306609, 0.78825045), (-0.5620591, 0.34283242, 0.75269884), (-0.5620591, 0.34283242, 0.75269884), (-0.533528, 0.306609, 0.78825045), (-0.57664967, 0.2679322, 0.77180797), (-0.61368024, 0.27648997, 0.7395606), (-0.533528, 0.306609, 0.78825045), (-0.52391696, 0.2925084, 0.7999687), (-0.56862324, 0.26284713, 0.77947354), (-0.57664967, 0.2679322, 0.77180797), (-0.57664967, 0.2679322, 0.77180797), (-0.56862324, 0.26284713, 0.77947354), (-0.6479671, 0.21876635, 0.7295752), (-0.6535691, 0.21013758, 0.7271105), (-0.61368024, 0.27648997, 0.7395606), (-0.57664967, 0.2679322, 0.77180797), (-0.6535691, 0.21013758, 0.7271105), (-0.6905597, 0.18029763, 0.70044285), (-0.59642166, 0.39450186, 0.69903463), (-0.59111667, 0.3782306, 0.7124063), (-0.6668612, 0.2797808, 0.69066554), (-0.6856417, 0.28837866, 0.66838104), (-0.59111667, 0.3782306, 0.7124063), (-0.5620591, 0.34283242, 0.75269884), (-0.61368024, 0.27648997, 0.7395606), (-0.6668612, 0.2797808, 0.69066554), (-0.6668612, 0.2797808, 0.69066554), (-0.61368024, 0.27648997, 0.7395606), (-0.6905597, 0.18029763, 0.70044285), (-0.7522392, 0.14549483, 0.6426254), (-0.6856417, 0.28837866, 0.66838104), (-0.6668612, 0.2797808, 0.69066554), (-0.7522392, 0.14549483, 0.6426254), (-0.7755364, 0.14134468, 0.6152763), (-0.7755364, 0.14134468, 0.6152763), (-0.7522392, 0.14549483, 0.6426254), (-0.8364398, 0.0099547645, 0.5479684), (-0.8519203, -0.003751135, 0.52365804), (-0.7522392, 0.14549483, 0.6426254), (-0.6905597, 0.18029763, 0.70044285), (-0.8004245, 0.0727448, 0.5950032), (-0.8364398, 0.0099547645, 0.5479684), (-0.8364398, 0.0099547645, 0.5479684), (-0.8004245, 0.0727448, 0.5950032), (-0.9029616, 0.01663618, 0.4293991), (-0.8757522, 0.020714393, 0.48231626), (-0.8519203, -0.003751135, 0.52365804), (-0.8364398, 0.0099547645, 0.5479684), (-0.8757522, 0.020714393, 0.48231626), (-0.8673806, -0.007729798, 0.49758533), (-0.6905597, 0.18029763, 0.70044285), (-0.6535691, 0.21013758, 0.7271105), (-0.7781266, 0.12890491, 0.61473775), (-0.8004245, 0.0727448, 0.5950032), (-0.6535691, 0.21013758, 0.7271105), (-0.6479671, 0.21876635, 0.7295752), (-0.77540463, 0.14596383, 0.6143632), (-0.7781266, 0.12890491, 0.61473775), (-0.7781266, 0.12890491, 0.61473775), (-0.77540463, 0.14596383, 0.6143632), (-0.89918214, 0.02054137, 0.43709213), (-0.90309644, 0.02008574, 0.4289677), (-0.8004245, 0.0727448, 0.5950032), (-0.7781266, 0.12890491, 0.61473775), (-0.90309644, 0.02008574, 0.4289677), (-0.9029616, 0.01663618, 0.4293991), (-0.11543663, -0.6093211, 0.7844757), (-0.11479591, -0.6120999, 0.78240377), (-0.17333092, -0.6579399, 0.7328516), (-0.16793862, -0.6538178, 0.73777974), (-0.11479591, -0.6120999, 0.78240377), (-0.1057639, -0.6120203, 0.7837379), (-0.17934707, -0.66024435, 0.729323), (-0.17333092, -0.6579399, 0.7328516), (-0.17333092, -0.6579399, 0.7328516), (-0.17934707, -0.66024435, 0.729323), (-0.26102883, -0.70529824, 0.65910417), (-0.24482231, -0.7096128, 0.66069025), (-0.16793862, -0.6538178, 0.73777974), (-0.17333092, -0.6579399, 0.7328516), (-0.24482231, -0.7096128, 0.66069025), (-0.23546423, -0.7082304, 0.66555715), (-0.23546423, -0.7082304, 0.66555715), (-0.24482231, -0.7096128, 0.66069025), (-0.3242765, -0.7634782, 0.5585211), (-0.31555912, -0.7666286, 0.5591985), (-0.24482231, -0.7096128, 0.66069025), (-0.26102883, -0.70529824, 0.65910417), (-0.34466812, -0.7521692, 0.5616454), (-0.3242765, -0.7634782, 0.5585211), (-0.3242765, -0.7634782, 0.5585211), (-0.34466812, -0.7521692, 0.5616454), (-0.42616785, -0.7871494, 0.44584394), (-0.3986065, -0.80310607, 0.4428696), (-0.31555912, -0.7666286, 0.5591985), (-0.3242765, -0.7634782, 0.5585211), (-0.3986065, -0.80310607, 0.4428696), (-0.3923604, -0.8100026, 0.43583155), (-0.26102883, -0.70529824, 0.65910417), (-0.286053, -0.70713395, 0.64663386), (-0.37332374, -0.74497813, 0.55284446), (-0.34466812, -0.7521692, 0.5616454), (-0.286053, -0.70713395, 0.64663386), (-0.28977334, -0.7073733, 0.64471257), (-0.38305295, -0.7422617, 0.54983443), (-0.37332374, -0.74497813, 0.55284446), (-0.37332374, -0.74497813, 0.55284446), (-0.38305295, -0.7422617, 0.54983443), (-0.47803825, -0.7675539, 0.42701325), (-0.46468377, -0.7727057, 0.43242913), (-0.34466812, -0.7521692, 0.5616454), (-0.37332374, -0.74497813, 0.55284446), (-0.46468377, -0.7727057, 0.43242913), (-0.42616785, -0.7871494, 0.44584394), (-0.1057639, -0.6120203, 0.7837379), (-0.096220426, -0.61096853, 0.7857856), (-0.19317304, -0.66777873, 0.71885717), (-0.17934707, -0.66024435, 0.729323), (-0.096220426, -0.61096853, 0.7857856), (-0.08126336, -0.6023232, 0.79410523), (-0.18638898, -0.6659066, 0.7223763), (-0.19317304, -0.66777873, 0.71885717), (-0.19317304, -0.66777873, 0.71885717), (-0.18638898, -0.6659066, 0.7223763), (-0.28977334, -0.7073733, 0.64471257), (-0.286053, -0.70713395, 0.64663386), (-0.17934707, -0.66024435, 0.729323), (-0.19317304, -0.66777873, 0.71885717), (-0.286053, -0.70713395, 0.64663386), (-0.26102883, -0.70529824, 0.65910417), (-0.070631266, -0.55222315, 0.83069897), (-0.03783782, -0.5265027, 0.8493311), (-0.03376595, -0.55244863, 0.8328628), (-0.065667786, -0.5711106, 0.8182424), (-0.03783782, -0.5265027, 0.8493311), (-0.010961204, -0.5158006, 0.85663855), (-0.021582874, -0.54729563, 0.83666104), (-0.03376595, -0.55244863, 0.8328628), (-0.03376595, -0.55244863, 0.8328628), (-0.021582874, -0.54729563, 0.83666104), (-0.08126336, -0.6023232, 0.79410523), (-0.096220426, -0.61096853, 0.7857856), (-0.065667786, -0.5711106, 0.8182424), (-0.03376595, -0.55244863, 0.8328628), (-0.096220426, -0.61096853, 0.7857856), (-0.1057639, -0.6120203, 0.7837379), (0.07661001, -0.4207367, 0.9039422), (0.0919693, -0.38977078, 0.916308), (-0.028860537, -0.49231797, 0.8699368), (-0.055714626, -0.52053714, 0.8520193), (0.0919693, -0.38977078, 0.916308), (0.03659853, -0.42887297, 0.9026231), (-0.028465038, -0.49893498, 0.86617184), (-0.028860537, -0.49231797, 0.8699368), (-0.028860537, -0.49231797, 0.8699368), (-0.028465038, -0.49893498, 0.86617184), (-0.010961204, -0.5158006, 0.85663855), (-0.03783782, -0.5265027, 0.8493311), (-0.055714626, -0.52053714, 0.8520193), (-0.028860537, -0.49231797, 0.8699368), (-0.03783782, -0.5265027, 0.8493311), (-0.070631266, -0.55222315, 0.83069897), (-0.09496029, -0.5789731, 0.8097979), (-0.08903357, -0.57141864, 0.8158148), (-0.08529304, -0.5818268, 0.80882794), (-0.09111206, -0.58468074, 0.8061309), (-0.08903357, -0.57141864, 0.8158148), (-0.070631266, -0.55222315, 0.83069897), (-0.065667786, -0.5711106, 0.8182424), (-0.08529304, -0.5818268, 0.80882794), (-0.08529304, -0.5818268, 0.80882794), (-0.065667786, -0.5711106, 0.8182424), (-0.1057639, -0.6120203, 0.7837379), (-0.11479591, -0.6120999, 0.78240377), (-0.09111206, -0.58468074, 0.8061309), (-0.08529304, -0.5818268, 0.80882794), (-0.11479591, -0.6120999, 0.78240377), (-0.11543663, -0.6093211, 0.7844757), (0.096877694, -0.45969057, 0.8827793), (0.07463413, -0.45439258, 0.8876695), (-0.07003673, -0.5465564, 0.83448845), (-0.07029874, -0.55554307, 0.8285107), (0.07463413, -0.45439258, 0.8876695), (0.07661001, -0.4207367, 0.9039422), (-0.055714626, -0.52053714, 0.8520193), (-0.07003673, -0.5465564, 0.83448845), (-0.07003673, -0.5465564, 0.83448845), (-0.055714626, -0.52053714, 0.8520193), (-0.070631266, -0.55222315, 0.83069897), (-0.08903357, -0.57141864, 0.8158148), (-0.07029874, -0.55554307, 0.8285107), (-0.07003673, -0.5465564, 0.83448845), (-0.08903357, -0.57141864, 0.8158148), (-0.09496029, -0.5789731, 0.8097979), (0.5688144, -0.30401146, 0.7642168), (0.52217007, -0.26613703, 0.8102528), (0.30291906, -0.25734758, 0.91761225), (0.32109854, -0.29035813, 0.90143657), (0.52217007, -0.26613703, 0.8102528), (0.4675433, -0.23518643, 0.85210955), (0.2349904, -0.2796213, 0.930909), (0.30291906, -0.25734758, 0.91761225), (0.30291906, -0.25734758, 0.91761225), (0.2349904, -0.2796213, 0.930909), (0.03659853, -0.42887297, 0.9026231), (0.0919693, -0.38977078, 0.916308), (0.32109854, -0.29035813, 0.90143657), (0.30291906, -0.25734758, 0.91761225), (0.0919693, -0.38977078, 0.916308), (0.07661001, -0.4207367, 0.9039422), (0.6393717, -0.36187565, 0.6784172), (0.61605227, -0.34631225, 0.7074937), (0.35450783, -0.33319718, 0.87367266), (0.40011117, -0.34494507, 0.8490724), (0.61605227, -0.34631225, 0.7074937), (0.5688144, -0.30401146, 0.7642168), (0.32109854, -0.29035813, 0.90143657), (0.35450783, -0.33319718, 0.87367266), (0.35450783, -0.33319718, 0.87367266), (0.32109854, -0.29035813, 0.90143657), (0.07661001, -0.4207367, 0.9039422), (0.07463413, -0.45439258, 0.8876695), (0.40011117, -0.34494507, 0.8490724), (0.35450783, -0.33319718, 0.87367266), (0.07463413, -0.45439258, 0.8876695), (0.096877694, -0.45969057, 0.8827793), (0.8395218, -0.49912974, 0.21464531), (0.8267137, -0.5240493, 0.20473585), (0.73112017, -0.43207455, 0.5279915), (0.75506544, -0.4361566, 0.48953402), (0.8267137, -0.5240493, 0.20473585), (0.8206709, -0.5344288, 0.2022007), (0.7186922, -0.4363421, 0.5413753), (0.73112017, -0.43207455, 0.5279915), (0.73112017, -0.43207455, 0.5279915), (0.7186922, -0.4363421, 0.5413753), (0.4675433, -0.23518643, 0.85210955), (0.52217007, -0.26613703, 0.8102528), (0.75506544, -0.4361566, 0.48953402), (0.73112017, -0.43207455, 0.5279915), (0.52217007, -0.26613703, 0.8102528), (0.5688144, -0.30401146, 0.7642168), (0.85481954, -0.46313402, 0.23407333), (0.85038763, -0.47389337, 0.22861725), (0.77420276, -0.4455293, 0.44957063), (0.7793732, -0.446856, 0.43920046), (0.85038763, -0.47389337, 0.22861725), (0.8395218, -0.49912974, 0.21464531), (0.75506544, -0.4361566, 0.48953402), (0.77420276, -0.4455293, 0.44957063), (0.77420276, -0.4455293, 0.44957063), (0.75506544, -0.4361566, 0.48953402), (0.5688144, -0.30401146, 0.7642168), (0.61605227, -0.34631225, 0.7074937), (0.7793732, -0.446856, 0.43920046), (0.77420276, -0.4455293, 0.44957063), (0.61605227, -0.34631225, 0.7074937), (0.6393717, -0.36187565, 0.6784172), (0.8521561, -0.5204549, 0.05437659), (0.832942, -0.5527815, 0.025302017), (0.83432597, -0.54815364, 0.058547884), (0.8525349, -0.5153708, 0.087047), (0.832942, -0.5527815, 0.025302017), (0.8206125, -0.5713167, 0.013869112), (0.83046263, -0.5524889, 0.0713292), (0.83432597, -0.54815364, 0.058547884), (0.83432597, -0.54815364, 0.058547884), (0.83046263, -0.5524889, 0.0713292), (0.8206709, -0.5344288, 0.2022007), (0.8267137, -0.5240493, 0.20473585), (0.8525349, -0.5153708, 0.087047), (0.83432597, -0.54815364, 0.058547884), (0.8267137, -0.5240493, 0.20473585), (0.8395218, -0.49912974, 0.21464531), (0.87844044, -0.46701613, 0.101184875), (0.8709961, -0.48353052, 0.08697086), (0.8707129, -0.476575, 0.121389546), (0.8780105, -0.4599136, 0.13257846), (0.8709961, -0.48353052, 0.08697086), (0.8521561, -0.5204549, 0.05437659), (0.8525349, -0.5153708, 0.087047), (0.8707129, -0.476575, 0.121389546), (0.8707129, -0.476575, 0.121389546), (0.8525349, -0.5153708, 0.087047), (0.8395218, -0.49912974, 0.21464531), (0.85038763, -0.47389337, 0.22861725), (0.8780105, -0.4599136, 0.13257846), (0.8707129, -0.476575, 0.121389546), (0.85038763, -0.47389337, 0.22861725), (0.85481954, -0.46313402, 0.23407333), (-0.42616785, -0.7871494, 0.44584394), (-0.46468377, -0.7727057, 0.43242913), (-0.5710663, -0.74898136, 0.33602118), (-0.5042986, -0.7841757, 0.36159563), (-0.46468377, -0.7727057, 0.43242913), (-0.47803825, -0.7675539, 0.42701325), (-0.57463276, -0.7497599, 0.32811156), (-0.5710663, -0.74898136, 0.33602118), (-0.5710663, -0.74898136, 0.33602118), (-0.57463276, -0.7497599, 0.32811156), (-0.6590052, -0.69720733, 0.28215986), (-0.5992237, -0.7332915, 0.32127014), (-0.5042986, -0.7841757, 0.36159563), (-0.5710663, -0.74898136, 0.33602118), (-0.5992237, -0.7332915, 0.32127014), (-0.51716685, -0.7858425, 0.33910176), (-0.3923604, -0.8100026, 0.43583155), (-0.3986065, -0.80310607, 0.4428696), (-0.45091715, -0.81508666, 0.36374113), (-0.43717864, -0.8253806, 0.35724166), (-0.3986065, -0.80310607, 0.4428696), (-0.42616785, -0.7871494, 0.44584394), (-0.5042986, -0.7841757, 0.36159563), (-0.45091715, -0.81508666, 0.36374113), (-0.45091715, -0.81508666, 0.36374113), (-0.5042986, -0.7841757, 0.36159563), (-0.51716685, -0.7858425, 0.33910176), (-0.46144253, -0.81934345, 0.3402165), (-0.43717864, -0.8253806, 0.35724166), (-0.45091715, -0.81508666, 0.36374113), (-0.46144253, -0.81934345, 0.3402165), (-0.44764847, -0.8273806, 0.33919352), (-0.9029616, 0.01663618, 0.4293991), (-0.90309644, 0.02008574, 0.4289677), (-0.95323503, -0.112760715, 0.28040683), (-0.9541332, 0.08958303, 0.2856652), (-0.90309644, 0.02008574, 0.4289677), (-0.89918214, 0.02054137, 0.43709213), (-0.93203163, -0.18536933, 0.31137666), (-0.95323503, -0.112760715, 0.28040683), (-0.95323503, -0.112760715, 0.28040683), (-0.93203163, -0.18536933, 0.31137666), (-0.9159595, -0.28610906, 0.2813535), (-0.94087565, -0.22526349, 0.25300086), (-0.9541332, 0.08958303, 0.2856652), (-0.95323503, -0.112760715, 0.28040683), (-0.94087565, -0.22526349, 0.25300086), (-0.9756059, 0.0272071, 0.21783671), (-0.8673806, -0.007729798, 0.49758533), (-0.8757522, 0.020714393, 0.48231626), (-0.86146164, 0.2835303, 0.42130086), (-0.8105824, 0.2519087, 0.52867585), (-0.8757522, 0.020714393, 0.48231626), (-0.9029616, 0.01663618, 0.4293991), (-0.9541332, 0.08958303, 0.2856652), (-0.86146164, 0.2835303, 0.42130086), (-0.86146164, 0.2835303, 0.42130086), (-0.9541332, 0.08958303, 0.2856652), (-0.9756059, 0.0272071, 0.21783671), (-0.86097693, 0.40392196, 0.30913708), (-0.8105824, 0.2519087, 0.52867585), (-0.86146164, 0.2835303, 0.42130086), (-0.86097693, 0.40392196, 0.30913708), (-0.70019937, 0.5474651, 0.45826063), (-0.8884326, 0.34941584, 0.2976509), (-0.8533843, 0.40773442, 0.3247889), (-0.86728054, 0.37016553, 0.33286926), (-0.88382274, 0.33091304, 0.33068708), (-0.8533843, 0.40773442, 0.3247889), (-0.7944308, 0.48680958, 0.36317495), (-0.80948555, 0.45160684, 0.3752126), (-0.86728054, 0.37016553, 0.33286926), (-0.86728054, 0.37016553, 0.33286926), (-0.80948555, 0.45160684, 0.3752126), (-0.8135146, 0.39878392, 0.42327935), (-0.8729996, 0.31524807, 0.37214288), (-0.88382274, 0.33091304, 0.33068708), (-0.86728054, 0.37016553, 0.33286926), (-0.8729996, 0.31524807, 0.37214288), (-0.89319414, 0.2646804, 0.36352244), (-0.7944308, 0.48680958, 0.36317495), (-0.732414, 0.55517733, 0.39414182), (-0.7360607, 0.5340008, 0.41600215), (-0.80948555, 0.45160684, 0.3752126), (-0.732414, 0.55517733, 0.39414182), (-0.71200234, 0.5751595, 0.40279564), (-0.7063862, 0.571376, 0.41778934), (-0.7360607, 0.5340008, 0.41600215), (-0.7360607, 0.5340008, 0.41600215), (-0.7063862, 0.571376, 0.41778934), (-0.6937372, 0.54116464, 0.47525734), (-0.7343643, 0.4864673, 0.47334826), (-0.80948555, 0.45160684, 0.3752126), (-0.7360607, 0.5340008, 0.41600215), (-0.7343643, 0.4864673, 0.47334826), (-0.8135146, 0.39878392, 0.42327935), (-0.8135146, 0.39878392, 0.42327935), (-0.7343643, 0.4864673, 0.47334826), (-0.75772953, 0.39117876, 0.5223267), (-0.84334606, 0.29193392, 0.45115632), (-0.7343643, 0.4864673, 0.47334826), (-0.6937372, 0.54116464, 0.47525734), (-0.7113525, 0.45565158, 0.5351254), (-0.75772953, 0.39117876, 0.5223267), (-0.75772953, 0.39117876, 0.5223267), (-0.7113525, 0.45565158, 0.5351254), (-0.7423076, 0.32652673, 0.58511513), (-0.80020326, 0.23698957, 0.55091804), (-0.84334606, 0.29193392, 0.45115632), (-0.75772953, 0.39117876, 0.5223267), (-0.80020326, 0.23698957, 0.55091804), (-0.89245373, 0.11843271, 0.43531606), (-0.89319414, 0.2646804, 0.36352244), (-0.8729996, 0.31524807, 0.37214288), (-0.9010177, 0.20596075, 0.38176858), (-0.92603093, 0.14178383, 0.349806), (-0.8729996, 0.31524807, 0.37214288), (-0.8135146, 0.39878392, 0.42327935), (-0.84334606, 0.29193392, 0.45115632), (-0.9010177, 0.20596075, 0.38176858), (-0.9010177, 0.20596075, 0.38176858), (-0.84334606, 0.29193392, 0.45115632), (-0.89245373, 0.11843271, 0.43531606), (-0.94123423, 0.033468947, 0.33609217), (-0.92603093, 0.14178383, 0.349806), (-0.9010177, 0.20596075, 0.38176858), (-0.94123423, 0.033468947, 0.33609217), (-0.95757204, -0.0347516, 0.28609124), (-0.89245373, 0.11843271, 0.43531606), (-0.80020326, 0.23698957, 0.55091804), (-0.81679595, 0.024729554, 0.5763964), (-0.90260655, -0.0929992, 0.42030066), (-0.80020326, 0.23698957, 0.55091804), (-0.7423076, 0.32652673, 0.58511513), (-0.7613213, 0.11527424, 0.6380452), (-0.81679595, 0.024729554, 0.5763964), (-0.81679595, 0.024729554, 0.5763964), (-0.7613213, 0.11527424, 0.6380452), (-0.6867441, -0.09603567, 0.7205274), (-0.7387228, -0.15524673, 0.6558865), (-0.90260655, -0.0929992, 0.42030066), (-0.81679595, 0.024729554, 0.5763964), (-0.7387228, -0.15524673, 0.6558865), (-0.8184063, -0.25687906, 0.51402754), (-0.95757204, -0.0347516, 0.28609124), (-0.94123423, 0.033468947, 0.33609217), (-0.9371163, -0.16599093, 0.30701792), (-0.9372054, -0.20812088, 0.2798784), (-0.94123423, 0.033468947, 0.33609217), (-0.89245373, 0.11843271, 0.43531606), (-0.90260655, -0.0929992, 0.42030066), (-0.9371163, -0.16599093, 0.30701792), (-0.9371163, -0.16599093, 0.30701792), (-0.90260655, -0.0929992, 0.42030066), (-0.8184063, -0.25687906, 0.51402754), (-0.8454999, -0.33265516, 0.41769674), (-0.9372054, -0.20812088, 0.2798784), (-0.9371163, -0.16599093, 0.30701792), (-0.8454999, -0.33265516, 0.41769674), (-0.8469126, -0.3575451, 0.3935739), (-0.8184063, -0.25687906, 0.51402754), (-0.7387228, -0.15524673, 0.6558865), (-0.59114623, -0.31040373, 0.7444432), (-0.6536962, -0.37752786, 0.6558612), (-0.7387228, -0.15524673, 0.6558865), (-0.6867441, -0.09603567, 0.7205274), (-0.5473949, -0.28529274, 0.7867445), (-0.59114623, -0.31040373, 0.7444432), (-0.59114623, -0.31040373, 0.7444432), (-0.5473949, -0.28529274, 0.7867445), (-0.45026654, -0.4621609, 0.7639813), (-0.47510546, -0.4632122, 0.7481372), (-0.6536962, -0.37752786, 0.6558612), (-0.59114623, -0.31040373, 0.7444432), (-0.47510546, -0.4632122, 0.7481372), (-0.5139979, -0.48516932, 0.70740145), (-0.8469126, -0.3575451, 0.3935739), (-0.8454999, -0.33265516, 0.41769674), (-0.6754271, -0.43845257, 0.59292287), (-0.67209643, -0.46363467, 0.57734674), (-0.8454999, -0.33265516, 0.41769674), (-0.8184063, -0.25687906, 0.51402754), (-0.6536962, -0.37752786, 0.6558612), (-0.6754271, -0.43845257, 0.59292287), (-0.6754271, -0.43845257, 0.59292287), (-0.6536962, -0.37752786, 0.6558612), (-0.5139979, -0.48516932, 0.70740145), (-0.5324191, -0.50939673, 0.676051), (-0.67209643, -0.46363467, 0.57734674), (-0.6754271, -0.43845257, 0.59292287), (-0.5324191, -0.50939673, 0.676051), (-0.5275713, -0.52297103, 0.6694548), (-0.5139979, -0.48516932, 0.70740145), (-0.47510546, -0.4632122, 0.7481372), (-0.40735894, -0.5912043, 0.6960863), (-0.424616, -0.59012365, 0.686626), (-0.47510546, -0.4632122, 0.7481372), (-0.45026654, -0.4621609, 0.7639813), (-0.39588472, -0.59864616, 0.6963462), (-0.40735894, -0.5912043, 0.6960863), (-0.40735894, -0.5912043, 0.6960863), (-0.39588472, -0.59864616, 0.6963462), (-0.3176524, -0.72063166, 0.6162685), (-0.31617737, -0.7120576, 0.62690187), (-0.424616, -0.59012365, 0.686626), (-0.40735894, -0.5912043, 0.6960863), (-0.31617737, -0.7120576, 0.62690187), (-0.30189073, -0.7077689, 0.6386902), (-0.5139979, -0.48516932, 0.70740145), (-0.424616, -0.59012365, 0.686626), (-0.4358118, -0.59182525, 0.6780937), (-0.5324191, -0.50939673, 0.676051), (-0.424616, -0.59012365, 0.686626), (-0.30189073, -0.7077689, 0.6386902), (-0.2891394, -0.7061577, 0.64632785), (-0.4358118, -0.59182525, 0.6780937), (-0.4358118, -0.59182525, 0.6780937), (-0.2891394, -0.7061577, 0.64632785), (-0.26471287, -0.71844894, 0.64324033), (-0.42386335, -0.60490537, 0.67411375), (-0.5324191, -0.50939673, 0.676051), (-0.4358118, -0.59182525, 0.6780937), (-0.42386335, -0.60490537, 0.67411375), (-0.5275713, -0.52297103, 0.6694548), (-0.30189073, -0.7077689, 0.6386902), (-0.31617737, -0.7120576, 0.62690187), (-0.17976171, -0.83092666, 0.52654225), (-0.132768, -0.8230999, 0.55215865), (-0.31617737, -0.7120576, 0.62690187), (-0.3176524, -0.72063166, 0.6162685), (-0.19207619, -0.8421428, 0.503887), (-0.17976171, -0.83092666, 0.52654225), (-0.17976171, -0.83092666, 0.52654225), (-0.19207619, -0.8421428, 0.503887), (-0.06932621, -0.92789775, 0.36633283), (-0.05380112, -0.91559774, 0.3984799), (-0.132768, -0.8230999, 0.55215865), (-0.17976171, -0.83092666, 0.52654225), (-0.05380112, -0.91559774, 0.3984799), (0.0022685314, -0.9016284, 0.4325057), (-0.30189073, -0.7077689, 0.6386902), (-0.132768, -0.8230999, 0.55215865), (-0.09730996, -0.81594574, 0.56988), (-0.2891394, -0.7061577, 0.64632785), (-0.132768, -0.8230999, 0.55215865), (0.0022685314, -0.9016284, 0.4325057), (0.03656701, -0.88508147, 0.46399745), (-0.09730996, -0.81594574, 0.56988), (-0.09730996, -0.81594574, 0.56988), (0.03656701, -0.88508147, 0.46399745), (0.032062717, -0.8702896, 0.4914955), (-0.09481493, -0.81051207, 0.5779968), (-0.2891394, -0.7061577, 0.64632785), (-0.09730996, -0.81594574, 0.56988), (-0.09481493, -0.81051207, 0.5779968), (-0.26471287, -0.71844894, 0.64324033), (0.0022685314, -0.9016284, 0.4325057), (0.02648732, -0.9430559, 0.3315777), (0.042232938, -0.9255248, 0.37632465), (0.03656701, -0.88508147, 0.46399745), (0.02648732, -0.9430559, 0.3315777), (-0.051144317, -0.958295, 0.2811673), (-0.06836202, -0.9411557, 0.33098742), (0.042232938, -0.9255248, 0.37632465), (0.042232938, -0.9255248, 0.37632465), (-0.06836202, -0.9411557, 0.33098742), (-0.03817143, -0.9313297, 0.362171), (0.059047442, -0.91070807, 0.4088082), (0.03656701, -0.88508147, 0.46399745), (0.042232938, -0.9255248, 0.37632465), (0.059047442, -0.91070807, 0.4088082), (0.032062717, -0.8702896, 0.4914955), (-0.051144317, -0.958295, 0.2811673), (-0.19124825, -0.94037604, 0.28127736), (-0.24733566, -0.91042054, 0.3316013), (-0.06836202, -0.9411557, 0.33098742), (-0.19124825, -0.94037604, 0.28127736), (-0.18510307, -0.94651526, 0.26428342), (-0.32494092, -0.891424, 0.31587446), (-0.24733566, -0.91042054, 0.3316013), (-0.24733566, -0.91042054, 0.3316013), (-0.32494092, -0.891424, 0.31587446), (-0.36983675, -0.8524418, 0.36954552), (-0.19339369, -0.9169443, 0.3490158), (-0.06836202, -0.9411557, 0.33098742), (-0.24733566, -0.91042054, 0.3316013), (-0.19339369, -0.9169443, 0.3490158), (-0.03817143, -0.9313297, 0.362171), (0.0022685314, -0.9016284, 0.4325057), (-0.05380112, -0.91559774, 0.3984799), (-0.010550793, -0.95534784, 0.29529533), (0.02648732, -0.9430559, 0.3315777), (-0.05380112, -0.91559774, 0.3984799), (-0.06932621, -0.92789775, 0.36633283), (-0.027213428, -0.9625948, 0.26957488), (-0.010550793, -0.95534784, 0.29529533), (-0.010550793, -0.95534784, 0.29529533), (-0.027213428, -0.9625948, 0.26957488), (-0.05050754, -0.9692628, 0.24078767), (-0.047016326, -0.966917, 0.25072098), (0.02648732, -0.9430559, 0.3315777), (-0.010550793, -0.95534784, 0.29529533), (-0.047016326, -0.966917, 0.25072098), (-0.051144317, -0.958295, 0.2811673), (-0.051144317, -0.958295, 0.2811673), (-0.047016326, -0.966917, 0.25072098), (-0.10090777, -0.96363235, 0.24744755), (-0.19124825, -0.94037604, 0.28127736), (-0.047016326, -0.966917, 0.25072098), (-0.05050754, -0.9692628, 0.24078767), (-0.03680852, -0.9705368, 0.23812467), (-0.10090777, -0.96363235, 0.24744755), (-0.10090777, -0.96363235, 0.24744755), (-0.03680852, -0.9705368, 0.23812467), (-0.02817414, -0.9708594, 0.23798786), (-0.05200514, -0.968972, 0.2416373), (-0.19124825, -0.94037604, 0.28127736), (-0.10090777, -0.96363235, 0.24744755), (-0.05200514, -0.968972, 0.2416373), (-0.18510307, -0.94651526, 0.26428342), (0.38408872, -0.7991468, 0.46242863), (0.36698076, -0.7820086, 0.50377345), (0.33263323, -0.8808327, 0.3368811), (0.351382, -0.88223875, 0.31334558), (0.36698076, -0.7820086, 0.50377345), (0.3217285, -0.79277825, 0.5176807), (0.28760174, -0.88879186, 0.35683942), (0.33263323, -0.8808327, 0.3368811), (0.33263323, -0.8808327, 0.3368811), (0.28760174, -0.88879186, 0.35683942), (0.30343592, -0.9104818, 0.28097945), (0.32361624, -0.91171515, 0.25307703), (0.351382, -0.88223875, 0.31334558), (0.33263323, -0.8808327, 0.3368811), (0.32361624, -0.91171515, 0.25307703), (0.3348672, -0.91128534, 0.23963106), (0.3348672, -0.91128534, 0.23963106), (0.32361624, -0.91171515, 0.25307703), (0.34274322, -0.91426176, 0.21599172), (0.33041063, -0.9214206, 0.20448256), (0.32361624, -0.91171515, 0.25307703), (0.30343592, -0.9104818, 0.28097945), (0.37340719, -0.8913786, 0.25692663), (0.34274322, -0.91426176, 0.21599172), (0.34274322, -0.91426176, 0.21599172), (0.37340719, -0.8913786, 0.25692663), (0.39081755, -0.8909219, 0.23134348), (0.34504104, -0.91672796, 0.20138617), (0.33041063, -0.9214206, 0.20448256), (0.34274322, -0.91426176, 0.21599172), (0.34504104, -0.91672796, 0.20138617), (0.33009264, -0.9237546, 0.19420728), (0.39081755, -0.8909219, 0.23134348), (0.37340719, -0.8913786, 0.25692663), (0.40615296, -0.85419446, 0.3246406), (0.44957632, -0.8437005, 0.29334375), (0.37340719, -0.8913786, 0.25692663), (0.30343592, -0.9104818, 0.28097945), (0.31633982, -0.88447195, 0.34298465), (0.40615296, -0.85419446, 0.3246406), (0.40615296, -0.85419446, 0.3246406), (0.31633982, -0.88447195, 0.34298465), (0.30750504, -0.8671485, 0.3917834), (0.38578814, -0.8470101, 0.3657067), (0.44957632, -0.8437005, 0.29334375), (0.40615296, -0.85419446, 0.3246406), (0.38578814, -0.8470101, 0.3657067), (0.48467132, -0.7956575, 0.3633493), (0.30343592, -0.9104818, 0.28097945), (0.28760174, -0.88879186, 0.35683942), (0.27775726, -0.86885303, 0.40981123), (0.31633982, -0.88447195, 0.34298465), (0.28760174, -0.88879186, 0.35683942), (0.3217285, -0.79277825, 0.5176807), (0.30068105, -0.78040737, 0.5482293), (0.27775726, -0.86885303, 0.40981123), (0.27775726, -0.86885303, 0.40981123), (0.30068105, -0.78040737, 0.5482293), (0.3044177, -0.75160944, 0.5851608), (0.279677, -0.83864915, 0.46738446), (0.31633982, -0.88447195, 0.34298465), (0.27775726, -0.86885303, 0.40981123), (0.279677, -0.83864915, 0.46738446), (0.30750504, -0.8671485, 0.3917834), (0.3217285, -0.79277825, 0.5176807), (0.3811593, -0.5922627, 0.70988905), (0.37293094, -0.5994457, 0.7082284), (0.30068105, -0.78040737, 0.5482293), (0.3811593, -0.5922627, 0.70988905), (0.42384556, -0.37878436, 0.82272565), (0.44944906, -0.38375327, 0.80667776), (0.37293094, -0.5994457, 0.7082284), (0.37293094, -0.5994457, 0.7082284), (0.44944906, -0.38375327, 0.80667776), (0.44699472, -0.41202077, 0.7939992), (0.3720842, -0.5994334, 0.7086839), (0.30068105, -0.78040737, 0.5482293), (0.37293094, -0.5994457, 0.7082284), (0.3720842, -0.5994334, 0.7086839), (0.3044177, -0.75160944, 0.5851608), (0.42384556, -0.37878436, 0.82272565), (0.4301198, -0.2454314, 0.86876947), (0.4848646, -0.23407413, 0.8426836), (0.44944906, -0.38375327, 0.80667776), (0.4301198, -0.2454314, 0.86876947), (0.43424508, -0.1209841, 0.8926332), (0.5040897, -0.12767823, 0.85416144), (0.4848646, -0.23407413, 0.8426836), (0.4848646, -0.23407413, 0.8426836), (0.5040897, -0.12767823, 0.85416144), (0.5210708, -0.1433163, 0.8413951), (0.4975451, -0.24875067, 0.83100665), (0.44944906, -0.38375327, 0.80667776), (0.4848646, -0.23407413, 0.8426836), (0.4975451, -0.24875067, 0.83100665), (0.44699472, -0.41202077, 0.7939992), (0.3793664, -0.42846447, 0.8200605), (0.3886919, -0.3980337, 0.8309559), (0.39486238, -0.58995, 0.704303), (0.40600514, -0.61943215, 0.67191035), (0.3886919, -0.3980337, 0.8309559), (0.42384556, -0.37878436, 0.82272565), (0.3811593, -0.5922627, 0.70988905), (0.39486238, -0.58995, 0.704303), (0.39486238, -0.58995, 0.704303), (0.3811593, -0.5922627, 0.70988905), (0.3217285, -0.79277825, 0.5176807), (0.36698076, -0.7820086, 0.50377345), (0.40600514, -0.61943215, 0.67191035), (0.39486238, -0.58995, 0.704303), (0.36698076, -0.7820086, 0.50377345), (0.38408872, -0.7991468, 0.46242863), (0.29904696, -0.16730735, 0.9394568), (0.34030086, -0.13269587, 0.93090665), (0.35944504, -0.275163, 0.8916752), (0.33280325, -0.30622774, 0.89188933), (0.34030086, -0.13269587, 0.93090665), (0.43424508, -0.1209841, 0.8926332), (0.4301198, -0.2454314, 0.86876947), (0.35944504, -0.275163, 0.8916752), (0.35944504, -0.275163, 0.8916752), (0.4301198, -0.2454314, 0.86876947), (0.42384556, -0.37878436, 0.82272565), (0.3886919, -0.3980337, 0.8309559), (0.33280325, -0.30622774, 0.89188933), (0.35944504, -0.275163, 0.8916752), (0.3886919, -0.3980337, 0.8309559), (0.3793664, -0.42846447, 0.8200605), (0.6170648, 0.3436256, 0.70792127), (0.6916163, 0.3071992, 0.65367854), (0.5926463, 0.05301614, 0.8037162), (0.5125221, 0.09108863, 0.85382897), (0.6916163, 0.3071992, 0.65367854), (0.71046203, 0.27991548, 0.645671), (0.6105974, 0.02251255, 0.7916212), (0.5926463, 0.05301614, 0.8037162), (0.5926463, 0.05301614, 0.8037162), (0.6105974, 0.02251255, 0.7916212), (0.5210708, -0.1433163, 0.8413951), (0.5040897, -0.12767823, 0.85416144), (0.5125221, 0.09108863, 0.85382897), (0.5926463, 0.05301614, 0.8037162), (0.5040897, -0.12767823, 0.85416144), (0.43424508, -0.1209841, 0.8926332), (0.4284476, 0.34748405, 0.83407885), (0.50168663, 0.3641348, 0.78467596), (0.39598942, 0.10726255, 0.9119688), (0.32664958, 0.06711365, 0.9427597), (0.50168663, 0.3641348, 0.78467596), (0.6170648, 0.3436256, 0.70792127), (0.5125221, 0.09108863, 0.85382897), (0.39598942, 0.10726255, 0.9119688), (0.39598942, 0.10726255, 0.9119688), (0.5125221, 0.09108863, 0.85382897), (0.43424508, -0.1209841, 0.8926332), (0.34030086, -0.13269587, 0.93090665), (0.32664958, 0.06711365, 0.9427597), (0.39598942, 0.10726255, 0.9119688), (0.34030086, -0.13269587, 0.93090665), (0.29904696, -0.16730735, 0.9394568), (0.558655, 0.6301658, 0.53925467), (0.63001865, 0.6050162, 0.4868592), (0.68423367, 0.5036562, 0.5274037), (0.6210399, 0.52327335, 0.58351886), (0.63001865, 0.6050162, 0.4868592), (0.656524, 0.58693093, 0.4738019), (0.70725566, 0.48034978, 0.51870364), (0.68423367, 0.5036562, 0.5274037), (0.68423367, 0.5036562, 0.5274037), (0.70725566, 0.48034978, 0.51870364), (0.71046203, 0.27991548, 0.645671), (0.6916163, 0.3071992, 0.65367854), (0.6210399, 0.52327335, 0.58351886), (0.68423367, 0.5036562, 0.5274037), (0.6916163, 0.3071992, 0.65367854), (0.6170648, 0.3436256, 0.70792127), (0.39936572, 0.66607565, 0.6299605), (0.4553313, 0.6542694, 0.6038252), (0.5227677, 0.5393379, 0.6601731), (0.46905577, 0.5402079, 0.69868594), (0.4553313, 0.6542694, 0.6038252), (0.558655, 0.6301658, 0.53925467), (0.6210399, 0.52327335, 0.58351886), (0.5227677, 0.5393379, 0.6601731), (0.5227677, 0.5393379, 0.6601731), (0.6210399, 0.52327335, 0.58351886), (0.6170648, 0.3436256, 0.70792127), (0.50168663, 0.3641348, 0.78467596), (0.46905577, 0.5402079, 0.69868594), (0.5227677, 0.5393379, 0.6601731), (0.50168663, 0.3641348, 0.78467596), (0.4284476, 0.34748405, 0.83407885), (0.5197613, 0.7203526, 0.45928243), (0.6141117, 0.6720199, 0.41383085), (0.60345995, 0.6516784, 0.45951208), (0.51741046, 0.6886584, 0.50797236), (0.6141117, 0.6720199, 0.41383085), (0.638247, 0.6529363, 0.40781727), (0.6276321, 0.6346975, 0.45081833), (0.60345995, 0.6516784, 0.45951208), (0.60345995, 0.6516784, 0.45951208), (0.6276321, 0.6346975, 0.45081833), (0.656524, 0.58693093, 0.4738019), (0.63001865, 0.6050162, 0.4868592), (0.51741046, 0.6886584, 0.50797236), (0.60345995, 0.6516784, 0.45951208), (0.63001865, 0.6050162, 0.4868592), (0.558655, 0.6301658, 0.53925467), (0.34754223, 0.77964866, 0.5209245), (0.4008022, 0.76372427, 0.50604624), (0.40297082, 0.72273767, 0.5614846), (0.34862614, 0.7365282, 0.579643), (0.4008022, 0.76372427, 0.50604624), (0.5197613, 0.7203526, 0.45928243), (0.51741046, 0.6886584, 0.50797236), (0.40297082, 0.72273767, 0.5614846), (0.40297082, 0.72273767, 0.5614846), (0.51741046, 0.6886584, 0.50797236), (0.558655, 0.6301658, 0.53925467), (0.4553313, 0.6542694, 0.6038252), (0.34862614, 0.7365282, 0.579643), (0.40297082, 0.72273767, 0.5614846), (0.4553313, 0.6542694, 0.6038252), (0.39936572, 0.66607565, 0.6299605), (0.5040081, 0.760577, 0.40926567), (0.604754, 0.705638, 0.36925274), (0.6316146, 0.6814305, 0.36975053), (0.5320906, 0.7386925, 0.4137789), (0.604754, 0.705638, 0.36925274), (0.6707577, 0.65980786, 0.33872968), (0.6581662, 0.6586707, 0.36465067), (0.6316146, 0.6814305, 0.36975053), (0.6316146, 0.6814305, 0.36975053), (0.6581662, 0.6586707, 0.36465067), (0.638247, 0.6529363, 0.40781727), (0.6141117, 0.6720199, 0.41383085), (0.5320906, 0.7386925, 0.4137789), (0.6316146, 0.6814305, 0.36975053), (0.6141117, 0.6720199, 0.41383085), (0.5197613, 0.7203526, 0.45928243), (0.36141208, 0.81523645, 0.45251596), (0.40674028, 0.80044734, 0.4402799), (0.41152853, 0.7888732, 0.45642462), (0.3578033, 0.8068249, 0.47011745), (0.40674028, 0.80044734, 0.4402799), (0.5040081, 0.760577, 0.40926567), (0.5320906, 0.7386925, 0.4137789), (0.41152853, 0.7888732, 0.45642462), (0.41152853, 0.7888732, 0.45642462), (0.5320906, 0.7386925, 0.4137789), (0.5197613, 0.7203526, 0.45928243), (0.4008022, 0.76372427, 0.50604624), (0.3578033, 0.8068249, 0.47011745), (0.41152853, 0.7888732, 0.45642462), (0.4008022, 0.76372427, 0.50604624), (0.34754223, 0.77964866, 0.5209245), (-0.7511789, 0.13091968, 0.6469854), (-0.75396806, 0.087341495, 0.6510789), (-0.86861473, -0.1366247, 0.47627944), (-0.8790682, -0.123195596, 0.46050188), (-0.75396806, 0.087341495, 0.6510789), (-0.72294736, 0.03262266, 0.6901325), (-0.8313564, -0.16741769, 0.52992237), (-0.86861473, -0.1366247, 0.47627944), (-0.86861473, -0.1366247, 0.47627944), (-0.8313564, -0.16741769, 0.52992237), (-0.87250125, -0.33809435, 0.35275155), (-0.90480906, -0.31042495, 0.29147366), (-0.8790682, -0.123195596, 0.46050188), (-0.86861473, -0.1366247, 0.47627944), (-0.90480906, -0.31042495, 0.29147366), (-0.9133451, -0.29595977, 0.2796577), (-0.45835996, 0.36594686, 0.80993146), (-0.5016064, 0.3385766, 0.79608846), (-0.61225796, 0.2560531, 0.74804884), (-0.5801735, 0.3091541, 0.75354004), (-0.5016064, 0.3385766, 0.79608846), (-0.548751, 0.3011912, 0.7798437), (-0.6191628, 0.19543223, 0.76055485), (-0.61225796, 0.2560531, 0.74804884), (-0.61225796, 0.2560531, 0.74804884), (-0.6191628, 0.19543223, 0.76055485), (-0.72294736, 0.03262266, 0.6901325), (-0.75396806, 0.087341495, 0.6510789), (-0.5801735, 0.3091541, 0.75354004), (-0.61225796, 0.2560531, 0.74804884), (-0.75396806, 0.087341495, 0.6510789), (-0.7511789, 0.13091968, 0.6469854), (-0.548751, 0.3011912, 0.7798437), (-0.5016064, 0.3385766, 0.79608846), (-0.43800828, 0.35922197, 0.8240803), (-0.5098955, 0.3554351, 0.7833725), (-0.5016064, 0.3385766, 0.79608846), (-0.45835996, 0.36594686, 0.80993146), (-0.40707263, 0.35623294, 0.84106475), (-0.43800828, 0.35922197, 0.8240803), (-0.43800828, 0.35922197, 0.8240803), (-0.40707263, 0.35623294, 0.84106475), (-0.41141883, 0.33477217, 0.84773946), (-0.43390012, 0.351229, 0.82967997), (-0.5098955, 0.3554351, 0.7833725), (-0.43800828, 0.35922197, 0.8240803), (-0.43390012, 0.351229, 0.82967997), (-0.5077766, 0.38108343, 0.7726178), (-0.5301484, 0.37778896, 0.7590903), (-0.5406098, 0.3840413, 0.7485007), (-0.47770527, 0.3538457, 0.80410874), (-0.45718145, 0.33363953, 0.8244208), (-0.5406098, 0.3840413, 0.7485007), (-0.5776252, 0.40787312, 0.7070988), (-0.5372141, 0.39481696, 0.74533254), (-0.47770527, 0.3538457, 0.80410874), (-0.47770527, 0.3538457, 0.80410874), (-0.5372141, 0.39481696, 0.74533254), (-0.5077766, 0.38108343, 0.7726178), (-0.43390012, 0.351229, 0.82967997), (-0.45718145, 0.33363953, 0.8244208), (-0.47770527, 0.3538457, 0.80410874), (-0.43390012, 0.351229, 0.82967997), (-0.41141883, 0.33477217, 0.84773946), (-0.6287556, 0.434046, 0.6451902), (-0.6098459, 0.42472276, 0.66910285), (-0.589853, 0.4278757, 0.68483275), (-0.60819006, 0.4484089, 0.6550072), (-0.6098459, 0.42472276, 0.66910285), (-0.5776252, 0.40787312, 0.7070988), (-0.5406098, 0.3840413, 0.7485007), (-0.589853, 0.4278757, 0.68483275), (-0.589853, 0.4278757, 0.68483275), (-0.5406098, 0.3840413, 0.7485007), (-0.5301484, 0.37778896, 0.7590903), (-0.5826783, 0.43148994, 0.68869615), (-0.60819006, 0.4484089, 0.6550072), (-0.589853, 0.4278757, 0.68483275), (-0.5826783, 0.43148994, 0.68869615), (-0.5998573, 0.4566077, 0.65702415), (-0.6633185, 0.43773764, 0.60695493), (-0.64552754, 0.43514132, 0.62765133), (-0.6211954, 0.4509943, 0.64087474), (-0.65723294, 0.45513862, 0.6007443), (-0.64552754, 0.43514132, 0.62765133), (-0.6287556, 0.434046, 0.6451902), (-0.60819006, 0.4484089, 0.6550072), (-0.6211954, 0.4509943, 0.64087474), (-0.6211954, 0.4509943, 0.64087474), (-0.60819006, 0.4484089, 0.6550072), (-0.5998573, 0.4566077, 0.65702415), (-0.61573255, 0.45749745, 0.64153683), (-0.65723294, 0.45513862, 0.6007443), (-0.6211954, 0.4509943, 0.64087474), (-0.61573255, 0.45749745, 0.64153683), (-0.6625891, 0.4646388, 0.5874406), (-0.6539014, 0.43582264, 0.6184429), (-0.634296, 0.44036505, 0.6354111), (-0.62836564, 0.43235412, 0.6467044), (-0.6476218, 0.43193343, 0.6277097), (-0.634296, 0.44036505, 0.6354111), (-0.6194787, 0.435689, 0.6530094), (-0.60931987, 0.42798695, 0.6675002), (-0.62836564, 0.43235412, 0.6467044), (-0.62836564, 0.43235412, 0.6467044), (-0.60931987, 0.42798695, 0.6675002), (-0.5776252, 0.40787312, 0.7070988), (-0.6098459, 0.42472276, 0.66910285), (-0.6476218, 0.43193343, 0.6277097), (-0.62836564, 0.43235412, 0.6467044), (-0.6098459, 0.42472276, 0.66910285), (-0.6287556, 0.434046, 0.6451902), (-0.6945403, 0.45109814, 0.56046784), (-0.67556137, 0.43219653, 0.5973466), (-0.6679731, 0.42891952, 0.60814476), (-0.6846075, 0.44142553, 0.5800484), (-0.67556137, 0.43219653, 0.5973466), (-0.6539014, 0.43582264, 0.6184429), (-0.6476218, 0.43193343, 0.6277097), (-0.6679731, 0.42891952, 0.60814476), (-0.6679731, 0.42891952, 0.60814476), (-0.6476218, 0.43193343, 0.6277097), (-0.6287556, 0.434046, 0.6451902), (-0.64552754, 0.43514132, 0.62765133), (-0.6846075, 0.44142553, 0.5800484), (-0.6679731, 0.42891952, 0.60814476), (-0.64552754, 0.43514132, 0.62765133), (-0.6633185, 0.43773764, 0.60695493), (0.31949034, 0.645902, 0.69335175), (0.32646003, 0.59160703, 0.7371737), (0.34437254, 0.5987629, 0.72311175), (0.3392374, 0.6246195, 0.70339775), (0.32646003, 0.59160703, 0.7371737), (0.30669788, 0.57381797, 0.7593875), (0.3407408, 0.58181506, 0.73850316), (0.34437254, 0.5987629, 0.72311175), (0.34437254, 0.5987629, 0.72311175), (0.3407408, 0.58181506, 0.73850316), (0.3527504, 0.58224255, 0.7325031), (0.35032442, 0.5990259, 0.72002834), (0.3392374, 0.6246195, 0.70339775), (0.34437254, 0.5987629, 0.72311175), (0.35032442, 0.5990259, 0.72002834), (0.3452606, 0.6180224, 0.7062885), (0.17856504, 0.74285907, 0.64519376), (0.25519326, 0.7074195, 0.659116), (0.30059296, 0.65801495, 0.6904058), (0.18984888, 0.7083428, 0.67985874), (0.25519326, 0.7074195, 0.659116), (0.31949034, 0.645902, 0.69335175), (0.3392374, 0.6246195, 0.70339775), (0.30059296, 0.65801495, 0.6904058), (0.30059296, 0.65801495, 0.6904058), (0.3392374, 0.6246195, 0.70339775), (0.3452606, 0.6180224, 0.7062885), (0.3129878, 0.6407457, 0.701059), (0.18984888, 0.7083428, 0.67985874), (0.30059296, 0.65801495, 0.6904058), (0.3129878, 0.6407457, 0.701059), (0.18597148, 0.68256915, 0.70676297), (-0.06119317, 0.7241867, 0.6868835), (-0.06263293, 0.74658537, 0.66233474), (0.026096798, 0.75314134, 0.657341), (-0.01439833, 0.7197759, 0.69405717), (-0.06263293, 0.74658537, 0.66233474), (-0.01612604, 0.81831765, 0.57453996), (0.06174624, 0.800537, 0.59609395), (0.026096798, 0.75314134, 0.657341), (0.026096798, 0.75314134, 0.657341), (0.06174624, 0.800537, 0.59609395), (0.17856504, 0.74285907, 0.64519376), (0.18984888, 0.7083428, 0.67985874), (-0.01439833, 0.7197759, 0.69405717), (0.026096798, 0.75314134, 0.657341), (0.18984888, 0.7083428, 0.67985874), (0.18597148, 0.68256915, 0.70676297), (-0.6945403, 0.45109814, 0.56046784), (-0.6846075, 0.44142553, 0.5800484), (-0.6924365, 0.46748486, 0.5495358), (-0.7057762, 0.48408064, 0.5172482), (-0.6846075, 0.44142553, 0.5800484), (-0.6633185, 0.43773764, 0.60695493), (-0.65723294, 0.45513862, 0.6007443), (-0.6924365, 0.46748486, 0.5495358), (-0.6924365, 0.46748486, 0.5495358), (-0.65723294, 0.45513862, 0.6007443), (-0.6625891, 0.4646388, 0.5874406), (-0.69980496, 0.4857303, 0.5237739), (-0.7057762, 0.48408064, 0.5172482), (-0.6924365, 0.46748486, 0.5495358), (-0.69980496, 0.4857303, 0.5237739), (-0.7081209, 0.49360174, 0.504898), (0.29513583, 0.66379863, 0.68721634), (0.2948071, 0.67673546, 0.6746243), (0.19236538, 0.77241105, 0.6052907), (0.16896911, 0.8003949, 0.5751674), (0.2948071, 0.67673546, 0.6746243), (0.31949034, 0.645902, 0.69335175), (0.25519326, 0.7074195, 0.659116), (0.19236538, 0.77241105, 0.6052907), (0.19236538, 0.77241105, 0.6052907), (0.25519326, 0.7074195, 0.659116), (0.17856504, 0.74285907, 0.64519376), (0.06174624, 0.800537, 0.59609395), (0.16896911, 0.8003949, 0.5751674), (0.19236538, 0.77241105, 0.6052907), (0.06174624, 0.800537, 0.59609395), (-0.01612604, 0.81831765, 0.57453996), (0.25523567, 0.546689, 0.79748726), (0.27021167, 0.5552457, 0.78656715), (0.3055003, 0.5734261, 0.76016587), (0.2909953, 0.5514669, 0.7817967), (0.27021167, 0.5552457, 0.78656715), (0.30669788, 0.57381797, 0.7593875), (0.32646003, 0.59160703, 0.7371737), (0.3055003, 0.5734261, 0.76016587), (0.3055003, 0.5734261, 0.76016587), (0.32646003, 0.59160703, 0.7371737), (0.31949034, 0.645902, 0.69335175), (0.2948071, 0.67673546, 0.6746243), (0.2909953, 0.5514669, 0.7817967), (0.3055003, 0.5734261, 0.76016587), (0.2948071, 0.67673546, 0.6746243), (0.29513583, 0.66379863, 0.68721634), (0.27148828, 0.5588465, 0.78357184), (0.29189664, 0.53915966, 0.790002), (0.26379526, 0.57035893, 0.7778835), (0.24767214, 0.57387924, 0.7805902), (0.29189664, 0.53915966, 0.790002), (0.32488936, 0.5250747, 0.78660244), (0.3047234, 0.5638033, 0.7676388), (0.26379526, 0.57035893, 0.7778835), (0.26379526, 0.57035893, 0.7778835), (0.3047234, 0.5638033, 0.7676388), (0.30669788, 0.57381797, 0.7593875), (0.27021167, 0.5552457, 0.78656715), (0.24767214, 0.57387924, 0.7805902), (0.26379526, 0.57035893, 0.7778835), (0.27021167, 0.5552457, 0.78656715), (0.25523567, 0.546689, 0.79748726), (0.34783825, 0.50591385, 0.7893413), (0.3662441, 0.5032757, 0.7826741), (0.3293366, 0.4981375, 0.80211985), (0.31021604, 0.5130652, 0.8003313), (0.3662441, 0.5032757, 0.7826741), (0.38343897, 0.4736562, 0.79285836), (0.35230798, 0.4825526, 0.8018866), (0.3293366, 0.4981375, 0.80211985), (0.3293366, 0.4981375, 0.80211985), (0.35230798, 0.4825526, 0.8018866), (0.32488936, 0.5250747, 0.78660244), (0.29189664, 0.53915966, 0.790002), (0.31021604, 0.5130652, 0.8003313), (0.3293366, 0.4981375, 0.80211985), (0.29189664, 0.53915966, 0.790002), (0.27148828, 0.5588465, 0.78357184), (0.30669788, 0.57381797, 0.7593875), (0.3047234, 0.5638033, 0.7676388), (0.34398064, 0.560096, 0.75363773), (0.3407408, 0.58181506, 0.73850316), (0.3047234, 0.5638033, 0.7676388), (0.32488936, 0.5250747, 0.78660244), (0.35744032, 0.5164983, 0.7781169), (0.34398064, 0.560096, 0.75363773), (0.34398064, 0.560096, 0.75363773), (0.35744032, 0.5164983, 0.7781169), (0.36977464, 0.51313287, 0.77457184), (0.3584885, 0.55755436, 0.74874514), (0.3407408, 0.58181506, 0.73850316), (0.34398064, 0.560096, 0.75363773), (0.3584885, 0.55755436, 0.74874514), (0.3527504, 0.58224255, 0.7325031), (0.38343897, 0.4736562, 0.79285836), (0.39376038, 0.45054144, 0.8012273), (0.37435356, 0.4720707, 0.79812825), (0.35230798, 0.4825526, 0.8018866), (0.39376038, 0.45054144, 0.8012273), (0.3963692, 0.44040695, 0.80556387), (0.38297787, 0.4675998, 0.79666704), (0.37435356, 0.4720707, 0.79812825), (0.37435356, 0.4720707, 0.79812825), (0.38297787, 0.4675998, 0.79666704), (0.36977464, 0.51313287, 0.77457184), (0.35744032, 0.5164983, 0.7781169), (0.35230798, 0.4825526, 0.8018866), (0.37435356, 0.4720707, 0.79812825), (0.35744032, 0.5164983, 0.7781169), (0.32488936, 0.5250747, 0.78660244), (0.38343897, 0.4736562, 0.79285836), (0.44825587, 0.4622611, 0.76510215), (0.43530506, 0.41659296, 0.79809767), (0.39376038, 0.45054144, 0.8012273), (0.44825587, 0.4622611, 0.76510215), (0.5840824, 0.39009994, 0.7118075), (0.5259013, 0.33361882, 0.78238493), (0.43530506, 0.41659296, 0.79809767), (0.43530506, 0.41659296, 0.79809767), (0.5259013, 0.33361882, 0.78238493), (0.49641386, 0.29803935, 0.8153195), (0.42477992, 0.39036387, 0.8168097), (0.39376038, 0.45054144, 0.8012273), (0.43530506, 0.41659296, 0.79809767), (0.42477992, 0.39036387, 0.8168097), (0.3963692, 0.44040695, 0.80556387), (0.34783825, 0.50591385, 0.7893413), (0.41328132, 0.53773785, 0.73487186), (0.44197294, 0.5124986, 0.7362099), (0.3662441, 0.5032757, 0.7826741), (0.41328132, 0.53773785, 0.73487186), (0.6045831, 0.4715874, 0.64193815), (0.61130756, 0.44342875, 0.6554953), (0.44197294, 0.5124986, 0.7362099), (0.44197294, 0.5124986, 0.7362099), (0.61130756, 0.44342875, 0.6554953), (0.5840824, 0.39009994, 0.7118075), (0.44825587, 0.4622611, 0.76510215), (0.3662441, 0.5032757, 0.7826741), (0.44197294, 0.5124986, 0.7362099), (0.44825587, 0.4622611, 0.76510215), (0.38343897, 0.4736562, 0.79285836), (0.5840824, 0.39009994, 0.7118075), (0.61130756, 0.44342875, 0.6554953), (0.78994596, 0.27540916, 0.5478459), (0.7426291, 0.24651542, 0.6226814), (0.61130756, 0.44342875, 0.6554953), (0.6045831, 0.4715874, 0.64193815), (0.8065556, 0.27438596, 0.5236223), (0.78994596, 0.27540916, 0.5478459), (0.78994596, 0.27540916, 0.5478459), (0.8065556, 0.27438596, 0.5236223), (0.8612738, 0.06949002, 0.50336725), (0.8497283, 0.065213755, 0.5231721), (0.7426291, 0.24651542, 0.6226814), (0.78994596, 0.27540916, 0.5478459), (0.8497283, 0.065213755, 0.5231721), (0.8066373, 0.04541311, 0.5892995), (0.49641386, 0.29803935, 0.8153195), (0.5259013, 0.33361882, 0.78238493), (0.65400994, 0.2020702, 0.7289984), (0.60102755, 0.17525445, 0.7797767), (0.5259013, 0.33361882, 0.78238493), (0.5840824, 0.39009994, 0.7118075), (0.7426291, 0.24651542, 0.6226814), (0.65400994, 0.2020702, 0.7289984), (0.65400994, 0.2020702, 0.7289984), (0.7426291, 0.24651542, 0.6226814), (0.8066373, 0.04541311, 0.5892995), (0.73343635, 0.0059095467, 0.67973244), (0.60102755, 0.17525445, 0.7797767), (0.65400994, 0.2020702, 0.7289984), (0.73343635, 0.0059095467, 0.67973244), (0.68788195, -0.013453991, 0.7256979), (0.68788195, -0.013453991, 0.7256979), (0.73343635, 0.0059095467, 0.67973244), (0.7411211, -0.20645891, 0.6388382), (0.7108387, -0.2299584, 0.664701), (0.73343635, 0.0059095467, 0.67973244), (0.8066373, 0.04541311, 0.5892995), (0.79774094, -0.15777439, 0.58199364), (0.7411211, -0.20645891, 0.6388382), (0.7411211, -0.20645891, 0.6388382), (0.79774094, -0.15777439, 0.58199364), (0.8008178, -0.28496486, 0.52676934), (0.74171585, -0.3466339, 0.57419723), (0.7108387, -0.2299584, 0.664701), (0.7411211, -0.20645891, 0.6388382), (0.74171585, -0.3466339, 0.57419723), (0.7116513, -0.37410703, 0.5946397), (0.8066373, 0.04541311, 0.5892995), (0.8497283, 0.065213755, 0.5231721), (0.8350172, -0.12231185, 0.53645694), (0.79774094, -0.15777439, 0.58199364), (0.8497283, 0.065213755, 0.5231721), (0.8612738, 0.06949002, 0.50336725), (0.8457717, -0.10600078, 0.52290934), (0.8350172, -0.12231185, 0.53645694), (0.8350172, -0.12231185, 0.53645694), (0.8457717, -0.10600078, 0.52290934), (0.8503691, -0.21682781, 0.47943518), (0.8406182, -0.23471747, 0.4881277), (0.79774094, -0.15777439, 0.58199364), (0.8350172, -0.12231185, 0.53645694), (0.8406182, -0.23471747, 0.4881277), (0.8008178, -0.28496486, 0.52676934), (0.8008178, -0.28496486, 0.52676934), (0.8406182, -0.23471747, 0.4881277), (0.8636154, -0.2719409, 0.4245192), (0.8224633, -0.33039072, 0.46302933), (0.8406182, -0.23471747, 0.4881277), (0.8503691, -0.21682781, 0.47943518), (0.8739953, -0.2532015, 0.41475433), (0.8636154, -0.2719409, 0.4245192), (0.8636154, -0.2719409, 0.4245192), (0.8739953, -0.2532015, 0.41475433), (0.8893628, -0.2633065, 0.37376934), (0.8794021, -0.28278738, 0.38299257), (0.8224633, -0.33039072, 0.46302933), (0.8636154, -0.2719409, 0.4245192), (0.8794021, -0.28278738, 0.38299257), (0.8413115, -0.34399325, 0.41696957), (0.7116513, -0.37410703, 0.5946397), (0.74171585, -0.3466339, 0.57419723), (0.7607793, -0.40224865, 0.509324), (0.7291106, -0.43420354, 0.5290227), (0.74171585, -0.3466339, 0.57419723), (0.8008178, -0.28496486, 0.52676934), (0.8224633, -0.33039072, 0.46302933), (0.7607793, -0.40224865, 0.509324), (0.7607793, -0.40224865, 0.509324), (0.8224633, -0.33039072, 0.46302933), (0.8413115, -0.34399325, 0.41696957), (0.7848741, -0.41896042, 0.45655757), (0.7291106, -0.43420354, 0.5290227), (0.7607793, -0.40224865, 0.509324), (0.7848741, -0.41896042, 0.45655757), (0.75622296, -0.4528593, 0.47227666), (-0.86640984, -0.44685334, 0.2228364), (-0.8070786, -0.50721216, 0.3022581), (-0.7908205, -0.5383144, 0.2912399), (-0.856085, -0.46907657, 0.2169923), (-0.8070786, -0.50721216, 0.3022581), (-0.77498424, -0.5353164, 0.33591038), (-0.7536733, -0.5729939, 0.32195422), (-0.7908205, -0.5383144, 0.2912399), (-0.7908205, -0.5383144, 0.2912399), (-0.7536733, -0.5729939, 0.32195422), (-0.720115, -0.6355956, 0.2783031), (-0.76111764, -0.59542936, 0.257223), (-0.856085, -0.46907657, 0.2169923), (-0.7908205, -0.5383144, 0.2912399), (-0.76111764, -0.59542936, 0.257223), (-0.83256626, -0.5203263, 0.18998393), (-0.87250125, -0.33809435, 0.35275155), (-0.8192831, -0.36374894, 0.44324028), (-0.81664747, -0.4673536, 0.33862588), (-0.87103665, -0.42136163, 0.25248668), (-0.8192831, -0.36374894, 0.44324028), (-0.78704005, -0.37312216, 0.49127153), (-0.7866942, -0.49049053, 0.37487513), (-0.81664747, -0.4673536, 0.33862588), (-0.81664747, -0.4673536, 0.33862588), (-0.7866942, -0.49049053, 0.37487513), (-0.77498424, -0.5353164, 0.33591038), (-0.8070786, -0.50721216, 0.3022581), (-0.87103665, -0.42136163, 0.25248668), (-0.81664747, -0.4673536, 0.33862588), (-0.8070786, -0.50721216, 0.3022581), (-0.86640984, -0.44685334, 0.2228364), (-0.9158016, -0.3780514, 0.13559026), (-0.9053575, -0.3946906, 0.15667541), (-0.8987261, -0.41004145, 0.15542644), (-0.9112959, -0.38853636, 0.13630594), (-0.9053575, -0.3946906, 0.15667541), (-0.86640984, -0.44685334, 0.2228364), (-0.856085, -0.46907657, 0.2169923), (-0.8987261, -0.41004145, 0.15542644), (-0.8987261, -0.41004145, 0.15542644), (-0.856085, -0.46907657, 0.2169923), (-0.83256626, -0.5203263, 0.18998393), (-0.8811922, -0.45375514, 0.1326897), (-0.9112959, -0.38853636, 0.13630594), (-0.8987261, -0.41004145, 0.15542644), (-0.8811922, -0.45375514, 0.1326897), (-0.8969053, -0.4258066, 0.11937206), (-0.9133451, -0.29595977, 0.2796577), (-0.90480906, -0.31042495, 0.29147366), (-0.90595907, -0.38080877, 0.18499418), (-0.91515553, -0.36521956, 0.17060174), (-0.90480906, -0.31042495, 0.29147366), (-0.87250125, -0.33809435, 0.35275155), (-0.87103665, -0.42136163, 0.25248668), (-0.90595907, -0.38080877, 0.18499418), (-0.90595907, -0.38080877, 0.18499418), (-0.87103665, -0.42136163, 0.25248668), (-0.86640984, -0.44685334, 0.2228364), (-0.9053575, -0.3946906, 0.15667541), (-0.91515553, -0.36521956, 0.17060174), (-0.90595907, -0.38080877, 0.18499418), (-0.9053575, -0.3946906, 0.15667541), (-0.9158016, -0.3780514, 0.13559026), (-0.8969053, -0.4258066, 0.11937206), (-0.8811922, -0.45375514, 0.1326897), (-0.8561572, -0.5095051, 0.08601994), (-0.8779271, -0.47211885, 0.079671934), (-0.8811922, -0.45375514, 0.1326897), (-0.83256626, -0.5203263, 0.18998393), (-0.8017901, -0.5814804, 0.13788852), (-0.8561572, -0.5095051, 0.08601994), (-0.8561572, -0.5095051, 0.08601994), (-0.8017901, -0.5814804, 0.13788852), (-0.77231365, -0.62372404, 0.12041534), (-0.8261067, -0.55821186, 0.07711834), (-0.8779271, -0.47211885, 0.079671934), (-0.8561572, -0.5095051, 0.08601994), (-0.8261067, -0.55821186, 0.07711834), (-0.86243975, -0.5041599, 0.044949044), (-0.83256626, -0.5203263, 0.18998393), (-0.76111764, -0.59542936, 0.257223), (-0.7302984, -0.65510166, 0.193665), (-0.8017901, -0.5814804, 0.13788852), (-0.76111764, -0.59542936, 0.257223), (-0.720115, -0.6355956, 0.2783031), (-0.69232434, -0.6913938, 0.20654672), (-0.7302984, -0.65510166, 0.193665), (-0.7302984, -0.65510166, 0.193665), (-0.69232434, -0.6913938, 0.20654672), (-0.6839221, -0.7074548, 0.17820805), (-0.7082872, -0.6867092, 0.16358383), (-0.8017901, -0.5814804, 0.13788852), (-0.7302984, -0.65510166, 0.193665), (-0.7082872, -0.6867092, 0.16358383), (-0.77231365, -0.62372404, 0.12041534), (0.75622296, -0.4528593, 0.47227666), (0.7848741, -0.41896042, 0.45655757), (0.7976652, -0.43395588, 0.4188229), (0.7724179, -0.46802944, 0.42932388), (0.7848741, -0.41896042, 0.45655757), (0.8413115, -0.34399325, 0.41696957), (0.8486209, -0.35909912, 0.38844615), (0.7976652, -0.43395588, 0.4188229), (0.7976652, -0.43395588, 0.4188229), (0.8486209, -0.35909912, 0.38844615), (0.84119606, -0.38197088, 0.38273695), (0.79627085, -0.44883808, 0.40558225), (0.7724179, -0.46802944, 0.42932388), (0.7976652, -0.43395588, 0.4188229), (0.79627085, -0.44883808, 0.40558225), (0.77601105, -0.47575527, 0.41408184), (0.8413115, -0.34399325, 0.41696957), (0.8794021, -0.28278738, 0.38299257), (0.8850269, -0.29492196, 0.36020616), (0.8486209, -0.35909912, 0.38844615), (0.8794021, -0.28278738, 0.38299257), (0.8893628, -0.2633065, 0.37376934), (0.8952696, -0.2712271, 0.3534518), (0.8850269, -0.29492196, 0.36020616), (0.8850269, -0.29492196, 0.36020616), (0.8952696, -0.2712271, 0.3534518), (0.896449, -0.27971947, 0.3437096), (0.8758856, -0.3212483, 0.36003315), (0.8486209, -0.35909912, 0.38844615), (0.8850269, -0.29492196, 0.36020616), (0.8758856, -0.3212483, 0.36003315), (0.84119606, -0.38197088, 0.38273695), (-0.72294736, 0.03262266, 0.6901325), (-0.6694932, -0.0054705953, 0.74279803), (-0.7673509, -0.1871815, 0.61329895), (-0.8313564, -0.16741769, 0.52992237), (-0.6694932, -0.0054705953, 0.74279803), (-0.6389678, -0.015282198, 0.7690816), (-0.72725457, -0.18959908, 0.65966123), (-0.7673509, -0.1871815, 0.61329895), (-0.7673509, -0.1871815, 0.61329895), (-0.72725457, -0.18959908, 0.65966123), (-0.78704005, -0.37312216, 0.49127153), (-0.8192831, -0.36374894, 0.44324028), (-0.8313564, -0.16741769, 0.52992237), (-0.7673509, -0.1871815, 0.61329895), (-0.8192831, -0.36374894, 0.44324028), (-0.87250125, -0.33809435, 0.35275155), (-0.6016296, 0.27767047, 0.7489599), (-0.60220516, 0.14461848, 0.7851335), (-0.61014444, 0.15320298, 0.77733684), (-0.5878196, 0.28085545, 0.7586755), (-0.60220516, 0.14461848, 0.7851335), (-0.6389678, -0.015282198, 0.7690816), (-0.6694932, -0.0054705953, 0.74279803), (-0.61014444, 0.15320298, 0.77733684), (-0.61014444, 0.15320298, 0.77733684), (-0.6694932, -0.0054705953, 0.74279803), (-0.72294736, 0.03262266, 0.6901325), (-0.6191628, 0.19543223, 0.76055485), (-0.5878196, 0.28085545, 0.7586755), (-0.61014444, 0.15320298, 0.77733684), (-0.6191628, 0.19543223, 0.76055485), (-0.548751, 0.3011912, 0.7798437), (-0.6114837, 0.39557457, 0.6852798), (-0.607813, 0.35558176, 0.71001756), (-0.58103216, 0.35588393, 0.73194826), (-0.583097, 0.3951716, 0.709815), (-0.607813, 0.35558176, 0.71001756), (-0.6016296, 0.27767047, 0.7489599), (-0.5878196, 0.28085545, 0.7586755), (-0.58103216, 0.35588393, 0.73194826), (-0.58103216, 0.35588393, 0.73194826), (-0.5878196, 0.28085545, 0.7586755), (-0.548751, 0.3011912, 0.7798437), (-0.5098955, 0.3554351, 0.7833725), (-0.583097, 0.3951716, 0.709815), (-0.58103216, 0.35588393, 0.73194826), (-0.5098955, 0.3554351, 0.7833725), (-0.5077766, 0.38108343, 0.7726178), (-0.5776252, 0.40787312, 0.7070988), (-0.60931987, 0.42798695, 0.6675002), (-0.5929591, 0.41713068, 0.6887681), (-0.5372141, 0.39481696, 0.74533254), (-0.60931987, 0.42798695, 0.6675002), (-0.6194787, 0.435689, 0.6530094), (-0.6130309, 0.4203985, 0.66892326), (-0.5929591, 0.41713068, 0.6887681), (-0.5929591, 0.41713068, 0.6887681), (-0.6130309, 0.4203985, 0.66892326), (-0.6114837, 0.39557457, 0.6852798), (-0.583097, 0.3951716, 0.709815), (-0.5372141, 0.39481696, 0.74533254), (-0.5929591, 0.41713068, 0.6887681), (-0.583097, 0.3951716, 0.709815), (-0.5077766, 0.38108343, 0.7726178), (-0.0691072, -0.9516982, 0.29915667), (-0.040386707, -0.95717627, 0.28667465), (-0.086643174, -0.9658703, 0.24410535), (-0.11982338, -0.9596342, 0.25444943), (-0.040386707, -0.95717627, 0.28667465), (-0.022813156, -0.95719564, 0.28854153), (-0.06305681, -0.96621805, 0.249893), (-0.086643174, -0.9658703, 0.24410535), (-0.086643174, -0.9658703, 0.24410535), (-0.06305681, -0.96621805, 0.249893), (-0.08556805, -0.970732, 0.22440521), (-0.12103715, -0.96497875, 0.23273598), (-0.11982338, -0.9596342, 0.25444943), (-0.086643174, -0.9658703, 0.24410535), (-0.12103715, -0.96497875, 0.23273598), (-0.14768735, -0.95952755, 0.23978178), (-0.75463593, 0.6246086, 0.2009696), (-0.76419485, 0.60989547, 0.20984241), (-0.8028213, 0.5752239, 0.15682961), (-0.79530036, 0.5870463, 0.15124142), (-0.76419485, 0.60989547, 0.20984241), (-0.7727067, 0.6002504, 0.20645574), (-0.8089848, 0.56747156, 0.15336084), (-0.8028213, 0.5752239, 0.15682961), (-0.8028213, 0.5752239, 0.15682961), (-0.8089848, 0.56747156, 0.15336084), (-0.8187106, 0.5574438, 0.13772896), (-0.81688035, 0.56038016, 0.13667673), (-0.79530036, 0.5870463, 0.15124142), (-0.8028213, 0.5752239, 0.15682961), (-0.81688035, 0.56038016, 0.13667673), (-0.8110416, 0.5695948, 0.13331646), (-0.45424116, 0.33176887, 0.8267977), (-0.4360457, 0.35082772, 0.8287244), (-0.4989547, 0.35948598, 0.78855187), (-0.5043219, 0.33804604, 0.79459697), (-0.4360457, 0.35082772, 0.8287244), (-0.37859592, 0.42323256, 0.82312775), (-0.4785314, 0.4118045, 0.7755158), (-0.4989547, 0.35948598, 0.78855187), (-0.4989547, 0.35948598, 0.78855187), (-0.4785314, 0.4118045, 0.7755158), (-0.5494785, 0.46000564, 0.69747263), (-0.5303114, 0.45755133, 0.71373427), (-0.5043219, 0.33804604, 0.79459697), (-0.4989547, 0.35948598, 0.78855187), (-0.5303114, 0.45755133, 0.71373427), (-0.5153135, 0.4576358, 0.7245836), (-0.31206563, 0.5480243, 0.77606976), (-0.4471235, 0.4934124, 0.74607295), (-0.45838714, 0.46852228, 0.75522715), (-0.3343797, 0.50906986, 0.7931192), (-0.4471235, 0.4934124, 0.74607295), (-0.5654051, 0.4531147, 0.68920547), (-0.55975676, 0.4576743, 0.6908013), (-0.45838714, 0.46852228, 0.75522715), (-0.45838714, 0.46852228, 0.75522715), (-0.55975676, 0.4576743, 0.6908013), (-0.5494785, 0.46000564, 0.69747263), (-0.4785314, 0.4118045, 0.7755158), (-0.3343797, 0.50906986, 0.7931192), (-0.45838714, 0.46852228, 0.75522715), (-0.4785314, 0.4118045, 0.7755158), (-0.37859592, 0.42323256, 0.82312775), (-0.7320965, 0.6523935, 0.1960038), (-0.743571, 0.6406052, 0.19164322), (-0.7827791, 0.60560685, 0.14316832), (-0.76926184, 0.62076145, 0.1512992), (-0.743571, 0.6406052, 0.19164322), (-0.75463593, 0.6246086, 0.2009696), (-0.79530036, 0.5870463, 0.15124142), (-0.7827791, 0.60560685, 0.14316832), (-0.7827791, 0.60560685, 0.14316832), (-0.79530036, 0.5870463, 0.15124142), (-0.8110416, 0.5695948, 0.13331646), (-0.80285025, 0.58211964, 0.12871775), (-0.76926184, 0.62076145, 0.1512992), (-0.7827791, 0.60560685, 0.14316832), (-0.80285025, 0.58211964, 0.12871775), (-0.78708506, 0.60481644, 0.12121932), (-0.016131887, -0.5205453, 0.8536816), (-0.09309244, -0.5511797, 0.8291772), (-0.037712652, -0.57826626, 0.81497604), (0.08556222, -0.55503744, 0.82741314), (-0.09309244, -0.5511797, 0.8291772), (-0.11444836, -0.6235335, 0.7733742), (-0.12912941, -0.6224641, 0.7719223), (-0.037712652, -0.57826626, 0.81497604), (-0.037712652, -0.57826626, 0.81497604), (-0.12912941, -0.6224641, 0.7719223), (-0.1328837, -0.6185226, 0.77444935), (-0.0034648073, -0.5886255, 0.8083984), (0.08556222, -0.55503744, 0.82741314), (-0.037712652, -0.57826626, 0.81497604), (-0.0034648073, -0.5886255, 0.8083984), (0.14030656, -0.5700422, 0.80954677), (-0.11196814, -0.94366527, 0.31138235), (-0.09677229, -0.94527876, 0.31158194), (-0.14522777, -0.95381385, 0.26296), (-0.15969788, -0.9519424, 0.2613472), (-0.09677229, -0.94527876, 0.31158194), (-0.0691072, -0.9516982, 0.29915667), (-0.11982338, -0.9596342, 0.25444943), (-0.14522777, -0.95381385, 0.26296), (-0.14522777, -0.95381385, 0.26296), (-0.11982338, -0.9596342, 0.25444943), (-0.14768735, -0.95952755, 0.23978178), (-0.16798605, -0.954795, 0.2452493), (-0.15969788, -0.9519424, 0.2613472), (-0.14522777, -0.95381385, 0.26296), (-0.16798605, -0.954795, 0.2452493), (-0.17441633, -0.9531922, 0.24698912), (-0.1328837, -0.6185226, 0.77444935), (-0.12912941, -0.6224641, 0.7719223), (-0.12236178, -0.7426041, 0.6584579), (-0.15842853, -0.7200697, 0.67557377), (-0.12912941, -0.6224641, 0.7719223), (-0.11444836, -0.6235335, 0.7733742), (-0.047784716, -0.7751627, 0.62995183), (-0.12236178, -0.7426041, 0.6584579), (-0.12236178, -0.7426041, 0.6584579), (-0.047784716, -0.7751627, 0.62995183), (0.012508901, -0.89906245, 0.43764165), (-0.057858612, -0.87367344, 0.48306024), (-0.15842853, -0.7200697, 0.67557377), (-0.12236178, -0.7426041, 0.6584579), (-0.057858612, -0.87367344, 0.48306024), (-0.09291957, -0.85873705, 0.5039213), (-0.09291957, -0.85873705, 0.5039213), (-0.057858612, -0.87367344, 0.48306024), (-0.053167, -0.92512536, 0.3759206), (-0.07052777, -0.92109925, 0.38288647), (-0.057858612, -0.87367344, 0.48306024), (0.012508901, -0.89906245, 0.43764165), (-0.014115173, -0.9358784, 0.3520401), (-0.053167, -0.92512536, 0.3759206), (-0.053167, -0.92512536, 0.3759206), (-0.014115173, -0.9358784, 0.3520401), (-0.0691072, -0.9516982, 0.29915667), (-0.09677229, -0.94527876, 0.31158194), (-0.07052777, -0.92109925, 0.38288647), (-0.053167, -0.92512536, 0.3759206), (-0.09677229, -0.94527876, 0.31158194), (-0.11196814, -0.94366527, 0.31138235), (-0.5153135, 0.4576358, 0.7245836), (-0.5303114, 0.45755133, 0.71373427), (-0.57178664, 0.63983345, 0.51349133), (-0.5705239, 0.6834676, 0.45538372), (-0.5303114, 0.45755133, 0.71373427), (-0.5494785, 0.46000564, 0.69747263), (-0.6012328, 0.59879446, 0.52911645), (-0.57178664, 0.63983345, 0.51349133), (-0.57178664, 0.63983345, 0.51349133), (-0.6012328, 0.59879446, 0.52911645), (-0.6465406, 0.6882841, 0.32901427), (-0.6237081, 0.7252842, 0.29146343), (-0.5705239, 0.6834676, 0.45538372), (-0.57178664, 0.63983345, 0.51349133), (-0.6237081, 0.7252842, 0.29146343), (-0.6215107, 0.7338132, 0.27430394), (-0.6215107, 0.7338132, 0.27430394), (-0.6237081, 0.7252842, 0.29146343), (-0.68657136, 0.6886276, 0.23326342), (-0.67654645, 0.70046496, 0.22723056), (-0.6237081, 0.7252842, 0.29146343), (-0.6465406, 0.6882841, 0.32901427), (-0.7000733, 0.6673989, 0.2539214), (-0.68657136, 0.6886276, 0.23326342), (-0.68657136, 0.6886276, 0.23326342), (-0.7000733, 0.6673989, 0.2539214), (-0.75463593, 0.6246086, 0.2009696), (-0.743571, 0.6406052, 0.19164322), (-0.67654645, 0.70046496, 0.22723056), (-0.68657136, 0.6886276, 0.23326342), (-0.743571, 0.6406052, 0.19164322), (-0.7320965, 0.6523935, 0.1960038), (-0.5494785, 0.46000564, 0.69747263), (-0.55975676, 0.4576743, 0.6908013), (-0.63275415, 0.53740394, 0.55751157), (-0.6012328, 0.59879446, 0.52911645), (-0.55975676, 0.4576743, 0.6908013), (-0.5654051, 0.4531147, 0.68920547), (-0.6490035, 0.5102717, 0.5642847), (-0.63275415, 0.53740394, 0.55751157), (-0.63275415, 0.53740394, 0.55751157), (-0.6490035, 0.5102717, 0.5642847), (-0.69236785, 0.6080258, 0.38849893), (-0.6771676, 0.6328915, 0.37535644), (-0.6012328, 0.59879446, 0.52911645), (-0.63275415, 0.53740394, 0.55751157), (-0.6771676, 0.6328915, 0.37535644), (-0.6465406, 0.6882841, 0.32901427), (-0.6465406, 0.6882841, 0.32901427), (-0.6771676, 0.6328915, 0.37535644), (-0.7160549, 0.64150155, 0.275211), (-0.7000733, 0.6673989, 0.2539214), (-0.6771676, 0.6328915, 0.37535644), (-0.69236785, 0.6080258, 0.38849893), (-0.7255072, 0.62945366, 0.27825776), (-0.7160549, 0.64150155, 0.275211), (-0.7160549, 0.64150155, 0.275211), (-0.7255072, 0.62945366, 0.27825776), (-0.7727067, 0.6002504, 0.20645574), (-0.76419485, 0.60989547, 0.20984241), (-0.7000733, 0.6673989, 0.2539214), (-0.7160549, 0.64150155, 0.275211), (-0.76419485, 0.60989547, 0.20984241), (-0.75463593, 0.6246086, 0.2009696), (-0.11444836, -0.6235335, 0.7733742), (-0.093115404, -0.6111978, 0.7859814), (0.014311591, -0.79028463, 0.6125728), (-0.047784716, -0.7751627, 0.62995183), (-0.093115404, -0.6111978, 0.7859814), (-0.08368491, -0.5952557, 0.7991668), (0.05139898, -0.82128066, 0.5682044), (0.014311591, -0.79028463, 0.6125728), (0.014311591, -0.79028463, 0.6125728), (0.05139898, -0.82128066, 0.5682044), (0.07802241, -0.920462, 0.3829649), (0.06467966, -0.9138501, 0.40086728), (-0.047784716, -0.7751627, 0.62995183), (0.014311591, -0.79028463, 0.6125728), (0.06467966, -0.9138501, 0.40086728), (0.012508901, -0.89906245, 0.43764165), (0.012508901, -0.89906245, 0.43764165), (0.06467966, -0.9138501, 0.40086728), (0.019423524, -0.94404095, 0.32925585), (-0.014115173, -0.9358784, 0.3520401), (0.06467966, -0.9138501, 0.40086728), (0.07802241, -0.920462, 0.3829649), (0.034979604, -0.9457655, 0.32296142), (0.019423524, -0.94404095, 0.32925585), (0.019423524, -0.94404095, 0.32925585), (0.034979604, -0.9457655, 0.32296142), (-0.022813156, -0.95719564, 0.28854153), (-0.040386707, -0.95717627, 0.28667465), (-0.014115173, -0.9358784, 0.3520401), (0.019423524, -0.94404095, 0.32925585), (-0.040386707, -0.95717627, 0.28667465), (-0.0691072, -0.9516982, 0.29915667), (-0.12727949, -0.49180847, 0.8613503), (-0.15601602, -0.50962853, 0.8461311), (-0.13552606, -0.52403176, 0.8408469), (-0.10466333, -0.4972429, 0.8612753), (-0.15601602, -0.50962853, 0.8461311), (-0.08368491, -0.5952557, 0.7991668), (-0.093115404, -0.6111978, 0.7859814), (-0.13552606, -0.52403176, 0.8408469), (-0.13552606, -0.52403176, 0.8408469), (-0.093115404, -0.6111978, 0.7859814), (-0.11444836, -0.6235335, 0.7733742), (-0.09309244, -0.5511797, 0.8291772), (-0.10466333, -0.4972429, 0.8612753), (-0.13552606, -0.52403176, 0.8408469), (-0.09309244, -0.5511797, 0.8291772), (-0.016131887, -0.5205453, 0.8536816), (-0.37859592, 0.42323256, 0.82312775), (-0.4360457, 0.35082772, 0.8287244), (-0.34340388, 0.37834987, 0.8596076), (-0.2709319, 0.45552433, 0.8479938), (-0.4360457, 0.35082772, 0.8287244), (-0.45424116, 0.33176887, 0.8267977), (-0.3699133, 0.3597625, 0.8565834), (-0.34340388, 0.37834987, 0.8596076), (-0.34340388, 0.37834987, 0.8596076), (-0.3699133, 0.3597625, 0.8565834), (-0.27806625, 0.39093456, 0.8774106), (-0.24076344, 0.413357, 0.8781622), (-0.2709319, 0.45552433, 0.8479938), (-0.34340388, 0.37834987, 0.8596076), (-0.24076344, 0.413357, 0.8781622), (-0.17462815, 0.48859036, 0.85485935), (-0.12942597, 0.60757756, 0.78364426), (-0.20806184, 0.5849441, 0.7839328), (-0.22659913, 0.54650265, 0.80621815), (-0.14257723, 0.57365006, 0.80659616), (-0.20806184, 0.5849441, 0.7839328), (-0.31206563, 0.5480243, 0.77606976), (-0.3343797, 0.50906986, 0.7931192), (-0.22659913, 0.54650265, 0.80621815), (-0.22659913, 0.54650265, 0.80621815), (-0.3343797, 0.50906986, 0.7931192), (-0.37859592, 0.42323256, 0.82312775), (-0.2709319, 0.45552433, 0.8479938), (-0.14257723, 0.57365006, 0.80659616), (-0.22659913, 0.54650265, 0.80621815), (-0.2709319, 0.45552433, 0.8479938), (-0.17462815, 0.48859036, 0.85485935), (-0.016131887, -0.5205453, 0.8536816), (0.08556222, -0.55503744, 0.82741314), (0.18988584, -0.544361, 0.81707674), (0.080284506, -0.49847382, 0.8631792), (0.08556222, -0.55503744, 0.82741314), (0.14030656, -0.5700422, 0.80954677), (0.24234685, -0.5651184, 0.7886123), (0.18988584, -0.544361, 0.81707674), (0.18988584, -0.544361, 0.81707674), (0.24234685, -0.5651184, 0.7886123), (0.30690873, -0.5621235, 0.7680001), (0.26767844, -0.53336495, 0.80241513), (0.080284506, -0.49847382, 0.8631792), (0.18988584, -0.544361, 0.81707674), (0.26767844, -0.53336495, 0.80241513), (0.17834377, -0.46554637, 0.8668679), (-0.12727949, -0.49180847, 0.8613503), (-0.10466333, -0.4972429, 0.8612753), (-0.023470163, -0.47038484, 0.88214916), (-0.042241942, -0.4584652, 0.88770795), (-0.10466333, -0.4972429, 0.8612753), (-0.016131887, -0.5205453, 0.8536816), (0.080284506, -0.49847382, 0.8631792), (-0.023470163, -0.47038484, 0.88214916), (-0.023470163, -0.47038484, 0.88214916), (0.080284506, -0.49847382, 0.8631792), (0.17834377, -0.46554637, 0.8668679), (0.087981485, -0.4177152, 0.90430814), (-0.042241942, -0.4584652, 0.88770795), (-0.023470163, -0.47038484, 0.88214916), (0.087981485, -0.4177152, 0.90430814), (0.05996303, -0.4054302, 0.9121572), (0.05996303, -0.4054302, 0.9121572), (0.087981485, -0.4177152, 0.90430814), (0.2178173, -0.348626, 0.9116006), (0.17927447, -0.33821622, 0.9238346), (0.087981485, -0.4177152, 0.90430814), (0.17834377, -0.46554637, 0.8668679), (0.28020093, -0.41985914, 0.86325306), (0.2178173, -0.348626, 0.9116006), (0.2178173, -0.348626, 0.9116006), (0.28020093, -0.41985914, 0.86325306), (0.38228062, -0.36433023, 0.8491908), (0.36449933, -0.26447544, 0.89285666), (0.17927447, -0.33821622, 0.9238346), (0.2178173, -0.348626, 0.9116006), (0.36449933, -0.26447544, 0.89285666), (0.32489994, -0.2532656, 0.9112061), (0.38228062, -0.36433023, 0.8491908), (0.28020093, -0.41985914, 0.86325306), (0.33329052, -0.5109034, 0.7923984), (0.39056927, -0.47890246, 0.78619856), (0.28020093, -0.41985914, 0.86325306), (0.17834377, -0.46554637, 0.8668679), (0.26767844, -0.53336495, 0.80241513), (0.33329052, -0.5109034, 0.7923984), (0.33329052, -0.5109034, 0.7923984), (0.26767844, -0.53336495, 0.80241513), (0.30690873, -0.5621235, 0.7680001), (0.3547008, -0.5474122, 0.7579758), (0.39056927, -0.47890246, 0.78619856), (0.33329052, -0.5109034, 0.7923984), (0.3547008, -0.5474122, 0.7579758), (0.39357194, -0.52285856, 0.7561218), (0.1190148, 0.50751007, 0.8533868), (0.039536245, 0.59649384, 0.8016433), (-0.055171575, 0.5912405, 0.8046059), (-0.05248375, 0.51202625, 0.85736483), (0.039536245, 0.59649384, 0.8016433), (0.02037122, 0.62746817, 0.7783756), (-0.05188384, 0.62074566, 0.7822933), (-0.055171575, 0.5912405, 0.8046059), (-0.055171575, 0.5912405, 0.8046059), (-0.05188384, 0.62074566, 0.7822933), (-0.12942597, 0.60757756, 0.78364426), (-0.14257723, 0.57365006, 0.80659616), (-0.05248375, 0.51202625, 0.85736483), (-0.055171575, 0.5912405, 0.8046059), (-0.14257723, 0.57365006, 0.80659616), (-0.17462815, 0.48859036, 0.85485935), (0.13075036, 0.39582622, 0.9089697), (0.19992346, 0.41176125, 0.88909125), (-0.07735065, 0.43643278, 0.8964058), (-0.13472489, 0.4129049, 0.9007545), (0.19992346, 0.41176125, 0.88909125), (0.1190148, 0.50751007, 0.8533868), (-0.05248375, 0.51202625, 0.85736483), (-0.07735065, 0.43643278, 0.8964058), (-0.07735065, 0.43643278, 0.8964058), (-0.05248375, 0.51202625, 0.85736483), (-0.17462815, 0.48859036, 0.85485935), (-0.24076344, 0.413357, 0.8781622), (-0.13472489, 0.4129049, 0.9007545), (-0.07735065, 0.43643278, 0.8964058), (-0.24076344, 0.413357, 0.8781622), (-0.27806625, 0.39093456, 0.8774106), (0.32489994, -0.2532656, 0.9112061), (0.36449933, -0.26447544, 0.89285666), (0.4667044, -0.19896536, 0.86174226), (0.45774773, -0.16743991, 0.8731728), (0.36449933, -0.26447544, 0.89285666), (0.38228062, -0.36433023, 0.8491908), (0.45335695, -0.31711662, 0.8330093), (0.4667044, -0.19896536, 0.86174226), (0.4667044, -0.19896536, 0.86174226), (0.45335695, -0.31711662, 0.8330093), (0.46849275, -0.3075134, 0.828221), (0.4694584, -0.20527172, 0.8587621), (0.45774773, -0.16743991, 0.8731728), (0.4667044, -0.19896536, 0.86174226), (0.4694584, -0.20527172, 0.8587621), (0.48149356, -0.15833126, 0.8620297), (0.26023954, 0.44851112, 0.8550516), (0.24953128, 0.473335, 0.8448006), (0.40422148, 0.34259325, 0.8480771), (0.38619608, 0.30101618, 0.87191844), (0.24953128, 0.473335, 0.8448006), (0.1190148, 0.50751007, 0.8533868), (0.19992346, 0.41176125, 0.88909125), (0.40422148, 0.34259325, 0.8480771), (0.40422148, 0.34259325, 0.8480771), (0.19992346, 0.41176125, 0.88909125), (0.13075036, 0.39582622, 0.9089697), (0.43592104, 0.30945426, 0.84511), (0.38619608, 0.30101618, 0.87191844), (0.40422148, 0.34259325, 0.8480771), (0.43592104, 0.30945426, 0.84511), (0.4819578, 0.24659576, 0.8407777), (0.062395345, 0.48037386, 0.8748416), (0.17300196, 0.45795912, 0.871977), (0.20781307, 0.33072558, 0.9205619), (0.006248453, 0.41590258, 0.9093877), (0.17300196, 0.45795912, 0.871977), (0.26023954, 0.44851112, 0.8550516), (0.38619608, 0.30101618, 0.87191844), (0.20781307, 0.33072558, 0.9205619), (0.20781307, 0.33072558, 0.9205619), (0.38619608, 0.30101618, 0.87191844), (0.4819578, 0.24659576, 0.8407777), (0.26236746, 0.26815265, 0.9269614), (0.006248453, 0.41590258, 0.9093877), (0.20781307, 0.33072558, 0.9205619), (0.26236746, 0.26815265, 0.9269614), (-0.024929723, 0.382152, 0.92376316), (0.09234151, 0.6231427, 0.7766378), (0.07078728, 0.6299484, 0.77340424), (0.11211494, 0.5900702, 0.7995295), (0.13628925, 0.58062154, 0.80268544), (0.07078728, 0.6299484, 0.77340424), (0.02037122, 0.62746817, 0.7783756), (0.039536245, 0.59649384, 0.8016433), (0.11211494, 0.5900702, 0.7995295), (0.11211494, 0.5900702, 0.7995295), (0.039536245, 0.59649384, 0.8016433), (0.1190148, 0.50751007, 0.8533868), (0.24953128, 0.473335, 0.8448006), (0.13628925, 0.58062154, 0.80268544), (0.11211494, 0.5900702, 0.7995295), (0.24953128, 0.473335, 0.8448006), (0.26023954, 0.44851112, 0.8550516), (0.46849275, -0.3075134, 0.828221), (0.45335695, -0.31711662, 0.8330093), (0.43311697, -0.44498575, 0.78383505), (0.4521693, -0.4194471, 0.7871512), (0.45335695, -0.31711662, 0.8330093), (0.38228062, -0.36433023, 0.8491908), (0.39056927, -0.47890246, 0.78619856), (0.43311697, -0.44498575, 0.78383505), (0.43311697, -0.44498575, 0.78383505), (0.39056927, -0.47890246, 0.78619856), (0.39357194, -0.52285856, 0.7561218), (0.42480367, -0.4928056, 0.7593975), (0.4521693, -0.4194471, 0.7871512), (0.43311697, -0.44498575, 0.78383505), (0.42480367, -0.4928056, 0.7593975), (0.44144183, -0.46073774, 0.76996744), (-0.058531743, 0.5424674, 0.8380353), (0.059740666, 0.59228766, 0.80350876), (0.0985167, 0.56540215, 0.8189108), (-0.009704647, 0.5316624, 0.8469008), (0.059740666, 0.59228766, 0.80350876), (0.09234151, 0.6231427, 0.7766378), (0.13628925, 0.58062154, 0.80268544), (0.0985167, 0.56540215, 0.8189108), (0.0985167, 0.56540215, 0.8189108), (0.13628925, 0.58062154, 0.80268544), (0.26023954, 0.44851112, 0.8550516), (0.17300196, 0.45795912, 0.871977), (-0.009704647, 0.5316624, 0.8469008), (0.0985167, 0.56540215, 0.8189108), (0.17300196, 0.45795912, 0.871977), (0.062395345, 0.48037386, 0.8748416), (0.366932, -0.37964505, 0.84925294), (0.4335858, -0.33878353, 0.8350025), (0.42457396, -0.4120183, 0.806212), (0.32112578, -0.4256712, 0.8459801), (0.4335858, -0.33878353, 0.8350025), (0.46849275, -0.3075134, 0.828221), (0.4521693, -0.4194471, 0.7871512), (0.42457396, -0.4120183, 0.806212), (0.42457396, -0.4120183, 0.806212), (0.4521693, -0.4194471, 0.7871512), (0.44144183, -0.46073774, 0.76996744), (0.40222448, -0.44093367, 0.80236703), (0.32112578, -0.4256712, 0.8459801), (0.42457396, -0.4120183, 0.806212), (0.40222448, -0.44093367, 0.80236703), (0.27522397, -0.44753894, 0.8508588), (-0.058531743, 0.5424674, 0.8380353), (-0.009704647, 0.5316624, 0.8469008), (-0.12472684, 0.48794693, 0.86391604), (-0.17804258, 0.50527114, 0.8443944), (-0.009704647, 0.5316624, 0.8469008), (0.062395345, 0.48037386, 0.8748416), (0.006248453, 0.41590258, 0.9093877), (-0.12472684, 0.48794693, 0.86391604), (-0.12472684, 0.48794693, 0.86391604), (0.006248453, 0.41590258, 0.9093877), (-0.024929723, 0.382152, 0.92376316), (-0.17834827, 0.47766492, 0.8602489), (-0.17804258, 0.50527114, 0.8443944), (-0.12472684, 0.48794693, 0.86391604), (-0.17834827, 0.47766492, 0.8602489), (-0.21067877, 0.49627072, 0.84221727), (0.103309564, -0.4337002, 0.89511526), (0.14096601, -0.42210835, 0.8955184), (0.20063546, -0.4266943, 0.8818602), (0.14304754, -0.4410843, 0.8859921), (0.14096601, -0.42210835, 0.8955184), (0.2582797, -0.363825, 0.894943), (0.29984966, -0.3677383, 0.8802606), (0.20063546, -0.4266943, 0.8818602), (0.20063546, -0.4266943, 0.8818602), (0.29984966, -0.3677383, 0.8802606), (0.366932, -0.37964505, 0.84925294), (0.32112578, -0.4256712, 0.8459801), (0.14304754, -0.4410843, 0.8859921), (0.20063546, -0.4266943, 0.8818602), (0.32112578, -0.4256712, 0.8459801), (0.27522397, -0.44753894, 0.8508588), (0.48149356, -0.15833126, 0.8620297), (0.4694584, -0.20527172, 0.8587621), (0.4029992, -0.27745357, 0.8721302), (0.39015007, -0.249521, 0.8862969), (0.4694584, -0.20527172, 0.8587621), (0.46849275, -0.3075134, 0.828221), (0.4335858, -0.33878353, 0.8350025), (0.4029992, -0.27745357, 0.8721302), (0.4029992, -0.27745357, 0.8721302), (0.4335858, -0.33878353, 0.8350025), (0.366932, -0.37964505, 0.84925294), (0.29984966, -0.3677383, 0.8802606), (0.39015007, -0.249521, 0.8862969), (0.4029992, -0.27745357, 0.8721302), (0.29984966, -0.3677383, 0.8802606), (0.2582797, -0.363825, 0.894943), (0.34244388, -0.5818683, 0.73767304), (0.3493908, -0.5695157, 0.7440281), (0.48537043, -0.63524306, 0.60073435), (0.4924616, -0.64868885, 0.5802451), (0.3493908, -0.5695157, 0.7440281), (0.36912352, -0.54435986, 0.75327295), (0.49930844, -0.6055087, 0.6197179), (0.48537043, -0.63524306, 0.60073435), (0.48537043, -0.63524306, 0.60073435), (0.49930844, -0.6055087, 0.6197179), (0.622329, -0.6182904, 0.48002464), (0.61142004, -0.65340805, 0.44634452), (0.4924616, -0.64868885, 0.5802451), (0.48537043, -0.63524306, 0.60073435), (0.61142004, -0.65340805, 0.44634452), (0.60134524, -0.6642921, 0.44395944), (0.21844292, -0.518072, 0.8269728), (0.22121559, -0.5148375, 0.82825476), (0.27994603, -0.51869994, 0.8078246), (0.2745153, -0.5243447, 0.80604225), (0.22121559, -0.5148375, 0.82825476), (0.22202483, -0.50671804, 0.8330318), (0.29129383, -0.501565, 0.8146045), (0.27994603, -0.51869994, 0.8078246), (0.27994603, -0.51869994, 0.8078246), (0.29129383, -0.501565, 0.8146045), (0.36912352, -0.54435986, 0.75327295), (0.3493908, -0.5695157, 0.7440281), (0.2745153, -0.5243447, 0.80604225), (0.27994603, -0.51869994, 0.8078246), (0.3493908, -0.5695157, 0.7440281), (0.34244388, -0.5818683, 0.73767304), (0.22202483, -0.50671804, 0.8330318), (0.22121559, -0.5148375, 0.82825476), (0.12774445, -0.53805727, 0.833172), (0.13346735, -0.53727955, 0.83277684), (0.22121559, -0.5148375, 0.82825476), (0.21844292, -0.518072, 0.8269728), (0.11307222, -0.5403893, 0.83378303), (0.12774445, -0.53805727, 0.833172), (0.12774445, -0.53805727, 0.833172), (0.11307222, -0.5403893, 0.83378303), (-0.056725096, -0.558469, 0.8275836), (-0.02144455, -0.56081754, 0.82766163), (0.13346735, -0.53727955, 0.83277684), (0.12774445, -0.53805727, 0.833172), (-0.02144455, -0.56081754, 0.82766163), (0.018066503, -0.5685245, 0.822468), (-0.20620315, -0.545034, 0.8126612), (-0.1926567, -0.5634314, 0.8033856), (-0.15605861, -0.5610567, 0.8129337), (-0.18174051, -0.5510724, 0.8144259), (-0.1926567, -0.5634314, 0.8033856), (-0.16885856, -0.6106351, 0.77369994), (-0.09745662, -0.58773726, 0.80316067), (-0.15605861, -0.5610567, 0.8129337), (-0.15605861, -0.5610567, 0.8129337), (-0.09745662, -0.58773726, 0.80316067), (0.018066503, -0.5685245, 0.822468), (-0.02144455, -0.56081754, 0.82766163), (-0.18174051, -0.5510724, 0.8144259), (-0.15605861, -0.5610567, 0.8129337), (-0.02144455, -0.56081754, 0.82766163), (-0.056725096, -0.558469, 0.8275836), (-0.4421121, -0.73790973, 0.5099276), (-0.25880817, -0.6724472, 0.69342124), (-0.27930188, -0.62443286, 0.7294341), (-0.55349976, -0.6816199, 0.47857335), (-0.25880817, -0.6724472, 0.69342124), (-0.16885856, -0.6106351, 0.77369994), (-0.1926567, -0.5634314, 0.8033856), (-0.27930188, -0.62443286, 0.7294341), (-0.27930188, -0.62443286, 0.7294341), (-0.1926567, -0.5634314, 0.8033856), (-0.20620315, -0.545034, 0.8126612), (-0.24402532, -0.58565086, 0.7729584), (-0.55349976, -0.6816199, 0.47857335), (-0.27930188, -0.62443286, 0.7294341), (-0.24402532, -0.58565086, 0.7729584), (-0.49036717, -0.6614377, 0.56748587), (-0.7042134, -0.6875307, 0.1771587), (-0.6163967, -0.72815263, 0.29974785), (-0.7716997, -0.607903, 0.186905), (-0.83905375, -0.5399783, 0.066424415), (-0.6163967, -0.72815263, 0.29974785), (-0.4421121, -0.73790973, 0.5099276), (-0.55349976, -0.6816199, 0.47857335), (-0.7716997, -0.607903, 0.186905), (-0.7716997, -0.607903, 0.186905), (-0.55349976, -0.6816199, 0.47857335), (-0.49036717, -0.6614377, 0.56748587), (-0.8004117, -0.5760728, 0.16577485), (-0.83905375, -0.5399783, 0.066424415), (-0.7716997, -0.607903, 0.186905), (-0.8004117, -0.5760728, 0.16577485), (-0.8812085, -0.47241864, 0.017094828), (-0.33267525, -0.81004554, 0.4828597), (-0.2405417, -0.7403879, 0.6276666), (-0.23787813, -0.718163, 0.653954), (-0.35107592, -0.7878734, 0.5059657), (-0.2405417, -0.7403879, 0.6276666), (-0.13616353, -0.6708187, 0.7290142), (-0.14079028, -0.65294176, 0.74420774), (-0.23787813, -0.718163, 0.653954), (-0.23787813, -0.718163, 0.653954), (-0.14079028, -0.65294176, 0.74420774), (-0.16885856, -0.6106351, 0.77369994), (-0.25880817, -0.6724472, 0.69342124), (-0.35107592, -0.7878734, 0.5059657), (-0.23787813, -0.718163, 0.653954), (-0.25880817, -0.6724472, 0.69342124), (-0.4421121, -0.73790973, 0.5099276), (-0.58345556, -0.7660693, 0.26966175), (-0.41892746, -0.83678234, 0.35255498), (-0.4620503, -0.813985, 0.3520482), (-0.62047714, -0.75020146, 0.22848612), (-0.41892746, -0.83678234, 0.35255498), (-0.33267525, -0.81004554, 0.4828597), (-0.35107592, -0.7878734, 0.5059657), (-0.4620503, -0.813985, 0.3520482), (-0.4620503, -0.813985, 0.3520482), (-0.35107592, -0.7878734, 0.5059657), (-0.4421121, -0.73790973, 0.5099276), (-0.6163967, -0.72815263, 0.29974785), (-0.62047714, -0.75020146, 0.22848612), (-0.4620503, -0.813985, 0.3520482), (-0.6163967, -0.72815263, 0.29974785), (-0.7042134, -0.6875307, 0.1771587), (-0.8467523, 0.04407236, 0.5301586), (-0.72350514, 0.092790954, 0.6840542), (-0.739315, 0.041879848, 0.6720562), (-0.85899705, 0.010765611, 0.5118672), (-0.72350514, 0.092790954, 0.6840542), (-0.6215906, 0.13160624, 0.77220774), (-0.6322552, 0.07978932, 0.7706407), (-0.739315, 0.041879848, 0.6720562), (-0.739315, 0.041879848, 0.6720562), (-0.6322552, 0.07978932, 0.7706407), (-0.6400916, 0.054786664, 0.76634264), (-0.75189286, 0.016479714, 0.65907943), (-0.85899705, 0.010765611, 0.5118672), (-0.739315, 0.041879848, 0.6720562), (-0.75189286, 0.016479714, 0.65907943), (-0.8694171, -0.0068825874, 0.49403092), (-0.94004524, 0.028823987, 0.33982936), (-0.91997457, 0.024491379, 0.39121214), (-0.92630124, 0.0049693757, 0.37675098), (-0.940152, 0.0171615, 0.34032306), (-0.91997457, 0.024491379, 0.39121214), (-0.8467523, 0.04407236, 0.5301586), (-0.85899705, 0.010765611, 0.5118672), (-0.92630124, 0.0049693757, 0.37675098), (-0.92630124, 0.0049693757, 0.37675098), (-0.85899705, 0.010765611, 0.5118672), (-0.8694171, -0.0068825874, 0.49403092), (-0.9313316, -0.005174005, 0.3641357), (-0.940152, 0.0171615, 0.34032306), (-0.92630124, 0.0049693757, 0.37675098), (-0.9313316, -0.005174005, 0.3641357), (-0.938814, 0.009654516, 0.34428924), (-0.91998637, 0.021611094, 0.3913542), (-0.9248002, 0.032186385, 0.3790892), (-0.9310508, 0.030343778, 0.36362568), (-0.9259366, 0.019547036, 0.37717268), (-0.9248002, 0.032186385, 0.3790892), (-0.93370056, 0.04803282, 0.3548184), (-0.936626, 0.04223986, 0.34777507), (-0.9310508, 0.030343778, 0.36362568), (-0.9310508, 0.030343778, 0.36362568), (-0.936626, 0.04223986, 0.34777507), (-0.94004524, 0.028823987, 0.33982936), (-0.940152, 0.0171615, 0.34032306), (-0.9259366, 0.019547036, 0.37717268), (-0.9310508, 0.030343778, 0.36362568), (-0.940152, 0.0171615, 0.34032306), (-0.938814, 0.009654516, 0.34428924), (-0.58345556, -0.7660693, 0.26966175), (-0.62047714, -0.75020146, 0.22848612), (-0.7834806, -0.5979314, 0.16922224), (-0.75408834, -0.6059404, 0.25335145), (-0.62047714, -0.75020146, 0.22848612), (-0.7042134, -0.6875307, 0.1771587), (-0.83905375, -0.5399783, 0.066424415), (-0.7834806, -0.5979314, 0.16922224), (-0.7834806, -0.5979314, 0.16922224), (-0.83905375, -0.5399783, 0.066424415), (-0.8812085, -0.47241864, 0.017094828), (-0.844053, -0.5133694, 0.15500438), (-0.75408834, -0.6059404, 0.25335145), (-0.7834806, -0.5979314, 0.16922224), (-0.844053, -0.5133694, 0.15500438), (-0.7992808, -0.5439737, 0.2554268), (-0.83094424, 0.08354069, 0.5500478), (-0.8446427, 0.067942746, 0.5310013), (-0.9195874, 0.039305236, 0.3909145), (-0.9199281, 0.045296, 0.38946205), (-0.8446427, 0.067942746, 0.5310013), (-0.8467523, 0.04407236, 0.5301586), (-0.91997457, 0.024491379, 0.39121214), (-0.9195874, 0.039305236, 0.3909145), (-0.9195874, 0.039305236, 0.3909145), (-0.91997457, 0.024491379, 0.39121214), (-0.94004524, 0.028823987, 0.33982936), (-0.936626, 0.04223986, 0.34777507), (-0.9199281, 0.045296, 0.38946205), (-0.9195874, 0.039305236, 0.3909145), (-0.936626, 0.04223986, 0.34777507), (-0.93370056, 0.04803282, 0.3548184), (-0.5954109, 0.19181307, 0.7801882), (-0.6086327, 0.17546915, 0.77380675), (-0.7153058, 0.13230984, 0.6861718), (-0.690965, 0.15606311, 0.7058411), (-0.6086327, 0.17546915, 0.77380675), (-0.6215906, 0.13160624, 0.77220774), (-0.72350514, 0.092790954, 0.6840542), (-0.7153058, 0.13230984, 0.6861718), (-0.7153058, 0.13230984, 0.6861718), (-0.72350514, 0.092790954, 0.6840542), (-0.8467523, 0.04407236, 0.5301586), (-0.8446427, 0.067942746, 0.5310013), (-0.690965, 0.15606311, 0.7058411), (-0.7153058, 0.13230984, 0.6861718), (-0.8446427, 0.067942746, 0.5310013), (-0.83094424, 0.08354069, 0.5500478), (-0.49090493, 0.2019175, 0.8474914), (-0.48960763, 0.19115251, 0.8507321), (-0.545942, 0.18677525, 0.81673884), (-0.5409334, 0.19984704, 0.81697744), (-0.48960763, 0.19115251, 0.8507321), (-0.5049544, 0.16499303, 0.84722984), (-0.5587119, 0.15015644, 0.81565565), (-0.545942, 0.18677525, 0.81673884), (-0.545942, 0.18677525, 0.81673884), (-0.5587119, 0.15015644, 0.81565565), (-0.6215906, 0.13160624, 0.77220774), (-0.6086327, 0.17546915, 0.77380675), (-0.5409334, 0.19984704, 0.81697744), (-0.545942, 0.18677525, 0.81673884), (-0.6086327, 0.17546915, 0.77380675), (-0.5954109, 0.19181307, 0.7801882), (-0.37923232, 0.2431174, 0.89279157), (-0.38367286, 0.24618562, 0.8900494), (-0.42982316, 0.2058382, 0.87913746), (-0.42923382, 0.21129453, 0.8781303), (-0.38367286, 0.24618562, 0.8900494), (-0.3980223, 0.25153208, 0.8822187), (-0.44842792, 0.1931915, 0.872691), (-0.42982316, 0.2058382, 0.87913746), (-0.42982316, 0.2058382, 0.87913746), (-0.44842792, 0.1931915, 0.872691), (-0.5049544, 0.16499303, 0.84722984), (-0.48960763, 0.19115251, 0.8507321), (-0.42923382, 0.21129453, 0.8781303), (-0.42982316, 0.2058382, 0.87913746), (-0.48960763, 0.19115251, 0.8507321), (-0.49090493, 0.2019175, 0.8474914), (-0.6215906, 0.13160624, 0.77220774), (-0.5587119, 0.15015644, 0.81565565), (-0.56260973, 0.112452306, 0.8190389), (-0.6322552, 0.07978932, 0.7706407), (-0.5587119, 0.15015644, 0.81565565), (-0.5049544, 0.16499303, 0.84722984), (-0.51032966, 0.14544421, 0.84759045), (-0.56260973, 0.112452306, 0.8190389), (-0.56260973, 0.112452306, 0.8190389), (-0.51032966, 0.14544421, 0.84759045), (-0.51139325, 0.13797049, 0.8481987), (-0.56503373, 0.09514656, 0.81956327), (-0.6322552, 0.07978932, 0.7706407), (-0.56260973, 0.112452306, 0.8190389), (-0.56503373, 0.09514656, 0.81956327), (-0.6400916, 0.054786664, 0.76634264), (-0.3980223, 0.25153208, 0.8822187), (-0.4059133, 0.2663801, 0.87422884), (-0.4594055, 0.19202518, 0.8672214), (-0.44842792, 0.1931915, 0.872691), (-0.4059133, 0.2663801, 0.87422884), (-0.4067258, 0.2742334, 0.8714185), (-0.46221277, 0.19347666, 0.86540514), (-0.4594055, 0.19202518, 0.8672214), (-0.4594055, 0.19202518, 0.8672214), (-0.46221277, 0.19347666, 0.86540514), (-0.51139325, 0.13797049, 0.8481987), (-0.51032966, 0.14544421, 0.84759045), (-0.44842792, 0.1931915, 0.872691), (-0.4594055, 0.19202518, 0.8672214), (-0.51032966, 0.14544421, 0.84759045), (-0.5049544, 0.16499303, 0.84722984), (-0.3980223, 0.25153208, 0.8822187), (-0.3819788, 0.3365592, 0.8607091), (-0.3753516, 0.35798582, 0.8549604), (-0.4059133, 0.2663801, 0.87422884), (-0.3819788, 0.3365592, 0.8607091), (-0.4152041, 0.45827696, 0.7858676), (-0.38629994, 0.4709853, 0.79306066), (-0.3753516, 0.35798582, 0.8549604), (-0.3753516, 0.35798582, 0.8549604), (-0.38629994, 0.4709853, 0.79306066), (-0.3711305, 0.47887412, 0.7955764), (-0.3691432, 0.36788654, 0.85345936), (-0.4059133, 0.2663801, 0.87422884), (-0.3753516, 0.35798582, 0.8549604), (-0.3691432, 0.36788654, 0.85345936), (-0.4067258, 0.2742334, 0.8714185), (-0.37923232, 0.2431174, 0.89279157), (-0.3834231, 0.3012754, 0.87305206), (-0.38346595, 0.31431526, 0.8684237), (-0.38367286, 0.24618562, 0.8900494), (-0.3834231, 0.3012754, 0.87305206), (-0.4505362, 0.42280737, 0.78628945), (-0.43813336, 0.43504477, 0.78662264), (-0.38346595, 0.31431526, 0.8684237), (-0.38346595, 0.31431526, 0.8684237), (-0.43813336, 0.43504477, 0.78662264), (-0.4152041, 0.45827696, 0.7858676), (-0.3819788, 0.3365592, 0.8607091), (-0.38367286, 0.24618562, 0.8900494), (-0.38346595, 0.31431526, 0.8684237), (-0.3819788, 0.3365592, 0.8607091), (-0.3980223, 0.25153208, 0.8822187), (-0.4152041, 0.45827696, 0.7858676), (-0.43813336, 0.43504477, 0.78662264), (-0.45036256, 0.65752256, 0.6040179), (-0.41231677, 0.65260345, 0.63569146), (-0.43813336, 0.43504477, 0.78662264), (-0.4505362, 0.42280737, 0.78628945), (-0.45835692, 0.67702156, 0.5758045), (-0.45036256, 0.65752256, 0.6040179), (-0.45036256, 0.65752256, 0.6040179), (-0.45835692, 0.67702156, 0.5758045), (-0.3359697, 0.84644824, 0.41309795), (-0.3128559, 0.8478884, 0.42802623), (-0.41231677, 0.65260345, 0.63569146), (-0.45036256, 0.65752256, 0.6040179), (-0.3128559, 0.8478884, 0.42802623), (-0.26705983, 0.82843745, 0.4923114), (-0.3711305, 0.47887412, 0.7955764), (-0.38629994, 0.4709853, 0.79306066), (-0.3601388, 0.6376504, 0.6809568), (-0.32249635, 0.640936, 0.6965609), (-0.38629994, 0.4709853, 0.79306066), (-0.4152041, 0.45827696, 0.7858676), (-0.41231677, 0.65260345, 0.63569146), (-0.3601388, 0.6376504, 0.6809568), (-0.3601388, 0.6376504, 0.6809568), (-0.41231677, 0.65260345, 0.63569146), (-0.26705983, 0.82843745, 0.4923114), (-0.19670066, 0.7939032, 0.57534915), (-0.32249635, 0.640936, 0.6965609), (-0.3601388, 0.6376504, 0.6809568), (-0.19670066, 0.7939032, 0.57534915), (-0.13475052, 0.78455794, 0.60523635), (-0.26705983, 0.82843745, 0.4923114), (-0.3128559, 0.8478884, 0.42802623), (-0.13537422, 0.9164151, 0.3766392), (-0.07516722, 0.8976855, 0.4341781), (-0.3128559, 0.8478884, 0.42802623), (-0.3359697, 0.84644824, 0.41309795), (-0.1750802, 0.9153248, 0.36266705), (-0.13537422, 0.9164151, 0.3766392), (-0.13537422, 0.9164151, 0.3766392), (-0.1750802, 0.9153248, 0.36266705), (-0.04712001, 0.94754726, 0.31612307), (-0.008062565, 0.9482423, 0.3174453), (-0.07516722, 0.8976855, 0.4341781), (-0.13537422, 0.9164151, 0.3766392), (-0.008062565, 0.9482423, 0.3174453), (0.06223704, 0.9298099, 0.36273947), (-0.13475052, 0.78455794, 0.60523635), (-0.19670066, 0.7939032, 0.57534915), (0.0032293722, 0.8650325, 0.5017054), (0.05867446, 0.85285276, 0.5188443), (-0.19670066, 0.7939032, 0.57534915), (-0.26705983, 0.82843745, 0.4923114), (-0.07516722, 0.8976855, 0.4341781), (0.0032293722, 0.8650325, 0.5017054), (0.0032293722, 0.8650325, 0.5017054), (-0.07516722, 0.8976855, 0.4341781), (0.06223704, 0.9298099, 0.36273947), (0.14116544, 0.9000707, 0.41224387), (0.05867446, 0.85285276, 0.5188443), (0.0032293722, 0.8650325, 0.5017054), (0.14116544, 0.9000707, 0.41224387), (0.188638, 0.8879235, 0.4195326), (0.06223704, 0.9298099, 0.36273947), (-0.008062565, 0.9482423, 0.3174453), (0.07111629, 0.96601206, 0.2485218), (0.14700978, 0.94565034, 0.29005787), (-0.008062565, 0.9482423, 0.3174453), (-0.04712001, 0.94754726, 0.31612307), (0.027298678, 0.96811837, 0.24900123), (0.07111629, 0.96601206, 0.2485218), (0.07111629, 0.96601206, 0.2485218), (0.027298678, 0.96811837, 0.24900123), (0.06400975, 0.9762246, 0.2070948), (0.1270025, 0.96294886, 0.2379075), (0.14700978, 0.94565034, 0.29005787), (0.07111629, 0.96601206, 0.2485218), (0.1270025, 0.96294886, 0.2379075), (0.19323945, 0.94280356, 0.27162492), (0.188638, 0.8879235, 0.4195326), (0.14116544, 0.9000707, 0.41224387), (0.22144754, 0.9176623, 0.32993457), (0.2586349, 0.9053013, 0.33695334), (0.14116544, 0.9000707, 0.41224387), (0.06223704, 0.9298099, 0.36273947), (0.14700978, 0.94565034, 0.29005787), (0.22144754, 0.9176623, 0.32993457), (0.22144754, 0.9176623, 0.32993457), (0.14700978, 0.94565034, 0.29005787), (0.19323945, 0.94280356, 0.27162492), (0.25391388, 0.91910964, 0.30127275), (0.2586349, 0.9053013, 0.33695334), (0.22144754, 0.9176623, 0.32993457), (0.25391388, 0.91910964, 0.30127275), (0.27554944, 0.90941054, 0.3115206), (0.7181529, -0.5784569, 0.38683856), (0.7472087, -0.50572973, 0.43118036), (0.78743875, -0.46860018, 0.4004423), (0.75307536, -0.5489395, 0.3626884), (0.7472087, -0.50572973, 0.43118036), (0.7676896, -0.46460617, 0.4413545), (0.80731326, -0.4235126, 0.41095304), (0.78743875, -0.46860018, 0.4004423), (0.78743875, -0.46860018, 0.4004423), (0.80731326, -0.4235126, 0.41095304), (0.8170214, -0.41132584, 0.40408793), (0.8100477, -0.4321426, 0.39632735), (0.75307536, -0.5489395, 0.3626884), (0.78743875, -0.46860018, 0.4004423), (0.8100477, -0.4321426, 0.39632735), (0.7815478, -0.5044161, 0.36707985), (0.6747138, -0.6550701, 0.3400654), (0.68991226, -0.6352659, 0.3470711), (0.71668106, -0.61645025, 0.3261246), (0.6971275, -0.6426677, 0.31779125), (0.68991226, -0.6352659, 0.3470711), (0.7181529, -0.5784569, 0.38683856), (0.75307536, -0.5489395, 0.3626884), (0.71668106, -0.61645025, 0.3261246), (0.71668106, -0.61645025, 0.3261246), (0.75307536, -0.5489395, 0.3626884), (0.7815478, -0.5044161, 0.36707985), (0.7427738, -0.58164686, 0.3316233), (0.6971275, -0.6426677, 0.31779125), (0.71668106, -0.61645025, 0.3261246), (0.7427738, -0.58164686, 0.3316233), (0.71256685, -0.6309706, 0.30679715), (0.622329, -0.6182904, 0.48002464), (0.6300459, -0.56811917, 0.52941746), (0.6976531, -0.53809947, 0.4730003), (0.6790002, -0.60111237, 0.4214531), (0.6300459, -0.56811917, 0.52941746), (0.6438739, -0.5360613, 0.5459531), (0.71428907, -0.50162834, 0.48801646), (0.6976531, -0.53809947, 0.4730003), (0.6976531, -0.53809947, 0.4730003), (0.71428907, -0.50162834, 0.48801646), (0.7676896, -0.46460617, 0.4413545), (0.7472087, -0.50572973, 0.43118036), (0.6790002, -0.60111237, 0.4214531), (0.6976531, -0.53809947, 0.4730003), (0.7472087, -0.50572973, 0.43118036), (0.7181529, -0.5784569, 0.38683856), (0.60134524, -0.6642921, 0.44395944), (0.61142004, -0.65340805, 0.44634452), (0.66099584, -0.64710045, 0.37992814), (0.6498167, -0.66121274, 0.3748812), (0.61142004, -0.65340805, 0.44634452), (0.622329, -0.6182904, 0.48002464), (0.6790002, -0.60111237, 0.4214531), (0.66099584, -0.64710045, 0.37992814), (0.66099584, -0.64710045, 0.37992814), (0.6790002, -0.60111237, 0.4214531), (0.7181529, -0.5784569, 0.38683856), (0.68991226, -0.6352659, 0.3470711), (0.6498167, -0.66121274, 0.3748812), (0.66099584, -0.64710045, 0.37992814), (0.68991226, -0.6352659, 0.3470711), (0.6747138, -0.6550701, 0.3400654), (0.36912352, -0.54435986, 0.75327295), (0.38694096, -0.51002, 0.7682163), (0.51029015, -0.5628865, 0.65020216), (0.49930844, -0.6055087, 0.6197179), (0.38694096, -0.51002, 0.7682163), (0.39760494, -0.4936073, 0.77347404), (0.5268127, -0.54221785, 0.65457475), (0.51029015, -0.5628865, 0.65020216), (0.51029015, -0.5628865, 0.65020216), (0.5268127, -0.54221785, 0.65457475), (0.6438739, -0.5360613, 0.5459531), (0.6300459, -0.56811917, 0.52941746), (0.49930844, -0.6055087, 0.6197179), (0.51029015, -0.5628865, 0.65020216), (0.6300459, -0.56811917, 0.52941746), (0.622329, -0.6182904, 0.48002464), (0.22951631, -0.49004114, 0.84094113), (0.31050882, -0.46673816, 0.82809407), (0.3044268, -0.4786371, 0.8235477), (0.22782232, -0.49499586, 0.83849627), (0.31050882, -0.46673816, 0.82809407), (0.39760494, -0.4936073, 0.77347404), (0.38694096, -0.51002, 0.7682163), (0.3044268, -0.4786371, 0.8235477), (0.3044268, -0.4786371, 0.8235477), (0.38694096, -0.51002, 0.7682163), (0.36912352, -0.54435986, 0.75327295), (0.29129383, -0.501565, 0.8146045), (0.22782232, -0.49499586, 0.83849627), (0.3044268, -0.4786371, 0.8235477), (0.29129383, -0.501565, 0.8146045), (0.22202483, -0.50671804, 0.8330318), (0.05834487, -0.57505494, 0.81603175), (0.14314693, -0.53313607, 0.8338315), (0.14187118, -0.5338927, 0.8335653), (0.04990522, -0.5732345, 0.8178702), (0.14314693, -0.53313607, 0.8338315), (0.22951631, -0.49004114, 0.84094113), (0.22782232, -0.49499586, 0.83849627), (0.14187118, -0.5338927, 0.8335653), (0.14187118, -0.5338927, 0.8335653), (0.22782232, -0.49499586, 0.83849627), (0.22202483, -0.50671804, 0.8330318), (0.13346735, -0.53727955, 0.83277684), (0.04990522, -0.5732345, 0.8178702), (0.14187118, -0.5338927, 0.8335653), (0.13346735, -0.53727955, 0.83277684), (0.018066503, -0.5685245, 0.822468), (-0.16885856, -0.6106351, 0.77369994), (-0.14079028, -0.65294176, 0.74420774), (-0.048636414, -0.61019915, 0.7907538), (-0.09745662, -0.58773726, 0.80316067), (-0.14079028, -0.65294176, 0.74420774), (-0.13616353, -0.6708187, 0.7290142), (-0.035385452, -0.6187007, 0.78482944), (-0.048636414, -0.61019915, 0.7907538), (-0.048636414, -0.61019915, 0.7907538), (-0.035385452, -0.6187007, 0.78482944), (0.05834487, -0.57505494, 0.81603175), (0.04990522, -0.5732345, 0.8178702), (-0.09745662, -0.58773726, 0.80316067), (-0.048636414, -0.61019915, 0.7907538), (0.04990522, -0.5732345, 0.8178702), (0.018066503, -0.5685245, 0.822468), (-0.83223397, 0.0039192205, 0.55441076), (-0.68926877, 0.0745526, 0.72065973), (-0.7006178, 0.06394486, 0.71066576), (-0.8231653, 0.008041389, 0.56774485), (-0.68926877, 0.0745526, 0.72065973), (-0.58277303, 0.0653782, 0.8100008), (-0.61132693, 0.057994515, 0.7892503), (-0.7006178, 0.06394486, 0.71066576), (-0.7006178, 0.06394486, 0.71066576), (-0.61132693, 0.057994515, 0.7892503), (-0.671436, 0.039907906, 0.73998725), (-0.75574934, 0.04269005, 0.653468), (-0.8231653, 0.008041389, 0.56774485), (-0.7006178, 0.06394486, 0.71066576), (-0.75574934, 0.04269005, 0.653468), (-0.8406934, -0.0051087425, 0.54148734), (-0.8406934, -0.0051087425, 0.54148734), (-0.8814033, -0.08104271, 0.4653604), (-0.8880611, -0.07463569, 0.4536265), (-0.8231653, 0.008041389, 0.56774485), (-0.8814033, -0.08104271, 0.4653604), (-0.8935545, -0.18141545, 0.41066873), (-0.907136, -0.16878282, 0.3855081), (-0.8880611, -0.07463569, 0.4536265), (-0.8880611, -0.07463569, 0.4536265), (-0.907136, -0.16878282, 0.3855081), (-0.9114095, -0.16495538, 0.3769914), (-0.89258593, -0.077418655, 0.4441809), (-0.8231653, 0.008041389, 0.56774485), (-0.8880611, -0.07463569, 0.4536265), (-0.89258593, -0.077418655, 0.4441809), (-0.83223397, 0.0039192205, 0.55441076), (-0.58277303, 0.0653782, 0.8100008), (-0.57583046, 0.032093, 0.81693894), (-0.5846824, 0.03159416, 0.81064683), (-0.61132693, 0.057994515, 0.7892503), (-0.57583046, 0.032093, 0.81693894), (-0.5593796, 0.049084853, 0.827457), (-0.56334245, 0.046122424, 0.82493514), (-0.5846824, 0.03159416, 0.81064683), (-0.5846824, 0.03159416, 0.81064683), (-0.56334245, 0.046122424, 0.82493514), (-0.56960917, 0.046194937, 0.82061654), (-0.6126293, 0.022071758, 0.7900621), (-0.61132693, 0.057994515, 0.7892503), (-0.5846824, 0.03159416, 0.81064683), (-0.6126293, 0.022071758, 0.7900621), (-0.671436, 0.039907906, 0.73998725), (-0.5593796, 0.049084853, 0.827457), (-0.5371413, 0.084474795, 0.8392516), (-0.5364442, 0.08723329, 0.83941525), (-0.56334245, 0.046122424, 0.82493514), (-0.5371413, 0.084474795, 0.8392516), (-0.51530766, 0.12500055, 0.8478401), (-0.51340604, 0.13289745, 0.8477927), (-0.5364442, 0.08723329, 0.83941525), (-0.5364442, 0.08723329, 0.83941525), (-0.51340604, 0.13289745, 0.8477927), (-0.51926035, 0.1410327, 0.8428989), (-0.53718364, 0.09568501, 0.8380204), (-0.56334245, 0.046122424, 0.82493514), (-0.5364442, 0.08723329, 0.83941525), (-0.53718364, 0.09568501, 0.8380204), (-0.56960917, 0.046194937, 0.82061654), (-0.56960917, 0.046194937, 0.82061654), (-0.53718364, 0.09568501, 0.8380204), (-0.5451914, 0.097159885, 0.8326622), (-0.5809668, 0.034210306, 0.813208), (-0.53718364, 0.09568501, 0.8380204), (-0.51926035, 0.1410327, 0.8428989), (-0.5319674, 0.14678693, 0.83394504), (-0.5451914, 0.097159885, 0.8326622), (-0.5451914, 0.097159885, 0.8326622), (-0.5319674, 0.14678693, 0.83394504), (-0.5388876, 0.14996456, 0.8289215), (-0.54994863, 0.096794374, 0.8295706), (-0.5809668, 0.034210306, 0.813208), (-0.5451914, 0.097159885, 0.8326622), (-0.54994863, 0.096794374, 0.8295706), (-0.586192, 0.024952069, 0.8097878), (-0.671436, 0.039907906, 0.73998725), (-0.6126293, 0.022071758, 0.7900621), (-0.6450932, -0.0022739712, 0.7641005), (-0.732607, 0.0154026905, 0.6804777), (-0.6126293, 0.022071758, 0.7900621), (-0.56960917, 0.046194937, 0.82061654), (-0.5809668, 0.034210306, 0.813208), (-0.6450932, -0.0022739712, 0.7641005), (-0.6450932, -0.0022739712, 0.7641005), (-0.5809668, 0.034210306, 0.813208), (-0.586192, 0.024952069, 0.8097878), (-0.65709114, -0.019443948, 0.75356036), (-0.732607, 0.0154026905, 0.6804777), (-0.6450932, -0.0022739712, 0.7641005), (-0.65709114, -0.019443948, 0.75356036), (-0.75195706, -0.0035217458, 0.6592027), (0.4558572, 0.042295393, 0.8890474), (0.41764936, 0.13081855, 0.89914155), (0.40292516, 0.12281394, 0.9069555), (0.43210965, 0.038695708, 0.90099055), (0.41764936, 0.13081855, 0.89914155), (0.3936845, 0.20560355, 0.89595735), (0.38418654, 0.20011848, 0.90130645), (0.40292516, 0.12281394, 0.9069555), (0.40292516, 0.12281394, 0.9069555), (0.38418654, 0.20011848, 0.90130645), (0.36680207, 0.18096156, 0.912529), (0.37936968, 0.0920764, 0.9206523), (0.43210965, 0.038695708, 0.90099055), (0.40292516, 0.12281394, 0.9069555), (0.37936968, 0.0920764, 0.9206523), (0.39014754, 0.017977457, 0.92057675), (0.6035792, 0.008785783, 0.7972547), (0.5148406, -0.009452995, 0.8572338), (0.48137832, -0.0033006035, 0.87650675), (0.56659096, 0.02332063, 0.8236691), (0.5148406, -0.009452995, 0.8572338), (0.4558572, 0.042295393, 0.8890474), (0.43210965, 0.038695708, 0.90099055), (0.48137832, -0.0033006035, 0.87650675), (0.48137832, -0.0033006035, 0.87650675), (0.43210965, 0.038695708, 0.90099055), (0.39014754, 0.017977457, 0.92057675), (0.41353098, -0.0019140735, 0.91048807), (0.56659096, 0.02332063, 0.8236691), (0.48137832, -0.0033006035, 0.87650675), (0.41353098, -0.0019140735, 0.91048807), (0.47472948, 0.042891365, 0.879086), (0.47472948, 0.042891365, 0.879086), (0.41353098, -0.0019140735, 0.91048807), (0.37055084, -0.00558689, 0.92879534), (0.400363, 0.06388559, 0.914127), (0.41353098, -0.0019140735, 0.91048807), (0.39014754, 0.017977457, 0.92057675), (0.372292, -0.018361196, 0.927934), (0.37055084, -0.00558689, 0.92879534), (0.37055084, -0.00558689, 0.92879534), (0.372292, -0.018361196, 0.927934), (0.37637115, -0.035972267, 0.92577034), (0.36371005, -0.027067948, 0.9311189), (0.400363, 0.06388559, 0.914127), (0.37055084, -0.00558689, 0.92879534), (0.36371005, -0.027067948, 0.9311189), (0.366979, 0.061423287, 0.92819905), (0.39014754, 0.017977457, 0.92057675), (0.37936968, 0.0920764, 0.9206523), (0.37757835, 0.036576413, 0.925255), (0.372292, -0.018361196, 0.927934), (0.37936968, 0.0920764, 0.9206523), (0.36680207, 0.18096156, 0.912529), (0.36443186, 0.14266363, 0.92023724), (0.37757835, 0.036576413, 0.925255), (0.37757835, 0.036576413, 0.925255), (0.36443186, 0.14266363, 0.92023724), (0.36414126, 0.13665618, 0.9212634), (0.38425994, 0.020242667, 0.923003), (0.372292, -0.018361196, 0.927934), (0.37757835, 0.036576413, 0.925255), (0.38425994, 0.020242667, 0.923003), (0.37637115, -0.035972267, 0.92577034), (0.7231415, 0.0189449, 0.69044006), (0.5956846, 0.06625995, 0.8004808), (0.5286869, 0.093395166, 0.84366316), (0.6980827, 0.035079386, 0.7151573), (0.5956846, 0.06625995, 0.8004808), (0.47472948, 0.042891365, 0.879086), (0.400363, 0.06388559, 0.914127), (0.5286869, 0.093395166, 0.84366316), (0.5286869, 0.093395166, 0.84366316), (0.400363, 0.06388559, 0.914127), (0.366979, 0.061423287, 0.92819905), (0.4999648, 0.1130554, 0.85863477), (0.6980827, 0.035079386, 0.7151573), (0.5286869, 0.093395166, 0.84366316), (0.4999648, 0.1130554, 0.85863477), (0.7036373, 0.03528774, 0.70968264), (0.7036373, 0.03528774, 0.70968264), (0.80132973, -0.078947075, 0.5929908), (0.79675496, -0.07635014, 0.59945995), (0.6980827, 0.035079386, 0.7151573), (0.80132973, -0.078947075, 0.5929908), (0.83412135, -0.22074641, 0.5054826), (0.8292411, -0.22593582, 0.5111871), (0.79675496, -0.07635014, 0.59945995), (0.79675496, -0.07635014, 0.59945995), (0.8292411, -0.22593582, 0.5111871), (0.8137949, -0.23660544, 0.53080666), (0.7904524, -0.08284899, 0.60689455), (0.6980827, 0.035079386, 0.7151573), (0.79675496, -0.07635014, 0.59945995), (0.7904524, -0.08284899, 0.60689455), (0.7231415, 0.0189449, 0.69044006), (0.83412135, -0.22074641, 0.5054826), (0.83801514, -0.3579002, 0.4118716), (0.8322513, -0.37072885, 0.41221097), (0.8292411, -0.22593582, 0.5111871), (0.83801514, -0.3579002, 0.4118716), (0.8349553, -0.4705589, 0.28534883), (0.8257141, -0.49430713, 0.27176565), (0.8322513, -0.37072885, 0.41221097), (0.8322513, -0.37072885, 0.41221097), (0.8257141, -0.49430713, 0.27176565), (0.8019681, -0.52444386, 0.2860172), (0.81491333, -0.38804948, 0.43050423), (0.8292411, -0.22593582, 0.5111871), (0.8322513, -0.37072885, 0.41221097), (0.81491333, -0.38804948, 0.43050423), (0.8137949, -0.23660544, 0.53080666), (0.8349553, -0.4705589, 0.28534883), (0.82352114, -0.5497719, 0.1398704), (0.80085015, -0.5902787, 0.10104507), (0.8257141, -0.49430713, 0.27176565), (0.82352114, -0.5497719, 0.1398704), (0.806468, -0.59081596, 0.023362719), (0.75402015, -0.65626156, 0.027826283), (0.80085015, -0.5902787, 0.10104507), (0.80085015, -0.5902787, 0.10104507), (0.75402015, -0.65626156, 0.027826283), (0.73032737, -0.68247896, 0.029058676), (0.76273423, -0.6370422, 0.11141727), (0.8257141, -0.49430713, 0.27176565), (0.80085015, -0.5902787, 0.10104507), (0.76273423, -0.6370422, 0.11141727), (0.8019681, -0.52444386, 0.2860172), (0.8137949, -0.23660544, 0.53080666), (0.81491333, -0.38804948, 0.43050423), (0.7945802, -0.40695414, 0.45058918), (0.79572785, -0.24785917, 0.5526148), (0.81491333, -0.38804948, 0.43050423), (0.8019681, -0.52444386, 0.2860172), (0.78042966, -0.5491969, 0.2988515), (0.7945802, -0.40695414, 0.45058918), (0.7945802, -0.40695414, 0.45058918), (0.78042966, -0.5491969, 0.2988515), (0.7688825, -0.57204956, 0.28562036), (0.7854841, -0.42164677, 0.45302176), (0.79572785, -0.24785917, 0.5526148), (0.7945802, -0.40695414, 0.45058918), (0.7854841, -0.42164677, 0.45302176), (0.78786725, -0.254024, 0.56101424), (0.8019681, -0.52444386, 0.2860172), (0.76273423, -0.6370422, 0.11141727), (0.74205583, -0.6601339, 0.11651743), (0.78042966, -0.5491969, 0.2988515), (0.76273423, -0.6370422, 0.11141727), (0.73032737, -0.68247896, 0.029058676), (0.7142959, -0.6992733, 0.02825287), (0.74205583, -0.6601339, 0.11651743), (0.74205583, -0.6601339, 0.11651743), (0.7142959, -0.6992733, 0.02825287), (0.7097495, -0.703908, 0.02773548), (0.7278832, -0.67964625, 0.09092276), (0.78042966, -0.5491969, 0.2988515), (0.74205583, -0.6601339, 0.11651743), (0.7278832, -0.67964625, 0.09092276), (0.7688825, -0.57204956, 0.28562036), (-0.869492, -0.20031936, 0.45150402), (-0.86569816, -0.31494483, 0.3890714), (-0.87458533, -0.30164856, 0.3796164), (-0.8769748, -0.19506134, 0.43916535), (-0.86569816, -0.31494483, 0.3890714), (-0.8645814, -0.4105483, 0.28973967), (-0.87310505, -0.39205843, 0.2897891), (-0.87458533, -0.30164856, 0.3796164), (-0.87458533, -0.30164856, 0.3796164), (-0.87310505, -0.39205843, 0.2897891), (-0.8923349, -0.36041185, 0.27173853), (-0.8939466, -0.27712202, 0.35222566), (-0.8769748, -0.19506134, 0.43916535), (-0.87458533, -0.30164856, 0.3796164), (-0.8939466, -0.27712202, 0.35222566), (-0.8935545, -0.18141545, 0.41066873), (-0.8645814, -0.4105483, 0.28973967), (-0.86253923, -0.476256, 0.17089836), (-0.86882794, -0.46103555, 0.18051136), (-0.87310505, -0.39205843, 0.2897891), (-0.86253923, -0.476256, 0.17089836), (-0.86072075, -0.49302328, 0.1268371), (-0.8644365, -0.48645347, 0.12693521), (-0.86882794, -0.46103555, 0.18051136), (-0.86882794, -0.46103555, 0.18051136), (-0.8644365, -0.48645347, 0.12693521), (-0.8754338, -0.46647978, 0.1265396), (-0.88477695, -0.43249872, 0.17353566), (-0.87310505, -0.39205843, 0.2897891), (-0.86882794, -0.46103555, 0.18051136), (-0.88477695, -0.43249872, 0.17353566), (-0.8923349, -0.36041185, 0.27173853), (-0.8935545, -0.18141545, 0.41066873), (-0.8939466, -0.27712202, 0.35222566), (-0.9095938, -0.2553356, 0.32778502), (-0.907136, -0.16878282, 0.3855081), (-0.8939466, -0.27712202, 0.35222566), (-0.8923349, -0.36041185, 0.27173853), (-0.9100343, -0.32767567, 0.25390196), (-0.9095938, -0.2553356, 0.32778502), (-0.9095938, -0.2553356, 0.32778502), (-0.9100343, -0.32767567, 0.25390196), (-0.9157107, -0.31067738, 0.25485954), (-0.91443604, -0.24549104, 0.3217779), (-0.907136, -0.16878282, 0.3855081), (-0.9095938, -0.2553356, 0.32778502), (-0.91443604, -0.24549104, 0.3217779), (-0.9114095, -0.16495538, 0.3769914), (-0.8923349, -0.36041185, 0.27173853), (-0.88477695, -0.43249872, 0.17353566), (-0.90704435, -0.3877132, 0.16416164), (-0.9100343, -0.32767567, 0.25390196), (-0.88477695, -0.43249872, 0.17353566), (-0.8754338, -0.46647978, 0.1265396), (-0.88985276, -0.4387813, 0.12503175), (-0.90704435, -0.3877132, 0.16416164), (-0.90704435, -0.3877132, 0.16416164), (-0.88985276, -0.4387813, 0.12503175), (-0.9152329, -0.38373083, 0.12287981), (-0.9162914, -0.356883, 0.1817818), (-0.9100343, -0.32767567, 0.25390196), (-0.90704435, -0.3877132, 0.16416164), (-0.9162914, -0.356883, 0.1817818), (-0.9157107, -0.31067738, 0.25485954), (-0.86592466, -0.010957406, 0.5000544), (-0.8707018, -0.082299344, 0.4848765), (-0.87381494, -0.08566154, 0.4786539), (-0.85881054, -0.0123797245, 0.5121437), (-0.8707018, -0.082299344, 0.4848765), (-0.869492, -0.20031936, 0.45150402), (-0.8769748, -0.19506134, 0.43916535), (-0.87381494, -0.08566154, 0.4786539), (-0.87381494, -0.08566154, 0.4786539), (-0.8769748, -0.19506134, 0.43916535), (-0.8935545, -0.18141545, 0.41066873), (-0.8814033, -0.08104271, 0.4653604), (-0.85881054, -0.0123797245, 0.5121437), (-0.87381494, -0.08566154, 0.4786539), (-0.8814033, -0.08104271, 0.4653604), (-0.8406934, -0.0051087425, 0.54148734), (0.7231415, 0.0189449, 0.69044006), (0.7904524, -0.08284899, 0.60689455), (0.7834006, -0.087519415, 0.6153242), (0.7513544, 0.009307941, 0.65983325), (0.7904524, -0.08284899, 0.60689455), (0.8137949, -0.23660544, 0.53080666), (0.79572785, -0.24785917, 0.5526148), (0.7834006, -0.087519415, 0.6153242), (0.7834006, -0.087519415, 0.6153242), (0.79572785, -0.24785917, 0.5526148), (0.78786725, -0.254024, 0.56101424), (0.7802754, -0.084582366, 0.6196904), (0.7513544, 0.009307941, 0.65983325), (0.7834006, -0.087519415, 0.6153242), (0.7802754, -0.084582366, 0.6196904), (0.7628421, 0.008905516, 0.6465234), (0.7628421, 0.008905516, 0.6465234), (0.7034527, 0.03493932, 0.70988274), (0.67303705, 0.045422714, 0.7382127), (0.7513544, 0.009307941, 0.65983325), (0.7034527, 0.03493932, 0.70988274), (0.6035792, 0.008785783, 0.7972547), (0.56659096, 0.02332063, 0.8236691), (0.67303705, 0.045422714, 0.7382127), (0.67303705, 0.045422714, 0.7382127), (0.56659096, 0.02332063, 0.8236691), (0.47472948, 0.042891365, 0.879086), (0.5956846, 0.06625995, 0.8004808), (0.7513544, 0.009307941, 0.65983325), (0.67303705, 0.045422714, 0.7382127), (0.5956846, 0.06625995, 0.8004808), (0.7231415, 0.0189449, 0.69044006), (-0.8406934, -0.0051087425, 0.54148734), (-0.75574934, 0.04269005, 0.653468), (-0.8125432, 0.025063787, 0.58236194), (-0.85881054, -0.0123797245, 0.5121437), (-0.75574934, 0.04269005, 0.653468), (-0.671436, 0.039907906, 0.73998725), (-0.732607, 0.0154026905, 0.6804777), (-0.8125432, 0.025063787, 0.58236194), (-0.8125432, 0.025063787, 0.58236194), (-0.732607, 0.0154026905, 0.6804777), (-0.75195706, -0.0035217458, 0.6592027), (-0.83173996, 0.016353099, 0.5549245), (-0.85881054, -0.0123797245, 0.5121437), (-0.8125432, 0.025063787, 0.58236194), (-0.83173996, 0.016353099, 0.5549245), (-0.86592466, -0.010957406, 0.5000544), (0.33029708, 0.32045817, 0.88781214), (0.3185213, 0.28918725, 0.9027264), (0.3324443, 0.24053003, 0.9119354), (0.34585533, 0.25801006, 0.90211684), (0.3185213, 0.28918725, 0.9027264), (0.31584525, 0.27495295, 0.90809834), (0.32979518, 0.2332793, 0.9147764), (0.3324443, 0.24053003, 0.9119354), (0.3324443, 0.24053003, 0.9119354), (0.32979518, 0.2332793, 0.9147764), (0.36414126, 0.13665618, 0.9212634), (0.36443186, 0.14266363, 0.92023724), (0.34585533, 0.25801006, 0.90211684), (0.3324443, 0.24053003, 0.9119354), (0.36443186, 0.14266363, 0.92023724), (0.36680207, 0.18096156, 0.912529), (0.29108295, 0.52317107, 0.80097604), (0.2513495, 0.50819427, 0.82374877), (0.29653466, 0.3713356, 0.8798734), (0.31347582, 0.41044006, 0.85631293), (0.2513495, 0.50819427, 0.82374877), (0.2633546, 0.44645333, 0.85517466), (0.3101427, 0.3184988, 0.8957511), (0.29653466, 0.3713356, 0.8798734), (0.29653466, 0.3713356, 0.8798734), (0.3101427, 0.3184988, 0.8957511), (0.31584525, 0.27495295, 0.90809834), (0.3185213, 0.28918725, 0.9027264), (0.31347582, 0.41044006, 0.85631293), (0.29653466, 0.3713356, 0.8798734), (0.3185213, 0.28918725, 0.9027264), (0.33029708, 0.32045817, 0.88781214), (0.3086449, 0.58431226, 0.7505448), (0.29353675, 0.56276506, 0.772743), (0.24581969, 0.58628887, 0.77190536), (0.29147995, 0.58605903, 0.7560252), (0.29353675, 0.56276506, 0.772743), (0.28118235, 0.5586999, 0.78025055), (0.22312224, 0.57765764, 0.785193), (0.24581969, 0.58628887, 0.77190536), (0.24581969, 0.58628887, 0.77190536), (0.22312224, 0.57765764, 0.785193), (0.2633546, 0.44645333, 0.85517466), (0.2513495, 0.50819427, 0.82374877), (0.29147995, 0.58605903, 0.7560252), (0.24581969, 0.58628887, 0.77190536), (0.2513495, 0.50819427, 0.82374877), (0.29108295, 0.52317107, 0.80097604), (0.36458835, 0.5494899, 0.75175536), (0.369596, 0.5700322, 0.7337997), (0.34630436, 0.57813174, 0.7388078), (0.34345743, 0.5343239, 0.77235675), (0.369596, 0.5700322, 0.7337997), (0.36774427, 0.5141176, 0.77488524), (0.34984937, 0.5519743, 0.7569212), (0.34630436, 0.57813174, 0.7388078), (0.34630436, 0.57813174, 0.7388078), (0.34984937, 0.5519743, 0.7569212), (0.3086449, 0.58431226, 0.7505448), (0.29147995, 0.58605903, 0.7560252), (0.34345743, 0.5343239, 0.77235675), (0.34630436, 0.57813174, 0.7388078), (0.29147995, 0.58605903, 0.7560252), (0.29108295, 0.52317107, 0.80097604), (0.3661167, 0.3677336, 0.8548278), (0.36210623, 0.46899307, 0.8055585), (0.34763792, 0.44277668, 0.8264966), (0.35531458, 0.34730625, 0.8678305), (0.36210623, 0.46899307, 0.8055585), (0.36458835, 0.5494899, 0.75175536), (0.34345743, 0.5343239, 0.77235675), (0.34763792, 0.44277668, 0.8264966), (0.34763792, 0.44277668, 0.8264966), (0.34345743, 0.5343239, 0.77235675), (0.29108295, 0.52317107, 0.80097604), (0.31347582, 0.41044006, 0.85631293), (0.35531458, 0.34730625, 0.8678305), (0.34763792, 0.44277668, 0.8264966), (0.31347582, 0.41044006, 0.85631293), (0.33029708, 0.32045817, 0.88781214), (-0.5258512, 0.45913163, 0.71601593), (-0.53035104, 0.499432, 0.6850513), (-0.539489, 0.49418318, 0.68171453), (-0.54812914, 0.45876607, 0.69934833), (-0.53035104, 0.499432, 0.6850513), (-0.53237575, 0.49181694, 0.688979), (-0.5323413, 0.46426967, 0.70786047), (-0.539489, 0.49418318, 0.68171453), (-0.539489, 0.49418318, 0.68171453), (-0.5323413, 0.46426967, 0.70786047), (-0.5264931, 0.43685883, 0.7293555), (-0.54144037, 0.48652145, 0.68566704), (-0.54812914, 0.45876607, 0.69934833), (-0.539489, 0.49418318, 0.68171453), (-0.54144037, 0.48652145, 0.68566704), (-0.555408, 0.4643263, 0.6898717), (-0.515572, 0.26074886, 0.816208), (-0.5227608, 0.3644859, 0.77063036), (-0.5482872, 0.37713462, 0.7464251), (-0.5402966, 0.2781111, 0.79418755), (-0.5227608, 0.3644859, 0.77063036), (-0.5258512, 0.45913163, 0.71601593), (-0.54812914, 0.45876607, 0.69934833), (-0.5482872, 0.37713462, 0.7464251), (-0.5482872, 0.37713462, 0.7464251), (-0.54812914, 0.45876607, 0.69934833), (-0.555408, 0.4643263, 0.6898717), (-0.55938965, 0.38718125, 0.73292154), (-0.5402966, 0.2781111, 0.79418755), (-0.5482872, 0.37713462, 0.7464251), (-0.55938965, 0.38718125, 0.73292154), (-0.55242896, 0.28789067, 0.7822666), (-0.5010641, 0.41933197, 0.75703055), (-0.5057092, 0.45342812, 0.7339354), (-0.5052936, 0.33876967, 0.79367083), (-0.5031078, 0.28980613, 0.8141836), (-0.5057092, 0.45342812, 0.7339354), (-0.5258512, 0.45913163, 0.71601593), (-0.5227608, 0.3644859, 0.77063036), (-0.5052936, 0.33876967, 0.79367083), (-0.5052936, 0.33876967, 0.79367083), (-0.5227608, 0.3644859, 0.77063036), (-0.515572, 0.26074886, 0.816208), (-0.50100344, 0.23365715, 0.8333066), (-0.5031078, 0.28980613, 0.8141836), (-0.5052936, 0.33876967, 0.79367083), (-0.50100344, 0.23365715, 0.8333066), (-0.4969433, 0.21034825, 0.84190315), (-0.5376247, 0.44304204, 0.7174074), (-0.53558713, 0.4631008, 0.7061757), (-0.51967496, 0.49720597, 0.6947835), (-0.5108775, 0.49602133, 0.7021162), (-0.53558713, 0.4631008, 0.7061757), (-0.53237575, 0.49181694, 0.688979), (-0.53035104, 0.499432, 0.6850513), (-0.51967496, 0.49720597, 0.6947835), (-0.51967496, 0.49720597, 0.6947835), (-0.53035104, 0.499432, 0.6850513), (-0.5258512, 0.45913163, 0.71601593), (-0.5057092, 0.45342812, 0.7339354), (-0.5108775, 0.49602133, 0.7021162), (-0.51967496, 0.49720597, 0.6947835), (-0.5057092, 0.45342812, 0.7339354), (-0.5010641, 0.41933197, 0.75703055), (-0.4969433, 0.21034825, 0.84190315), (-0.50100344, 0.23365715, 0.8333066), (-0.5004705, 0.17590116, 0.84769577), (-0.4991353, 0.16571034, 0.85053164), (-0.50100344, 0.23365715, 0.8333066), (-0.515572, 0.26074886, 0.816208), (-0.512489, 0.18786494, 0.8378913), (-0.5004705, 0.17590116, 0.84769577), (-0.5004705, 0.17590116, 0.84769577), (-0.512489, 0.18786494, 0.8378913), (-0.51926035, 0.1410327, 0.8428989), (-0.51340604, 0.13289745, 0.8477927), (-0.4991353, 0.16571034, 0.85053164), (-0.5004705, 0.17590116, 0.84769577), (-0.51340604, 0.13289745, 0.8477927), (-0.51530766, 0.12500055, 0.8478401), (-0.53237575, 0.49181694, 0.688979), (-0.53558713, 0.4631008, 0.7061757), (-0.5285622, 0.40807912, 0.7443745), (-0.5323413, 0.46426967, 0.70786047), (-0.53558713, 0.4631008, 0.7061757), (-0.5376247, 0.44304204, 0.7174074), (-0.51998615, 0.37231573, 0.7687623), (-0.5285622, 0.40807912, 0.7443745), (-0.5285622, 0.40807912, 0.7443745), (-0.51998615, 0.37231573, 0.7687623), (-0.5122078, 0.3580565, 0.7806655), (-0.51488405, 0.37256184, 0.77206993), (-0.5323413, 0.46426967, 0.70786047), (-0.5285622, 0.40807912, 0.7443745), (-0.51488405, 0.37256184, 0.77206993), (-0.5264931, 0.43685883, 0.7293555), (0.36774427, 0.5141176, 0.77488524), (0.35222217, 0.4432398, 0.8243046), (0.34211424, 0.49352127, 0.7996215), (0.34984937, 0.5519743, 0.7569212), (0.35222217, 0.4432398, 0.8243046), (0.34732485, 0.42668703, 0.83504707), (0.33837438, 0.4553016, 0.8235309), (0.34211424, 0.49352127, 0.7996215), (0.34211424, 0.49352127, 0.7996215), (0.33837438, 0.4553016, 0.8235309), (0.28118235, 0.5586999, 0.78025055), (0.29353675, 0.56276506, 0.772743), (0.34984937, 0.5519743, 0.7569212), (0.34211424, 0.49352127, 0.7996215), (0.29353675, 0.56276506, 0.772743), (0.3086449, 0.58431226, 0.7505448), (-0.51926035, 0.1410327, 0.8428989), (-0.512489, 0.18786494, 0.8378913), (-0.53212744, 0.19799915, 0.823187), (-0.5319674, 0.14678693, 0.83394504), (-0.512489, 0.18786494, 0.8378913), (-0.515572, 0.26074886, 0.816208), (-0.5402966, 0.2781111, 0.79418755), (-0.53212744, 0.19799915, 0.823187), (-0.53212744, 0.19799915, 0.823187), (-0.5402966, 0.2781111, 0.79418755), (-0.55242896, 0.28789067, 0.7822666), (-0.54205203, 0.20415555, 0.8151688), (-0.5319674, 0.14678693, 0.83394504), (-0.53212744, 0.19799915, 0.823187), (-0.54205203, 0.20415555, 0.8151688), (-0.5388876, 0.14996456, 0.8289215), (0.3936845, 0.20560355, 0.89595735), (0.37733498, 0.27668095, 0.88377935), (0.36795756, 0.26909152, 0.89005446), (0.38418654, 0.20011848, 0.90130645), (0.37733498, 0.27668095, 0.88377935), (0.3661167, 0.3677336, 0.8548278), (0.35531458, 0.34730625, 0.8678305), (0.36795756, 0.26909152, 0.89005446), (0.36795756, 0.26909152, 0.89005446), (0.35531458, 0.34730625, 0.8678305), (0.33029708, 0.32045817, 0.88781214), (0.34585533, 0.25801006, 0.90211684), (0.38418654, 0.20011848, 0.90130645), (0.36795756, 0.26909152, 0.89005446), (0.34585533, 0.25801006, 0.90211684), (0.36680207, 0.18096156, 0.912529), (0.4321878, -0.33417442, 0.83758056), (0.42143586, -0.31573382, 0.85011995), (0.69580036, -0.120793685, 0.7080048), (0.7349892, -0.077412456, 0.67364556), (0.42143586, -0.31573382, 0.85011995), (0.46743837, -0.2745977, 0.84029603), (0.6917434, -0.09423859, 0.7159681), (0.69580036, -0.120793685, 0.7080048), (0.69580036, -0.120793685, 0.7080048), (0.6917434, -0.09423859, 0.7159681), (0.7954982, 0.1557905, 0.5855868), (0.8213259, 0.14706674, 0.55117625), (0.7349892, -0.077412456, 0.67364556), (0.69580036, -0.120793685, 0.7080048), (0.8213259, 0.14706674, 0.55117625), (0.82882303, 0.14422514, 0.540603), (0.25709513, -0.29131234, 0.9214332), (0.27131245, -0.31005004, 0.91118526), (0.25843862, -0.31748185, 0.9123677), (0.23182996, -0.3292577, 0.9153384), (0.27131245, -0.31005004, 0.91118526), (0.28856653, -0.34023544, 0.89496887), (0.32095125, -0.30807605, 0.8955889), (0.25843862, -0.31748185, 0.9123677), (0.25843862, -0.31748185, 0.9123677), (0.32095125, -0.30807605, 0.8955889), (0.46743837, -0.2745977, 0.84029603), (0.42143586, -0.31573382, 0.85011995), (0.23182996, -0.3292577, 0.9153384), (0.25843862, -0.31748185, 0.9123677), (0.42143586, -0.31573382, 0.85011995), (0.4321878, -0.33417442, 0.83758056), (0.28856653, -0.34023544, 0.89496887), (0.27131245, -0.31005004, 0.91118526), (0.37955463, -0.34578505, 0.85812056), (0.32412174, -0.39319816, 0.8604303), (0.27131245, -0.31005004, 0.91118526), (0.25709513, -0.29131234, 0.9214332), (0.41142306, -0.3170117, 0.8545377), (0.37955463, -0.34578505, 0.85812056), (0.37955463, -0.34578505, 0.85812056), (0.41142306, -0.3170117, 0.8545377), (0.5334378, -0.39304316, 0.7489735), (0.47798768, -0.4028803, 0.78052247), (0.32412174, -0.39319816, 0.8604303), (0.37955463, -0.34578505, 0.85812056), (0.47798768, -0.4028803, 0.78052247), (0.37416825, -0.4422786, 0.8150999), (0.5097281, -0.6600977, 0.5517683), (0.4888282, -0.6259132, 0.6076837), (0.51753086, -0.49167073, 0.70030123), (0.5605118, -0.51158804, 0.65123284), (0.4888282, -0.6259132, 0.6076837), (0.3974434, -0.60651255, 0.6886082), (0.40445408, -0.5077399, 0.7606689), (0.51753086, -0.49167073, 0.70030123), (0.51753086, -0.49167073, 0.70030123), (0.40445408, -0.5077399, 0.7606689), (0.37416825, -0.4422786, 0.8150999), (0.47798768, -0.4028803, 0.78052247), (0.5605118, -0.51158804, 0.65123284), (0.51753086, -0.49167073, 0.70030123), (0.47798768, -0.4028803, 0.78052247), (0.5334378, -0.39304316, 0.7489735), (0.3302553, -0.7490055, 0.5743886), (0.35520265, -0.70191383, 0.61737186), (0.4047289, -0.73092026, 0.5495), (0.35248587, -0.7405521, 0.572133), (0.35520265, -0.70191383, 0.61737186), (0.3974434, -0.60651255, 0.6886082), (0.4888282, -0.6259132, 0.6076837), (0.4047289, -0.73092026, 0.5495), (0.4047289, -0.73092026, 0.5495), (0.4888282, -0.6259132, 0.6076837), (0.5097281, -0.6600977, 0.5517683), (0.42972136, -0.7467802, 0.50760096), (0.35248587, -0.7405521, 0.572133), (0.4047289, -0.73092026, 0.5495), (0.42972136, -0.7467802, 0.50760096), (0.36311615, -0.7584885, 0.5411487), (0.41394517, -0.7067778, 0.573685), (0.36278978, -0.7420029, 0.56375104), (0.38435277, -0.6964105, 0.60604084), (0.463102, -0.6350977, 0.61821306), (0.36278978, -0.7420029, 0.56375104), (0.3302553, -0.7490055, 0.5743886), (0.35248587, -0.7405521, 0.572133), (0.38435277, -0.6964105, 0.60604084), (0.38435277, -0.6964105, 0.60604084), (0.35248587, -0.7405521, 0.572133), (0.36311615, -0.7584885, 0.5411487), (0.38080937, -0.68810666, 0.6176516), (0.463102, -0.6350977, 0.61821306), (0.38435277, -0.6964105, 0.60604084), (0.38080937, -0.68810666, 0.6176516), (0.48777634, -0.5973911, 0.6365518), (0.3007286, -0.7813315, 0.5468852), (0.28562403, -0.7128751, 0.6404904), (0.30383715, -0.70313925, 0.6428672), (0.30809647, -0.76717615, 0.5625987), (0.28562403, -0.7128751, 0.6404904), (0.2779026, -0.6260269, 0.7286017), (0.3082686, -0.6149853, 0.72578484), (0.30383715, -0.70313925, 0.6428672), (0.30383715, -0.70313925, 0.6428672), (0.3082686, -0.6149853, 0.72578484), (0.3974434, -0.60651255, 0.6886082), (0.35520265, -0.70191383, 0.61737186), (0.30809647, -0.76717615, 0.5625987), (0.30383715, -0.70313925, 0.6428672), (0.35520265, -0.70191383, 0.61737186), (0.3302553, -0.7490055, 0.5743886), (0.44215006, -0.71502495, 0.5415188), (0.3446717, -0.79068947, 0.50597584), (0.34524578, -0.77822787, 0.52456343), (0.42598805, -0.71760285, 0.55098134), (0.3446717, -0.79068947, 0.50597584), (0.3007286, -0.7813315, 0.5468852), (0.30809647, -0.76717615, 0.5625987), (0.34524578, -0.77822787, 0.52456343), (0.34524578, -0.77822787, 0.52456343), (0.30809647, -0.76717615, 0.5625987), (0.3302553, -0.7490055, 0.5743886), (0.36278978, -0.7420029, 0.56375104), (0.42598805, -0.71760285, 0.55098134), (0.34524578, -0.77822787, 0.52456343), (0.36278978, -0.7420029, 0.56375104), (0.41394517, -0.7067778, 0.573685), (-0.26296452, -0.84358597, 0.4682012), (-0.26324946, -0.76387626, 0.5892307), (-0.3883765, -0.72667223, 0.5666666), (-0.4110518, -0.79303986, 0.4495822), (-0.26324946, -0.76387626, 0.5892307), (-0.26530683, -0.68579155, 0.6777184), (-0.3771285, -0.65907973, 0.65068275), (-0.3883765, -0.72667223, 0.5666666), (-0.3883765, -0.72667223, 0.5666666), (-0.3771285, -0.65907973, 0.65068275), (-0.42893237, -0.64052206, 0.6369839), (-0.44144866, -0.7030809, 0.55749464), (-0.4110518, -0.79303986, 0.4495822), (-0.3883765, -0.72667223, 0.5666666), (-0.44144866, -0.7030809, 0.55749464), (-0.46960688, -0.76667947, 0.4378036), (-0.259146, -0.90444005, 0.33886814), (-0.26353744, -0.88957834, 0.373093), (-0.41922346, -0.83332264, 0.36031252), (-0.35907504, -0.8646757, 0.35128483), (-0.26353744, -0.88957834, 0.373093), (-0.26296452, -0.84358597, 0.4682012), (-0.4110518, -0.79303986, 0.4495822), (-0.41922346, -0.83332264, 0.36031252), (-0.41922346, -0.83332264, 0.36031252), (-0.4110518, -0.79303986, 0.4495822), (-0.46960688, -0.76667947, 0.4378036), (-0.47769842, -0.8077388, 0.34548843), (-0.35907504, -0.8646757, 0.35128483), (-0.41922346, -0.83332264, 0.36031252), (-0.47769842, -0.8077388, 0.34548843), (-0.3949431, -0.83985084, 0.372385), (-0.12368838, -0.8519525, 0.50880057), (-0.12224848, -0.87211555, 0.4737823), (-0.21328655, -0.88633615, 0.41099513), (-0.19685464, -0.85654855, 0.4770459), (-0.12224848, -0.87211555, 0.4737823), (-0.10736687, -0.92509604, 0.36423853), (-0.15879816, -0.926097, 0.3422391), (-0.21328655, -0.88633615, 0.41099513), (-0.21328655, -0.88633615, 0.41099513), (-0.15879816, -0.926097, 0.3422391), (-0.259146, -0.90444005, 0.33886814), (-0.35907504, -0.8646757, 0.35128483), (-0.19685464, -0.85654855, 0.4770459), (-0.21328655, -0.88633615, 0.41099513), (-0.35907504, -0.8646757, 0.35128483), (-0.3949431, -0.83985084, 0.372385), (0.44215006, -0.71502495, 0.5415188), (0.42598805, -0.71760285, 0.55098134), (0.51347494, -0.6200594, 0.59318626), (0.54814994, -0.6051674, 0.57732487), (0.42598805, -0.71760285, 0.55098134), (0.41394517, -0.7067778, 0.573685), (0.463102, -0.6350977, 0.61821306), (0.51347494, -0.6200594, 0.59318626), (0.51347494, -0.6200594, 0.59318626), (0.463102, -0.6350977, 0.61821306), (0.48777634, -0.5973911, 0.6365518), (0.56099826, -0.573242, 0.5972223), (0.54814994, -0.6051674, 0.57732487), (0.51347494, -0.6200594, 0.59318626), (0.56099826, -0.573242, 0.5972223), (0.57459575, -0.5741807, 0.58322895), (-0.106053345, -0.89452535, 0.4342546), (-0.13905671, -0.8858845, 0.44257414), (-0.12499176, -0.9283694, 0.35001057), (-0.083731025, -0.9387512, 0.3342682), (-0.13905671, -0.8858845, 0.44257414), (-0.26296452, -0.84358597, 0.4682012), (-0.26353744, -0.88957834, 0.373093), (-0.12499176, -0.9283694, 0.35001057), (-0.12499176, -0.9283694, 0.35001057), (-0.26353744, -0.88957834, 0.373093), (-0.259146, -0.90444005, 0.33886814), (-0.15879816, -0.926097, 0.3422391), (-0.083731025, -0.9387512, 0.3342682), (-0.12499176, -0.9283694, 0.35001057), (-0.15879816, -0.926097, 0.3422391), (-0.10736687, -0.92509604, 0.36423853), (-0.15628064, -0.71885204, 0.6773685), (-0.1803109, -0.708383, 0.68240863), (-0.16406743, -0.7990878, 0.57839483), (-0.13790576, -0.8035731, 0.5790099), (-0.1803109, -0.708383, 0.68240863), (-0.26530683, -0.68579155, 0.6777184), (-0.26324946, -0.76387626, 0.5892307), (-0.16406743, -0.7990878, 0.57839483), (-0.16406743, -0.7990878, 0.57839483), (-0.26324946, -0.76387626, 0.5892307), (-0.26296452, -0.84358597, 0.4682012), (-0.13905671, -0.8858845, 0.44257414), (-0.13790576, -0.8035731, 0.5790099), (-0.16406743, -0.7990878, 0.57839483), (-0.13905671, -0.8858845, 0.44257414), (-0.106053345, -0.89452535, 0.4342546), (-0.20797504, -0.5693793, 0.7953324), (-0.23354296, -0.5539554, 0.79911906), (-0.20015338, -0.6363212, 0.745006), (-0.17558008, -0.65008384, 0.73929876), (-0.23354296, -0.5539554, 0.79911906), (-0.30533805, -0.55007786, 0.7772921), (-0.27875185, -0.6199127, 0.7334887), (-0.20015338, -0.6363212, 0.745006), (-0.20015338, -0.6363212, 0.745006), (-0.27875185, -0.6199127, 0.7334887), (-0.26530683, -0.68579155, 0.6777184), (-0.1803109, -0.708383, 0.68240863), (-0.17558008, -0.65008384, 0.73929876), (-0.20015338, -0.6363212, 0.745006), (-0.1803109, -0.708383, 0.68240863), (-0.15628064, -0.71885204, 0.6773685), (-0.29875475, -0.41328213, 0.8601997), (-0.3241941, -0.4112658, 0.8519147), (-0.27613842, -0.4687282, 0.8390717), (-0.25120157, -0.47729367, 0.8420739), (-0.3241941, -0.4112658, 0.8519147), (-0.3863229, -0.42203748, 0.8201457), (-0.3408348, -0.47923678, 0.8088039), (-0.27613842, -0.4687282, 0.8390717), (-0.27613842, -0.4687282, 0.8390717), (-0.3408348, -0.47923678, 0.8088039), (-0.30533805, -0.55007786, 0.7772921), (-0.23354296, -0.5539554, 0.79911906), (-0.25120157, -0.47729367, 0.8420739), (-0.27613842, -0.4687282, 0.8390717), (-0.23354296, -0.5539554, 0.79911906), (-0.20797504, -0.5693793, 0.7953324), (-0.26530683, -0.68579155, 0.6777184), (-0.27875185, -0.6199127, 0.7334887), (-0.38351277, -0.60046035, 0.7016875), (-0.3771285, -0.65907973, 0.65068275), (-0.27875185, -0.6199127, 0.7334887), (-0.30533805, -0.55007786, 0.7772921), (-0.40194783, -0.54208934, 0.73795474), (-0.38351277, -0.60046035, 0.7016875), (-0.38351277, -0.60046035, 0.7016875), (-0.40194783, -0.54208934, 0.73795474), (-0.44825387, -0.5328086, 0.71776277), (-0.43343025, -0.58579576, 0.68482226), (-0.3771285, -0.65907973, 0.65068275), (-0.38351277, -0.60046035, 0.7016875), (-0.43343025, -0.58579576, 0.68482226), (-0.42893237, -0.64052206, 0.6369839), (-0.3863229, -0.42203748, 0.8201457), (-0.46982613, -0.42645797, 0.7729145), (-0.42960536, -0.482797, 0.76311624), (-0.3408348, -0.47923678, 0.8088039), (-0.46982613, -0.42645797, 0.7729145), (-0.51002693, -0.42218414, 0.74942183), (-0.47264236, -0.47803918, 0.7403295), (-0.42960536, -0.482797, 0.76311624), (-0.42960536, -0.482797, 0.76311624), (-0.47264236, -0.47803918, 0.7403295), (-0.44825387, -0.5328086, 0.71776277), (-0.40194783, -0.54208934, 0.73795474), (-0.3408348, -0.47923678, 0.8088039), (-0.42960536, -0.482797, 0.76311624), (-0.40194783, -0.54208934, 0.73795474), (-0.30533805, -0.55007786, 0.7772921), (-0.3863229, -0.42203748, 0.8201457), (-0.45083398, -0.3998471, 0.79804194), (-0.5319706, -0.39212498, 0.7504967), (-0.46982613, -0.42645797, 0.7729145), (-0.45083398, -0.3998471, 0.79804194), (-0.5749953, -0.3846768, 0.7220832), (-0.6421214, -0.35871467, 0.67749834), (-0.5319706, -0.39212498, 0.7504967), (-0.5319706, -0.39212498, 0.7504967), (-0.6421214, -0.35871467, 0.67749834), (-0.66643685, -0.34602043, 0.6604027), (-0.56824064, -0.38335365, 0.72810894), (-0.46982613, -0.42645797, 0.7729145), (-0.5319706, -0.39212498, 0.7504967), (-0.56824064, -0.38335365, 0.72810894), (-0.51002693, -0.42218414, 0.74942183), (-0.29875475, -0.41328213, 0.8601997), (-0.35312396, -0.4039899, 0.8438576), (-0.38360247, -0.40358648, 0.8306426), (-0.3241941, -0.4112658, 0.8519147), (-0.35312396, -0.4039899, 0.8438576), (-0.4734114, -0.42958745, 0.7689839), (-0.5095208, -0.41178867, 0.75552535), (-0.38360247, -0.40358648, 0.8306426), (-0.38360247, -0.40358648, 0.8306426), (-0.5095208, -0.41178867, 0.75552535), (-0.5749953, -0.3846768, 0.7220832), (-0.45083398, -0.3998471, 0.79804194), (-0.3241941, -0.4112658, 0.8519147), (-0.38360247, -0.40358648, 0.8306426), (-0.45083398, -0.3998471, 0.79804194), (-0.3863229, -0.42203748, 0.8201457), (-0.5749953, -0.3846768, 0.7220832), (-0.5095208, -0.41178867, 0.75552535), (-0.7548693, -0.25946283, 0.6023714), (-0.77063847, -0.23518352, 0.592288), (-0.5095208, -0.41178867, 0.75552535), (-0.4734114, -0.42958745, 0.7689839), (-0.7656522, -0.25255218, 0.59160304), (-0.7548693, -0.25946283, 0.6023714), (-0.7548693, -0.25946283, 0.6023714), (-0.7656522, -0.25255218, 0.59160304), (-0.8979221, -0.0015972774, 0.44015154), (-0.89375734, 0.0068046097, 0.44849908), (-0.77063847, -0.23518352, 0.592288), (-0.7548693, -0.25946283, 0.6023714), (-0.89375734, 0.0068046097, 0.44849908), (-0.87726325, 0.016033947, 0.47974157), (-0.66643685, -0.34602043, 0.6604027), (-0.6421214, -0.35871467, 0.67749834), (-0.7885041, -0.21047582, 0.5778938), (-0.7950501, -0.20003207, 0.5726103), (-0.6421214, -0.35871467, 0.67749834), (-0.5749953, -0.3846768, 0.7220832), (-0.77063847, -0.23518352, 0.592288), (-0.7885041, -0.21047582, 0.5778938), (-0.7885041, -0.21047582, 0.5778938), (-0.77063847, -0.23518352, 0.592288), (-0.87726325, 0.016033947, 0.47974157), (-0.85469735, 0.027130459, 0.5184173), (-0.7950501, -0.20003207, 0.5726103), (-0.7885041, -0.21047582, 0.5778938), (-0.85469735, 0.027130459, 0.5184173), (-0.8425695, 0.044367723, 0.5367572), (-0.87726325, 0.016033947, 0.47974157), (-0.89375734, 0.0068046097, 0.44849908), (-0.8967873, 0.15846428, 0.4131122), (-0.87375987, 0.17828149, 0.4525036), (-0.89375734, 0.0068046097, 0.44849908), (-0.8979221, -0.0015972774, 0.44015154), (-0.9041422, 0.14300422, 0.40258756), (-0.8967873, 0.15846428, 0.4131122), (-0.8967873, 0.15846428, 0.4131122), (-0.9041422, 0.14300422, 0.40258756), (-0.9061301, 0.24759105, 0.34296778), (-0.8981726, 0.27056304, 0.34652787), (-0.87375987, 0.17828149, 0.4525036), (-0.8967873, 0.15846428, 0.4131122), (-0.8981726, 0.27056304, 0.34652787), (-0.86940396, 0.30820152, 0.3861978), (-0.8425695, 0.044367723, 0.5367572), (-0.85469735, 0.027130459, 0.5184173), (-0.84362775, 0.20154789, 0.49766514), (-0.8286077, 0.22282153, 0.51357555), (-0.85469735, 0.027130459, 0.5184173), (-0.87726325, 0.016033947, 0.47974157), (-0.87375987, 0.17828149, 0.4525036), (-0.84362775, 0.20154789, 0.49766514), (-0.84362775, 0.20154789, 0.49766514), (-0.87375987, 0.17828149, 0.4525036), (-0.86940396, 0.30820152, 0.3861978), (-0.8353942, 0.3454198, 0.42755312), (-0.8286077, 0.22282153, 0.51357555), (-0.84362775, 0.20154789, 0.49766514), (-0.8353942, 0.3454198, 0.42755312), (-0.81883764, 0.37245673, 0.4367847), (-0.86940396, 0.30820152, 0.3861978), (-0.8981726, 0.27056304, 0.34652787), (-0.8996131, 0.35671818, 0.25188997), (-0.8597913, 0.41511935, 0.2973801), (-0.8981726, 0.27056304, 0.34652787), (-0.9061301, 0.24759105, 0.34296778), (-0.912547, 0.31788558, 0.25730672), (-0.8996131, 0.35671818, 0.25188997), (-0.8996131, 0.35671818, 0.25188997), (-0.912547, 0.31788558, 0.25730672), (-0.9148908, 0.35313272, 0.19563212), (-0.8776483, 0.41755804, 0.23532717), (-0.8597913, 0.41511935, 0.2973801), (-0.8996131, 0.35671818, 0.25188997), (-0.8776483, 0.41755804, 0.23532717), (-0.83983374, 0.47018397, 0.27130476), (-0.81883764, 0.37245673, 0.4367847), (-0.8353942, 0.3454198, 0.42755312), (-0.81938136, 0.46348152, 0.33734125), (-0.7984643, 0.4927435, 0.34591696), (-0.8353942, 0.3454198, 0.42755312), (-0.86940396, 0.30820152, 0.3861978), (-0.8597913, 0.41511935, 0.2973801), (-0.81938136, 0.46348152, 0.33734125), (-0.81938136, 0.46348152, 0.33734125), (-0.8597913, 0.41511935, 0.2973801), (-0.83983374, 0.47018397, 0.27130476), (-0.8027305, 0.5139471, 0.3024602), (-0.7984643, 0.4927435, 0.34591696), (-0.81938136, 0.46348152, 0.33734125), (-0.8027305, 0.5139471, 0.3024602), (-0.7875447, 0.5301252, 0.31423026), (0.8074239, 0.36740878, 0.46160316), (0.76739055, 0.402463, 0.49913457), (0.7600026, 0.48939297, 0.42765704), (0.8066621, 0.44159612, 0.39279652), (0.76739055, 0.402463, 0.49913457), (0.7490548, 0.4262531, 0.5071739), (0.7353708, 0.51965237, 0.43496105), (0.7600026, 0.48939297, 0.42765704), (0.7600026, 0.48939297, 0.42765704), (0.7353708, 0.51965237, 0.43496105), (0.7261834, 0.5488053, 0.41408983), (0.74197316, 0.53428006, 0.40499476), (0.8066621, 0.44159612, 0.39279652), (0.7600026, 0.48939297, 0.42765704), (0.74197316, 0.53428006, 0.40499476), (0.7855332, 0.49020588, 0.37767145), (0.8492689, 0.31487468, 0.4237879), (0.8408158, 0.33335507, 0.42650127), (0.8498247, 0.38901064, 0.35562423), (0.8618798, 0.3589478, 0.3582173), (0.8408158, 0.33335507, 0.42650127), (0.8074239, 0.36740878, 0.46160316), (0.8066621, 0.44159612, 0.39279652), (0.8498247, 0.38901064, 0.35562423), (0.8498247, 0.38901064, 0.35562423), (0.8066621, 0.44159612, 0.39279652), (0.7855332, 0.49020588, 0.37767145), (0.8308386, 0.43647102, 0.34525388), (0.8618798, 0.3589478, 0.3582173), (0.8498247, 0.38901064, 0.35562423), (0.8308386, 0.43647102, 0.34525388), (0.8683895, 0.38263658, 0.31541866), (0.7954982, 0.1557905, 0.5855868), (0.7595639, 0.16557121, 0.6290062), (0.7609447, 0.30269086, 0.57388276), (0.79964644, 0.2810253, 0.53065085), (0.7595639, 0.16557121, 0.6290062), (0.74112785, 0.17615937, 0.6478406), (0.74315315, 0.31867748, 0.5883604), (0.7609447, 0.30269086, 0.57388276), (0.7609447, 0.30269086, 0.57388276), (0.74315315, 0.31867748, 0.5883604), (0.7490548, 0.4262531, 0.5071739), (0.76739055, 0.402463, 0.49913457), (0.79964644, 0.2810253, 0.53065085), (0.7609447, 0.30269086, 0.57388276), (0.76739055, 0.402463, 0.49913457), (0.8074239, 0.36740878, 0.46160316), (0.82882303, 0.14422514, 0.540603), (0.8213259, 0.14706674, 0.55117625), (0.8292698, 0.26194385, 0.4936568), (0.83758503, 0.25006726, 0.48571366), (0.8213259, 0.14706674, 0.55117625), (0.7954982, 0.1557905, 0.5855868), (0.79964644, 0.2810253, 0.53065085), (0.8292698, 0.26194385, 0.4936568), (0.8292698, 0.26194385, 0.4936568), (0.79964644, 0.2810253, 0.53065085), (0.8074239, 0.36740878, 0.46160316), (0.8408158, 0.33335507, 0.42650127), (0.83758503, 0.25006726, 0.48571366), (0.8292698, 0.26194385, 0.4936568), (0.8408158, 0.33335507, 0.42650127), (0.8492689, 0.31487468, 0.4237879), (0.46743837, -0.2745977, 0.84029603), (0.4995937, -0.2307448, 0.8349628), (0.6798131, -0.06574198, 0.7304328), (0.6917434, -0.09423859, 0.7159681), (0.4995937, -0.2307448, 0.8349628), (0.49735376, -0.21251361, 0.8411166), (0.66733235, -0.057922818, 0.74250424), (0.6798131, -0.06574198, 0.7304328), (0.6798131, -0.06574198, 0.7304328), (0.66733235, -0.057922818, 0.74250424), (0.74112785, 0.17615937, 0.6478406), (0.7595639, 0.16557121, 0.6290062), (0.6917434, -0.09423859, 0.7159681), (0.6798131, -0.06574198, 0.7304328), (0.7595639, 0.16557121, 0.6290062), (0.7954982, 0.1557905, 0.5855868), (0.31745493, -0.3324266, 0.8880962), (0.37723696, -0.26615697, 0.8870472), (0.3684871, -0.2821301, 0.88578767), (0.3117218, -0.33848026, 0.8878404), (0.37723696, -0.26615697, 0.8870472), (0.49735376, -0.21251361, 0.8411166), (0.4995937, -0.2307448, 0.8349628), (0.3684871, -0.2821301, 0.88578767), (0.3684871, -0.2821301, 0.88578767), (0.4995937, -0.2307448, 0.8349628), (0.46743837, -0.2745977, 0.84029603), (0.32095125, -0.30807605, 0.8955889), (0.3117218, -0.33848026, 0.8878404), (0.3684871, -0.2821301, 0.88578767), (0.32095125, -0.30807605, 0.8955889), (0.28856653, -0.34023544, 0.89496887), (0.27209264, -0.47405437, 0.83739954), (0.2859119, -0.410461, 0.86589617), (0.294141, -0.40915877, 0.8637535), (0.29579505, -0.46601555, 0.8338674), (0.2859119, -0.410461, 0.86589617), (0.31745493, -0.3324266, 0.8880962), (0.3117218, -0.33848026, 0.8878404), (0.294141, -0.40915877, 0.8637535), (0.294141, -0.40915877, 0.8637535), (0.3117218, -0.33848026, 0.8878404), (0.28856653, -0.34023544, 0.89496887), (0.32412174, -0.39319816, 0.8604303), (0.29579505, -0.46601555, 0.8338674), (0.294141, -0.40915877, 0.8637535), (0.32412174, -0.39319816, 0.8604303), (0.37416825, -0.4422786, 0.8150999), (0.3974434, -0.60651255, 0.6886082), (0.3082686, -0.6149853, 0.72578484), (0.30432117, -0.5298151, 0.7916341), (0.40445408, -0.5077399, 0.7606689), (0.3082686, -0.6149853, 0.72578484), (0.2779026, -0.6260269, 0.7286017), (0.27191713, -0.54284465, 0.7945947), (0.30432117, -0.5298151, 0.7916341), (0.30432117, -0.5298151, 0.7916341), (0.27191713, -0.54284465, 0.7945947), (0.27209264, -0.47405437, 0.83739954), (0.29579505, -0.46601555, 0.8338674), (0.40445408, -0.5077399, 0.7606689), (0.30432117, -0.5298151, 0.7916341), (0.29579505, -0.46601555, 0.8338674), (0.37416825, -0.4422786, 0.8150999), (-0.696017, 0.55653775, 0.45368043), (-0.70327497, 0.549313, 0.4512865), (-0.6806902, 0.64393127, 0.34930387), (-0.66997266, 0.66294724, 0.33412218), (-0.70327497, 0.549313, 0.4512865), (-0.7124392, 0.5480382, 0.4382745), (-0.6959607, 0.62979543, 0.34495848), (-0.6806902, 0.64393127, 0.34930387), (-0.6806902, 0.64393127, 0.34930387), (-0.6959607, 0.62979543, 0.34495848), (-0.67999554, 0.6845002, 0.26280305), (-0.6549379, 0.71426547, 0.24674106), (-0.66997266, 0.66294724, 0.33412218), (-0.6806902, 0.64393127, 0.34930387), (-0.6549379, 0.71426547, 0.24674106), (-0.64563173, 0.7241099, 0.24253757), (-0.68348914, 0.5165254, 0.51579475), (-0.67704815, 0.5156776, 0.52505463), (-0.7070206, 0.5003347, 0.49978715), (-0.70741385, 0.49916023, 0.50040466), (-0.67704815, 0.5156776, 0.52505463), (-0.66500366, 0.5149459, 0.54092574), (-0.7067341, 0.50306994, 0.49744087), (-0.7070206, 0.5003347, 0.49978715), (-0.7070206, 0.5003347, 0.49978715), (-0.7067341, 0.50306994, 0.49744087), (-0.7124392, 0.5480382, 0.4382745), (-0.70327497, 0.549313, 0.4512865), (-0.70741385, 0.49916023, 0.50040466), (-0.7070206, 0.5003347, 0.49978715), (-0.70327497, 0.549313, 0.4512865), (-0.696017, 0.55653775, 0.45368043), (-0.66500366, 0.5149459, 0.54092574), (-0.67704815, 0.5156776, 0.52505463), (-0.60966974, 0.5611856, 0.55979776), (-0.5913507, 0.55540335, 0.5846636), (-0.67704815, 0.5156776, 0.52505463), (-0.68348914, 0.5165254, 0.51579475), (-0.61720365, 0.5657227, 0.5468248), (-0.60966974, 0.5611856, 0.55979776), (-0.60966974, 0.5611856, 0.55979776), (-0.61720365, 0.5657227, 0.5468248), (-0.5117952, 0.5986915, 0.61614454), (-0.50690615, 0.59566545, 0.6230801), (-0.5913507, 0.55540335, 0.5846636), (-0.60966974, 0.5611856, 0.55979776), (-0.50690615, 0.59566545, 0.6230801), (-0.49621627, 0.5896724, 0.6372251), (-0.32516423, 0.5914889, 0.73784083), (-0.32582653, 0.5915172, 0.7375259), (-0.39870644, 0.6016741, 0.6921137), (-0.4020965, 0.6024419, 0.68947965), (-0.32582653, 0.5915172, 0.7375259), (-0.34102914, 0.5934352, 0.72906363), (-0.40415743, 0.600246, 0.6901895), (-0.39870644, 0.6016741, 0.6921137), (-0.39870644, 0.6016741, 0.6921137), (-0.40415743, 0.600246, 0.6901895), (-0.49621627, 0.5896724, 0.6372251), (-0.50690615, 0.59566545, 0.6230801), (-0.4020965, 0.6024419, 0.68947965), (-0.39870644, 0.6016741, 0.6921137), (-0.50690615, 0.59566545, 0.6230801), (-0.5117952, 0.5986915, 0.61614454), (-0.18789822, 0.60163563, 0.7763561), (-0.28095907, 0.58822745, 0.7583208), (-0.26346192, 0.580426, 0.770515), (-0.15498996, 0.57700884, 0.80189705), (-0.28095907, 0.58822745, 0.7583208), (-0.34102914, 0.5934352, 0.72906363), (-0.32582653, 0.5915172, 0.7375259), (-0.26346192, 0.580426, 0.770515), (-0.26346192, 0.580426, 0.770515), (-0.32582653, 0.5915172, 0.7375259), (-0.32516423, 0.5914889, 0.73784083), (-0.26641306, 0.57921475, 0.7704118), (-0.15498996, 0.57700884, 0.80189705), (-0.26346192, 0.580426, 0.770515), (-0.26641306, 0.57921475, 0.7704118), (-0.1703302, 0.57046556, 0.8034654), (0.028018706, 0.67149395, 0.74048007), (-0.06717117, 0.63251996, 0.7716259), (0.009423089, 0.5846259, 0.81124836), (0.15745136, 0.62625515, 0.76355326), (-0.06717117, 0.63251996, 0.7716259), (-0.18789822, 0.60163563, 0.7763561), (-0.15498996, 0.57700884, 0.80189705), (0.009423089, 0.5846259, 0.81124836), (0.009423089, 0.5846259, 0.81124836), (-0.15498996, 0.57700884, 0.80189705), (-0.1703302, 0.57046556, 0.8034654), (0.002099703, 0.567696, 0.8232356), (0.15745136, 0.62625515, 0.76355326), (0.009423089, 0.5846259, 0.81124836), (0.002099703, 0.567696, 0.8232356), (0.20709133, 0.59677607, 0.7752235), (-0.18205073, 0.6477764, 0.73975897), (-0.29910758, 0.5977426, 0.7437999), (-0.29698673, 0.5947373, 0.74705184), (-0.1980845, 0.6301451, 0.75078607), (-0.29910758, 0.5977426, 0.7437999), (-0.37478867, 0.58847237, 0.7164033), (-0.3628635, 0.5915626, 0.7199887), (-0.29698673, 0.5947373, 0.74705184), (-0.29698673, 0.5947373, 0.74705184), (-0.3628635, 0.5915626, 0.7199887), (-0.34102914, 0.5934352, 0.72906363), (-0.28095907, 0.58822745, 0.7583208), (-0.1980845, 0.6301451, 0.75078607), (-0.29698673, 0.5947373, 0.74705184), (-0.28095907, 0.58822745, 0.7583208), (-0.18789822, 0.60163563, 0.7763561), (0.066212155, 0.75228274, 0.6555048), (-0.071551815, 0.7185664, 0.6917678), (-0.09613258, 0.6891461, 0.71821725), (0.043875434, 0.72321236, 0.6892307), (-0.071551815, 0.7185664, 0.6917678), (-0.18205073, 0.6477764, 0.73975897), (-0.1980845, 0.6301451, 0.75078607), (-0.09613258, 0.6891461, 0.71821725), (-0.09613258, 0.6891461, 0.71821725), (-0.1980845, 0.6301451, 0.75078607), (-0.18789822, 0.60163563, 0.7763561), (-0.06717117, 0.63251996, 0.7716259), (0.043875434, 0.72321236, 0.6892307), (-0.09613258, 0.6891461, 0.71821725), (-0.06717117, 0.63251996, 0.7716259), (0.028018706, 0.67149395, 0.74048007), (0.37620243, -0.5553368, 0.7416689), (0.2633282, -0.64736915, 0.71524215), (0.2221126, -0.6182822, 0.7539185), (0.36826682, -0.558825, 0.74303037), (0.2633282, -0.64736915, 0.71524215), (0.16152489, -0.73894686, 0.6541157), (0.09761551, -0.68474257, 0.72221804), (0.2221126, -0.6182822, 0.7539185), (0.2221126, -0.6182822, 0.7539185), (0.09761551, -0.68474257, 0.72221804), (0.0785222, -0.6584081, 0.74855393), (0.21316262, -0.60329115, 0.76850605), (0.36826682, -0.558825, 0.74303037), (0.2221126, -0.6182822, 0.7539185), (0.21316262, -0.60329115, 0.76850605), (0.3780509, -0.5551525, 0.7408665), (0.52541, -0.47679406, 0.7047069), (0.47179338, -0.49672127, 0.7284772), (0.48202214, -0.52287525, 0.7030335), (0.54119205, -0.5002648, 0.67590404), (0.47179338, -0.49672127, 0.7284772), (0.37620243, -0.5553368, 0.7416689), (0.36826682, -0.558825, 0.74303037), (0.48202214, -0.52287525, 0.7030335), (0.48202214, -0.52287525, 0.7030335), (0.36826682, -0.558825, 0.74303037), (0.3780509, -0.5551525, 0.7408665), (0.5005864, -0.5252429, 0.6881375), (0.54119205, -0.5002648, 0.67590404), (0.48202214, -0.52287525, 0.7030335), (0.5005864, -0.5252429, 0.6881375), (0.54884017, -0.5089656, 0.66312027), (0.5666728, -0.48937598, 0.66286737), (0.566461, -0.48069787, 0.6693665), (0.56129336, -0.4798963, 0.67427695), (0.56418616, -0.49317443, 0.66217285), (0.566461, -0.48069787, 0.6693665), (0.55586433, -0.4456733, 0.70170516), (0.54325557, -0.45026487, 0.7086148), (0.56129336, -0.4798963, 0.67427695), (0.56129336, -0.4798963, 0.67427695), (0.54325557, -0.45026487, 0.7086148), (0.52541, -0.47679406, 0.7047069), (0.54119205, -0.5002648, 0.67590404), (0.56418616, -0.49317443, 0.66217285), (0.56129336, -0.4798963, 0.67427695), (0.54119205, -0.5002648, 0.67590404), (0.54884017, -0.5089656, 0.66312027), (0.066212155, 0.75228274, 0.6555048), (0.043875434, 0.72321236, 0.6892307), (0.18798423, 0.69699717, 0.69199485), (0.20454367, 0.71776515, 0.6655637), (0.043875434, 0.72321236, 0.6892307), (0.028018706, 0.67149395, 0.74048007), (0.15745136, 0.62625515, 0.76355326), (0.18798423, 0.69699717, 0.69199485), (0.18798423, 0.69699717, 0.69199485), (0.15745136, 0.62625515, 0.76355326), (0.20709133, 0.59677607, 0.7752235), (0.24163781, 0.68501145, 0.68729216), (0.20454367, 0.71776515, 0.6655637), (0.18798423, 0.69699717, 0.69199485), (0.24163781, 0.68501145, 0.68729216), (0.23085035, 0.7065763, 0.6689231), (0.43912154, -0.5331964, 0.7231001), (0.4165285, -0.5398416, 0.7314882), (0.4904206, -0.46113908, 0.73948526), (0.5075882, -0.44548696, 0.73749274), (0.4165285, -0.5398416, 0.7314882), (0.37620243, -0.5553368, 0.7416689), (0.47179338, -0.49672127, 0.7284772), (0.4904206, -0.46113908, 0.73948526), (0.4904206, -0.46113908, 0.73948526), (0.47179338, -0.49672127, 0.7284772), (0.52541, -0.47679406, 0.7047069), (0.54325557, -0.45026487, 0.7086148), (0.5075882, -0.44548696, 0.73749274), (0.4904206, -0.46113908, 0.73948526), (0.54325557, -0.45026487, 0.7086148), (0.55586433, -0.4456733, 0.70170516), (0.2677329, -0.78305125, 0.5613821), (0.23820987, -0.77335924, 0.587513), (0.33261764, -0.6590937, 0.674508), (0.3641599, -0.663073, 0.6540044), (0.23820987, -0.77335924, 0.587513), (0.16152489, -0.73894686, 0.6541157), (0.2633282, -0.64736915, 0.71524215), (0.33261764, -0.6590937, 0.674508), (0.33261764, -0.6590937, 0.674508), (0.2633282, -0.64736915, 0.71524215), (0.37620243, -0.5553368, 0.7416689), (0.4165285, -0.5398416, 0.7314882), (0.3641599, -0.663073, 0.6540044), (0.33261764, -0.6590937, 0.674508), (0.4165285, -0.5398416, 0.7314882), (0.43912154, -0.5331964, 0.7231001), (0.027528878, -0.894889, 0.4454389), (0.011419806, -0.88013536, 0.4745855), (0.13113661, -0.8490061, 0.5118514), (0.15376936, -0.86047006, 0.48574296), (0.011419806, -0.88013536, 0.4745855), (-0.01959632, -0.8328045, 0.55322015), (0.07095203, -0.8033982, 0.5911998), (0.13113661, -0.8490061, 0.5118514), (0.13113661, -0.8490061, 0.5118514), (0.07095203, -0.8033982, 0.5911998), (0.16152489, -0.73894686, 0.6541157), (0.23820987, -0.77335924, 0.587513), (0.15376936, -0.86047006, 0.48574296), (0.13113661, -0.8490061, 0.5118514), (0.23820987, -0.77335924, 0.587513), (0.2677329, -0.78305125, 0.5613821), (-0.21837392, -0.83590174, 0.5035684), (-0.20916227, -0.8310307, 0.5154018), (-0.11148323, -0.87078005, 0.47886693), (-0.11156893, -0.88723695, 0.44761926), (-0.20916227, -0.8310307, 0.5154018), (-0.19365938, -0.8145619, 0.5467952), (-0.11455479, -0.8315735, 0.5434729), (-0.11148323, -0.87078005, 0.47886693), (-0.11148323, -0.87078005, 0.47886693), (-0.11455479, -0.8315735, 0.5434729), (-0.01959632, -0.8328045, 0.55322015), (0.011419806, -0.88013536, 0.4745855), (-0.11156893, -0.88723695, 0.44761926), (-0.11148323, -0.87078005, 0.47886693), (0.011419806, -0.88013536, 0.4745855), (0.027528878, -0.894889, 0.4454389), (0.16152489, -0.73894686, 0.6541157), (0.07095203, -0.8033982, 0.5911998), (0.006550344, -0.74181306, 0.6705748), (0.09761551, -0.68474257, 0.72221804), (0.07095203, -0.8033982, 0.5911998), (-0.01959632, -0.8328045, 0.55322015), (-0.06386596, -0.77863723, 0.62421554), (0.006550344, -0.74181306, 0.6705748), (0.006550344, -0.74181306, 0.6705748), (-0.06386596, -0.77863723, 0.62421554), (-0.07889607, -0.7523713, 0.6539976), (-0.013909278, -0.71087474, 0.70318097), (0.09761551, -0.68474257, 0.72221804), (0.006550344, -0.74181306, 0.6705748), (-0.013909278, -0.71087474, 0.70318097), (0.0785222, -0.6584081, 0.74855393), (-0.19365938, -0.8145619, 0.5467952), (-0.17915621, -0.80642873, 0.5635387), (-0.12623236, -0.796283, 0.5916069), (-0.11455479, -0.8315735, 0.5434729), (-0.17915621, -0.80642873, 0.5635387), (-0.1714654, -0.8043483, 0.5688792), (-0.12834513, -0.7809269, 0.61129427), (-0.12623236, -0.796283, 0.5916069), (-0.12623236, -0.796283, 0.5916069), (-0.12834513, -0.7809269, 0.61129427), (-0.07889607, -0.7523713, 0.6539976), (-0.06386596, -0.77863723, 0.62421554), (-0.11455479, -0.8315735, 0.5434729), (-0.12623236, -0.796283, 0.5916069), (-0.06386596, -0.77863723, 0.62421554), (-0.01959632, -0.8328045, 0.55322015), (-0.19365938, -0.8145619, 0.5467952), (-0.22263141, -0.8071409, 0.54677135), (-0.19901612, -0.82143605, 0.5344487), (-0.17915621, -0.80642873, 0.5635387), (-0.22263141, -0.8071409, 0.54677135), (-0.17718172, -0.836793, 0.51805806), (-0.16788739, -0.85099643, 0.49761316), (-0.19901612, -0.82143605, 0.5344487), (-0.19901612, -0.82143605, 0.5344487), (-0.16788739, -0.85099643, 0.49761316), (-0.16350172, -0.85734046, 0.48809272), (-0.18930168, -0.82828265, 0.52736384), (-0.17915621, -0.80642873, 0.5635387), (-0.19901612, -0.82143605, 0.5344487), (-0.18930168, -0.82828265, 0.52736384), (-0.1714654, -0.8043483, 0.5688792), (-0.21837392, -0.83590174, 0.5035684), (-0.25047028, -0.7862783, 0.56482834), (-0.24340685, -0.79480517, 0.5559117), (-0.20916227, -0.8310307, 0.5154018), (-0.25047028, -0.7862783, 0.56482834), (-0.17954597, -0.80865973, 0.5602077), (-0.18507734, -0.81742066, 0.5454997), (-0.24340685, -0.79480517, 0.5559117), (-0.24340685, -0.79480517, 0.5559117), (-0.18507734, -0.81742066, 0.5454997), (-0.17718172, -0.836793, 0.51805806), (-0.22263141, -0.8071409, 0.54677135), (-0.20916227, -0.8310307, 0.5154018), (-0.24340685, -0.79480517, 0.5559117), (-0.22263141, -0.8071409, 0.54677135), (-0.19365938, -0.8145619, 0.5467952), (-0.17718172, -0.836793, 0.51805806), (-0.18507734, -0.81742066, 0.5454997), (-0.07861449, -0.8949296, 0.4392275), (-0.100691065, -0.8950476, 0.43445498), (-0.18507734, -0.81742066, 0.5454997), (-0.17954597, -0.80865973, 0.5602077), (-0.05725111, -0.9051524, 0.42121413), (-0.07861449, -0.8949296, 0.4392275), (-0.07861449, -0.8949296, 0.4392275), (-0.05725111, -0.9051524, 0.42121413), (-0.029819675, -0.9533505, 0.30038902), (-0.0440575, -0.94978243, 0.30979407), (-0.100691065, -0.8950476, 0.43445498), (-0.07861449, -0.8949296, 0.4392275), (-0.0440575, -0.94978243, 0.30979407), (-0.0920275, -0.93653786, 0.33827174), (-0.16350172, -0.85734046, 0.48809272), (-0.16788739, -0.85099643, 0.49761316), (-0.12737101, -0.89004105, 0.43772542), (-0.14235125, -0.8875929, 0.43808094), (-0.16788739, -0.85099643, 0.49761316), (-0.17718172, -0.836793, 0.51805806), (-0.100691065, -0.8950476, 0.43445498), (-0.12737101, -0.89004105, 0.43772542), (-0.12737101, -0.89004105, 0.43772542), (-0.100691065, -0.8950476, 0.43445498), (-0.0920275, -0.93653786, 0.33827174), (-0.1544754, -0.91426384, 0.37451172), (-0.14235125, -0.8875929, 0.43808094), (-0.12737101, -0.89004105, 0.43772542), (-0.1544754, -0.91426384, 0.37451172), (-0.18982829, -0.90202147, 0.3877145), (-0.0920275, -0.93653786, 0.33827174), (-0.0440575, -0.94978243, 0.30979407), (-0.10282844, -0.9607392, 0.25769466), (-0.16035734, -0.9433365, 0.29051992), (-0.0440575, -0.94978243, 0.30979407), (-0.029819675, -0.9533505, 0.30038902), (-0.07852197, -0.9651908, 0.24948157), (-0.10282844, -0.9607392, 0.25769466), (-0.10282844, -0.9607392, 0.25769466), (-0.07852197, -0.9651908, 0.24948157), (-0.1426165, -0.96651524, 0.21332815), (-0.1699058, -0.9613075, 0.21684062), (-0.16035734, -0.9433365, 0.29051992), (-0.10282844, -0.9607392, 0.25769466), (-0.1699058, -0.9613075, 0.21684062), (-0.23274152, -0.9412958, 0.24452712), (-0.18982829, -0.90202147, 0.3877145), (-0.1544754, -0.91426384, 0.37451172), (-0.23146795, -0.9157497, 0.32836702), (-0.26924074, -0.90094376, 0.34030852), (-0.1544754, -0.91426384, 0.37451172), (-0.0920275, -0.93653786, 0.33827174), (-0.16035734, -0.9433365, 0.29051992), (-0.23146795, -0.9157497, 0.32836702), (-0.23146795, -0.9157497, 0.32836702), (-0.16035734, -0.9433365, 0.29051992), (-0.23274152, -0.9412958, 0.24452712), (-0.30492347, -0.91164595, 0.2755417), (-0.26924074, -0.90094376, 0.34030852), (-0.23146795, -0.9157497, 0.32836702), (-0.30492347, -0.91164595, 0.2755417), (-0.3419855, -0.89620334, 0.282605), (-0.23274152, -0.9412958, 0.24452712), (-0.1699058, -0.9613075, 0.21684062), (-0.21670648, -0.96041185, 0.17506409), (-0.28418553, -0.9376818, 0.19997855), (-0.1699058, -0.9613075, 0.21684062), (-0.1426165, -0.96651524, 0.21332815), (-0.1848693, -0.96709967, 0.17476141), (-0.21670648, -0.96041185, 0.17506409), (-0.21670648, -0.96041185, 0.17506409), (-0.1848693, -0.96709967, 0.17476141), (-0.20486845, -0.9670409, 0.1511981), (-0.25513363, -0.9523225, 0.16729823), (-0.28418553, -0.9376818, 0.19997855), (-0.21670648, -0.96041185, 0.17506409), (-0.25513363, -0.9523225, 0.16729823), (-0.31805107, -0.9291174, 0.1886383), (-0.3419855, -0.89620334, 0.282605), (-0.30492347, -0.91164595, 0.2755417), (-0.35578525, -0.9067947, 0.22614217), (-0.38943785, -0.89116037, 0.2327477), (-0.30492347, -0.91164595, 0.2755417), (-0.23274152, -0.9412958, 0.24452712), (-0.28418553, -0.9376818, 0.19997855), (-0.35578525, -0.9067947, 0.22614217), (-0.35578525, -0.9067947, 0.22614217), (-0.28418553, -0.9376818, 0.19997855), (-0.31805107, -0.9291174, 0.1886383), (-0.37947562, -0.9012466, 0.20917155), (-0.38943785, -0.89116037, 0.2327477), (-0.35578525, -0.9067947, 0.22614217), (-0.37947562, -0.9012466, 0.20917155), (-0.4026143, -0.8893271, 0.21679288), (-0.69719654, 0.6787089, 0.23080558), (-0.7452619, 0.6123902, 0.2637479), (-0.7656441, 0.5933952, 0.24833712), (-0.71429026, 0.6640389, 0.22100136), (-0.7452619, 0.6123902, 0.2637479), (-0.7687509, 0.577573, 0.27464798), (-0.78905004, 0.557975, 0.2570293), (-0.7656441, 0.5933952, 0.24833712), (-0.7656441, 0.5933952, 0.24833712), (-0.78905004, 0.557975, 0.2570293), (-0.7943516, 0.5527289, 0.25198483), (-0.7812981, 0.5738524, 0.24549247), (-0.71429026, 0.6640389, 0.22100136), (-0.7656441, 0.5933952, 0.24833712), (-0.7812981, 0.5738524, 0.24549247), (-0.7371245, 0.63750637, 0.2241274), (-0.63827366, 0.7450675, 0.19360061), (-0.65407693, 0.7289293, 0.20210272), (-0.6664676, 0.7192398, 0.19625226), (-0.64780444, 0.73801965, 0.1888819), (-0.65407693, 0.7289293, 0.20210272), (-0.69719654, 0.6787089, 0.23080558), (-0.71429026, 0.6640389, 0.22100136), (-0.6664676, 0.7192398, 0.19625226), (-0.6664676, 0.7192398, 0.19625226), (-0.71429026, 0.6640389, 0.22100136), (-0.7371245, 0.63750637, 0.2241274), (-0.6866335, 0.69877917, 0.2006043), (-0.64780444, 0.73801965, 0.1888819), (-0.6664676, 0.7192398, 0.19625226), (-0.6866335, 0.69877917, 0.2006043), (-0.6542397, 0.73304665, 0.18604566), (-0.67999554, 0.6845002, 0.26280305), (-0.7085229, 0.64359325, 0.28945297), (-0.72244567, 0.63375, 0.27646556), (-0.6817159, 0.69104475, 0.24025087), (-0.7085229, 0.64359325, 0.28945297), (-0.7225091, 0.6218468, 0.30213776), (-0.7422344, 0.6033714, 0.29160056), (-0.72244567, 0.63375, 0.27646556), (-0.72244567, 0.63375, 0.27646556), (-0.7422344, 0.6033714, 0.29160056), (-0.7687509, 0.577573, 0.27464798), (-0.7452619, 0.6123902, 0.2637479), (-0.6817159, 0.69104475, 0.24025087), (-0.72244567, 0.63375, 0.27646556), (-0.7452619, 0.6123902, 0.2637479), (-0.69719654, 0.6787089, 0.23080558), (-0.64563173, 0.7241099, 0.24253757), (-0.6549379, 0.71426547, 0.24674106), (-0.64619535, 0.7333309, 0.21132298), (-0.6346581, 0.7452569, 0.20445359), (-0.6549379, 0.71426547, 0.24674106), (-0.67999554, 0.6845002, 0.26280305), (-0.6817159, 0.69104475, 0.24025087), (-0.64619535, 0.7333309, 0.21132298), (-0.64619535, 0.7333309, 0.21132298), (-0.6817159, 0.69104475, 0.24025087), (-0.69719654, 0.6787089, 0.23080558), (-0.65407693, 0.7289293, 0.20210272), (-0.6346581, 0.7452569, 0.20445359), (-0.64619535, 0.7333309, 0.21132298), (-0.65407693, 0.7289293, 0.20210272), (-0.63827366, 0.7450675, 0.19360061), (-0.7124392, 0.5480382, 0.4382745), (-0.72378093, 0.54190904, 0.42717174), (-0.7133727, 0.6089582, 0.34679896), (-0.6959607, 0.62979543, 0.34495848), (-0.72378093, 0.54190904, 0.42717174), (-0.7297872, 0.5411185, 0.4178535), (-0.7210522, 0.6019509, 0.34313095), (-0.7133727, 0.6089582, 0.34679896), (-0.7133727, 0.6089582, 0.34679896), (-0.7210522, 0.6019509, 0.34313095), (-0.7225091, 0.6218468, 0.30213776), (-0.7085229, 0.64359325, 0.28945297), (-0.6959607, 0.62979543, 0.34495848), (-0.7133727, 0.6089582, 0.34679896), (-0.7085229, 0.64359325, 0.28945297), (-0.67999554, 0.6845002, 0.26280305), (-0.6587803, 0.5169572, 0.5465929), (-0.71514064, 0.5036416, 0.4846844), (-0.7103994, 0.5043363, 0.49089485), (-0.6585577, 0.5165605, 0.54723585), (-0.71514064, 0.5036416, 0.4846844), (-0.7297872, 0.5411185, 0.4178535), (-0.72378093, 0.54190904, 0.42717174), (-0.7103994, 0.5043363, 0.49089485), (-0.7103994, 0.5043363, 0.49089485), (-0.72378093, 0.54190904, 0.42717174), (-0.7124392, 0.5480382, 0.4382745), (-0.7067341, 0.50306994, 0.49744087), (-0.6585577, 0.5165605, 0.54723585), (-0.7103994, 0.5043363, 0.49089485), (-0.7067341, 0.50306994, 0.49744087), (-0.66500366, 0.5149459, 0.54092574), (-0.49259982, 0.5831227, 0.645998), (-0.575882, 0.5530087, 0.6021141), (-0.57948405, 0.55307955, 0.5985827), (-0.49290898, 0.58476454, 0.64427567), (-0.575882, 0.5530087, 0.6021141), (-0.6587803, 0.5169572, 0.5465929), (-0.6585577, 0.5165605, 0.54723585), (-0.57948405, 0.55307955, 0.5985827), (-0.57948405, 0.55307955, 0.5985827), (-0.6585577, 0.5165605, 0.54723585), (-0.66500366, 0.5149459, 0.54092574), (-0.5913507, 0.55540335, 0.5846636), (-0.49290898, 0.58476454, 0.64427567), (-0.57948405, 0.55307955, 0.5985827), (-0.5913507, 0.55540335, 0.5846636), (-0.49621627, 0.5896724, 0.6372251), (-0.34102914, 0.5934352, 0.72906363), (-0.3628635, 0.5915626, 0.7199887), (-0.41692472, 0.59663385, 0.6857127), (-0.40415743, 0.600246, 0.6901895), (-0.3628635, 0.5915626, 0.7199887), (-0.37478867, 0.58847237, 0.7164033), (-0.42440656, 0.59399533, 0.6834096), (-0.41692472, 0.59663385, 0.6857127), (-0.41692472, 0.59663385, 0.6857127), (-0.42440656, 0.59399533, 0.6834096), (-0.49259982, 0.5831227, 0.645998), (-0.49290898, 0.58476454, 0.64427567), (-0.40415743, 0.600246, 0.6901895), (-0.41692472, 0.59663385, 0.6857127), (-0.49290898, 0.58476454, 0.64427567), (-0.49621627, 0.5896724, 0.6372251), (0.13005684, -0.5969274, 0.7916835), (0.14973965, -0.58042294, 0.8004294), (0.21847591, -0.7610548, 0.6107895), (0.22281152, -0.79507416, 0.5641029), (0.14973965, -0.58042294, 0.8004294), (0.19683391, -0.5550672, 0.80818117), (0.25759518, -0.71681535, 0.6479356), (0.21847591, -0.7610548, 0.6107895), (0.21847591, -0.7610548, 0.6107895), (0.25759518, -0.71681535, 0.6479356), (0.3500209, -0.7944657, 0.49629584), (0.31399032, -0.84502804, 0.4328253), (0.22281152, -0.79507416, 0.5641029), (0.21847591, -0.7610548, 0.6107895), (0.31399032, -0.84502804, 0.4328253), (0.30726585, -0.8584177, 0.4107393), (0.17983353, -0.6465305, 0.74138933), (0.18164302, -0.6170593, 0.76566553), (0.15953596, -0.5179854, 0.84038043), (0.14419523, -0.52171534, 0.8408453), (0.18164302, -0.6170593, 0.76566553), (0.18750972, -0.5352955, 0.82358897), (0.18794128, -0.48401016, 0.8546416), (0.15953596, -0.5179854, 0.84038043), (0.15953596, -0.5179854, 0.84038043), (0.18794128, -0.48401016, 0.8546416), (0.19683391, -0.5550672, 0.80818117), (0.14973965, -0.58042294, 0.8004294), (0.14419523, -0.52171534, 0.8408453), (0.15953596, -0.5179854, 0.84038043), (0.14973965, -0.58042294, 0.8004294), (0.13005684, -0.5969274, 0.7916835), (0.18750972, -0.5352955, 0.82358897), (0.18164302, -0.6170593, 0.76566553), (0.16069663, -0.73659694, 0.6569639), (0.16168141, -0.62382704, 0.7646561), (0.18164302, -0.6170593, 0.76566553), (0.17983353, -0.6465305, 0.74138933), (0.15597782, -0.7865482, 0.59750557), (0.16069663, -0.73659694, 0.6569639), (0.16069663, -0.73659694, 0.6569639), (0.15597782, -0.7865482, 0.59750557), (0.07242036, -0.84992754, 0.52189887), (0.086234264, -0.8088324, 0.58168197), (0.16168141, -0.62382704, 0.7646561), (0.16069663, -0.73659694, 0.6569639), (0.086234264, -0.8088324, 0.58168197), (0.09321252, -0.69122833, 0.7165994), (-0.14758055, -0.84661776, 0.5113301), (-0.14878863, -0.809398, 0.5680994), (-0.027137335, -0.831998, 0.5541146), (-0.034461025, -0.865004, 0.50058013), (-0.14878863, -0.809398, 0.5680994), (-0.12919877, -0.7009616, 0.70139897), (-0.014359653, -0.71747375, 0.69643754), (-0.027137335, -0.831998, 0.5541146), (-0.027137335, -0.831998, 0.5541146), (-0.014359653, -0.71747375, 0.69643754), (0.09321252, -0.69122833, 0.7165994), (0.086234264, -0.8088324, 0.58168197), (-0.034461025, -0.865004, 0.50058013), (-0.027137335, -0.831998, 0.5541146), (0.086234264, -0.8088324, 0.58168197), (0.07242036, -0.84992754, 0.52189887), (-0.32997218, -0.59115124, 0.7359745), (-0.23280706, -0.6547763, 0.719075), (-0.25890988, -0.7478189, 0.61133665), (-0.35931602, -0.6584743, 0.66128933), (-0.23280706, -0.6547763, 0.719075), (-0.12919877, -0.7009616, 0.70139897), (-0.14878863, -0.809398, 0.5680994), (-0.25890988, -0.7478189, 0.61133665), (-0.25890988, -0.7478189, 0.61133665), (-0.14878863, -0.809398, 0.5680994), (-0.14758055, -0.84661776, 0.5113301), (-0.26118666, -0.7899399, 0.554776), (-0.35931602, -0.6584743, 0.66128933), (-0.25890988, -0.7478189, 0.61133665), (-0.26118666, -0.7899399, 0.554776), (-0.36816794, -0.69269407, 0.6201832), (-0.45191354, -0.47068334, 0.75778055), (-0.4089483, -0.52501655, 0.746404), (-0.43670976, -0.5638486, 0.7009702), (-0.47135007, -0.46565014, 0.74899876), (-0.4089483, -0.52501655, 0.746404), (-0.32997218, -0.59115124, 0.7359745), (-0.35931602, -0.6584743, 0.66128933), (-0.43670976, -0.5638486, 0.7009702), (-0.43670976, -0.5638486, 0.7009702), (-0.35931602, -0.6584743, 0.66128933), (-0.36816794, -0.69269407, 0.6201832), (-0.45201537, -0.5709539, 0.68534213), (-0.47135007, -0.46565014, 0.74899876), (-0.43670976, -0.5638486, 0.7009702), (-0.45201537, -0.5709539, 0.68534213), (-0.47904763, -0.43529645, 0.76225346), (-0.28952116, -0.5149399, 0.8068546), (-0.19631049, -0.52484137, 0.8282533), (-0.21237744, -0.5595132, 0.80114967), (-0.30468544, -0.5332, 0.7892177), (-0.19631049, -0.52484137, 0.8282533), (-0.08797497, -0.5290767, 0.8440013), (-0.10748056, -0.5771482, 0.8095356), (-0.21237744, -0.5595132, 0.80114967), (-0.21237744, -0.5595132, 0.80114967), (-0.10748056, -0.5771482, 0.8095356), (-0.12919877, -0.7009616, 0.70139897), (-0.23280706, -0.6547763, 0.719075), (-0.30468544, -0.5332, 0.7892177), (-0.21237744, -0.5595132, 0.80114967), (-0.23280706, -0.6547763, 0.719075), (-0.32997218, -0.59115124, 0.7359745), (-0.43571508, -0.41299936, 0.79973984), (-0.37116283, -0.48561242, 0.7914662), (-0.38305265, -0.49393898, 0.78057355), (-0.43891275, -0.43623534, 0.78552806), (-0.37116283, -0.48561242, 0.7914662), (-0.28952116, -0.5149399, 0.8068546), (-0.30468544, -0.5332, 0.7892177), (-0.38305265, -0.49393898, 0.78057355), (-0.38305265, -0.49393898, 0.78057355), (-0.30468544, -0.5332, 0.7892177), (-0.32997218, -0.59115124, 0.7359745), (-0.4089483, -0.52501655, 0.746404), (-0.43891275, -0.43623534, 0.78552806), (-0.38305265, -0.49393898, 0.78057355), (-0.4089483, -0.52501655, 0.746404), (-0.45191354, -0.47068334, 0.75778055), (-0.2538255, 0.62964976, 0.7342438), (-0.22180292, 0.69416344, 0.68479234), (-0.18224627, 0.6551199, 0.73321503), (-0.21332614, 0.61577326, 0.7584954), (-0.22180292, 0.69416344, 0.68479234), (-0.2176074, 0.7424506, 0.63357264), (-0.16721, 0.6948388, 0.6994569), (-0.18224627, 0.6551199, 0.73321503), (-0.18224627, 0.6551199, 0.73321503), (-0.16721, 0.6948388, 0.6994569), (-0.14505991, 0.670546, 0.72754776), (-0.16966839, 0.63725835, 0.75174093), (-0.21332614, 0.61577326, 0.7584954), (-0.18224627, 0.6551199, 0.73321503), (-0.16966839, 0.63725835, 0.75174093), (-0.2039126, 0.61292577, 0.7633752), (-0.35838428, 0.5020838, 0.7870658), (-0.30802745, 0.55999106, 0.76910925), (-0.26913753, 0.570055, 0.7762747), (-0.345933, 0.5010292, 0.7932844), (-0.30802745, 0.55999106, 0.76910925), (-0.2538255, 0.62964976, 0.7342438), (-0.21332614, 0.61577326, 0.7584954), (-0.26913753, 0.570055, 0.7762747), (-0.26913753, 0.570055, 0.7762747), (-0.21332614, 0.61577326, 0.7584954), (-0.2039126, 0.61292577, 0.7633752), (-0.2710765, 0.56873196, 0.7765704), (-0.345933, 0.5010292, 0.7932844), (-0.26913753, 0.570055, 0.7762747), (-0.2710765, 0.56873196, 0.7765704), (-0.35932747, 0.47823817, 0.8013564), (-0.4184705, 0.38087815, 0.8245084), (-0.41939586, 0.38867185, 0.82039094), (-0.40249246, 0.43164912, 0.8072663), (-0.41095486, 0.3954237, 0.82143545), (-0.41939586, 0.38867185, 0.82039094), (-0.41793504, 0.4424833, 0.7934348), (-0.39939484, 0.47630516, 0.78333724), (-0.40249246, 0.43164912, 0.8072663), (-0.40249246, 0.43164912, 0.8072663), (-0.39939484, 0.47630516, 0.78333724), (-0.35838428, 0.5020838, 0.7870658), (-0.345933, 0.5010292, 0.7932844), (-0.41095486, 0.3954237, 0.82143545), (-0.40249246, 0.43164912, 0.8072663), (-0.345933, 0.5010292, 0.7932844), (-0.35932747, 0.47823817, 0.8013564), (-0.43571508, -0.41299936, 0.79973984), (-0.43891275, -0.43623534, 0.78552806), (-0.46716347, -0.38404867, 0.79640746), (-0.46687886, -0.3311823, 0.8199649), (-0.43891275, -0.43623534, 0.78552806), (-0.45191354, -0.47068334, 0.75778055), (-0.47135007, -0.46565014, 0.74899876), (-0.46716347, -0.38404867, 0.79640746), (-0.46716347, -0.38404867, 0.79640746), (-0.47135007, -0.46565014, 0.74899876), (-0.47904763, -0.43529645, 0.76225346), (-0.4733862, -0.3329886, 0.8154901), (-0.46687886, -0.3311823, 0.8199649), (-0.46716347, -0.38404867, 0.79640746), (-0.4733862, -0.3329886, 0.8154901), (-0.47119, -0.31476942, 0.8239539), (-0.32421172, 0.66588587, 0.67192465), (-0.3041488, 0.6507413, 0.69572216), (-0.3590186, 0.5602014, 0.74651194), (-0.3838056, 0.5520493, 0.7402263), (-0.3041488, 0.6507413, 0.69572216), (-0.2538255, 0.62964976, 0.7342438), (-0.30802745, 0.55999106, 0.76910925), (-0.3590186, 0.5602014, 0.74651194), (-0.3590186, 0.5602014, 0.74651194), (-0.30802745, 0.55999106, 0.76910925), (-0.35838428, 0.5020838, 0.7870658), (-0.39939484, 0.47630516, 0.78333724), (-0.3838056, 0.5520493, 0.7402263), (-0.3590186, 0.5602014, 0.74651194), (-0.39939484, 0.47630516, 0.78333724), (-0.41793504, 0.4424833, 0.7934348), (-0.30361068, 0.78253233, 0.5435657), (-0.27472594, 0.7735484, 0.57109416), (-0.27267113, 0.7254163, 0.6319981), (-0.29715216, 0.74202985, 0.6009096), (-0.27472594, 0.7735484, 0.57109416), (-0.2176074, 0.7424506, 0.63357264), (-0.22180292, 0.69416344, 0.68479234), (-0.27267113, 0.7254163, 0.6319981), (-0.27267113, 0.7254163, 0.6319981), (-0.22180292, 0.69416344, 0.68479234), (-0.2538255, 0.62964976, 0.7342438), (-0.3041488, 0.6507413, 0.69572216), (-0.29715216, 0.74202985, 0.6009096), (-0.27267113, 0.7254163, 0.6319981), (-0.3041488, 0.6507413, 0.69572216), (-0.32421172, 0.66588587, 0.67192465), (-0.04941178, 0.85817933, 0.5109665), (-0.017874936, 0.84666616, 0.5318242), (-0.21434349, 0.8189846, 0.5322791), (-0.23595577, 0.82512623, 0.5133143), (-0.017874936, 0.84666616, 0.5318242), (-0.036043175, 0.81205153, 0.58247167), (-0.17405029, 0.78532934, 0.59410805), (-0.21434349, 0.8189846, 0.5322791), (-0.21434349, 0.8189846, 0.5322791), (-0.17405029, 0.78532934, 0.59410805), (-0.2176074, 0.7424506, 0.63357264), (-0.27472594, 0.7735484, 0.57109416), (-0.23595577, 0.82512623, 0.5133143), (-0.21434349, 0.8189846, 0.5322791), (-0.27472594, 0.7735484, 0.57109416), (-0.30361068, 0.78253233, 0.5435657), (0.25016555, 0.7480375, 0.61470073), (0.22940446, 0.7422409, 0.6296444), (0.16646111, 0.80727744, 0.5662101), (0.1790256, 0.8217254, 0.54103345), (0.22940446, 0.7422409, 0.6296444), (0.19066226, 0.7425263, 0.64210796), (0.111239165, 0.7895435, 0.6035287), (0.16646111, 0.80727744, 0.5662101), (0.16646111, 0.80727744, 0.5662101), (0.111239165, 0.7895435, 0.6035287), (-0.036043175, 0.81205153, 0.58247167), (-0.017874936, 0.84666616, 0.5318242), (0.1790256, 0.8217254, 0.54103345), (0.16646111, 0.80727744, 0.5662101), (-0.017874936, 0.84666616, 0.5318242), (-0.04941178, 0.85817933, 0.5109665), (-0.2176074, 0.7424506, 0.63357264), (-0.17405029, 0.78532934, 0.59410805), (-0.12962447, 0.7385718, 0.66159594), (-0.16721, 0.6948388, 0.6994569), (-0.17405029, 0.78532934, 0.59410805), (-0.036043175, 0.81205153, 0.58247167), (-0.039733678, 0.77087843, 0.63574183), (-0.12962447, 0.7385718, 0.66159594), (-0.12962447, 0.7385718, 0.66159594), (-0.039733678, 0.77087843, 0.63574183), (-0.04251029, 0.75125414, 0.65864265), (-0.10842606, 0.71498436, 0.6906817), (-0.16721, 0.6948388, 0.6994569), (-0.12962447, 0.7385718, 0.66159594), (-0.10842606, 0.71498436, 0.6906817), (-0.14505991, 0.670546, 0.72754776), (0.19066226, 0.7425263, 0.64210796), (0.15568304, 0.7434784, 0.6503866), (0.067638114, 0.7683111, 0.63649285), (0.111239165, 0.7895435, 0.6035287), (0.15568304, 0.7434784, 0.6503866), (0.13170838, 0.7447224, 0.6542488), (0.042559195, 0.7589641, 0.6497401), (0.067638114, 0.7683111, 0.63649285), (0.067638114, 0.7683111, 0.63649285), (0.042559195, 0.7589641, 0.6497401), (-0.04251029, 0.75125414, 0.65864265), (-0.039733678, 0.77087843, 0.63574183), (0.111239165, 0.7895435, 0.6035287), (0.067638114, 0.7683111, 0.63649285), (-0.039733678, 0.77087843, 0.63574183), (-0.036043175, 0.81205153, 0.58247167), (0.19066226, 0.7425263, 0.64210796), (0.19817445, 0.72241527, 0.6624522), (0.197938, 0.73233265, 0.6515439), (0.15568304, 0.7434784, 0.6503866), (0.19817445, 0.72241527, 0.6624522), (0.1476531, 0.7637412, 0.6284091), (0.17507471, 0.7585147, 0.6276976), (0.197938, 0.73233265, 0.6515439), (0.197938, 0.73233265, 0.6515439), (0.17507471, 0.7585147, 0.6276976), (0.18950582, 0.7519941, 0.6313419), (0.19456431, 0.73553115, 0.6489519), (0.15568304, 0.7434784, 0.6503866), (0.197938, 0.73233265, 0.6515439), (0.19456431, 0.73553115, 0.6489519), (0.13170838, 0.7447224, 0.6542488), (0.25016555, 0.7480375, 0.61470073), (0.19435711, 0.7032171, 0.6838941), (0.1935815, 0.7091741, 0.67793685), (0.22940446, 0.7422409, 0.6296444), (0.19435711, 0.7032171, 0.6838941), (0.08884684, 0.7512031, 0.65406436), (0.111810975, 0.75745213, 0.6432453), (0.1935815, 0.7091741, 0.67793685), (0.1935815, 0.7091741, 0.67793685), (0.111810975, 0.75745213, 0.6432453), (0.1476531, 0.7637412, 0.6284091), (0.19817445, 0.72241527, 0.6624522), (0.22940446, 0.7422409, 0.6296444), (0.1935815, 0.7091741, 0.67793685), (0.19817445, 0.72241527, 0.6624522), (0.19066226, 0.7425263, 0.64210796), (0.1476531, 0.7637412, 0.6284091), (0.111810975, 0.75745213, 0.6432453), (0.06830905, 0.87083244, 0.4868108), (0.11090675, 0.85139203, 0.51267093), (0.111810975, 0.75745213, 0.6432453), (0.08884684, 0.7512031, 0.65406436), (0.05365133, 0.88788396, 0.45692843), (0.06830905, 0.87083244, 0.4868108), (0.06830905, 0.87083244, 0.4868108), (0.05365133, 0.88788396, 0.45692843), (0.0973623, 0.95033276, 0.29561496), (0.10982052, 0.9414203, 0.31885308), (0.11090675, 0.85139203, 0.51267093), (0.06830905, 0.87083244, 0.4868108), (0.10982052, 0.9414203, 0.31885308), (0.15765052, 0.90886045, 0.3861593), (0.18950582, 0.7519941, 0.6313419), (0.17507471, 0.7585147, 0.6276976), (0.15489738, 0.8144215, 0.55921775), (0.17263591, 0.7918039, 0.58586985), (0.17507471, 0.7585147, 0.6276976), (0.1476531, 0.7637412, 0.6284091), (0.11090675, 0.85139203, 0.51267093), (0.15489738, 0.8144215, 0.55921775), (0.15489738, 0.8144215, 0.55921775), (0.11090675, 0.85139203, 0.51267093), (0.15765052, 0.90886045, 0.3861593), (0.21959536, 0.84999484, 0.47883886), (0.17263591, 0.7918039, 0.58586985), (0.15489738, 0.8144215, 0.55921775), (0.21959536, 0.84999484, 0.47883886), (0.25241303, 0.8142412, 0.52278), (0.15765052, 0.90886045, 0.3861593), (0.10982052, 0.9414203, 0.31885308), (0.16973417, 0.94892085, 0.26596916), (0.2318938, 0.9093122, 0.34550932), (0.10982052, 0.9414203, 0.31885308), (0.0973623, 0.95033276, 0.29561496), (0.14219746, 0.95944256, 0.2434131), (0.16973417, 0.94892085, 0.26596916), (0.16973417, 0.94892085, 0.26596916), (0.14219746, 0.95944256, 0.2434131), (0.16768633, 0.9575835, 0.2343397), (0.21065564, 0.9356973, 0.28301007), (0.2318938, 0.9093122, 0.34550932), (0.16973417, 0.94892085, 0.26596916), (0.21065564, 0.9356973, 0.28301007), (0.27383414, 0.8935311, 0.35583296), (0.25241303, 0.8142412, 0.52278), (0.21959536, 0.84999484, 0.47883886), (0.30953735, 0.8411592, 0.4434385), (0.34968135, 0.8008898, 0.48610544), (0.21959536, 0.84999484, 0.47883886), (0.15765052, 0.90886045, 0.3861593), (0.2318938, 0.9093122, 0.34550932), (0.30953735, 0.8411592, 0.4434385), (0.30953735, 0.8411592, 0.4434385), (0.2318938, 0.9093122, 0.34550932), (0.27383414, 0.8935311, 0.35583296), (0.3476359, 0.8278657, 0.44021317), (0.34968135, 0.8008898, 0.48610544), (0.30953735, 0.8411592, 0.4434385), (0.3476359, 0.8278657, 0.44021317), (0.37909424, 0.79362077, 0.47587153), (0.3500209, -0.7944657, 0.49629584), (0.39695144, -0.70720464, 0.5850565), (0.4701628, -0.68714434, 0.5538769), (0.41283223, -0.77955985, 0.47101593), (0.39695144, -0.70720464, 0.5850565), (0.41924477, -0.6554356, 0.62820226), (0.49782547, -0.635614, 0.5900548), (0.4701628, -0.68714434, 0.5538769), (0.4701628, -0.68714434, 0.5538769), (0.49782547, -0.635614, 0.5900548), (0.5216367, -0.6229102, 0.5829906), (0.49902084, -0.6664519, 0.5539135), (0.41283223, -0.77955985, 0.47101593), (0.4701628, -0.68714434, 0.5538769), (0.49902084, -0.6664519, 0.5539135), (0.44443494, -0.7533459, 0.48471376), (0.30726585, -0.8584177, 0.4107393), (0.31399032, -0.84502804, 0.4328253), (0.36578298, -0.8384389, 0.40400857), (0.3460598, -0.8567336, 0.38242662), (0.31399032, -0.84502804, 0.4328253), (0.3500209, -0.7944657, 0.49629584), (0.41283223, -0.77955985, 0.47101593), (0.36578298, -0.8384389, 0.40400857), (0.36578298, -0.8384389, 0.40400857), (0.41283223, -0.77955985, 0.47101593), (0.44443494, -0.7533459, 0.48471376), (0.39588192, -0.8145288, 0.4240522), (0.3460598, -0.8567336, 0.38242662), (0.36578298, -0.8384389, 0.40400857), (0.39588192, -0.8145288, 0.4240522), (0.36365643, -0.84855604, 0.38432628), (0.19683391, -0.5550672, 0.80818117), (0.24356313, -0.5103565, 0.8247504), (0.3035348, -0.6399148, 0.70595723), (0.25759518, -0.71681535, 0.6479356), (0.24356313, -0.5103565, 0.8247504), (0.26002178, -0.48300564, 0.8361185), (0.31964275, -0.59258085, 0.7393757), (0.3035348, -0.6399148, 0.70595723), (0.3035348, -0.6399148, 0.70595723), (0.31964275, -0.59258085, 0.7393757), (0.41924477, -0.6554356, 0.62820226), (0.39695144, -0.70720464, 0.5850565), (0.25759518, -0.71681535, 0.6479356), (0.3035348, -0.6399148, 0.70595723), (0.39695144, -0.70720464, 0.5850565), (0.3500209, -0.7944657, 0.49629584), (0.18049324, -0.43860915, 0.8803659), (0.22302404, -0.43043408, 0.8746352), (0.21468954, -0.44620493, 0.8687978), (0.18656576, -0.4620873, 0.8669882), (0.22302404, -0.43043408, 0.8746352), (0.26002178, -0.48300564, 0.8361185), (0.24356313, -0.5103565, 0.8247504), (0.21468954, -0.44620493, 0.8687978), (0.21468954, -0.44620493, 0.8687978), (0.24356313, -0.5103565, 0.8247504), (0.19683391, -0.5550672, 0.80818117), (0.18794128, -0.48401016, 0.8546416), (0.18656576, -0.4620873, 0.8669882), (0.21468954, -0.44620493, 0.8687978), (0.18794128, -0.48401016, 0.8546416), (0.18750972, -0.5352955, 0.82358897), (0.09135632, -0.5101488, 0.8552205), (0.1372706, -0.47562626, 0.86887085), (0.14996852, -0.51400214, 0.84457755), (0.09493522, -0.5597551, 0.8232021), (0.1372706, -0.47562626, 0.86887085), (0.18049324, -0.43860915, 0.8803659), (0.18656576, -0.4620873, 0.8669882), (0.14996852, -0.51400214, 0.84457755), (0.14996852, -0.51400214, 0.84457755), (0.18656576, -0.4620873, 0.8669882), (0.18750972, -0.5352955, 0.82358897), (0.16168141, -0.62382704, 0.7646561), (0.09493522, -0.5597551, 0.8232021), (0.14996852, -0.51400214, 0.84457755), (0.16168141, -0.62382704, 0.7646561), (0.09321252, -0.69122833, 0.7165994), (-0.12919877, -0.7009616, 0.70139897), (-0.10748056, -0.5771482, 0.8095356), (0.0043342863, -0.58062875, 0.81415695), (-0.014359653, -0.71747375, 0.69643754), (-0.10748056, -0.5771482, 0.8095356), (-0.08797497, -0.5290767, 0.8440013), (0.01821431, -0.5265555, 0.84994566), (0.0043342863, -0.58062875, 0.81415695), (0.0043342863, -0.58062875, 0.81415695), (0.01821431, -0.5265555, 0.84994566), (0.09135632, -0.5101488, 0.8552205), (0.09493522, -0.5597551, 0.8232021), (-0.014359653, -0.71747375, 0.69643754), (0.0043342863, -0.58062875, 0.81415695), (0.09493522, -0.5597551, 0.8232021), (0.09321252, -0.69122833, 0.7165994), (-0.23791869, -0.90035754, 0.36435014), (-0.2330106, -0.9015357, 0.3646086), (-0.30059487, -0.9150585, 0.26890647), (-0.31796145, -0.91374934, 0.2529081), (-0.2330106, -0.9015357, 0.3646086), (-0.24290557, -0.9041792, 0.35136408), (-0.28883472, -0.9198231, 0.2655183), (-0.30059487, -0.9150585, 0.26890647), (-0.30059487, -0.9150585, 0.26890647), (-0.28883472, -0.9198231, 0.2655183), (-0.31891286, -0.9264584, 0.1999234), (-0.35335943, -0.91769665, 0.18157588), (-0.31796145, -0.91374934, 0.2529081), (-0.30059487, -0.9150585, 0.26890647), (-0.35335943, -0.91769665, 0.18157588), (-0.36502293, -0.9141212, 0.17646693), (-0.2795802, -0.8690251, 0.40820378), (-0.29332733, -0.8567032, 0.42428622), (-0.21858813, -0.8847771, 0.41156867), (-0.20844151, -0.8879574, 0.4099803), (-0.29332733, -0.8567032, 0.42428622), (-0.3156922, -0.83371854, 0.4530474), (-0.24075468, -0.87866205, 0.41229865), (-0.21858813, -0.8847771, 0.41156867), (-0.21858813, -0.8847771, 0.41156867), (-0.24075468, -0.87866205, 0.41229865), (-0.24290557, -0.9041792, 0.35136408), (-0.2330106, -0.9015357, 0.3646086), (-0.20844151, -0.8879574, 0.4099803), (-0.21858813, -0.8847771, 0.41156867), (-0.2330106, -0.9015357, 0.3646086), (-0.23791869, -0.90035754, 0.36435014), (-0.3156922, -0.83371854, 0.4530474), (-0.29332733, -0.8567032, 0.42428622), (-0.42522207, -0.7878101, 0.44558007), (-0.44060507, -0.7514093, 0.49117333), (-0.29332733, -0.8567032, 0.42428622), (-0.2795802, -0.8690251, 0.40820378), (-0.416733, -0.80755967, 0.4173501), (-0.42522207, -0.7878101, 0.44558007), (-0.42522207, -0.7878101, 0.44558007), (-0.416733, -0.80755967, 0.4173501), (-0.5491468, -0.67188627, 0.49699774), (-0.5543885, -0.6510283, 0.51847416), (-0.44060507, -0.7514093, 0.49117333), (-0.42522207, -0.7878101, 0.44558007), (-0.5543885, -0.6510283, 0.51847416), (-0.56311923, -0.61774987, 0.5488914), (-0.65589166, -0.3372567, 0.6753252), (-0.6616213, -0.3254418, 0.6755331), (-0.6327816, -0.47223902, 0.6136594), (-0.6274104, -0.4908635, 0.6044908), (-0.6616213, -0.3254418, 0.6755331), (-0.6732947, -0.32581136, 0.6637177), (-0.6415106, -0.45691264, 0.6161939), (-0.6327816, -0.47223902, 0.6136594), (-0.6327816, -0.47223902, 0.6136594), (-0.6415106, -0.45691264, 0.6161939), (-0.56311923, -0.61774987, 0.5488914), (-0.5543885, -0.6510283, 0.51847416), (-0.6274104, -0.4908635, 0.6044908), (-0.6327816, -0.47223902, 0.6136594), (-0.5543885, -0.6510283, 0.51847416), (-0.5491468, -0.67188627, 0.49699774), (-0.6891076, -0.1788056, 0.702253), (-0.683091, -0.24140872, 0.6892811), (-0.66839826, -0.2297485, 0.70743155), (-0.66418654, -0.1426665, 0.73382735), (-0.683091, -0.24140872, 0.6892811), (-0.6732947, -0.32581136, 0.6637177), (-0.6616213, -0.3254418, 0.6755331), (-0.66839826, -0.2297485, 0.70743155), (-0.66839826, -0.2297485, 0.70743155), (-0.6616213, -0.3254418, 0.6755331), (-0.65589166, -0.3372567, 0.6753252), (-0.6627266, -0.23612048, 0.710662), (-0.66418654, -0.1426665, 0.73382735), (-0.66839826, -0.2297485, 0.70743155), (-0.6627266, -0.23612048, 0.710662), (-0.6578287, -0.14647312, 0.7387876), (-0.7260573, -0.038138434, 0.6865757), (-0.70188403, -0.10477648, 0.7045429), (-0.6587646, -0.022539858, 0.75201136), (-0.68838954, 0.089946404, 0.7197427), (-0.70188403, -0.10477648, 0.7045429), (-0.6891076, -0.1788056, 0.702253), (-0.66418654, -0.1426665, 0.73382735), (-0.6587646, -0.022539858, 0.75201136), (-0.6587646, -0.022539858, 0.75201136), (-0.66418654, -0.1426665, 0.73382735), (-0.6578287, -0.14647312, 0.7387876), (-0.6445283, -0.012490853, 0.7644784), (-0.68838954, 0.089946404, 0.7197427), (-0.6587646, -0.022539858, 0.75201136), (-0.6445283, -0.012490853, 0.7644784), (-0.6647896, 0.14925319, 0.73196876), (-0.72574604, -0.19610107, 0.6594217), (-0.6987226, -0.26216948, 0.6656229), (-0.6953069, -0.25504395, 0.6719382), (-0.71401155, -0.19786762, 0.6715921), (-0.6987226, -0.26216948, 0.6656229), (-0.68249047, -0.34617463, 0.64371574), (-0.68144125, -0.33655608, 0.64989835), (-0.6953069, -0.25504395, 0.6719382), (-0.6953069, -0.25504395, 0.6719382), (-0.68144125, -0.33655608, 0.64989835), (-0.6732947, -0.32581136, 0.6637177), (-0.683091, -0.24140872, 0.6892811), (-0.71401155, -0.19786762, 0.6715921), (-0.6953069, -0.25504395, 0.6719382), (-0.683091, -0.24140872, 0.6892811), (-0.6891076, -0.1788056, 0.702253), (-0.79252154, -0.0279022, 0.60920525), (-0.76868916, -0.14060488, 0.6239769), (-0.7468487, -0.14776024, 0.6483702), (-0.7695601, -0.038921215, 0.6373873), (-0.76868916, -0.14060488, 0.6239769), (-0.72574604, -0.19610107, 0.6594217), (-0.71401155, -0.19786762, 0.6715921), (-0.7468487, -0.14776024, 0.6483702), (-0.7468487, -0.14776024, 0.6483702), (-0.71401155, -0.19786762, 0.6715921), (-0.6891076, -0.1788056, 0.702253), (-0.70188403, -0.10477648, 0.7045429), (-0.7695601, -0.038921215, 0.6373873), (-0.7468487, -0.14776024, 0.6483702), (-0.70188403, -0.10477648, 0.7045429), (-0.7260573, -0.038138434, 0.6865757), (0.66399014, 0.41358656, 0.62294734), (0.7732372, 0.29165903, 0.56306225), (0.7489353, 0.24812172, 0.614436), (0.673365, 0.40018666, 0.62163514), (0.7732372, 0.29165903, 0.56306225), (0.83620155, 0.2683965, 0.4782576), (0.80356205, 0.18756458, 0.56489605), (0.7489353, 0.24812172, 0.614436), (0.7489353, 0.24812172, 0.614436), (0.80356205, 0.18756458, 0.56489605), (0.78267, 0.15724854, 0.6022462), (0.73171985, 0.24766979, 0.6350164), (0.673365, 0.40018666, 0.62163514), (0.7489353, 0.24812172, 0.614436), (0.73171985, 0.24766979, 0.6350164), (0.6685364, 0.4164173, 0.61616206), (0.50406504, 0.61419606, 0.6071917), (0.56055343, 0.5445546, 0.6238911), (0.59656537, 0.5432414, 0.59076107), (0.5253921, 0.6202775, 0.582425), (0.56055343, 0.5445546, 0.6238911), (0.66399014, 0.41358656, 0.62294734), (0.673365, 0.40018666, 0.62163514), (0.59656537, 0.5432414, 0.59076107), (0.59656537, 0.5432414, 0.59076107), (0.673365, 0.40018666, 0.62163514), (0.6685364, 0.4164173, 0.61616206), (0.59592205, 0.56036633, 0.5752099), (0.5253921, 0.6202775, 0.582425), (0.59656537, 0.5432414, 0.59076107), (0.59592205, 0.56036633, 0.5752099), (0.5251046, 0.6246961, 0.5779446), (0.4568506, 0.6529522, 0.6041033), (0.45233676, 0.6541898, 0.60615766), (0.4695471, 0.6480451, 0.5996357), (0.46861225, 0.64899987, 0.5993344), (0.45233676, 0.6541898, 0.60615766), (0.4398792, 0.65231246, 0.61724764), (0.45901668, 0.6395985, 0.6166177), (0.4695471, 0.6480451, 0.5996357), (0.4695471, 0.6480451, 0.5996357), (0.45901668, 0.6395985, 0.6166177), (0.50406504, 0.61419606, 0.6071917), (0.5253921, 0.6202775, 0.582425), (0.46861225, 0.64899987, 0.5993344), (0.4695471, 0.6480451, 0.5996357), (0.5253921, 0.6202775, 0.582425), (0.5251046, 0.6246961, 0.5779446), (-0.79252154, -0.0279022, 0.60920525), (-0.7695601, -0.038921215, 0.6373873), (-0.7473675, 0.099017926, 0.65699106), (-0.76424116, 0.10877212, 0.6356919), (-0.7695601, -0.038921215, 0.6373873), (-0.7260573, -0.038138434, 0.6865757), (-0.68838954, 0.089946404, 0.7197427), (-0.7473675, 0.099017926, 0.65699106), (-0.7473675, 0.099017926, 0.65699106), (-0.68838954, 0.089946404, 0.7197427), (-0.6647896, 0.14925319, 0.73196876), (-0.74049854, 0.14706422, 0.65576977), (-0.76424116, 0.10877212, 0.6356919), (-0.7473675, 0.099017926, 0.65699106), (-0.74049854, 0.14706422, 0.65576977), (-0.7557796, 0.13325156, 0.641125), (0.6309872, 0.4873959, 0.60357296), (0.6393287, 0.46283662, 0.61403674), (0.5086622, 0.5779283, 0.63817054), (0.48102862, 0.6051223, 0.6343803), (0.6393287, 0.46283662, 0.61403674), (0.66399014, 0.41358656, 0.62294734), (0.56055343, 0.5445546, 0.6238911), (0.5086622, 0.5779283, 0.63817054), (0.5086622, 0.5779283, 0.63817054), (0.56055343, 0.5445546, 0.6238911), (0.50406504, 0.61419606, 0.6071917), (0.45901668, 0.6395985, 0.6166177), (0.48102862, 0.6051223, 0.6343803), (0.5086622, 0.5779283, 0.63817054), (0.45901668, 0.6395985, 0.6166177), (0.4398792, 0.65231246, 0.61724764), (0.8455547, 0.3904461, 0.36412778), (0.8470245, 0.35291028, 0.39749703), (0.7782934, 0.36185393, 0.5131483), (0.7838656, 0.39171854, 0.48177934), (0.8470245, 0.35291028, 0.39749703), (0.83620155, 0.2683965, 0.4782576), (0.7732372, 0.29165903, 0.56306225), (0.7782934, 0.36185393, 0.5131483), (0.7782934, 0.36185393, 0.5131483), (0.7732372, 0.29165903, 0.56306225), (0.66399014, 0.41358656, 0.62294734), (0.6393287, 0.46283662, 0.61403674), (0.7838656, 0.39171854, 0.48177934), (0.7782934, 0.36185393, 0.5131483), (0.6393287, 0.46283662, 0.61403674), (0.6309872, 0.4873959, 0.60357296), (0.8718303, 0.3972751, 0.28650358), (0.870646, 0.37672135, 0.3163173), (0.8601823, 0.38691172, 0.3322438), (0.85766184, 0.41506544, 0.30354062), (0.870646, 0.37672135, 0.3163173), (0.86125594, 0.3135731, 0.39988774), (0.85519224, 0.30257586, 0.42082557), (0.8601823, 0.38691172, 0.3322438), (0.8601823, 0.38691172, 0.3322438), (0.85519224, 0.30257586, 0.42082557), (0.83620155, 0.2683965, 0.4782576), (0.8470245, 0.35291028, 0.39749703), (0.85766184, 0.41506544, 0.30354062), (0.8601823, 0.38691172, 0.3322438), (0.8470245, 0.35291028, 0.39749703), (0.8455547, 0.3904461, 0.36412778), (0.8786886, 0.21493357, 0.42627448), (0.8731536, 0.22302678, 0.43343037), (0.88306135, 0.31195933, 0.3505481), (0.8916834, 0.32074228, 0.31941372), (0.8731536, 0.22302678, 0.43343037), (0.85529464, 0.22826909, 0.4651498), (0.86351126, 0.2808774, 0.41887492), (0.88306135, 0.31195933, 0.3505481), (0.88306135, 0.31195933, 0.3505481), (0.86351126, 0.2808774, 0.41887492), (0.86125594, 0.3135731, 0.39988774), (0.870646, 0.37672135, 0.3163173), (0.8916834, 0.32074228, 0.31941372), (0.88306135, 0.31195933, 0.3505481), (0.870646, 0.37672135, 0.3163173), (0.8718303, 0.3972751, 0.28650358), (0.83620155, 0.2683965, 0.4782576), (0.85519224, 0.30257586, 0.42082557), (0.8344942, 0.20274614, 0.51236075), (0.80356205, 0.18756458, 0.56489605), (0.85519224, 0.30257586, 0.42082557), (0.86125594, 0.3135731, 0.39988774), (0.8475391, 0.22948575, 0.47855374), (0.8344942, 0.20274614, 0.51236075), (0.8344942, 0.20274614, 0.51236075), (0.8475391, 0.22948575, 0.47855374), (0.8410347, 0.18464112, 0.5084961), (0.8206203, 0.15333885, 0.55051756), (0.80356205, 0.18756458, 0.56489605), (0.8344942, 0.20274614, 0.51236075), (0.8206203, 0.15333885, 0.55051756), (0.78267, 0.15724854, 0.6022462), (0.85529464, 0.22826909, 0.4651498), (0.84451365, 0.2341926, 0.48161253), (0.8486162, 0.23901893, 0.4719328), (0.86351126, 0.2808774, 0.41887492), (0.84451365, 0.2341926, 0.48161253), (0.84248114, 0.23645504, 0.48406047), (0.84409875, 0.21718514, 0.49023253), (0.8486162, 0.23901893, 0.4719328), (0.8486162, 0.23901893, 0.4719328), (0.84409875, 0.21718514, 0.49023253), (0.8410347, 0.18464112, 0.5084961), (0.8475391, 0.22948575, 0.47855374), (0.86351126, 0.2808774, 0.41887492), (0.8486162, 0.23901893, 0.4719328), (0.8475391, 0.22948575, 0.47855374), (0.86125594, 0.3135731, 0.39988774), (0.85529464, 0.22826909, 0.4651498), (0.83875173, 0.2008974, 0.5060985), (0.8388539, 0.23981085, 0.48868686), (0.84451365, 0.2341926, 0.48161253), (0.83875173, 0.2008974, 0.5060985), (0.8269163, 0.24696602, 0.50519025), (0.8324685, 0.27747098, 0.47958946), (0.8388539, 0.23981085, 0.48868686), (0.8388539, 0.23981085, 0.48868686), (0.8324685, 0.27747098, 0.47958946), (0.83393073, 0.2920174, 0.46827924), (0.8398211, 0.25709096, 0.47812635), (0.84451365, 0.2341926, 0.48161253), (0.8388539, 0.23981085, 0.48868686), (0.8398211, 0.25709096, 0.47812635), (0.84248114, 0.23645504, 0.48406047), (0.8786886, 0.21493357, 0.42627448), (0.8325506, 0.15352805, 0.53224874), (0.83826107, 0.16771276, 0.518836), (0.8731536, 0.22302678, 0.43343037), (0.8325506, 0.15352805, 0.53224874), (0.80319583, 0.21882032, 0.55407053), (0.81443137, 0.22048011, 0.5367402), (0.83826107, 0.16771276, 0.518836), (0.83826107, 0.16771276, 0.518836), (0.81443137, 0.22048011, 0.5367402), (0.8269163, 0.24696602, 0.50519025), (0.83875173, 0.2008974, 0.5060985), (0.8731536, 0.22302678, 0.43343037), (0.83826107, 0.16771276, 0.518836), (0.83875173, 0.2008974, 0.5060985), (0.85529464, 0.22826909, 0.4651498), (0.8269163, 0.24696602, 0.50519025), (0.81443137, 0.22048011, 0.5367402), (0.82168365, 0.3453461, 0.45340058), (0.831277, 0.3318481, 0.445932), (0.81443137, 0.22048011, 0.5367402), (0.80319583, 0.21882032, 0.55407053), (0.8199931, 0.3664223, 0.43971133), (0.82168365, 0.3453461, 0.45340058), (0.82168365, 0.3453461, 0.45340058), (0.8199931, 0.3664223, 0.43971133), (0.84722984, 0.41174966, 0.33565435), (0.8505955, 0.39775133, 0.34392038), (0.831277, 0.3318481, 0.445932), (0.82168365, 0.3453461, 0.45340058), (0.8505955, 0.39775133, 0.34392038), (0.8599371, 0.35072413, 0.3708111), (0.83393073, 0.2920174, 0.46827924), (0.8324685, 0.27747098, 0.47958946), (0.8374227, 0.31512162, 0.44656646), (0.84106, 0.30319247, 0.44798708), (0.8324685, 0.27747098, 0.47958946), (0.8269163, 0.24696602, 0.50519025), (0.831277, 0.3318481, 0.445932), (0.8374227, 0.31512162, 0.44656646), (0.8374227, 0.31512162, 0.44656646), (0.831277, 0.3318481, 0.445932), (0.8599371, 0.35072413, 0.3708111), (0.86800337, 0.28732562, 0.4049865), (0.84106, 0.30319247, 0.44798708), (0.8374227, 0.31512162, 0.44656646), (0.86800337, 0.28732562, 0.4049865), (0.8734894, 0.24969387, 0.4179346), (0.8599371, 0.35072413, 0.3708111), (0.8505955, 0.39775133, 0.34392038), (0.8887726, 0.34770605, 0.29863644), (0.8988473, 0.2882883, 0.33009607), (0.8505955, 0.39775133, 0.34392038), (0.84722984, 0.41174966, 0.33565435), (0.88145524, 0.3721564, 0.29075107), (0.8887726, 0.34770605, 0.29863644), (0.8887726, 0.34770605, 0.29863644), (0.88145524, 0.3721564, 0.29075107), (0.9149518, 0.31256926, 0.25527132), (0.923064, 0.28513566, 0.25816774), (0.8988473, 0.2882883, 0.33009607), (0.8887726, 0.34770605, 0.29863644), (0.923064, 0.28513566, 0.25816774), (0.9332338, 0.21920405, 0.2846477), (0.8734894, 0.24969387, 0.4179346), (0.86800337, 0.28732562, 0.4049865), (0.9061567, 0.21201779, 0.36596245), (0.91047996, 0.17043364, 0.3768004), (0.86800337, 0.28732562, 0.4049865), (0.8599371, 0.35072413, 0.3708111), (0.8988473, 0.2882883, 0.33009607), (0.9061567, 0.21201779, 0.36596245), (0.9061567, 0.21201779, 0.36596245), (0.8988473, 0.2882883, 0.33009607), (0.9332338, 0.21920405, 0.2846477), (0.93898916, 0.14056996, 0.31390977), (0.91047996, 0.17043364, 0.3768004), (0.9061567, 0.21201779, 0.36596245), (0.93898916, 0.14056996, 0.31390977), (0.94224447, 0.09970986, 0.31973955), (0.9332338, 0.21920405, 0.2846477), (0.923064, 0.28513566, 0.25816774), (0.9462303, 0.24162945, 0.21508951), (0.95599246, 0.17031106, 0.23889877), (0.923064, 0.28513566, 0.25816774), (0.9149518, 0.31256926, 0.25527132), (0.9374215, 0.27350646, 0.21548793), (0.9462303, 0.24162945, 0.21508951), (0.9462303, 0.24162945, 0.21508951), (0.9374215, 0.27350646, 0.21548793), (0.9477615, 0.25551495, 0.19094548), (0.9571152, 0.2033145, 0.2063827), (0.95599246, 0.17031106, 0.23889877), (0.9462303, 0.24162945, 0.21508951), (0.9571152, 0.2033145, 0.2063827), (0.9644197, 0.13604604, 0.22668527), (0.94224447, 0.09970986, 0.31973955), (0.93898916, 0.14056996, 0.31390977), (0.96026987, 0.091771565, 0.26355225), (0.9615367, 0.054403547, 0.2692348), (0.93898916, 0.14056996, 0.31390977), (0.9332338, 0.21920405, 0.2846477), (0.95599246, 0.17031106, 0.23889877), (0.96026987, 0.091771565, 0.26355225), (0.96026987, 0.091771565, 0.26355225), (0.95599246, 0.17031106, 0.23889877), (0.9644197, 0.13604604, 0.22668527), (0.96688557, 0.06812923, 0.24594869), (0.9615367, 0.054403547, 0.2692348), (0.96026987, 0.091771565, 0.26355225), (0.96688557, 0.06812923, 0.24594869), (0.96655256, 0.041980553, 0.2530094), (-0.29237026, -0.93698484, 0.19125636), (-0.21384452, -0.950126, 0.22700477), (-0.18745632, -0.95732147, 0.21999021), (-0.27196237, -0.94341236, 0.18976174), (-0.21384452, -0.950126, 0.22700477), (-0.17308104, -0.95503604, 0.24072616), (-0.14591567, -0.96192473, 0.23110466), (-0.18745632, -0.95732147, 0.21999021), (-0.18745632, -0.95732147, 0.21999021), (-0.14591567, -0.96192473, 0.23110466), (-0.13868088, -0.9636948, 0.22816628), (-0.16306674, -0.9615977, 0.22076976), (-0.27196237, -0.94341236, 0.18976174), (-0.18745632, -0.95732147, 0.21999021), (-0.16306674, -0.9615977, 0.22076976), (-0.23855284, -0.95099175, 0.19674152), (-0.37483498, -0.91493493, 0.14964263), (-0.3542637, -0.9212723, 0.16048263), (-0.340499, -0.9260066, 0.16300987), (-0.36446172, -0.9185193, 0.15326457), (-0.3542637, -0.9212723, 0.16048263), (-0.29237026, -0.93698484, 0.19125636), (-0.27196237, -0.94341236, 0.18976174), (-0.340499, -0.9260066, 0.16300987), (-0.340499, -0.9260066, 0.16300987), (-0.27196237, -0.94341236, 0.18976174), (-0.23855284, -0.95099175, 0.19674152), (-0.31453827, -0.9337628, 0.17074163), (-0.36446172, -0.9185193, 0.15326457), (-0.340499, -0.9260066, 0.16300987), (-0.31453827, -0.9337628, 0.17074163), (-0.35738593, -0.92099243, 0.15507512), (-0.31891286, -0.9264584, 0.1999234), (-0.2742678, -0.9340496, 0.22875424), (-0.24629076, -0.94172966, 0.22909862), (-0.31294686, -0.93053085, 0.19020168), (-0.2742678, -0.9340496, 0.22875424), (-0.24893853, -0.9372843, 0.24398343), (-0.21089518, -0.9458583, 0.24672933), (-0.24629076, -0.94172966, 0.22909862), (-0.24629076, -0.94172966, 0.22909862), (-0.21089518, -0.9458583, 0.24672933), (-0.17308104, -0.95503604, 0.24072616), (-0.21384452, -0.950126, 0.22700477), (-0.31294686, -0.93053085, 0.19020168), (-0.24629076, -0.94172966, 0.22909862), (-0.21384452, -0.950126, 0.22700477), (-0.29237026, -0.93698484, 0.19125636), (-0.36502293, -0.9141212, 0.17646693), (-0.35335943, -0.91769665, 0.18157588), (-0.36423546, -0.9176132, 0.15911838), (-0.37975028, -0.9128136, 0.15020344), (-0.35335943, -0.91769665, 0.18157588), (-0.31891286, -0.9264584, 0.1999234), (-0.31294686, -0.93053085, 0.19020168), (-0.36423546, -0.9176132, 0.15911838), (-0.36423546, -0.9176132, 0.15911838), (-0.31294686, -0.93053085, 0.19020168), (-0.29237026, -0.93698484, 0.19125636), (-0.3542637, -0.9212723, 0.16048263), (-0.37975028, -0.9128136, 0.15020344), (-0.36423546, -0.9176132, 0.15911838), (-0.3542637, -0.9212723, 0.16048263), (-0.37483498, -0.91493493, 0.14964263), (-0.24290557, -0.9041792, 0.35136408), (-0.25329775, -0.90691066, 0.33668), (-0.275145, -0.9237449, 0.26644048), (-0.28883472, -0.9198231, 0.2655183), (-0.25329775, -0.90691066, 0.33668), (-0.2570381, -0.91018194, 0.3248082), (-0.2672716, -0.9266773, 0.2642633), (-0.275145, -0.9237449, 0.26644048), (-0.275145, -0.9237449, 0.26644048), (-0.2672716, -0.9266773, 0.2642633), (-0.24893853, -0.9372843, 0.24398343), (-0.2742678, -0.9340496, 0.22875424), (-0.28883472, -0.9198231, 0.2655183), (-0.275145, -0.9237449, 0.26644048), (-0.2742678, -0.9340496, 0.22875424), (-0.31891286, -0.9264584, 0.1999234), (-0.3481892, -0.81548494, 0.46232966), (-0.26971704, -0.8785111, 0.39429808), (-0.26376003, -0.87615526, 0.4034634), (-0.34090522, -0.81778485, 0.46369338), (-0.26971704, -0.8785111, 0.39429808), (-0.2570381, -0.91018194, 0.3248082), (-0.25329775, -0.90691066, 0.33668), (-0.26376003, -0.87615526, 0.4034634), (-0.26376003, -0.87615526, 0.4034634), (-0.25329775, -0.90691066, 0.33668), (-0.24290557, -0.9041792, 0.35136408), (-0.24075468, -0.87866205, 0.41229865), (-0.34090522, -0.81778485, 0.46369338), (-0.26376003, -0.87615526, 0.4034634), (-0.24075468, -0.87866205, 0.41229865), (-0.3156922, -0.83371854, 0.4530474), (-0.57534605, -0.5904497, 0.5659913), (-0.46563125, -0.7158815, 0.5202895), (-0.45925945, -0.7237418, 0.5150519), (-0.5727534, -0.5955909, 0.5632273), (-0.46563125, -0.7158815, 0.5202895), (-0.3481892, -0.81548494, 0.46232966), (-0.34090522, -0.81778485, 0.46369338), (-0.45925945, -0.7237418, 0.5150519), (-0.45925945, -0.7237418, 0.5150519), (-0.34090522, -0.81778485, 0.46369338), (-0.3156922, -0.83371854, 0.4530474), (-0.44060507, -0.7514093, 0.49117333), (-0.5727534, -0.5955909, 0.5632273), (-0.45925945, -0.7237418, 0.5150519), (-0.44060507, -0.7514093, 0.49117333), (-0.56311923, -0.61774987, 0.5488914), (-0.6732947, -0.32581136, 0.6637177), (-0.68144125, -0.33655608, 0.64989835), (-0.6484543, -0.45332718, 0.61155653), (-0.6415106, -0.45691264, 0.6161939), (-0.68144125, -0.33655608, 0.64989835), (-0.68249047, -0.34617463, 0.64371574), (-0.64929795, -0.4568356, 0.6080406), (-0.6484543, -0.45332718, 0.61155653), (-0.6484543, -0.45332718, 0.61155653), (-0.64929795, -0.4568356, 0.6080406), (-0.57534605, -0.5904497, 0.5659913), (-0.5727534, -0.5955909, 0.5632273), (-0.6415106, -0.45691264, 0.6161939), (-0.6484543, -0.45332718, 0.61155653), (-0.5727534, -0.5955909, 0.5632273), (-0.56311923, -0.61774987, 0.5488914), (0.27936316, 0.6799059, 0.67800015), (0.25572425, 0.69418913, 0.6728347), (0.4345826, 0.74052685, 0.5125993), (0.47253373, 0.74164456, 0.47610426), (0.25572425, 0.69418913, 0.6728347), (0.23256321, 0.72157735, 0.6521047), (0.38289374, 0.76236314, 0.52172285), (0.4345826, 0.74052685, 0.5125993), (0.4345826, 0.74052685, 0.5125993), (0.38289374, 0.76236314, 0.52172285), (0.45216957, 0.8034215, 0.3873715), (0.52015346, 0.7797435, 0.3484832), (0.47253373, 0.74164456, 0.47610426), (0.4345826, 0.74052685, 0.5125993), (0.52015346, 0.7797435, 0.3484832), (0.5394949, 0.77334994, 0.332979), (0.2775931, 0.7052487, 0.6523544), (0.2935423, 0.6920065, 0.6595149), (0.16263284, 0.6794635, 0.7154578), (0.15996656, 0.67085946, 0.7241259), (0.2935423, 0.6920065, 0.6595149), (0.25406837, 0.6466754, 0.719208), (0.15538, 0.68176186, 0.714883), (0.16263284, 0.6794635, 0.7154578), (0.16263284, 0.6794635, 0.7154578), (0.15538, 0.68176186, 0.714883), (0.23256321, 0.72157735, 0.6521047), (0.25572425, 0.69418913, 0.6728347), (0.15996656, 0.67085946, 0.7241259), (0.16263284, 0.6794635, 0.7154578), (0.25572425, 0.69418913, 0.6728347), (0.27936316, 0.6799059, 0.67800015), (0.25406837, 0.6466754, 0.719208), (0.2935423, 0.6920065, 0.6595149), (0.5362138, 0.67032534, 0.5129704), (0.46709448, 0.60682505, 0.64310664), (0.2935423, 0.6920065, 0.6595149), (0.2775931, 0.7052487, 0.6523544), (0.5876951, 0.68477136, 0.43093213), (0.5362138, 0.67032534, 0.5129704), (0.5362138, 0.67032534, 0.5129704), (0.5876951, 0.68477136, 0.43093213), (0.7781934, 0.5711106, 0.26124236), (0.74416304, 0.5731523, 0.3431003), (0.46709448, 0.60682505, 0.64310664), (0.5362138, 0.67032534, 0.5129704), (0.74416304, 0.5731523, 0.3431003), (0.69252974, 0.5114713, 0.5087235), (0.96932846, 0.23002009, 0.08656232), (0.97160137, 0.1889843, 0.14239244), (0.88101536, 0.4164322, 0.22449064), (0.8879621, 0.43038437, 0.16215006), (0.97160137, 0.1889843, 0.14239244), (0.9402611, 0.13197598, 0.3138332), (0.8516164, 0.34544694, 0.3942284), (0.88101536, 0.4164322, 0.22449064), (0.88101536, 0.4164322, 0.22449064), (0.8516164, 0.34544694, 0.3942284), (0.69252974, 0.5114713, 0.5087235), (0.74416304, 0.5731523, 0.3431003), (0.8879621, 0.43038437, 0.16215006), (0.88101536, 0.4164322, 0.22449064), (0.74416304, 0.5731523, 0.3431003), (0.7781934, 0.5711106, 0.26124236), (0.91372633, -0.3038376, 0.26979068), (0.9585513, -0.10488914, 0.26491076), (0.98967683, -0.096067056, 0.106352724), (0.9335846, -0.32630053, 0.14814785), (0.9585513, -0.10488914, 0.26491076), (0.9402611, 0.13197598, 0.3138332), (0.97160137, 0.1889843, 0.14239244), (0.98967683, -0.096067056, 0.106352724), (0.98967683, -0.096067056, 0.106352724), (0.97160137, 0.1889843, 0.14239244), (0.96932846, 0.23002009, 0.08656232), (0.9976998, -0.053776037, 0.041270327), (0.9335846, -0.32630053, 0.14814785), (0.98967683, -0.096067056, 0.106352724), (0.9976998, -0.053776037, 0.041270327), (0.941794, -0.32605857, 0.08191409), (0.78848654, -0.49456084, 0.3656482), (0.846583, -0.4298335, 0.31391117), (0.8554217, -0.45981008, 0.23838705), (0.7721623, -0.52143437, 0.36314115), (0.846583, -0.4298335, 0.31391117), (0.91372633, -0.3038376, 0.26979068), (0.9335846, -0.32630053, 0.14814785), (0.8554217, -0.45981008, 0.23838705), (0.8554217, -0.45981008, 0.23838705), (0.9335846, -0.32630053, 0.14814785), (0.941794, -0.32605857, 0.08191409), (0.8484942, -0.48046365, 0.22183867), (0.7721623, -0.52143437, 0.36314115), (0.8554217, -0.45981008, 0.23838705), (0.8484942, -0.48046365, 0.22183867), (0.7371695, -0.5373139, 0.40972534), (0.8782678, -0.2775739, 0.38935634), (0.8871083, -0.12685816, 0.44378588), (0.9087768, -0.12595645, 0.39781845), (0.88731825, -0.28717038, 0.3608318), (0.8871083, -0.12685816, 0.44378588), (0.850389, 0.056514982, 0.52311057), (0.88007253, 0.071204714, 0.46947017), (0.9087768, -0.12595645, 0.39781845), (0.9087768, -0.12595645, 0.39781845), (0.88007253, 0.071204714, 0.46947017), (0.9402611, 0.13197598, 0.3138332), (0.9585513, -0.10488914, 0.26491076), (0.88731825, -0.28717038, 0.3608318), (0.9087768, -0.12595645, 0.39781845), (0.9585513, -0.10488914, 0.26491076), (0.91372633, -0.3038376, 0.26979068), (0.7421456, -0.48797774, 0.4594536), (0.8326253, -0.39299437, 0.39024433), (0.8366304, -0.40209487, 0.37198016), (0.76613927, -0.48425838, 0.42252153), (0.8326253, -0.39299437, 0.39024433), (0.8782678, -0.2775739, 0.38935634), (0.88731825, -0.28717038, 0.3608318), (0.8366304, -0.40209487, 0.37198016), (0.8366304, -0.40209487, 0.37198016), (0.88731825, -0.28717038, 0.3608318), (0.91372633, -0.3038376, 0.26979068), (0.846583, -0.4298335, 0.31391117), (0.76613927, -0.48425838, 0.42252153), (0.8366304, -0.40209487, 0.37198016), (0.846583, -0.4298335, 0.31391117), (0.78848654, -0.49456084, 0.3656482), (-0.470902, -0.3245138, 0.8203305), (-0.56447256, -0.3606348, 0.7425047), (-0.46933472, -0.3234632, 0.8216425), (-0.4129046, -0.28544354, 0.86488825), (-0.56447256, -0.3606348, 0.7425047), (-0.5900521, -0.4805854, 0.64874965), (-0.50149703, -0.43235713, 0.7493785), (-0.46933472, -0.3234632, 0.8216425), (-0.46933472, -0.3234632, 0.8216425), (-0.50149703, -0.43235713, 0.7493785), (-0.45833808, -0.39483818, 0.79625934), (-0.42759484, -0.29752758, 0.8536041), (-0.4129046, -0.28544354, 0.86488825), (-0.46933472, -0.3234632, 0.8216425), (-0.42759484, -0.29752758, 0.8536041), (-0.39659482, -0.26852322, 0.8778427), (-0.26591897, -0.42114228, 0.86713684), (-0.35739532, -0.36808947, 0.8583582), (-0.34354854, -0.3260803, 0.8807077), (-0.24810225, -0.4038667, 0.8805322), (-0.35739532, -0.36808947, 0.8583582), (-0.470902, -0.3245138, 0.8203305), (-0.4129046, -0.28544354, 0.86488825), (-0.34354854, -0.3260803, 0.8807077), (-0.34354854, -0.3260803, 0.8807077), (-0.4129046, -0.28544354, 0.86488825), (-0.39659482, -0.26852322, 0.8778427), (-0.3361836, -0.32118332, 0.8853371), (-0.24810225, -0.4038667, 0.8805322), (-0.34354854, -0.3260803, 0.8807077), (-0.3361836, -0.32118332, 0.8853371), (-0.20987536, -0.41663706, 0.8845145), (-0.074316025, -0.48605287, 0.8707639), (-0.08733119, -0.4869759, 0.86903834), (-0.15385085, -0.46619743, 0.87120026), (-0.093279734, -0.4776481, 0.8735852), (-0.08733119, -0.4869759, 0.86903834), (-0.17966072, -0.4846278, 0.85607123), (-0.23995061, -0.4623296, 0.85362464), (-0.15385085, -0.46619743, 0.87120026), (-0.15385085, -0.46619743, 0.87120026), (-0.23995061, -0.4623296, 0.85362464), (-0.26591897, -0.42114228, 0.86713684), (-0.24810225, -0.4038667, 0.8805322), (-0.093279734, -0.4776481, 0.8735852), (-0.15385085, -0.46619743, 0.87120026), (-0.24810225, -0.4038667, 0.8805322), (-0.20987536, -0.41663706, 0.8845145), (0.7421456, -0.48797774, 0.4594536), (0.76613927, -0.48425838, 0.42252153), (0.7043629, -0.52837205, 0.47402093), (0.65118295, -0.53547376, 0.5377998), (0.76613927, -0.48425838, 0.42252153), (0.78848654, -0.49456084, 0.3656482), (0.7721623, -0.52143437, 0.36314115), (0.7043629, -0.52837205, 0.47402093), (0.7043629, -0.52837205, 0.47402093), (0.7721623, -0.52143437, 0.36314115), (0.7371695, -0.5373139, 0.40972534), (0.64945287, -0.5422467, 0.533085), (0.65118295, -0.53547376, 0.5377998), (0.7043629, -0.52837205, 0.47402093), (0.64945287, -0.5422467, 0.533085), (0.63502496, -0.5414492, 0.55097747), (-0.56634086, -0.38365647, 0.7294283), (-0.537878, -0.3659727, 0.75944144), (-0.3860185, -0.41643256, 0.8231486), (-0.36694312, -0.44276902, 0.8181127), (-0.537878, -0.3659727, 0.75944144), (-0.470902, -0.3245138, 0.8203305), (-0.35739532, -0.36808947, 0.8583582), (-0.3860185, -0.41643256, 0.8231486), (-0.3860185, -0.41643256, 0.8231486), (-0.35739532, -0.36808947, 0.8583582), (-0.26591897, -0.42114228, 0.86713684), (-0.23995061, -0.4623296, 0.85362464), (-0.36694312, -0.44276902, 0.8181127), (-0.3860185, -0.41643256, 0.8231486), (-0.23995061, -0.4623296, 0.85362464), (-0.17966072, -0.4846278, 0.85607123), (-0.66096336, -0.5430007, 0.5179553), (-0.6524003, -0.51365286, 0.5572562), (-0.6420008, -0.3951521, 0.65703106), (-0.67110515, -0.4232714, 0.60865366), (-0.6524003, -0.51365286, 0.5572562), (-0.5900521, -0.4805854, 0.64874965), (-0.56447256, -0.3606348, 0.7425047), (-0.6420008, -0.3951521, 0.65703106), (-0.6420008, -0.3951521, 0.65703106), (-0.56447256, -0.3606348, 0.7425047), (-0.470902, -0.3245138, 0.8203305), (-0.537878, -0.3659727, 0.75944144), (-0.67110515, -0.4232714, 0.60865366), (-0.6420008, -0.3951521, 0.65703106), (-0.537878, -0.3659727, 0.75944144), (-0.56634086, -0.38365647, 0.7294283), (-0.7206029, -0.451731, 0.5259949), (-0.72418576, -0.4102877, 0.55427337), (-0.6477945, -0.5652675, 0.51072), (-0.65912485, -0.5727859, 0.48730958), (-0.72418576, -0.4102877, 0.55427337), (-0.685331, -0.42418337, 0.5919374), (-0.6031999, -0.5390368, 0.58786833), (-0.6477945, -0.5652675, 0.51072), (-0.6477945, -0.5652675, 0.51072), (-0.6031999, -0.5390368, 0.58786833), (-0.5900521, -0.4805854, 0.64874965), (-0.6524003, -0.51365286, 0.5572562), (-0.65912485, -0.5727859, 0.48730958), (-0.6477945, -0.5652675, 0.51072), (-0.6524003, -0.51365286, 0.5572562), (-0.66096336, -0.5430007, 0.5179553), (-0.7938963, 0.053037517, 0.60573566), (-0.79567397, 0.03349181, 0.6047986), (-0.7826919, -0.14386849, 0.6055537), (-0.78841347, -0.15884823, 0.5942823), (-0.79567397, 0.03349181, 0.6047986), (-0.8001323, -0.026192077, 0.5992515), (-0.762567, -0.20518184, 0.6135079), (-0.7826919, -0.14386849, 0.6055537), (-0.7826919, -0.14386849, 0.6055537), (-0.762567, -0.20518184, 0.6135079), (-0.685331, -0.42418337, 0.5919374), (-0.72418576, -0.4102877, 0.55427337), (-0.78841347, -0.15884823, 0.5942823), (-0.7826919, -0.14386849, 0.6055537), (-0.72418576, -0.4102877, 0.55427337), (-0.7206029, -0.451731, 0.5259949), (-0.5900521, -0.4805854, 0.64874965), (-0.6031999, -0.5390368, 0.58786833), (-0.5457907, -0.49177793, 0.67842984), (-0.50149703, -0.43235713, 0.7493785), (-0.6031999, -0.5390368, 0.58786833), (-0.685331, -0.42418337, 0.5919374), (-0.64404356, -0.42129427, 0.6385287), (-0.5457907, -0.49177793, 0.67842984), (-0.5457907, -0.49177793, 0.67842984), (-0.64404356, -0.42129427, 0.6385287), (-0.61282617, -0.42292723, 0.6675153), (-0.5122334, -0.46054432, 0.72492474), (-0.50149703, -0.43235713, 0.7493785), (-0.5457907, -0.49177793, 0.67842984), (-0.5122334, -0.46054432, 0.72492474), (-0.45833808, -0.39483818, 0.79625934), (-0.8001323, -0.026192077, 0.5992515), (-0.8005876, -0.08843907, 0.5926533), (-0.73841923, -0.26186836, 0.6214193), (-0.762567, -0.20518184, 0.6135079), (-0.8005876, -0.08843907, 0.5926533), (-0.7929274, -0.1283484, 0.59564483), (-0.71740204, -0.29770935, 0.62984407), (-0.73841923, -0.26186836, 0.6214193), (-0.73841923, -0.26186836, 0.6214193), (-0.71740204, -0.29770935, 0.62984407), (-0.61282617, -0.42292723, 0.6675153), (-0.64404356, -0.42129427, 0.6385287), (-0.762567, -0.20518184, 0.6135079), (-0.73841923, -0.26186836, 0.6214193), (-0.64404356, -0.42129427, 0.6385287), (-0.685331, -0.42418337, 0.5919374), (-0.8001323, -0.026192077, 0.5992515), (-0.8324034, 0.035627242, 0.5530238), (-0.8440852, 0.01642279, 0.5359574), (-0.8005876, -0.08843907, 0.5926533), (-0.8324034, 0.035627242, 0.5530238), (-0.8657297, -0.041362908, 0.49879983), (-0.8713441, -0.010453393, 0.49056107), (-0.8440852, 0.01642279, 0.5359574), (-0.8440852, 0.01642279, 0.5359574), (-0.8713441, -0.010453393, 0.49056107), (-0.8714464, 0.007611103, 0.49043158), (-0.84574807, 0.0047616693, 0.5335612), (-0.8005876, -0.08843907, 0.5926533), (-0.8440852, 0.01642279, 0.5359574), (-0.84574807, 0.0047616693, 0.5335612), (-0.7929274, -0.1283484, 0.59564483), (-0.7938963, 0.053037517, 0.60573566), (-0.8060586, 0.055135425, 0.58926207), (-0.8153498, 0.05146185, 0.57667696), (-0.79567397, 0.03349181, 0.6047986), (-0.8060586, 0.055135425, 0.58926207), (-0.83776265, -0.08895493, 0.53874), (-0.84891677, -0.06778776, 0.52416146), (-0.8153498, 0.05146185, 0.57667696), (-0.8153498, 0.05146185, 0.57667696), (-0.84891677, -0.06778776, 0.52416146), (-0.8657297, -0.041362908, 0.49879983), (-0.8324034, 0.035627242, 0.5530238), (-0.79567397, 0.03349181, 0.6047986), (-0.8153498, 0.05146185, 0.57667696), (-0.8324034, 0.035627242, 0.5530238), (-0.8001323, -0.026192077, 0.5992515), (-0.8657297, -0.041362908, 0.49879983), (-0.84891677, -0.06778776, 0.52416146), (-0.89869285, -0.21983814, 0.37950292), (-0.90435094, -0.16404097, 0.39400494), (-0.84891677, -0.06778776, 0.52416146), (-0.83776265, -0.08895493, 0.53874), (-0.90273833, -0.2529362, 0.34797528), (-0.89869285, -0.21983814, 0.37950292), (-0.89869285, -0.21983814, 0.37950292), (-0.90273833, -0.2529362, 0.34797528), (-0.9410871, -0.28483483, 0.18227497), (-0.9429433, -0.26396114, 0.20293505), (-0.90435094, -0.16404097, 0.39400494), (-0.89869285, -0.21983814, 0.37950292), (-0.9429433, -0.26396114, 0.20293505), (-0.94827867, -0.18759407, 0.25607836), (-0.8714464, 0.007611103, 0.49043158), (-0.8713441, -0.010453393, 0.49056107), (-0.89924157, -0.08995614, 0.42810333), (-0.8923312, -0.05308479, 0.44824892), (-0.8713441, -0.010453393, 0.49056107), (-0.8657297, -0.041362908, 0.49879983), (-0.90435094, -0.16404097, 0.39400494), (-0.89924157, -0.08995614, 0.42810333), (-0.89924157, -0.08995614, 0.42810333), (-0.90435094, -0.16404097, 0.39400494), (-0.94827867, -0.18759407, 0.25607836), (-0.94100183, -0.07844835, 0.3291829), (-0.8923312, -0.05308479, 0.44824892), (-0.89924157, -0.08995614, 0.42810333), (-0.94100183, -0.07844835, 0.3291829), (-0.93206143, -0.019354405, 0.36178282), (-0.94827867, -0.18759407, 0.25607836), (-0.9429433, -0.26396114, 0.20293505), (-0.9665384, -0.21825677, 0.13478638), (-0.9730621, -0.124372624, 0.19411719), (-0.9429433, -0.26396114, 0.20293505), (-0.9410871, -0.28483483, 0.18227497), (-0.95928216, -0.2556294, 0.120130055), (-0.9665384, -0.21825677, 0.13478638), (-0.9665384, -0.21825677, 0.13478638), (-0.95928216, -0.2556294, 0.120130055), (-0.96798486, -0.22794046, 0.1051119), (-0.9760687, -0.16601205, 0.14046317), (-0.9730621, -0.124372624, 0.19411719), (-0.9665384, -0.21825677, 0.13478638), (-0.9760687, -0.16601205, 0.14046317), (-0.9786508, -0.07275255, 0.19222277), (-0.93206143, -0.019354405, 0.36178282), (-0.94100183, -0.07844835, 0.3291829), (-0.9637885, 0.00045733925, 0.2666672), (-0.9527818, 0.0655964, 0.29648617), (-0.94100183, -0.07844835, 0.3291829), (-0.94827867, -0.18759407, 0.25607836), (-0.9730621, -0.124372624, 0.19411719), (-0.9637885, 0.00045733925, 0.2666672), (-0.9637885, 0.00045733925, 0.2666672), (-0.9730621, -0.124372624, 0.19411719), (-0.9786508, -0.07275255, 0.19222277), (-0.9666493, 0.042770304, 0.25250703), (-0.9527818, 0.0655964, 0.29648617), (-0.9637885, 0.00045733925, 0.2666672), (-0.9666493, 0.042770304, 0.25250703), (-0.9558996, 0.094434656, 0.27809724), (0.45216957, 0.8034215, 0.3873715), (0.34543443, 0.82630026, 0.44486287), (0.31299862, 0.85949636, 0.40410128), (0.43206194, 0.83038825, 0.3518207), (0.34543443, 0.82630026, 0.44486287), (0.28625932, 0.8330145, 0.47343692), (0.25046435, 0.8693115, 0.42610458), (0.31299862, 0.85949636, 0.40410128), (0.31299862, 0.85949636, 0.40410128), (0.25046435, 0.8693115, 0.42610458), (0.23294276, 0.8797232, 0.41451755), (0.28645486, 0.8720007, 0.3969362), (0.43206194, 0.83038825, 0.3518207), (0.31299862, 0.85949636, 0.40410128), (0.28645486, 0.8720007, 0.3969362), (0.3984267, 0.8457965, 0.3548019), (0.5394949, 0.77334994, 0.332979), (0.52015346, 0.7797435, 0.3484832), (0.51472473, 0.7994951, 0.30962235), (0.54046375, 0.7868723, 0.29787725), (0.52015346, 0.7797435, 0.3484832), (0.45216957, 0.8034215, 0.3873715), (0.43206194, 0.83038825, 0.3518207), (0.51472473, 0.7994951, 0.30962235), (0.51472473, 0.7994951, 0.30962235), (0.43206194, 0.83038825, 0.3518207), (0.3984267, 0.8457965, 0.3548019), (0.48324248, 0.8158704, 0.31754097), (0.54046375, 0.7868723, 0.29787725), (0.51472473, 0.7994951, 0.30962235), (0.48324248, 0.8158704, 0.31754097), (0.5326083, 0.793847, 0.29348806), (0.23256321, 0.72157735, 0.6521047), (0.19119075, 0.7406314, 0.64413613), (0.29880065, 0.78012246, 0.5496609), (0.38289374, 0.76236314, 0.52172285), (0.19119075, 0.7406314, 0.64413613), (0.16645436, 0.7454666, 0.6454243), (0.251155, 0.78296715, 0.5691078), (0.29880065, 0.78012246, 0.5496609), (0.29880065, 0.78012246, 0.5496609), (0.251155, 0.78296715, 0.5691078), (0.28625932, 0.8330145, 0.47343692), (0.34543443, 0.82630026, 0.44486287), (0.38289374, 0.76236314, 0.52172285), (0.29880065, 0.78012246, 0.5496609), (0.34543443, 0.82630026, 0.44486287), (0.45216957, 0.8034215, 0.3873715), (0.2257008, 0.58344936, 0.78015774), (0.1417578, 0.68324804, 0.71629393), (0.14575666, 0.6851535, 0.7136663), (0.22635667, 0.6039643, 0.7641922), (0.1417578, 0.68324804, 0.71629393), (0.16645436, 0.7454666, 0.6454243), (0.19119075, 0.7406314, 0.64413613), (0.14575666, 0.6851535, 0.7136663), (0.14575666, 0.6851535, 0.7136663), (0.19119075, 0.7406314, 0.64413613), (0.23256321, 0.72157735, 0.6521047), (0.15538, 0.68176186, 0.714883), (0.22635667, 0.6039643, 0.7641922), (0.14575666, 0.6851535, 0.7136663), (0.15538, 0.68176186, 0.714883), (0.25406837, 0.6466754, 0.719208), (0.59714437, 0.38486308, 0.7037748), (0.3950173, 0.48861444, 0.7779571), (0.41255108, 0.52616084, 0.7436104), (0.6270575, 0.42458797, 0.653088), (0.3950173, 0.48861444, 0.7779571), (0.2257008, 0.58344936, 0.78015774), (0.22635667, 0.6039643, 0.7641922), (0.41255108, 0.52616084, 0.7436104), (0.41255108, 0.52616084, 0.7436104), (0.22635667, 0.6039643, 0.7641922), (0.25406837, 0.6466754, 0.719208), (0.46709448, 0.60682505, 0.64310664), (0.6270575, 0.42458797, 0.653088), (0.41255108, 0.52616084, 0.7436104), (0.46709448, 0.60682505, 0.64310664), (0.69252974, 0.5114713, 0.5087235), (0.9402611, 0.13197598, 0.3138332), (0.88007253, 0.071204714, 0.46947017), (0.7899602, 0.2646208, 0.5531172), (0.8516164, 0.34544694, 0.3942284), (0.88007253, 0.071204714, 0.46947017), (0.850389, 0.056514982, 0.52311057), (0.75856125, 0.2353485, 0.6076149), (0.7899602, 0.2646208, 0.5531172), (0.7899602, 0.2646208, 0.5531172), (0.75856125, 0.2353485, 0.6076149), (0.59714437, 0.38486308, 0.7037748), (0.6270575, 0.42458797, 0.653088), (0.8516164, 0.34544694, 0.3942284), (0.7899602, 0.2646208, 0.5531172), (0.6270575, 0.42458797, 0.653088), (0.69252974, 0.5114713, 0.5087235), (-0.29033294, 0.9540596, 0.07400732), (-0.3184722, 0.94524217, 0.07136284), (-0.40819532, 0.91244555, 0.028632168), (-0.38243032, 0.92348397, 0.030404944), (-0.3184722, 0.94524217, 0.07136284), (-0.39410216, 0.91893625, 0.0154771535), (-0.40828893, 0.91212076, 0.036549587), (-0.40819532, 0.91244555, 0.028632168), (-0.40819532, 0.91244555, 0.028632168), (-0.40828893, 0.91212076, 0.036549587), (-0.45680073, 0.88902193, 0.031193119), (-0.46206474, 0.886628, 0.019673958), (-0.38243032, 0.92348397, 0.030404944), (-0.40819532, 0.91244555, 0.028632168), (-0.46206474, 0.886628, 0.019673958), (-0.4408763, 0.89745367, 0.014317135), (-0.39410216, 0.91893625, 0.0154771535), (-0.3184722, 0.94524217, 0.07136284), (-0.2785013, 0.9087011, 0.310965), (-0.3402377, 0.88664407, 0.31321022), (-0.3184722, 0.94524217, 0.07136284), (-0.29033294, 0.9540596, 0.07400732), (-0.19421127, 0.92778003, 0.31860048), (-0.2785013, 0.9087011, 0.310965), (-0.2785013, 0.9087011, 0.310965), (-0.19421127, 0.92778003, 0.31860048), (-0.22244877, 0.6511449, 0.72562164), (-0.28561834, 0.64326745, 0.7103725), (-0.3402377, 0.88664407, 0.31321022), (-0.2785013, 0.9087011, 0.310965), (-0.28561834, 0.64326745, 0.7103725), (-0.34767875, 0.59650767, 0.7233935), (-0.55433327, 0.8316868, -0.031808328), (-0.5784677, 0.81570524, 0.00012887556), (-0.45492244, 0.8899906, 0.031020112), (-0.42186338, 0.9066573, 0.0019849988), (-0.5784677, 0.81570524, 0.00012887556), (-0.57432866, 0.81857425, 0.009101396), (-0.4802677, 0.87654436, 0.031826627), (-0.45492244, 0.8899906, 0.031020112), (-0.45492244, 0.8899906, 0.031020112), (-0.4802677, 0.87654436, 0.031826627), (-0.45680073, 0.88902193, 0.031193119), (-0.40828893, 0.91212076, 0.036549587), (-0.42186338, 0.9066573, 0.0019849988), (-0.45492244, 0.8899906, 0.031020112), (-0.40828893, 0.91212076, 0.036549587), (-0.39410216, 0.91893625, 0.0154771535), (-0.55433327, 0.8316868, -0.031808328), (-0.42186338, 0.9066573, 0.0019849988), (-0.3724904, 0.92102075, -0.11389299), (-0.464469, 0.8767401, -0.12488123), (-0.42186338, 0.9066573, 0.0019849988), (-0.39410216, 0.91893625, 0.0154771535), (-0.37054533, 0.92009306, -0.12698379), (-0.3724904, 0.92102075, -0.11389299), (-0.3724904, 0.92102075, -0.11389299), (-0.37054533, 0.92009306, -0.12698379), (-0.22778147, 0.96016693, -0.16184866), (-0.25552738, 0.9532215, -0.16147617), (-0.464469, 0.8767401, -0.12488123), (-0.3724904, 0.92102075, -0.11389299), (-0.25552738, 0.9532215, -0.16147617), (-0.3450509, 0.92085785, -0.18155076), (-0.7029463, 0.7023912, -0.1118619), (-0.8915773, 0.44446352, -0.08684484), (-0.72111785, 0.6916137, -0.040737193), (-0.6840267, 0.72637814, -0.06694987), (-0.8915773, 0.44446352, -0.08684484), (-0.7945769, 0.60437614, -0.058113538), (-0.70677084, 0.7068327, -0.029367963), (-0.72111785, 0.6916137, -0.040737193), (-0.72111785, 0.6916137, -0.040737193), (-0.70677084, 0.7068327, -0.029367963), (-0.57432866, 0.81857425, 0.009101396), (-0.5784677, 0.81570524, 0.00012887556), (-0.6840267, 0.72637814, -0.06694987), (-0.72111785, 0.6916137, -0.040737193), (-0.5784677, 0.81570524, 0.00012887556), (-0.55433327, 0.8316868, -0.031808328), (-0.7029463, 0.7023912, -0.1118619), (-0.6840267, 0.72637814, -0.06694987), (-0.5035725, 0.85104287, -0.14879766), (-0.5240444, 0.832259, -0.18089339), (-0.6840267, 0.72637814, -0.06694987), (-0.55433327, 0.8316868, -0.031808328), (-0.464469, 0.8767401, -0.12488123), (-0.5035725, 0.85104287, -0.14879766), (-0.5035725, 0.85104287, -0.14879766), (-0.464469, 0.8767401, -0.12488123), (-0.3450509, 0.92085785, -0.18155076), (-0.44093108, 0.87792885, -0.18660335), (-0.5240444, 0.832259, -0.18089339), (-0.5035725, 0.85104287, -0.14879766), (-0.44093108, 0.87792885, -0.18660335), (-0.47096723, 0.8645051, -0.17555833), (-0.98888993, -0.036034793, -0.14421625), (-0.98635423, 0.083898045, -0.14165568), (-0.9591847, 0.25555784, -0.121057115), (-0.99129444, 0.0045944653, -0.13158342), (-0.98635423, 0.083898045, -0.14165568), (-0.9548465, 0.26817733, -0.12786293), (-0.8858729, 0.45449483, -0.09307859), (-0.9591847, 0.25555784, -0.121057115), (-0.9591847, 0.25555784, -0.121057115), (-0.8858729, 0.45449483, -0.09307859), (-0.7945769, 0.60437614, -0.058113538), (-0.8915773, 0.44446352, -0.08684484), (-0.99129444, 0.0045944653, -0.13158342), (-0.9591847, 0.25555784, -0.121057115), (-0.8915773, 0.44446352, -0.08684484), (-0.7029463, 0.7023912, -0.1118619), (-0.98888993, -0.036034793, -0.14421625), (-0.99129444, 0.0045944653, -0.13158342), (-0.99546653, -0.034445442, -0.08865577), (-0.98860997, -0.099903494, -0.112559326), (-0.99129444, 0.0045944653, -0.13158342), (-0.7029463, 0.7023912, -0.1118619), (-0.997496, -0.021223055, -0.067462966), (-0.99546653, -0.034445442, -0.08865577), (-0.99546653, -0.034445442, -0.08865577), (-0.997496, -0.021223055, -0.067462966), (-0.9961861, -0.06844583, 0.054115873), (-0.99697, -0.07624311, 0.015425382), (-0.98860997, -0.099903494, -0.112559326), (-0.99546653, -0.034445442, -0.08865577), (-0.99697, -0.07624311, 0.015425382), (-0.9961227, -0.08781035, -0.005383862), (-0.9961227, -0.08781035, -0.005383862), (-0.99697, -0.07624311, 0.015425382), (-0.9674334, -0.116264775, 0.22484465), (-0.96913517, -0.1306988, 0.20903319), (-0.99697, -0.07624311, 0.015425382), (-0.9961861, -0.06844583, 0.054115873), (-0.9552817, -0.114193164, 0.2727578), (-0.9674334, -0.116264775, 0.22484465), (-0.9674334, -0.116264775, 0.22484465), (-0.9552817, -0.114193164, 0.2727578), (-0.87236977, -0.19847268, 0.4467433), (-0.8887032, -0.20220424, 0.4114852), (-0.96913517, -0.1306988, 0.20903319), (-0.9674334, -0.116264775, 0.22484465), (-0.8887032, -0.20220424, 0.4114852), (-0.8875504, -0.22455634, 0.40227944), (-0.8875504, -0.22455634, 0.40227944), (-0.8887032, -0.20220424, 0.4114852), (-0.813525, -0.26621577, 0.51701653), (-0.81265557, -0.28028026, 0.5109147), (-0.8887032, -0.20220424, 0.4114852), (-0.87236977, -0.19847268, 0.4467433), (-0.80055124, -0.25989282, 0.53997535), (-0.813525, -0.26621577, 0.51701653), (-0.813525, -0.26621577, 0.51701653), (-0.80055124, -0.25989282, 0.53997535), (-0.70842016, -0.25659537, 0.657495), (-0.7182377, -0.26566154, 0.6430852), (-0.81265557, -0.28028026, 0.5109147), (-0.813525, -0.26621577, 0.51701653), (-0.7182377, -0.26566154, 0.6430852), (-0.71088594, -0.27201378, 0.6485752), (-0.71088594, -0.27201378, 0.6485752), (-0.7182377, -0.26566154, 0.6430852), (-0.5357005, -0.15780647, 0.8295313), (-0.4774839, -0.11441534, 0.8711591), (-0.7182377, -0.26566154, 0.6430852), (-0.70842016, -0.25659537, 0.657495), (-0.5505522, -0.16936181, 0.81744045), (-0.5357005, -0.15780647, 0.8295313), (-0.5357005, -0.15780647, 0.8295313), (-0.5505522, -0.16936181, 0.81744045), (-0.35611537, 0.0126250675, 0.9343567), (-0.3016467, 0.07119872, 0.95075756), (-0.4774839, -0.11441534, 0.8711591), (-0.5357005, -0.15780647, 0.8295313), (-0.3016467, 0.07119872, 0.95075756), (-0.2194165, 0.1515641, 0.9637867), (-0.2194165, 0.1515641, 0.9637867), (-0.3016467, 0.07119872, 0.95075756), (-0.1941559, 0.30663687, 0.93181396), (-0.115844525, 0.37413085, 0.920112), (-0.3016467, 0.07119872, 0.95075756), (-0.35611537, 0.0126250675, 0.9343567), (-0.27055246, 0.21823917, 0.9376423), (-0.1941559, 0.30663687, 0.93181396), (-0.1941559, 0.30663687, 0.93181396), (-0.27055246, 0.21823917, 0.9376423), (-0.28259924, 0.38910094, 0.8767772), (-0.22346067, 0.46431583, 0.85701585), (-0.115844525, 0.37413085, 0.920112), (-0.1941559, 0.30663687, 0.93181396), (-0.22346067, 0.46431583, 0.85701585), (-0.16039723, 0.5084645, 0.8460122), (-0.16039723, 0.5084645, 0.8460122), (-0.22346067, 0.46431583, 0.85701585), (-0.2688868, 0.54907906, 0.79133564), (-0.23554155, 0.56416583, 0.7913514), (-0.22346067, 0.46431583, 0.85701585), (-0.28259924, 0.38910094, 0.8767772), (-0.29738945, 0.5075319, 0.8086847), (-0.2688868, 0.54907906, 0.79133564), (-0.2688868, 0.54907906, 0.79133564), (-0.29738945, 0.5075319, 0.8086847), (-0.2952038, 0.56683683, 0.7691234), (-0.28341493, 0.57508755, 0.76743096), (-0.23554155, 0.56416583, 0.7913514), (-0.2688868, 0.54907906, 0.79133564), (-0.28341493, 0.57508755, 0.76743096), (-0.27392185, 0.58161426, 0.765958), (-0.47096723, 0.8645051, -0.17555833), (-0.44093108, 0.87792885, -0.18660335), (-0.31269148, 0.9470066, -0.0735013), (-0.31339276, 0.9489942, -0.034567934), (-0.44093108, 0.87792885, -0.18660335), (-0.3450509, 0.92085785, -0.18155076), (-0.3058185, 0.94373816, -0.12583008), (-0.31269148, 0.9470066, -0.0735013), (-0.31269148, 0.9470066, -0.0735013), (-0.3058185, 0.94373816, -0.12583008), (-0.372503, 0.927946, -0.012563133), (-0.24029614, 0.9636142, 0.11707005), (-0.31339276, 0.9489942, -0.034567934), (-0.31269148, 0.9470066, -0.0735013), (-0.24029614, 0.9636142, 0.11707005), (-0.17394017, 0.9659388, 0.191591), (-0.3450509, 0.92085785, -0.18155076), (-0.25552738, 0.9532215, -0.16147617), (-0.30449653, 0.9419177, -0.14167912), (-0.3058185, 0.94373816, -0.12583008), (-0.25552738, 0.9532215, -0.16147617), (-0.22778147, 0.96016693, -0.16184866), (-0.26640254, 0.95318663, -0.14305574), (-0.30449653, 0.9419177, -0.14167912), (-0.30449653, 0.9419177, -0.14167912), (-0.26640254, 0.95318663, -0.14305574), (-0.4561804, 0.88233757, -0.115671255), (-0.47101423, 0.8772755, -0.09237482), (-0.3058185, 0.94373816, -0.12583008), (-0.30449653, 0.9419177, -0.14167912), (-0.47101423, 0.8772755, -0.09237482), (-0.372503, 0.927946, -0.012563133), (-0.17394017, 0.9659388, 0.191591), (-0.24029614, 0.9636142, 0.11707005), (-0.24773237, 0.9285703, 0.27638012), (-0.14720224, 0.9196524, 0.3641029), (-0.24029614, 0.9636142, 0.11707005), (-0.372503, 0.927946, -0.012563133), (-0.46133688, 0.8823511, 0.0928698), (-0.24773237, 0.9285703, 0.27638012), (-0.24773237, 0.9285703, 0.27638012), (-0.46133688, 0.8823511, 0.0928698), (-0.5127277, 0.8423901, 0.16579837), (-0.28970778, 0.8802148, 0.37588724), (-0.14720224, 0.9196524, 0.3641029), (-0.24773237, 0.9285703, 0.27638012), (-0.28970778, 0.8802148, 0.37588724), (-0.19148964, 0.86608475, 0.4617671), (-0.372503, 0.927946, -0.012563133), (-0.47101423, 0.8772755, -0.09237482), (-0.6105123, 0.7908205, -0.043331426), (-0.46133688, 0.8823511, 0.0928698), (-0.47101423, 0.8772755, -0.09237482), (-0.4561804, 0.88233757, -0.115671255), (-0.6371185, 0.76637506, -0.08215462), (-0.6105123, 0.7908205, -0.043331426), (-0.6105123, 0.7908205, -0.043331426), (-0.6371185, 0.76637506, -0.08215462), (-0.70523, 0.7063221, -0.0613175), (-0.6667539, 0.74520844, -0.010178075), (-0.46133688, 0.8823511, 0.0928698), (-0.6105123, 0.7908205, -0.043331426), (-0.6667539, 0.74520844, -0.010178075), (-0.5127277, 0.8423901, 0.16579837), (-0.19148964, 0.86608475, 0.4617671), (-0.28970778, 0.8802148, 0.37588724), (-0.3395159, 0.8275242, 0.44713834), (-0.25269866, 0.80955404, 0.5298732), (-0.28970778, 0.8802148, 0.37588724), (-0.5127277, 0.8423901, 0.16579837), (-0.53842163, 0.8138315, 0.21858719), (-0.3395159, 0.8275242, 0.44713834), (-0.3395159, 0.8275242, 0.44713834), (-0.53842163, 0.8138315, 0.21858719), (-0.55268383, 0.7961673, 0.24628867), (-0.37850735, 0.77939266, 0.49927884), (-0.25269866, 0.80955404, 0.5298732), (-0.3395159, 0.8275242, 0.44713834), (-0.37850735, 0.77939266, 0.49927884), (-0.2995792, 0.75445825, 0.5839906), (-0.5127277, 0.8423901, 0.16579837), (-0.6667539, 0.74520844, -0.010178075), (-0.67961186, 0.73350435, 0.009954036), (-0.53842163, 0.8138315, 0.21858719), (-0.6667539, 0.74520844, -0.010178075), (-0.70523, 0.7063221, -0.0613175), (-0.71829665, 0.6936358, -0.05403047), (-0.67961186, 0.73350435, 0.009954036), (-0.67961186, 0.73350435, 0.009954036), (-0.71829665, 0.6936358, -0.05403047), (-0.7092724, 0.70233035, -0.060536735), (-0.6746638, 0.7380343, 0.011577101), (-0.53842163, 0.8138315, 0.21858719), (-0.67961186, 0.73350435, 0.009954036), (-0.6746638, 0.7380343, 0.011577101), (-0.55268383, 0.7961673, 0.24628867), (-0.2995792, 0.75445825, 0.5839906), (-0.37850735, 0.77939266, 0.49927884), (-0.39625797, 0.7505433, 0.52883303), (-0.32063198, 0.7139936, 0.6224213), (-0.37850735, 0.77939266, 0.49927884), (-0.55268383, 0.7961673, 0.24628867), (-0.5583945, 0.79159856, 0.24812756), (-0.39625797, 0.7505433, 0.52883303), (-0.39625797, 0.7505433, 0.52883303), (-0.5583945, 0.79159856, 0.24812756), (-0.5790129, 0.78972876, 0.20266363), (-0.4538919, 0.77292377, 0.44336328), (-0.32063198, 0.7139936, 0.6224213), (-0.39625797, 0.7505433, 0.52883303), (-0.4538919, 0.77292377, 0.44336328), (-0.32484165, 0.6914114, 0.64531255), (-0.55268383, 0.7961673, 0.24628867), (-0.6746638, 0.7380343, 0.011577101), (-0.6637352, 0.74796754, 0.00024938467), (-0.5583945, 0.79159856, 0.24812756), (-0.6746638, 0.7380343, 0.011577101), (-0.7092724, 0.70233035, -0.060536735), (-0.6928052, 0.71753144, -0.07190026), (-0.6637352, 0.74796754, 0.00024938467), (-0.6637352, 0.74796754, 0.00024938467), (-0.6928052, 0.71753144, -0.07190026), (-0.6846248, 0.72478914, -0.07726325), (-0.6459639, 0.7627969, 0.029522503), (-0.5583945, 0.79159856, 0.24812756), (-0.6637352, 0.74796754, 0.00024938467), (-0.6459639, 0.7627969, 0.029522503), (-0.5790129, 0.78972876, 0.20266363), (-0.34767875, 0.59650767, 0.7233935), (-0.28561834, 0.64326745, 0.7103725), (-0.37704408, 0.31313363, 0.87165654), (-0.42562267, 0.2669803, 0.86461955), (-0.28561834, 0.64326745, 0.7103725), (-0.22244877, 0.6511449, 0.72562164), (-0.34236956, 0.32677418, 0.8809096), (-0.37704408, 0.31313363, 0.87165654), (-0.37704408, 0.31313363, 0.87165654), (-0.34236956, 0.32677418, 0.8809096), (-0.509542, 0.11972602, 0.8520755), (-0.535655, 0.11029246, 0.8372033), (-0.42562267, 0.2669803, 0.86461955), (-0.37704408, 0.31313363, 0.87165654), (-0.535655, 0.11029246, 0.8372033), (-0.5771697, 0.08220248, 0.81247634), (-0.5771697, 0.08220248, 0.81247634), (-0.535655, 0.11029246, 0.8372033), (-0.70342034, -0.07577615, 0.7067233), (-0.7240374, -0.08130204, 0.68495244), (-0.535655, 0.11029246, 0.8372033), (-0.509542, 0.11972602, 0.8520755), (-0.6744073, -0.06609055, 0.73539567), (-0.70342034, -0.07577615, 0.7067233), (-0.70342034, -0.07577615, 0.7067233), (-0.6744073, -0.06609055, 0.73539567), (-0.76568425, -0.2493186, 0.59293157), (-0.79714197, -0.25823244, 0.5457844), (-0.7240374, -0.08130204, 0.68495244), (-0.70342034, -0.07577615, 0.7067233), (-0.79714197, -0.25823244, 0.5457844), (-0.8194149, -0.25211844, 0.5147771), (-0.8194149, -0.25211844, 0.5147771), (-0.79714197, -0.25823244, 0.5457844), (-0.7940487, -0.43365023, 0.4259508), (-0.824915, -0.42223385, 0.37581083), (-0.79714197, -0.25823244, 0.5457844), (-0.76568425, -0.2493186, 0.59293157), (-0.76416385, -0.42494285, 0.48525995), (-0.7940487, -0.43365023, 0.4259508), (-0.7940487, -0.43365023, 0.4259508), (-0.76416385, -0.42494285, 0.48525995), (-0.6837362, -0.58769774, 0.4325692), (-0.7028743, -0.60057354, 0.381155), (-0.824915, -0.42223385, 0.37581083), (-0.7940487, -0.43365023, 0.4259508), (-0.7028743, -0.60057354, 0.381155), (-0.7374519, -0.5892404, 0.3300916), (-0.7374519, -0.5892404, 0.3300916), (-0.7028743, -0.60057354, 0.381155), (-0.5689372, -0.7192211, 0.3987875), (-0.6039606, -0.70942944, 0.36323756), (-0.7028743, -0.60057354, 0.381155), (-0.6837362, -0.58769774, 0.4325692), (-0.56793755, -0.70538545, 0.4241207), (-0.5689372, -0.7192211, 0.3987875), (-0.5689372, -0.7192211, 0.3987875), (-0.56793755, -0.70538545, 0.4241207), (-0.5025608, -0.75008976, 0.42988145), (-0.50456583, -0.7555123, 0.417869), (-0.6039606, -0.70942944, 0.36323756), (-0.5689372, -0.7192211, 0.3987875), (-0.50456583, -0.7555123, 0.417869), (-0.5068879, -0.76193845, 0.40313104)] (
                interpolation = "faceVarying"
            )
            point3f[] points = [(0.008115943, -0.0007936511, 0.006675641), (0.008209395, 0.0009320928, 0.0062693264), (0.011288922, -0.0000030201227, 0.006743581), (0.01122083, -0.0058013364, 0.0069307857), (0.0054227486, 0.00020788351, 0.0061039235), (0.0026606095, -0.00020698002, 0.004471271), (0.005553428, 0.00059883326, 0.005758321), (0.002808809, 0.00019883811, 0.0041563455), (0.005147925, 0.00088058866, 0.0061476766), (0.0074096853, 0.0019896436, 0.0070322813), (0.0024034095, 0.00045372354, 0.0044694785), (0.00072102627, 0.000293735, 0.0026093936), (0.00067635946, 0.000052814154, 0.0019455374), (0.00082838564, -0.0002975893, 0.002544786), (0.010736336, 0.0025340267, 0.007118393), (0.008267989, 0.005739941, 0.008755954), (0.010143707, 0.008749792, 0.010057105), (0.010484968, 0.004840175, 0.008247671), (0.012683168, 0.0067212577, 0.008583326), (0.014361977, 0.0043212557, 0.0071201776), (0.016160866, 0.008093421, 0.00745293), (0.019052625, 0.008859681, 0.0053203395), (0.017857391, 0.0053593656, 0.0057337247), (0.01307821, 0.010253385, 0.009709168), (0.016134584, 0.010485903, 0.008129605), (0.020458955, 0.006015552, 0.0032057909), (0.018322028, 0.0029045006, 0.004638806), (0.014789392, 0.0021289168, 0.006045947), (0.020754026, 0.0036164678, 0.002048792), (0.01882707, 0.00022652734, 0.005051251), (0.015216924, -0.00024016306, 0.0064423783), (0.022073492, 0.00094110373, 0.0018621801), (0.018953782, -0.002675441, 0.0054491875), (0.022196902, -0.00115903, 0.0028604087), (0.015571343, -0.003368255, 0.0066367495), (0.018959686, -0.0064361305, 0.005617729), (0.015508157, -0.007398794, 0.0062685143), (0.021171967, -0.004603148, 0.004966202), (0.012490736, -0.0030434518, 0.0069937264), (0.011033563, 0.0014248856, 0.0063943714), (0.0028130682, -0.0021586954, 0.022095475), (0.0027246687, -0.003047916, 0.02207314), (0.0032332991, -0.0014162131, 0.02199514), (0.0026540156, -0.0026025674, 0.022124209), (0.0028981452, -0.0017403131, 0.022092177), (0.0034305209, -0.0035425588, 0.021796897), (0.0042221956, -0.0036750427, 0.021512598), (0.0030063346, -0.0033848323, 0.021956792), (0.0037788362, -0.003732844, 0.02166373), (0.0040125553, -0.0015315883, 0.021720096), (0.0047048754, -0.0020514925, 0.021444563), (0.004431409, -0.0016959469, 0.021562515), (0.00367045, -0.0013437984, 0.021848582), (0.004632852, -0.002960117, 0.02141476), (0.00478292, -0.0025088582, 0.021389939), (0.004551574, -0.0033691116, 0.02141663), (0.008096181, -0.00376644, 0.06670588), (0.007999842, -0.004529124, 0.06673485), (0.008604728, -0.0033324906, 0.06660647), (0.00792767, -0.0041284757, 0.06673888), (0.008247487, -0.0035648115, 0.06666389), (0.008664702, -0.00496939, 0.06664795), (0.009502173, -0.005233636, 0.06651148), (0.008263946, -0.0048370673, 0.0667018), (0.0090084355, -0.0051760715, 0.06659704), (0.009319683, -0.003446609, 0.06650367), (0.009951673, -0.0038703214, 0.06641771), (0.009703072, -0.0035754358, 0.06644968), (0.009011308, -0.0032741944, 0.06654759), (0.009875428, -0.004637301, 0.066441156), (0.01001741, -0.004252562, 0.06641476), (0.009815236, -0.004985933, 0.06645764), (0.0068546403, -0.0073848963, 0.09179882), (0.00683005, -0.008043065, 0.091728), (0.007205811, -0.0068859262, 0.091807485), (0.006752022, -0.0077212485, 0.09177472), (0.0069129886, -0.007103636, 0.091823034), (0.007399339, -0.008349717, 0.09161946), (0.008018164, -0.008312549, 0.091545254), (0.0070617925, -0.008272733, 0.091671914), (0.0076773735, -0.008451876, 0.09157264), (0.0077688997, -0.0069195135, 0.0917288), (0.008281011, -0.0071969894, 0.091631785), (0.008070782, -0.00699096, 0.09168137), (0.0075252457, -0.0068144365, 0.09177245), (0.008270165, -0.007787294, 0.09157027), (0.00835603, -0.0074839774, 0.09159136), (0.00823947, -0.00806088, 0.09154437), (0.0060366397, -0.010390035, 0.110495195), (0.006037997, -0.0108437175, 0.11044139), (0.006231931, -0.010011081, 0.11051481), (0.0059757275, -0.010624652, 0.11047519), (0.0060577514, -0.010182795, 0.11051678), (0.0064368197, -0.011045691, 0.11036721), (0.0068652495, -0.011030677, 0.110317424), (0.0062026028, -0.010997884, 0.11040221), (0.0066332296, -0.011115852, 0.110335484), (0.006645311, -0.010026388, 0.11046173), (0.0070294477, -0.010218075, 0.11039192), (0.0068698316, -0.010072145, 0.110428534), (0.006459517, -0.00995255, 0.11049322), (0.007033982, -0.0106491335, 0.11034136), (0.0070908777, -0.010425973, 0.11036021), (0.007018421, -0.010848939, 0.11031996), (0.0025841217, -0.00007031125, 0.008804189), (0.0007361793, -0.0010046654, 0.009378012), (0.0009775279, -0.00010036735, 0.009312485), (0.0023801918, -0.0021710955, 0.008834502), (0.0029612991, -0.00093861506, 0.008668461), (0.0011083349, -0.0018420329, 0.009248578), (0.0027301835, -0.0018491226, 0.00872796), (0.0019131363, -0.0022243427, 0.008983024), (0.0013230135, 0.00023565945, 0.009207092), (0.0021436997, 0.00010740602, 0.008950115), (0.005108901, -0.0042694886, 0.040826935), (0.0050312965, -0.003863302, 0.040868014), (0.006969248, -0.0033994322, 0.040213447), (0.0067044995, -0.0030841285, 0.04031798), (0.0051762164, -0.0034642778, 0.040832464), (0.0063078594, -0.0029436196, 0.04046198), (0.0052543073, -0.0031071182, 0.040819693), (0.0055734483, -0.002825253, 0.040720593), (0.005984949, -0.0027672148, 0.040580787), (0.005779979, -0.0047340663, 0.040575426), (0.006113409, -0.0049193776, 0.04045251), (0.0069083855, -0.0042130225, 0.040203366), (0.006842025, -0.004582255, 0.040212568), (0.005377007, -0.0045855963, 0.040722094), (0.007046634, -0.0038062448, 0.040170964), (0.0065391627, -0.004864746, 0.040307272), (0.0076745492, -0.006102437, 0.08014379), (0.008061005, -0.006209911, 0.08009145), (0.009265232, -0.005367048, 0.07997372), (0.009148039, -0.0057268473, 0.07997333), (0.008386457, -0.0063674455, 0.080043614), (0.008823903, -0.006319935, 0.07998973), (0.0074790753, -0.0050778664, 0.08021575), (0.0075906855, -0.004826705, 0.0802092), (0.009101409, -0.0060546007, 0.07996576), (0.00859738, -0.004661833, 0.08008647), (0.008310966, -0.0045226277, 0.08012874), (0.0074155927, -0.005822334, 0.080189236), (0.007337469, -0.005444267, 0.080217026), (0.009189589, -0.0050186813, 0.079997286), (0.008951209, -0.004761668, 0.08003767), (0.007932799, -0.0045932736, 0.08017378), (-0.00037288776, 0.002021094, -0.0012483096), (-0.0008568105, 0.001945724, -0.0011095038), (-0.00058669114, -0.00040023823, -0.0010867029), (-0.00020715944, -0.0006315404, -0.0011866915), (0.00072127, 0.00019667526, -0.0014930734), (0.0006485081, -0.0002446337, -0.0014524164), (-0.0013434069, 0.00017791265, -0.0008853129), (-0.0010407289, -0.00021111607, -0.0009581004), (0.0007728648, 0.001213689, -0.0015496615), (0.00087049376, 0.00070333923, -0.001557853), (0.0002815897, -0.0005806274, -0.0013317661), (-0.0012790617, 0.00116805, -0.00094927585), (-0.0012088532, 0.0016066295, -0.0009916341), (0.0000021322048, 0.0018003976, -0.0013433654), (-0.0014362024, 0.00067670416, -0.0008798108), (0.00046291263, 0.0016133323, -0.0014730938), (0.0060533388, -0.010951842, 0.11568639), (0.006056854, -0.011291657, 0.11562494), (0.0061983755, -0.010665469, 0.11571371), (0.0060091116, -0.011127704, 0.11566223), (0.006069302, -0.010796091, 0.115711555), (0.0063605458, -0.011442276, 0.115548104), (0.006683953, -0.011433646, 0.11549757), (0.0061829984, -0.011406381, 0.11558358), (0.0065094484, -0.011494554, 0.115514904), (0.006514061, -0.010674571, 0.11566059), (0.006806797, -0.010818072, 0.11558715), (0.0066847363, -0.010708615, 0.11562657), (0.006371631, -0.010620488, 0.11569345), (0.0068114786, -0.011144581, 0.115528315), (0.0068536187, -0.010975335, 0.115551546), (0.006799187, -0.011296376, 0.11550326), (0.006355514, -0.011204708, 0.11735984), (0.006880444, -0.0088563645, 0.10191991), (0.006604949, -0.008923891, 0.101947375), (0.0068204277, -0.010194753, 0.101766855), (0.0070604384, -0.010276272, 0.101727635), (0.007553567, -0.0096912915, 0.101736635), (0.007531543, -0.009928882, 0.10171094), (0.0063290866, -0.009942817, 0.10186014), (0.006530275, -0.010135148, 0.101810716), (0.007553257, -0.009178069, 0.10179702), (0.007623535, -0.009426097, 0.10175895), (0.007344911, -0.01015061, 0.10170766), (0.0063359584, -0.009379001, 0.1019279), (0.006370614, -0.009124158, 0.10195416), (0.007098803, -0.008945311, 0.10188186), (0.0062563443, -0.009670146, 0.10190288), (0.0073654344, -0.009002485, 0.10184141), (0.0008968306, -0.0005339916, 0.009332213), (0.0028747243, -0.00045089636, 0.008703677), (0.0008155099, -0.0014791804, 0.009346246), (0.002809787, -0.0014204324, 0.008709832), (0.0015487244, -0.0020147795, 0.009101963), (0.0017844774, 0.0003113946, 0.009064135), (0.006857719, -0.0043732007, 0.054332905), (0.008764051, -0.0036420182, 0.05385565), (0.007057038, -0.0033325362, 0.054279387), (0.0078024124, -0.0030265425, 0.054098446), (0.0075222505, -0.0048273127, 0.054168817), (0.008693502, -0.0044256127, 0.053870905), (0.0067824624, -0.0039728046, 0.054351125), (0.008507561, -0.003338087, 0.053920884), (0.006939751, -0.0035988311, 0.054312136), (0.008117558, -0.0032032267, 0.05401845), (0.007394087, -0.0030813012, 0.05419834), (0.007860319, -0.005027943, 0.054083213), (0.008630918, -0.004780949, 0.053887717), (0.0071222587, -0.004685365, 0.054267224), (0.008834425, -0.0040333145, 0.0538372), (0.008322892, -0.005040724, 0.053965323), (-0.0060975053, -0.002932075, 0.008991554), (-0.0038056704, -0.002071409, 0.0078103975), (-0.006282146, -0.0035341568, 0.008535585), (-0.008560709, -0.0019470891, 0.009930354), (-0.00838743, -0.0037026273, 0.009158312), (-0.012053839, -0.0007998112, 0.010914126), (-0.01126925, -0.0037404115, 0.009434287), (-0.01709921, -0.0028772491, 0.011022404), (-0.014618532, -0.0046990076, 0.009078686), (-0.019044314, -0.004972766, 0.008292503), (-0.019699095, -0.0078396, 0.0047236327), (-0.016659647, -0.006409343, 0.007710068), (-0.01789192, -0.008315169, 0.0056824475), (-0.014180803, -0.008645562, 0.006038411), (-0.011935899, -0.007458142, 0.007090049), (-0.0126264775, -0.012815673, 0.006296545), (-0.01662977, -0.010035699, 0.004322622), (-0.01861084, -0.011030826, 0.0031208082), (-0.015401501, -0.012574468, 0.004748442), (-0.016050715, -0.014171474, 0.0040787687), (-0.010910708, -0.016312374, 0.0067781303), (-0.0075542214, -0.01612189, 0.00886319), (-0.00982623, -0.011699191, 0.00765911), (-0.0045496263, -0.013362856, 0.008375142), (-0.005242537, -0.008203309, 0.008723386), (-0.007825316, -0.00931596, 0.008233396), (-0.009903587, -0.0062973653, 0.0077890786), (-0.006882795, -0.0065209586, 0.0085381605), (-0.007843546, -0.0050779325, 0.008265687), (-0.005941057, -0.004159741, 0.00840253), (-0.0053504687, -0.004340792, 0.008735123), (-0.0062171654, -0.0038829022, 0.008233333), (-0.0038389158, -0.002453842, 0.0075253295), (-0.003982843, -0.0023735438, 0.0074263834), (-0.0035966227, -0.0025035497, 0.0077148783), (-0.0016523777, -0.0012502391, 0.0053702183), (0.000119725395, -0.000113848604, 0.0023768595), (-0.0014502988, -0.0013202843, 0.0055002626), (-0.0017977105, -0.0011691558, 0.0052943933), (-0.000025328842, -0.000033162934, 0.0023028872), (-0.001734498, -0.0010473457, 0.005415808), (0.00004553736, 0.00009212718, 0.0024211956), (-0.0039396626, -0.0022512383, 0.0075711), (-0.0016142478, -0.0009144262, 0.0055914707), (-0.0001255423, 0.000017910546, 0.0030766493), (0.000013011277, -0.00035919977, 0.0029948826), (0.0020928034, -0.01298578, 0.023642167), (0.0032157819, -0.009969808, 0.021954356), (0.0028486229, -0.013926775, 0.023285203), (-0.0030819685, -0.018440329, 0.026694873), (-0.000110037894, -0.019638013, 0.025804088), (-0.008022777, -0.025300475, 0.029358622), (-0.0016535323, -0.026086943, 0.02716995), (-0.0088558225, -0.031802744, 0.030399445), (-0.0010638959, -0.03161618, 0.02719014), (-0.0037375125, -0.03884051, 0.027576342), (0.002417645, -0.042381458, 0.019786734), (0.0018051536, -0.036925238, 0.024753854), (0.004569397, -0.039966766, 0.020210084), (0.0083725825, -0.03426449, 0.021867635), (0.007360823, -0.029748453, 0.02406089), (0.013165407, -0.034653857, 0.023035802), (0.008170042, -0.038659323, 0.017307986), (0.007309702, -0.04203081, 0.012904474), (0.011634266, -0.03864101, 0.018982358), (0.013541508, -0.041230954, 0.016969888), (0.018211937, -0.03602201, 0.024145748), (0.020053962, -0.029821113, 0.029788004), (0.0136613315, -0.028838981, 0.026742255), (0.017510388, -0.022690587, 0.031544257), (0.009604414, -0.0154222585, 0.027811417), (0.011134285, -0.023208357, 0.0281471), (0.005414815, -0.02487878, 0.024851596), (0.006512522, -0.017932272, 0.026267515), (0.003762593, -0.019400526, 0.024458569), (0.004362604, -0.013525409, 0.023352204), (0.0051359734, -0.012128677, 0.023897812), (0.0037172304, -0.014036374, 0.022796396), (0.003902704, -0.00999071, 0.021523328), (0.0035570078, -0.00600619, 0.018629722), (0.003652535, -0.010119096, 0.02118702), (0.0041852747, -0.0097101955, 0.021979643), (0.003820924, -0.005912645, 0.019106735), (0.003456978, -0.00268285, 0.015856916), (0.0031725792, -0.0021410736, 0.014822753), (0.0029172273, -0.0022263224, 0.014500421), (0.003303361, -0.006089504, 0.018296756), (0.0027077005, -0.0022510146, 0.014886716), (0.0026030503, -0.0028862122, 0.015962876), (0.0030960361, -0.0061164806, 0.018668992), (0.0034419738, -0.010120941, 0.02152229), (0.0028987383, -0.0061387205, 0.019176863), (0.002118576, -0.0014448939, 0.016117182), (0.00040835125, 0.0005443613, 0.018943056), (0.0026780122, -0.001699506, 0.015475686), (0.0029475389, -0.0015834215, 0.01536573), (0.0006799065, 0.00066317566, 0.018817207), (0.00095149066, 0.00078113173, 0.018691236), (-0.000971872, 0.0037296803, 0.021884494), (-0.0006920069, 0.0038488868, 0.021743191), (-0.0012226035, 0.0035917019, 0.022012053), (-0.0019634536, 0.0063439603, 0.023991952), (-0.001483827, 0.006652907, 0.02369925), (-0.0024221714, 0.0058909575, 0.02430476), (-0.0034586394, 0.008464654, 0.026242897), (-0.0017905685, 0.009329816, 0.025047151), (-0.0055921776, 0.007461061, 0.027741682), (-0.005678593, 0.0109840995, 0.028598582), (-0.009891028, 0.010263649, 0.030854367), (-0.0020077415, 0.012689422, 0.026393697), (-0.007888322, 0.014567195, 0.030430226), (-0.0024353664, 0.017167076, 0.027719654), (-0.013264525, 0.014088327, 0.032428257), (-0.008487402, 0.019889807, 0.03107112), (-0.007405276, 0.025604825, 0.030225938), (-0.012739414, 0.019840604, 0.032996174), (-0.0032831004, 0.021680236, 0.027959893), (-0.0031959214, 0.02694817, 0.027324578), (0.0041694213, 0.022418758, 0.030038342), (0.0043203905, 0.028110605, 0.029452018), (0.0038954173, 0.017559944, 0.029942272), (0.013387343, 0.023267698, 0.031411923), (0.011622397, 0.029042011, 0.030583382), (0.011617541, 0.017411783, 0.031709626), (0.008967858, 0.012129033, 0.030513145), (0.0041332534, 0.008615849, 0.027813967), (0.0031651582, 0.012952064, 0.028947623), (0.00077790255, 0.0092285955, 0.026507279), (-0.0008172225, 0.0065169656, 0.02401032), (0.000028261653, 0.00625281, 0.02431741), (-0.00042665692, 0.003859045, 0.021883182), (-0.00016231813, 0.0038534447, 0.022015227), (0.0011909335, 0.0008393496, 0.018867103), (0.0014304157, 0.00089729356, 0.019042369), (0.0031846692, -0.0015236526, 0.015549792), (0.003048351, -0.0011181072, 0.016248269), (0.008205581, 0.03366549, 0.029277816), (0.0046319403, 0.03518267, 0.027864601), (-0.001416021, 0.034632344, 0.025971597), (-0.0047426904, 0.031413995, 0.028623344), (-0.007380831, 0.029600512, 0.030699829), (-0.010202992, 0.02554389, 0.03209462), (0.017223313, 0.0025633376, 0.042275034), (0.017045895, 0.0028312409, 0.041706897), (0.012453222, -0.0007390333, 0.041754946), (0.01993103, 0.003346515, 0.041870765), (0.01989825, 0.0045794626, 0.040316194), (0.023434613, 0.0015996348, 0.043585908), (0.029626455, 0.0015066001, 0.04274397), (0.0230381, 0.0052881246, 0.039471976), (0.027262045, 0.006360016, 0.037477557), (0.02186121, 0.006824712, 0.037743565), (0.024431143, 0.008856553, 0.034915574), (0.019557212, 0.0050392803, 0.039500475), (0.020073328, 0.009464665, 0.039478887), (0.019047236, 0.0057622143, 0.040228102), (0.021300161, 0.01376411, 0.037613343), (0.016080309, 0.013308229, 0.042862806), (0.016169982, 0.018650524, 0.041586906), (0.017668506, 0.0068706884, 0.0416056), (0.016414814, 0.0036804483, 0.042162146), (0.016675143, 0.003332238, 0.041649543), (0.011840028, 0.0002113402, 0.041814547), (0.012134346, 0.0000657861, 0.041397806), (0.0056049083, -0.003043142, 0.035421114), (0.0053799497, -0.0033353716, 0.03438839), (0.0056832284, -0.0034299945, 0.033980194), (0.012406058, -0.00009525663, 0.041027345), (0.0056202654, -0.0038196698, 0.03427445), (0.0124420235, -0.00040809205, 0.04136611), (0.0060543115, -0.0039320234, 0.03522389), (0.016831573, 0.003007424, 0.041234303), (0.017485136, 0.022836935, 0.039649706), (0.023522215, 0.017483706, 0.03393574), (0.02279666, 0.02488101, 0.033165433), (0.027869774, 0.02071272, 0.02191699), (0.026674472, 0.018645791, 0.028433857), (0.028649764, 0.017512491, 0.022956714), (0.029173605, 0.013147513, 0.02558624), (0.029751081, 0.013999143, 0.020998042), (0.027398732, 0.011424736, 0.030363817), (0.033109408, 0.011281303, 0.027137045), (0.0315973, 0.009166861, 0.032641374), (0.032829586, 0.012747249, 0.022473317), (0.036644705, 0.008583324, 0.028979812), (0.034963615, 0.012148725, 0.020932188), (0.035756584, 0.005791449, 0.03681974), (0.029864011, 0.01425318, 0.017078264), (0.00816342, -0.0018109254, 0.038713127), (0.008509157, -0.0018842833, 0.038262915), (0.008822059, -0.0019835632, 0.03787619), (0.008778416, -0.0023645638, 0.03818463), (0.008701097, -0.002772343, 0.038557235), (0.0051332815, -0.004575212, 0.0351629), (0.005257509, -0.0036091234, 0.03379601), (0.0047569526, -0.003434259, 0.033570513), (0.0019305557, -0.008179766, 0.03983668), (0.0014521229, -0.008072731, 0.0394615), (0.0024454265, -0.008231565, 0.040221803), (-0.0005077545, -0.010863211, 0.043158185), (-0.0012409503, -0.010285239, 0.042370476), (0.00045569002, -0.01129464, 0.043804277), (-0.0021702922, -0.014585309, 0.045610648), (-0.0038235341, -0.011295354, 0.043199763), (0.00014275976, -0.0175912, 0.047881655), (-0.0053359275, -0.018864756, 0.04556668), (-0.0030073682, -0.024225209, 0.049669072), (-0.007711695, -0.013023153, 0.04165132), (-0.0091098165, -0.022084378, 0.04445227), (-0.011765904, -0.014856641, 0.03982915), (-0.0070503037, -0.02836486, 0.049665783), (-0.014709092, -0.023967508, 0.040646072), (-0.019421306, -0.02393866, 0.034347683), (-0.014435325, -0.030579418, 0.042483397), (-0.015953304, -0.016478397, 0.037349112), (-0.020113274, -0.018140525, 0.03251987), (-0.021116221, -0.012723827, 0.03946773), (-0.024351712, -0.015014875, 0.03439616), (-0.017210081, -0.010175746, 0.04270818), (-0.02617617, -0.009039478, 0.041247815), (-0.027974434, -0.012417111, 0.035235103), (-0.023540735, -0.0042844354, 0.04659793), (-0.018297484, -0.0020193667, 0.0480503), (-0.0087489765, -0.0049989372, 0.046470284), (-0.012024517, -0.008728492, 0.044186857), (-0.0056572123, -0.008943157, 0.044522755), (-0.0013312118, -0.009461047, 0.04286387), (-0.0015781475, -0.0083516715, 0.043355238), (0.0015609725, -0.007719903, 0.039813414), (0.0017349088, -0.0073134704, 0.040218223), (0.0048730955, -0.0031982628, 0.033992186), (0.0044613187, -0.0037999428, 0.035478517), (-0.02843003, -0.013869233, 0.030494045), (-0.027087249, -0.016774831, 0.026907843), (-0.023347398, -0.020471714, 0.023237173), (-0.021558598, -0.024161298, 0.025754808), (-0.022451023, -0.027148064, 0.029890215), (-0.01858307, -0.028913183, 0.03515058), (0.008205058, -0.0050522964, 0.052932348), (0.008907253, -0.00905655, 0.0590203), (0.00785207, -0.004482851, 0.051204264), (0.0075489483, -0.0046239076, 0.050768476), (0.0085877245, -0.009046989, 0.058280207), (0.008258799, -0.0090386085, 0.05776355), (0.009861657, -0.01439783, 0.0641652), (0.009572069, -0.014396593, 0.06374394), (0.010111553, -0.014385847, 0.06484741), (0.011213408, -0.018125778, 0.06638169), (0.010934051, -0.018349946, 0.06598586), (0.011367712, -0.017636674, 0.06718096), (0.013664567, -0.02158716, 0.0668029), (0.0127074225, -0.02222575, 0.065835536), (0.014615802, -0.020303896, 0.06846019), (0.018805644, -0.026410148, 0.065836), (0.01574737, -0.027651343, 0.062844045), (0.023308814, -0.030688174, 0.06056864), (0.022285344, -0.023747819, 0.070363075), (0.028684389, -0.027714334, 0.06556784), (0.028803598, -0.033949383, 0.05179097), (0.024736986, -0.037098397, 0.041631985), (0.024388365, -0.03458684, 0.048997413), (0.021995183, -0.037500467, 0.037071712), (0.021443963, -0.03502163, 0.0466593), (0.019243801, -0.03206589, 0.056986567), (0.020725075, -0.037725072, 0.035678815), (0.015037264, -0.03630861, 0.050062936), (0.01773991, -0.038629778, 0.037468992), (0.012327648, -0.033317212, 0.060049333), (0.0051573734, -0.03697766, 0.057197507), (0.0018820502, -0.03336437, 0.065460704), (0.012129189, -0.03965137, 0.044302355), (0.0034706178, -0.02833405, 0.06898339), (0.008198491, -0.021593451, 0.068026334), (0.010480683, -0.028687948, 0.064825855), (0.010670634, -0.022274865, 0.066530086), (0.010349454, -0.01824899, 0.066350706), (0.009578567, -0.018012755, 0.06711931), (0.0092425905, -0.0144124795, 0.06400214), (0.008862151, -0.014442806, 0.064517535), (0.007952899, -0.009001168, 0.057951413), (0.007641087, -0.008952787, 0.05833647), (0.007246561, -0.004553875, 0.050935484), (0.0070778434, -0.005128978, 0.052361265), (0.0041390313, 0.013009451, 0.06531915), (0.0041002138, 0.008112343, 0.064162344), (0.003031418, 0.013322402, 0.06394356), (0.007962617, 0.017417736, 0.06633657), (0.004473167, 0.017637758, 0.064048305), (0.0132647585, 0.02334102, 0.066278815), (0.006785056, 0.023214037, 0.063078046), (0.013535509, 0.033763655, 0.06246494), (0.007721296, 0.029765872, 0.060159296), (0.010192451, 0.038911495, 0.05640591), (0.0047719018, 0.044695042, 0.047165975), (0.006079478, 0.034728833, 0.055500355), (0.0033163852, 0.040321548, 0.04881466), (0.00035513932, 0.031045511, 0.05210772), (0.0007676364, 0.025474735, 0.056555353), (-0.007453773, 0.032922752, 0.05430344), (-0.0005200643, 0.0404792, 0.044149585), (-0.00025652026, 0.046565197, 0.0387101), (-0.005417635, 0.038501725, 0.04763862), (-0.007502307, 0.04013805, 0.0452523), (-0.012618998, 0.034090716, 0.055735476), (-0.015138275, 0.02807091, 0.060932785), (-0.007807088, 0.02715411, 0.059181605), (-0.01284204, 0.021761296, 0.06492601), (-0.0057459655, 0.016985992, 0.06523641), (-0.005447882, 0.021864815, 0.062103957), (0.0010901887, 0.02132336, 0.059462562), (-0.0019440518, 0.017268898, 0.06330252), (0.0013270905, 0.016909404, 0.061910667), (0.0014914626, 0.0131624015, 0.06372627), (0.00072898954, 0.01266019, 0.064855374), (0.0022167899, 0.013208441, 0.063192874), (0.0033858235, 0.008172063, 0.06338098), (0.0036210767, 0.008348738, 0.063117996), (0.0031012625, 0.007886605, 0.06387022), (0.004871626, 0.0032741136, 0.060006056), (0.0060136104, -0.0012960201, 0.054727726), (0.0046097874, 0.0029888193, 0.060312197), (0.005103389, 0.003477616, 0.059837736), (0.0062340326, -0.001056543, 0.054562747), (0.0052877995, 0.0033796048, 0.06017653), (0.006440473, -0.001179869, 0.054879908), (0.0038534005, 0.008279253, 0.063516706), (0.005440208, 0.0032074025, 0.0606448), (0.006628479, -0.0014079867, 0.055324815), (0.0074135964, -0.0034373384, 0.051722594), (0.0073950603, -0.003516458, 0.05073105), (0.007180997, -0.0033566335, 0.050392993), (0.0069289734, -0.0036368298, 0.05058476), (0.0065734647, -0.0036562453, 0.05145384), (0.005779257, -0.0016371832, 0.05502055), (0.017168041, -0.0019315425, 0.082742184), (0.016539026, 0.0013939079, 0.082759425), (0.009795848, -0.004515307, 0.07120202), (0.009505331, -0.0036977145, 0.07110389), (0.01848313, 0.00037840073, 0.08226035), (0.009831323, -0.004110893, 0.069609754), (0.009669742, -0.004427318, 0.06995228), (0.018291835, -0.00054652995, 0.08268628), (0.017840976, 0.00089531334, 0.08253259), (0.009515213, -0.003979978, 0.069905035), (0.0114373155, -0.0035376693, 0.07577411), (0.01441604, -0.0020070737, 0.08013044), (0.014093891, -0.0011013804, 0.07996954), (0.01107989, -0.002668117, 0.07561154), (0.01490718, -0.0012854263, 0.079493135), (0.011741957, -0.002913459, 0.07498659), (0.014761248, -0.0015980635, 0.07980164), (0.011592561, -0.00322357, 0.075346164), (0.014571992, -0.0011643327, 0.07970577), (0.011413758, -0.0027888264, 0.0752649), (0.021029687, -0.0058749323, 0.08681265), (0.017219963, 0.00798092, 0.086812004), (0.020497143, 0.0046380586, 0.08535663), (0.022515088, -0.0014764386, 0.085831635), (0.04885657, 0.011292794, 0.079226166), (0.03404534, 0.0065717506, 0.082175955), (0.028614221, 0.0046281535, 0.08331422), (0.022747563, 0.0022411419, 0.08356415), (0.026157722, -0.009059512, 0.0906166), (0.028399494, -0.0016703891, 0.0877699), (0.01953413, 0.0144821955, 0.090502895), (0.025127064, 0.008932348, 0.08738014), (0.027349452, 0.018094234, 0.090283416), (0.031259116, 0.011591978, 0.08666636), (0.03395925, -0.0073454874, 0.09090079), (0.034496304, -0.00001178174, 0.08713357), (0.036189146, 0.01748497, 0.08538374), (0.03758238, 0.012226627, 0.083480775), (0.040992253, -0.0020175725, 0.08489187), (0.04609878, 0.0051399134, 0.08184643), (0.040192023, 0.003565197, 0.08356731), (0.0436941, 0.0062804804, 0.081271105), (0.039007824, 0.00811682, 0.08049845), (0.041958332, 0.012098953, 0.08102716), (0.043780293, 0.0096855005, 0.07907925), (0.044187646, 0.014666723, 0.081368394), (-0.001047218, -0.007760739, 0.080073714), (0.0024132738, -0.0066138385, 0.078721434), (-0.0014195659, -0.0090910755, 0.07923104), (-0.008228942, -0.007921179, 0.08233709), (-0.007746752, -0.010841475, 0.0804183), (-0.01631196, -0.0077704946, 0.08366169), (-0.014160553, -0.012735352, 0.08025721), (-0.022567505, -0.008989512, 0.08129154), (-0.019212702, -0.014986431, 0.078057356), (-0.026642738, -0.014303606, 0.07567791), (-0.02504545, -0.01853494, 0.06476778), (-0.02295523, -0.018714456, 0.07301507), (-0.023419268, -0.021445654, 0.0661658), (-0.017966084, -0.022772897, 0.06996995), (-0.014434189, -0.020484587, 0.07421761), (-0.01713323, -0.027782945, 0.071522266), (-0.020580813, -0.024532054, 0.063082844), (-0.02263997, -0.025139224, 0.058063656), (-0.019958284, -0.02787918, 0.065030254), (-0.021110563, -0.030905489, 0.062270284), (-0.016735118, -0.03361096, 0.07292612), (-0.009839243, -0.034308333, 0.0802677), (-0.011884401, -0.026770301, 0.0769297), (-0.0034410432, -0.029262861, 0.08311707), (0.00021276418, -0.017478192, 0.08189204), (-0.0069507547, -0.022910923, 0.079662204), (-0.010449536, -0.017524542, 0.07664366), (-0.0035085096, -0.015933683, 0.07993005), (-0.0058146976, -0.013727363, 0.078203835), (-0.00042505952, -0.010301086, 0.07910327), (0.0010763084, -0.010244438, 0.07992474), (-0.0010608108, -0.009874212, 0.07851667), (0.002707066, -0.0074159945, 0.078105845), (0.0063557024, -0.00552132, 0.07479121), (0.0025405155, -0.0072050104, 0.077749304), (0.003006844, -0.0075625707, 0.07863681), (0.0065784263, -0.005684291, 0.07527608), (0.009090987, -0.004782842, 0.071289085), (0.009323638, -0.0045432905, 0.07012202), (0.00909552, -0.004389523, 0.069816165), (0.006162823, -0.0053418214, 0.07446298), (0.009068884, -0.004135613, 0.07015726), (0.008628177, -0.0040261787, 0.07136645), (0.0061084866, -0.0050926367, 0.07485627), (0.0024194098, -0.0069780895, 0.078152604), (0.0060782144, -0.004832258, 0.07539787), (0.008110933, 0.0039024218, 0.10072317), (0.00786384, 0.004128773, 0.10033397), (0.008086766, -0.001543944, 0.09971434), (0.008858329, 0.006014223, 0.10106392), (0.008075572, 0.0071234386, 0.10039525), (0.01151729, 0.0064137764, 0.10290283), (0.014404081, 0.009860943, 0.10441428), (0.009082899, 0.009346917, 0.10109273), (0.010360219, 0.0127418125, 0.10150813), (0.007591263, 0.010062117, 0.10000772), (0.007514167, 0.013339172, 0.09959867), (0.007628014, 0.007469764, 0.099888116), (0.0051625813, 0.009415148, 0.10117483), (0.0069558923, 0.007174239, 0.100357436), (0.0031479246, 0.012488265, 0.101651914), (0.0009045384, 0.007380995, 0.10278985), (-0.002036249, 0.0101577295, 0.10410694), (0.0056247227, 0.0062965793, 0.10098859), (0.0070575494, 0.0039669746, 0.10065647), (0.007387429, 0.0041565006, 0.10029611), (0.0072247637, -0.0014882514, 0.09967847), (0.007472165, -0.0013482637, 0.09933891), (0.007097561, -0.0066864397, 0.09532234), (0.0068464177, -0.007961792, 0.09120882), (0.007338386, -0.0064720735, 0.095004946), (0.006983065, -0.0078066923, 0.09016466), (0.0075743655, -0.0062889187, 0.094731085), (0.007715201, -0.0012290927, 0.099045634), (0.0072229877, -0.007556291, 0.08986958), (0.007757431, -0.0065233693, 0.094961576), (0.007903157, -0.0013731736, 0.09935478), (0.0074082273, -0.007854005, 0.090026274), (0.007935707, -0.0067947144, 0.09523897), (0.0076237125, -0.008050171, 0.090986095), (0.0076556243, 0.004264073, 0.099975854), (-0.004078492, 0.013121594, 0.104121566), (0.0018624226, 0.01660821, 0.10096311), (-0.0031549376, 0.019281171, 0.10148062), (0.0016951849, 0.026783083, 0.09454834), (0.0025240872, 0.021369776, 0.09842238), (0.0040949667, 0.025457298, 0.094647974), (0.0070232227, 0.022317495, 0.09573791), (0.0067494116, 0.02680276, 0.092379026), (0.007278353, 0.017894175, 0.09827672), (0.009936793, 0.02256344, 0.09788071), (0.0106682675, 0.018106122, 0.1004926), (0.008922287, 0.026079688, 0.09450784), (0.012992721, 0.022516599, 0.10005379), (0.010198811, 0.02791947, 0.09424587), (0.014938859, 0.017046787, 0.10331642), (0.0065483055, 0.031810686, 0.08986695), (0.006253496, -0.01872905, 0.09738801), (0.0066382503, -0.015900722, 0.09751579), (0.006896573, -0.019284429, 0.096838444), (0.0040931627, -0.022455094, 0.096544206), (0.005643875, -0.023131268, 0.095955424), (0.0019127943, -0.027410224, 0.09597875), (0.0045489403, -0.02703167, 0.09451743), (-0.00032262338, -0.032299384, 0.09426645), (0.004003892, -0.030580658, 0.092428945), (0.00032689012, -0.03481607, 0.089586765), (0.006816308, -0.038573634, 0.08167631), (0.004983502, -0.033826977, 0.088293284), (0.007775723, -0.036501862, 0.08292158), (0.009929654, -0.032866254, 0.086981066), (0.00941924, -0.029452132, 0.091077484), (0.01351541, -0.034454174, 0.08743183), (0.01101579, -0.036158077, 0.08083687), (0.0119527, -0.039182536, 0.07636253), (0.012901824, -0.03644601, 0.08231583), (0.014670668, -0.037689835, 0.07950559), (0.01839279, -0.035246644, 0.087344706), (0.02020825, -0.03212166, 0.092499934), (0.013671339, -0.030985259, 0.09195887), (0.01824719, -0.026811011, 0.0967181), (0.013413846, -0.02161482, 0.09817727), (0.012537004, -0.026897531, 0.09496247), (0.00887911, -0.026350617, 0.09338301), (0.010335083, -0.02280328, 0.09645475), (0.008254209, -0.022977106, 0.095112056), (0.00806521, -0.019211622, 0.096964635), (0.008756205, -0.018601742, 0.0977691), (0.0075663887, -0.01935601, 0.09639721), (0.0073434943, -0.015980348, 0.097149834), (0.0071219387, -0.010811688, 0.0946378), (0.0071517923, -0.015997551, 0.09683192), (0.0075419676, -0.015903147, 0.0975633), (0.007302028, -0.010676675, 0.09498669), (0.0073847054, -0.007579293, 0.091222875), (0.007293895, -0.0072262525, 0.09017054), (0.0071318303, -0.00735315, 0.08994828), (0.006937626, -0.0109193865, 0.09436335), (0.0069419807, -0.0072600213, 0.09017689), (0.0067207897, -0.00763762, 0.091232635), (0.0067206207, -0.010832055, 0.09463222), (0.0069172233, -0.015985643, 0.097115174), (0.006499385, -0.010719843, 0.09497826), (0.0112844445, -0.008680565, 0.10893108), (0.009853302, -0.0087909885, 0.1065953), (0.011983446, -0.007870898, 0.10904077), (0.013677839, -0.009698148, 0.11330255), (0.014667335, -0.007913031, 0.11289899), (0.016716907, -0.010489051, 0.11774271), (0.018059757, -0.0077253003, 0.11614564), (0.0210356, -0.010398814, 0.12013983), (0.021954024, -0.0071058413, 0.11789302), (0.027060604, -0.008154944, 0.12042477), (0.032100875, -0.003425793, 0.116830766), (0.026762456, -0.0051180446, 0.11815501), (0.030384462, -0.0024314949, 0.11642465), (0.026020268, -0.0020657098, 0.11545613), (0.022039495, -0.0038408665, 0.11524193), (0.02528862, 0.0002067222, 0.11750072), (0.03101868, 0.000209189, 0.113502), (0.035823792, 0.0017495311, 0.11059116), (0.029480899, 0.0015406029, 0.11576103), (0.03164749, 0.0036174557, 0.11539127), (0.025025684, 0.002869904, 0.11953467), (0.018698573, 0.00030130462, 0.12083532), (0.02026142, -0.001590093, 0.11761756), (0.013547357, -0.0019881916, 0.1184046), (0.010736931, -0.004515606, 0.1123311), (0.016069356, -0.0032528243, 0.115869574), (0.018567406, -0.004949713, 0.11398378), (0.013383556, -0.005255622, 0.11237157), (0.0151039995, -0.006104401, 0.11175244), (0.011664234, -0.007138603, 0.10890538), (0.0104972115, -0.0070419754, 0.10866319), (0.0122222975, -0.0073320796, 0.10874645), (0.009999461, -0.008167564, 0.106363535), (0.008096265, -0.008867961, 0.10302506), (0.0102303885, -0.008278635, 0.10618141), (0.0096216425, -0.008093897, 0.10656282), (0.007819348, -0.008752811, 0.103307076), (0.0065748435, -0.009082007, 0.10006719), (0.0065767216, -0.009225037, 0.0992048), (0.006795777, -0.009357382, 0.09901754), (0.008311102, -0.008999229, 0.10283087), (0.006709389, -0.00956868, 0.09925369), (0.006816192, -0.009713899, 0.10015376), (0.008220994, -0.009209227, 0.103062704), (0.010114531, -0.00849204, 0.10638601), (0.008068561, -0.009434955, 0.10338244), (0.0017144964, -0.008532081, 0.10386752), (0.003940983, -0.009084793, 0.10249889), (0.00067137857, -0.0091787875, 0.10358157), (-0.0020206368, -0.0057649594, 0.106324896), (-0.0031613267, -0.0073407874, 0.10545838), (-0.008970109, -0.0038779445, 0.11087819), (-0.009013911, -0.006253808, 0.10749833), (-0.01420142, -0.0036191237, 0.11105058), (-0.013540342, -0.006183393, 0.107504226), (-0.018956356, -0.0042969026, 0.10743492), (-0.023598619, -0.006469525, 0.10232425), (-0.017664645, -0.006764253, 0.10573326), (-0.020864004, -0.007698599, 0.10335669), (-0.016653009, -0.010199836, 0.10380936), (-0.012323441, -0.01027122, 0.10476588), (-0.016175801, -0.012866285, 0.106108375), (-0.02155054, -0.009726882, 0.10187374), (-0.027787298, -0.009219094, 0.09865442), (-0.02002979, -0.011820574, 0.103842124), (-0.023264637, -0.0128998775, 0.10276259), (-0.016983384, -0.0154698435, 0.10815965), (-0.011058892, -0.015944723, 0.11187706), (-0.0116933, -0.013107897, 0.10771573), (-0.0065387613, -0.014456117, 0.111622125), (-0.0012740951, -0.013071125, 0.10734988), (-0.0071849823, -0.012225773, 0.107847534), (-0.008200909, -0.009909214, 0.10486771), (-0.002625107, -0.011275542, 0.105868615), (-0.003664972, -0.009691998, 0.10437931), (0.0006962167, -0.010205273, 0.10369277), (0.0015821744, -0.010690519, 0.10412827), (0.0002632526, -0.0097966455, 0.10330837), (0.003613158, -0.0097214505, 0.10221774), (0.0067943446, -0.009577066, 0.099693626), (0.0034739743, -0.009573619, 0.102011755), (0.003913507, -0.009857414, 0.10254447), (0.0064185737, -0.009706414, 0.1004345), (0.0066851736, -0.009422641, 0.09948235), (0.0067671044, -0.009210802, 0.09966488), (0.0036035185, -0.009359621, 0.102192394), (0.0063718385, -0.009037261, 0.10038339), (0.004200731, -0.008298774, 0.11680922), (0.0048646736, -0.009067153, 0.115114), (0.0034731326, -0.008088609, 0.11687698), (0.0037429407, -0.006761846, 0.119926795), (0.002476141, -0.006520118, 0.119638935), (0.0029948398, -0.0049293838, 0.12300114), (0.0014025248, -0.004395129, 0.121923655), (0.0023571504, -0.0020834487, 0.12464079), (0.0006282853, -0.0016744441, 0.123132855), (0.0010477045, 0.0020172433, 0.12471585), (-0.0018582346, 0.0057320585, 0.122162454), (-0.000531394, 0.001819134, 0.12321591), (-0.0022950016, 0.0044812257, 0.121946335), (-0.002122581, 0.0012630348, 0.12138853), (-0.001014148, -0.0018278187, 0.121317424), (-0.003335411, 0.0007470046, 0.12302889), (-0.003992631, 0.0048774127, 0.11985058), (-0.0055773826, 0.008228498, 0.11756376), (-0.0046476005, 0.0037960343, 0.12161515), (-0.00633261, 0.0052611427, 0.12129537), (-0.004818451, 0.00055530237, 0.12466077), (-0.0026546651, -0.004615309, 0.12576127), (-0.0020261945, -0.0033280707, 0.12321695), (-0.0001907537, -0.008296585, 0.123975344), (0.0018920673, -0.009793765, 0.11935597), (-0.0003532074, -0.006367207, 0.12196192), (-0.000053274867, -0.00437735, 0.1204343), (0.0014700878, -0.007871858, 0.119347535), (0.0014147277, -0.0065622935, 0.11883301), (0.003165034, -0.008470102, 0.1167889), (0.003492542, -0.009244513, 0.1166188), (0.003095211, -0.0080603305, 0.11666161), (0.0044251815, -0.0091646565, 0.11492994), (0.0056177056, -0.010085781, 0.11247786), (0.0044237124, -0.008975125, 0.114796214), (0.0044994294, -0.00943656, 0.115078166), (0.0056273965, -0.010311115, 0.11268402), (0.0063524605, -0.01096435, 0.11029477), (0.0064694816, -0.010903035, 0.1096602), (0.0064879246, -0.010711663, 0.10952503), (0.0056371745, -0.009897262, 0.112337306), (0.0066503505, -0.010700489, 0.109705985), (0.006685999, -0.010593785, 0.11037646), (0.0057989312, -0.00989082, 0.11251473), (0.00459264, -0.008988219, 0.11495218), (0.0059896195, -0.009921461, 0.112757735), (0.0070557143, -0.012631671, 0.11328621), (0.006905886, -0.011636024, 0.112080455), (0.0076814145, -0.012992056, 0.113405675), (0.0068741115, -0.014898228, 0.11545721), (0.007853059, -0.01503253, 0.11530392), (0.009200508, -0.019063387, 0.1191787), (0.009676803, -0.018514397, 0.117146745), (0.010845886, -0.022129145, 0.11905702), (0.010967148, -0.02127229, 0.116824284), (0.010616543, -0.02409625, 0.116950355), (0.009975989, -0.02649761, 0.11364403), (0.011122442, -0.023292955, 0.11561733), (0.010854241, -0.024992289, 0.1140506), (0.011986765, -0.02267361, 0.11396238), (0.011950391, -0.020118222, 0.11479252), (0.013509744, -0.022565892, 0.11472029), (0.011317141, -0.02538867, 0.11279605), (0.010180929, -0.028819978, 0.11089784), (0.012648635, -0.024675077, 0.11348547), (0.012882477, -0.02648741, 0.11251547), (0.014884179, -0.023187306, 0.11536675), (0.015037955, -0.019316098, 0.118224636), (0.013482498, -0.019654432, 0.116068885), (0.012611246, -0.015872557, 0.11900319), (0.009919397, -0.012763794, 0.115970515), (0.011450346, -0.016379785, 0.11699099), (0.010660801, -0.017411157, 0.11543625), (0.009428862, -0.013848778, 0.115472585), (0.009030793, -0.014804086, 0.1148503), (0.008161046, -0.01273281, 0.11347634), (0.008122029, -0.01214512, 0.11350805), (0.008107229, -0.01307364, 0.1133636), (0.007344282, -0.011676482, 0.11201789), (0.0067973416, -0.010526462, 0.110005856), (0.0073269536, -0.0118128415, 0.111928806), (0.007300419, -0.011447365, 0.11213777), (0.0068684346, -0.01056584, 0.110490315), (0.006766563, -0.01065324, 0.109904535), (0.006615801, -0.010638192, 0.10998106), (0.0071653817, -0.011776239, 0.11199342), (0.0065373937, -0.010767857, 0.11044574), (0.004198205, -0.012615021, 0.12103219), (0.0038791744, -0.012588084, 0.118888706), (0.0018423869, -0.014219827, 0.12192999), (0.006601803, -0.011223075, 0.11318649), (0.0040148655, -0.012356382, 0.12201539), (0.005542752, -0.011982766, 0.119864), (0.0057109674, -0.0117213465, 0.121727094), (0.004609793, -0.012078819, 0.12284932), (0.0067646108, -0.01111024, 0.11322498), (0.0068401853, -0.0110543575, 0.113291904), (0.006731497, -0.011031904, 0.1146559), (0.005925931, -0.011211884, 0.119907126), (0.0057010497, -0.01123533, 0.12176151), (0.0057450095, -0.011844025, 0.12194145), (0.0058451667, -0.010363459, 0.123139985), (0.0062749125, -0.011767895, 0.123401), (0.006544658, -0.0065026213, 0.12666616), (0.0087246895, -0.010660398, 0.1273901), (0.0075623775, -0.0028782068, 0.12813225), (0.010897893, -0.007391179, 0.1293552), (0.010525815, -0.00039859602, 0.12706593), (0.013105523, 0.0006961873, 0.12693469), (0.013084654, -0.0029761586, 0.12927453), (0.014000919, -0.0000092010605, 0.12782839), (0.0051874495, -0.011629671, 0.12338624), (0.0030351356, -0.012182164, 0.12554136), (0.0035987287, -0.012150634, 0.12625097), (0.002616834, -0.012551004, 0.124144204), (0.0014848697, -0.013221048, 0.12796493), (0.001985241, -0.013304448, 0.12855285), (0.0010876793, -0.013601617, 0.12704909), (0.00031385722, -0.014317984, 0.12919228), (0.0007325423, -0.014373863, 0.12960386), (0.00008692084, -0.014521172, 0.12854528), (-0.0009252059, -0.015394376, 0.12984705), (-0.0004949463, -0.015216066, 0.1299252), (-0.00083227083, -0.015319639, 0.12942638), (0.005811225, -0.011693707, 0.114242844), (0.0011872214, -0.013487721, 0.12105272), (-0.0016431059, -0.0181464, 0.121407755), (-0.002655227, -0.01475327, 0.12030141), (-0.0044104243, -0.019048175, 0.11806506), (-0.006589802, -0.017908555, 0.11392252), (-0.0056531276, -0.015634358, 0.11782889), (-0.007606335, -0.01630891, 0.11473203), (-0.008526676, -0.016835831, 0.112771034), (-0.008040694, -0.017279869, 0.11251343), (0.008153683, 0.0005888312, 0.0064450344), (0.009764062, -0.00024421897, 0.0067254985), (0.009525524, -0.0032291736, 0.0068797474), (0.006781499, 0.00019977191, 0.006466991), (0.004007399, -0.000005035754, 0.0054187956), (0.005488088, 0.0004033584, 0.005931122), (0.004141569, 0.00038790787, 0.0050834483), (0.006906628, 0.00076706475, 0.006112723), (0.005350677, 0.00073971093, 0.0059529985), (0.006457936, 0.001169298, 0.006575413), (0.0037278046, 0.00064890133, 0.005426987), (0.002606109, 0.0003262808, 0.004312912), (0.0013579702, 0.00035658546, 0.0034467787), (0.0005671904, 0.00018851136, 0.0021632768), (0.0006134848, -0.00015588308, 0.00211541), (0.0015473393, -0.00031325824, 0.0034147534), (0.0016792461, 0.00009772233, 0.0030850074), (0.00798316, 0.0011721258, 0.0065210764), (0.009203497, 0.0021187093, 0.007047576), (0.007877509, 0.0037000328, 0.007816923), (0.009016799, 0.0074569248, 0.00957367), (0.0095444545, 0.0051932274, 0.008469465), (0.010605812, 0.00372041, 0.00771934), (0.0113436235, 0.005694842, 0.008506077), (0.011468216, 0.007777863, 0.009328875), (0.013680975, 0.0055335425, 0.007821786), (0.014393521, 0.0075218207, 0.008210574), (0.017689483, 0.008514129, 0.0064477604), (0.01720548, 0.006748511, 0.006506229), (0.014727355, 0.009237792, 0.008542952), (0.014597012, 0.010562222, 0.009089953), (0.011549909, 0.009660631, 0.010068619), (0.017701032, 0.0099011585, 0.006765788), (0.01923912, 0.005697464, 0.0045479275), (0.016202038, 0.004953515, 0.0066204974), (0.018178245, 0.0040896614, 0.0051372624), (0.016673513, 0.0025190543, 0.0055054375), (0.01963634, 0.0032676542, 0.003437304), (0.018609364, 0.0015664456, 0.004840745), (0.01709863, -0.00010019324, 0.0059591895), (0.020470204, 0.0005839549, 0.0036106673), (0.018927861, -0.0011432532, 0.0052685123), (0.020581208, -0.0019749897, 0.00427791), (0.017297206, -0.0031574348, 0.006199088), (0.018959355, -0.0044755135, 0.0055560344), (0.017400816, -0.0070547974, 0.005888702), (0.020214496, -0.005713203, 0.005425293), (0.021823745, -0.0028760221, 0.003958866), (0.015579682, -0.005312255, 0.0065038414), (0.0133259855, -0.0071425317, 0.0066790525), (0.013811386, -0.003290209, 0.0069025517), (0.0154309375, -0.0016795998, 0.0065969145), (0.011928835, -0.0042016325, 0.0069968295), (0.011870403, -0.0015929005, 0.006922183), (0.022296088, -0.000011827578, 0.0021545594), (0.021509634, 0.0021745036, 0.0018762928), (0.01500003, 0.0009977169, 0.0062503037), (0.01318207, -0.00010512432, 0.006672481), (0.020678364, 0.004749798, 0.002556811), (0.014679307, 0.0031950332, 0.0065444363), (0.012838394, 0.0017573726, 0.0063150013), (0.01105202, 0.0009305362, 0.006562667), (0.010879332, 0.0018234607, 0.006695567), (0.009530335, 0.0011482111, 0.006363985), (0.019956896, 0.0074693607, 0.004115424), (0.012482824, 0.0033889567, 0.0072155744), (0.002734709, -0.0000040709647, 0.0043138084), (0.0028484573, -0.0019441153, 0.022096623), (0.0026552482, -0.0028297154, 0.022110045), (0.0027292531, -0.0023783324, 0.0221114), (0.0030325707, -0.0015572048, 0.022056524), (0.0036045618, -0.003646851, 0.021729497), (0.002840899, -0.003240888, 0.022022342), (0.0032183595, -0.0034690266, 0.021876782), (0.003993862, -0.0037428373, 0.0215882), (0.0038411333, -0.0014272523, 0.021785377), (0.004591807, -0.001848895, 0.02149656), (0.0042225933, -0.0016068568, 0.021641802), (0.0034596035, -0.0013398909, 0.021921335), (0.0045993077, -0.003171999, 0.021412788), (0.0047764303, -0.0022765067, 0.02140605), (0.004712916, -0.0027380933, 0.021400582), (0.00442072, -0.0035434326, 0.021451341), (0.0027026664, -0.00051492394, 0.014689883), (0.0024581586, -0.0027894867, 0.014670104), (0.0036942936, -0.0021975914, 0.014284565), (0.0017371782, -0.0022749647, 0.01493447), (0.0037651197, -0.0012534729, 0.014301815), (0.0018257493, -0.0013536267, 0.014943702), (0.0030538242, -0.00071062316, 0.014566943), (0.00816291, -0.0036586456, 0.06668603), (0.007931559, -0.004332565, 0.066741474), (0.008001255, -0.0039296043, 0.06672527), (0.008401698, -0.0034457853, 0.066636905), (0.008829201, -0.0050694807, 0.06662511), (0.008109122, -0.004706177, 0.06672181), (0.008464393, -0.0049077645, 0.06667504), (0.009249841, -0.005241354, 0.06655554), (0.00916491, -0.003352711, 0.066525646), (0.009849512, -0.0037010617, 0.066430084), (0.009511593, -0.0035069175, 0.06647646), (0.008818849, -0.0032680377, 0.06657532), (0.009850454, -0.0048168646, 0.0664486), (0.010014889, -0.0040577836, 0.0664118), (0.009949358, -0.004447684, 0.06642744), (0.009699435, -0.0051374286, 0.06647797), (0.007596843, -0.0043551456, 0.06036199), (0.003848093, -0.0033451037, 0.031457834), (0.009543713, -0.003683976, 0.059967913), (0.0055642067, -0.0024934525, 0.030893898), (0.003999031, -0.002923787, 0.031427234), (0.00515758, -0.0023415966, 0.031049047), (0.007831608, -0.00336546, 0.06028892), (0.0044030333, -0.0022259587, 0.03132314), (0.008590626, -0.0030708006, 0.06014311), (0.008261967, -0.00480529, 0.06024518), (0.0049479683, -0.0044316454, 0.031003863), (0.00946628, -0.004461603, 0.05999287), (0.0056921737, -0.00407532, 0.030757608), (0.0041960636, -0.004093981, 0.031293668), (0.0059102513, -0.0032588283, 0.030726586), (0.005377986, -0.0043700305, 0.030853434), (0.00687301, -0.0072368155, 0.09181328), (0.0067650513, -0.007887853, 0.09175416), (0.0067997435, -0.007549709, 0.09178759), (0.0070348782, -0.006983456, 0.091819905), (0.0075384756, -0.008412872, 0.09159456), (0.0069280635, -0.00817848, 0.09169992), (0.0072306613, -0.008315015, 0.09164522), (0.007845986, -0.00841124, 0.09155603), (0.007646105, -0.006860909, 0.09175136), (0.008191517, -0.007075879, 0.09165646), (0.0079193115, -0.0069518136, 0.091705486), (0.0073765093, -0.0068242685, 0.09179125), (0.008259717, -0.0079273805, 0.0915564), (0.008341649, -0.007335465, 0.09160906), (0.008316003, -0.0076373233, 0.091580324), (0.00815711, -0.008191221, 0.09154078), (0.0073318584, -0.0071426826, 0.086168796), (0.008498439, -0.0054370523, 0.073434755), (0.008772832, -0.0063595213, 0.08604958), (0.009668541, -0.0050425734, 0.073273085), (0.00799852, -0.00736081, 0.08606686), (0.009313558, -0.005641495, 0.07331837), (0.007126864, -0.006180922, 0.08627591), (0.008060027, -0.004039427, 0.0734865), (0.008634402, -0.006993145, 0.08601763), (0.00814342, -0.0057275905, 0.086179554), (0.008812066, -0.0037419547, 0.073390454), (0.0070847925, -0.0068876008, 0.08622177), (0.007762286, -0.0046234718, 0.07353323), (0.0086961435, -0.0060420055, 0.086083904), (0.009485201, -0.0040166173, 0.07330208), (0.008414917, -0.0038066336, 0.07344016), (0.0060418295, -0.010282857, 0.110507116), (0.0059891418, -0.010738469, 0.11046004), (0.0060041384, -0.010506054, 0.11048562), (0.006125873, -0.010088873, 0.11051912), (0.006535525, -0.011087402, 0.11035043), (0.006108659, -0.010935127, 0.11042158), (0.0063195145, -0.011024424, 0.11038431), (0.0067482586, -0.011093977, 0.11032421), (0.006551789, -0.009985256, 0.11047803), (0.0069607156, -0.010131523, 0.11041042), (0.006757413, -0.010046958, 0.110445425), (0.0063495333, -0.009961863, 0.110505804), (0.007029801, -0.010751369, 0.11032997), (0.0070771757, -0.010317877, 0.11037445), (0.007064494, -0.010538765, 0.110350415), (0.0069614733, -0.010944795, 0.11031572), (0.0066277804, -0.009499728, 0.1065089), (0.006892684, -0.00800898, 0.09702126), (0.006589492, -0.010714526, 0.106375426), (0.007360644, -0.009469432, 0.09678189), (0.0072535546, -0.010265976, 0.10634763), (0.0078718, -0.00908887, 0.09676299), (0.006145472, -0.010488345, 0.10645616), (0.006788009, -0.009314087, 0.09687464), (0.007250598, -0.0097933365, 0.10640068), (0.007974039, -0.008552399, 0.09681429), (0.0076696808, -0.009327059, 0.09675996), (0.006147433, -0.009980669, 0.10651424), (0.0066281715, -0.00821857, 0.09703127), (0.006830558, -0.009581236, 0.1064753), (0.0064949184, -0.008807407, 0.096976265), (0.00770229, -0.0080977855, 0.09690399), (0.0032708477, -0.0029337972, 0.01439214), (0.0020249134, -0.0026247585, 0.0148251355), (0.003611915, -0.0026190872, 0.014292211), (0.0029520676, -0.00069070596, 0.008675103), (0.0015614098, 0.00031598247, 0.00913336), (0.0028905254, -0.0011840235, 0.008687564), (0.0008121165, -0.00076598313, 0.0093565835), (0.002364201, 0.0000256977, 0.008877647), (0.00092989625, -0.0003107238, 0.009324686), (0.0011144786, 0.00008897034, 0.009271321), (0.0019640727, 0.00022075999, 0.009007842), (0.0017304014, -0.0021288926, 0.009042171), (0.0007406713, -0.001246426, 0.009373219), (0.0027783152, -0.0016429643, 0.008716188), (0.002591316, -0.0020328038, 0.008769202), (0.0027540096, -0.0002343412, 0.008746173), (0.0016639815, -0.0018131989, 0.014978498), (0.0021391162, -0.0022395437, 0.0089106895), (0.0009369505, -0.0016863727, 0.009305388), (0.0013281938, -0.0019340026, 0.009175352), (0.0039217467, -0.0037691186, 0.031408604), (0.0059787505, -0.004017946, 0.04825894), (0.005832649, -0.002827852, 0.030778402), (0.007661451, -0.0033117917, 0.04775798), (0.0061268914, -0.0036338777, 0.04822074), (0.0072697033, -0.0031761895, 0.04788142), (0.004078004, -0.0025303438, 0.031421926), (0.006544239, -0.0030557038, 0.048106037), (0.004825774, -0.0021607354, 0.031176688), (0.0046086507, -0.004246442, 0.031135773), (0.007055126, -0.0050666067, 0.047909733), (0.0057664015, -0.0036866406, 0.030753864), (0.0077961273, -0.0047685737, 0.04768827), (0.006321765, -0.004730228, 0.04814147), (0.0079969475, -0.004013188, 0.047640417), (0.0074939993, -0.005039449, 0.04777624), (0.0061458815, -0.0028472652, 0.040522017), (0.006724119, -0.00474217, 0.040247645), (0.005207961, -0.0032800904, 0.040828735), (0.0063209506, -0.0049290895, 0.04038038), (0.006981682, -0.00401249, 0.040185593), (0.005578159, -0.004664377, 0.04064873), (0.007039151, -0.0035992337, 0.040181488), (0.0052205124, -0.0044497624, 0.040781684), (0.0068812137, -0.004403909, 0.04020559), (0.0059459754, -0.0048353705, 0.04051372), (0.0057868096, -0.002759685, 0.0406495), (0.0053825425, -0.0029486823, 0.040781688), (0.006506234, -0.0030085756, 0.040390212), (0.0050989636, -0.0036597913, 0.040851876), (0.006858988, -0.0032190403, 0.04025882), (0.005038186, -0.0040696138, 0.040858436), (0.008100819, -0.0053153234, 0.0734844), (0.0076958807, -0.00723412, 0.086115085), (0.009800881, -0.0046660467, 0.073258765), (0.008672485, -0.006691645, 0.08603659), (0.008837402, -0.005624422, 0.073388), (0.008385898, -0.007255717, 0.086028054), (0.007921458, -0.004257911, 0.073514245), (0.007209282, -0.0059069637, 0.08628804), (0.0096139675, -0.00538491, 0.07327917), (0.009112684, -0.003900354, 0.07335024), (0.007878611, -0.005607365, 0.086223416), (0.007837178, -0.005017433, 0.073520154), (0.007005771, -0.006536201, 0.08626174), (0.009730477, -0.0042961943, 0.07326931), (0.0084710745, -0.0058116615, 0.08613066), (0.0075292774, -0.005679784, 0.08626349), (0.009255139, -0.005187969, 0.079982266), (0.0075237276, -0.0059853266, 0.080168), (0.009129883, -0.005894885, 0.0799687), (0.00821983, -0.0062935026, 0.080068), (0.0081335725, -0.004526579, 0.08015101), (0.007736479, -0.0047028796, 0.080194674), (0.008774153, -0.004707761, 0.080062196), (0.007400715, -0.00524985, 0.08021824), (0.009089583, -0.004869096, 0.08001589), (0.0073462036, -0.005638459, 0.08020667), (0.008453568, -0.0045850873, 0.08010799), (0.008998905, -0.0062039327, 0.079972446), (0.0075242887, -0.0049444013, 0.080214426), (0.008601589, -0.0063779624, 0.08001565), (0.009209877, -0.0055490644, 0.07997304), (0.007867855, -0.0061607235, 0.08011735), (0.00027529144, 0.0010834527, 0.0039952854), (0.0008951788, -0.0014351808, 0.003844658), (0.0017315361, -0.001054117, 0.003584263), (0.000075993186, -0.0010338142, 0.0040917303), (0.0019580862, -0.00012487706, 0.0035017952), (0.001373081, -0.0013831006, 0.0036978594), (-0.00007347244, 0.00074589165, 0.0041069174), (-0.0003078213, -0.00017121993, 0.0041955924), (0.0015657073, 0.0007642715, 0.0036120391), (-0.0010716137, 0.0017971986, -0.0010408104), (0.00023221923, 0.0017138347, -0.0014078079), (-0.0013620955, 0.0009270939, -0.0009131986), (0.000643118, 0.001440946, -0.001520198), (-0.0014256168, 0.00042318192, -0.00087175507), (-0.00018499373, 0.0019225375, -0.0012956369), (0.0005037134, -0.00043578004, -0.0014024031), (-0.0012514181, 0.0013951786, -0.0009686928), (0.000028982047, -0.000651018, -0.0012548069), (0.00080057135, 0.0004446211, -0.001526781), (-0.00081448455, -0.00031135653, -0.001022138), (0.0008572473, 0.0009630351, -0.001564474), (-0.0012167876, -0.000043181757, -0.0009129336), (0.0006944595, -0.000032845644, -0.0014750756), (-0.00039792762, -0.0005257392, -0.0011363243), (-0.00060740387, 0.002027686, -0.0011835353), (0.0060545327, -0.010868734, 0.115688644), (0.00601599, -0.011213871, 0.11563316), (0.0060265227, -0.011037836, 0.11566302), (0.0061167413, -0.010720519, 0.1157049), (0.0064366013, -0.01147667, 0.11551715), (0.00610863, -0.011362431, 0.11559118), (0.006271176, -0.011429362, 0.11555242), (0.006598666, -0.011483777, 0.11548982), (0.0064436183, -0.01063932, 0.11566596), (0.006758781, -0.010748803, 0.11559485), (0.006602039, -0.010685242, 0.11563185), (0.006287227, -0.010622271, 0.11569452), (0.006813027, -0.0112231895, 0.11550146), (0.00684881, -0.010890954, 0.11555482), (0.006839358, -0.011060151, 0.11552624), (0.006761214, -0.01137167, 0.1154834), (0.0069639888, -0.010743812, 0.113452345), (0.006912704, -0.01094622, 0.113430455), (0.006551704, -0.011365022, 0.113420404), (0.0067608356, -0.011291592, 0.113401875), (0.0060104486, -0.010713375, 0.11359185), (0.006028384, -0.010526971, 0.11361624), (0.0068990286, -0.011127477, 0.11340619), (0.006558463, -0.010383307, 0.113561705), (0.0063893087, -0.010317119, 0.11359515), (0.0060133557, -0.011120566, 0.11353216), (0.0059563965, -0.010924068, 0.113569), (0.0069078207, -0.010555563, 0.11348738), (0.0067624627, -0.010423906, 0.1135269), (0.006182825, -0.010370728, 0.11361673), (0.0063744346, -0.011301262, 0.11345409), (0.0061628376, -0.0112586, 0.11349053), (0.006146266, -0.011093849, 0.1167943), (0.0066451295, -0.011005269, 0.116724424), (0.0066751726, -0.0111084655, 0.11669893), (0.0062352177, -0.01139134, 0.11671997), (0.006350555, -0.011418059, 0.11669455), (0.0066510863, -0.01121951, 0.11668135), (0.0064510205, -0.011448508, 0.11667123), (0.006564082, -0.011409475, 0.116659254), (0.006161358, -0.010990851, 0.11681191), (0.006638819, -0.011320129, 0.116663724), (0.006453949, -0.010908785, 0.11677689), (0.006357657, -0.0108768465, 0.11680001), (0.006151676, -0.011316808, 0.11674935), (0.0061209304, -0.011209204, 0.11677604), (0.0065645655, -0.01093419, 0.1167525), (0.006244786, -0.010906004, 0.11681398), (0.0071890694, -0.007938963, 0.09699024), (0.0063765105, -0.009563065, 0.10653274), (0.0071021724, -0.009380914, 0.09682564), (0.0068075755, -0.010790302, 0.10634127), (0.007897487, -0.008835078, 0.09679062), (0.0072350376, -0.010484887, 0.10632514), (0.006570989, -0.009104179, 0.0969292), (0.0063279443, -0.010661167, 0.10641348), (0.00790104, -0.008286888, 0.096855484), (0.007316779, -0.010021477, 0.10636722), (0.0070653656, -0.010686457, 0.10632266), (0.006584535, -0.008492026, 0.09700326), (0.006174445, -0.009749854, 0.106537074), (0.0074190013, -0.008034642, 0.09694858), (0.0060777585, -0.010243048, 0.106492825), (0.00707652, -0.009632579, 0.10643967), (0.0064654485, -0.009013654, 0.10195492), (0.007231858, -0.008971068, 0.10186201), (0.0062936535, -0.009522985, 0.101915926), (0.0074727735, -0.009074284, 0.1018194), (0.006270727, -0.009811683, 0.10188375), (0.0069886902, -0.008895661, 0.10190158), (0.0074620326, -0.01004329, 0.10170593), (0.006344988, -0.00924605, 0.10194284), (0.007201513, -0.010238413, 0.10171486), (0.007591071, -0.00956016, 0.101747334), (0.006675209, -0.010168309, 0.10178826), (0.0076085767, -0.009297315, 0.10177598), (0.006414831, -0.010056816, 0.10183512), (0.0075469115, -0.009812908, 0.10172296), (0.006941292, -0.010245798, 0.10174583), (0.006750011, -0.008866901, 0.10193537), (0.0018077185, -0.00061911764, 0.0035548704), (0.00052320707, -0.0012147484, 0.003954122), (0.00074798474, 0.0011590049, 0.0038544042), (-0.00014892528, 0.0003097897, 0.0041379603), (0.0018659846, 0.00037415716, 0.0035234988), (-0.00022175835, -0.0006578731, 0.0041769575), (0.0022526637, -0.0005903817, 0.014834847), (0.0019109276, -0.0009237663, 0.014934517), (0.002814889, -0.0029884877, 0.01454228), (0.0034839157, -0.0008831651, 0.014413488), (0.003846483, -0.001728911, 0.014254039), (0.0011151063, 0.00094666285, 0.003749866), (0.0060565025, -0.00441765, 0.048228737), (0.007922235, -0.0036181419, 0.047671285), (0.006219678, -0.0033203356, 0.048198376), (0.0069518713, -0.0030006913, 0.047983125), (0.0067212987, -0.0048753074, 0.048016086), (0.007859071, -0.004409378, 0.0476747), (0.0075241732, -0.0039533023, 0.060369316), (0.009291471, -0.0033821734, 0.06001244), (0.0076904683, -0.003587784, 0.06033072), (0.008903209, -0.0032481037, 0.060084496), (0.0081814295, -0.0031261574, 0.060219858), (0.008604406, -0.0050140917, 0.06018), (0.009403881, -0.0048139775, 0.06001194), (0.00786105, -0.0046668616, 0.06031708), (0.009610046, -0.00407233, 0.059960827), (0.009089973, -0.0050639813, 0.06007834), (0.007959409, -0.0031071992, 0.054058675), (0.008514404, -0.004934726, 0.053917117), (0.006990458, -0.0034594552, 0.05429754), (0.008086164, -0.005071069, 0.054025494), (0.008767355, -0.0042322655, 0.05385304), (0.007322082, -0.0047607566, 0.054218132), (0.00883009, -0.003834193, 0.05383878), (0.0069675683, -0.004551618, 0.054305594), (0.008667655, -0.0046090325, 0.05387781), (0.0076868217, -0.0049294494, 0.054127507), (0.0076073413, -0.0030180523, 0.054146666), (0.00719799, -0.0031976115, 0.054245148), (0.008312644, -0.003266161, 0.0539696), (0.00685302, -0.0037740124, 0.05433401), (0.0086580375, -0.0034680034, 0.053882778), (0.006788172, -0.004176165, 0.054349855), (-0.0049466724, -0.0026497478, 0.008488788), (-0.0062132278, -0.003256866, 0.008749158), (-0.0072832033, -0.002661747, 0.009454325), (-0.008508814, -0.002860505, 0.009555637), (-0.010045317, -0.0010897635, 0.010434967), (-0.011716018, -0.0023060779, 0.010189709), (-0.014701942, -0.0016027029, 0.0112354355), (-0.015877804, -0.0037002491, 0.010054756), (-0.01841256, -0.0039359555, 0.009968674), (-0.019529568, -0.0063021937, 0.006374944), (-0.01786081, -0.005616087, 0.0081034005), (-0.01578471, -0.005458108, 0.008543688), (-0.017414752, -0.00750811, 0.0066126226), (-0.015429053, -0.0074524865, 0.006976355), (-0.013012204, -0.0080239875, 0.0066521424), (-0.013418777, -0.01079375, 0.006146529), (-0.015428905, -0.00935443, 0.0051894207), (-0.017670922, -0.010578039, 0.0036544998), (-0.017388985, -0.009107132, 0.005105499), (-0.016005266, -0.01150216, 0.0045307497), (-0.014229565, -0.012787582, 0.0054091425), (-0.015715024, -0.0132890465, 0.0044412315), (-0.0176427, -0.01265231, 0.0034285188), (-0.013512409, -0.015463347, 0.0052892324), (-0.011783728, -0.014627156, 0.0065163886), (-0.0090923915, -0.016529456, 0.008126137), (-0.008705444, -0.01389351, 0.008201618), (-0.0057797357, -0.015109126, 0.008731757), (-0.0046063815, -0.010867141, 0.008444728), (-0.006299728, -0.011243004, 0.008332635), (-0.008976709, -0.0077102603, 0.008039604), (-0.007259961, -0.0079084495, 0.008418713), (-0.008698183, -0.010618933, 0.008011728), (-0.0074268742, -0.0057770093, 0.008410104), (-0.0065186997, -0.0052607753, 0.008539353), (-0.0061263693, -0.007339697, 0.008638952), (-0.005675245, -0.004259247, 0.008553508), (-0.0061085937, -0.004030302, 0.008302612), (-0.0049918443, -0.003226685, 0.008098196), (-0.003920101, -0.0024165611, 0.0074673626), (-0.0037269916, -0.0024815632, 0.00761161), (-0.0026982424, -0.0018179336, 0.0065990044), (-0.0007303233, -0.00068501127, 0.003927909), (-0.001556658, -0.0012862964, 0.005430157), (-0.0017303643, -0.0012107323, 0.0053272224), (-0.0008766267, -0.0006048357, 0.0038540303), (-0.0028401744, -0.0017346729, 0.006516538), (-0.0017714516, -0.0011092923, 0.0053500147), (-0.00080826593, -0.00048065273, 0.003972796), (-0.0027863, -0.001616004, 0.0066453163), (-0.0016797202, -0.0009819274, 0.005498553), (-0.0007196529, -0.0003713486, 0.0042056115), (-0.0026736043, -0.0014819675, 0.006836365), (0.0000665905, 0.00013281335, 0.0025631166), (0.00017662894, -0.00017172689, 0.002497499), (-0.0005652226, -0.0007757148, 0.004116619), (-0.0051393225, -0.0029690138, 0.008152896), (-0.0038811802, -0.0021667164, 0.0076818815), (-0.0039697667, -0.002317784, 0.0074898745), (0.00000461778, 0.000028349034, 0.0023571542), (0.000041710555, -0.00007463858, 0.0023349829), (-0.0024967133, -0.0018891711, 0.0067434814), (-0.0046256217, -0.0032489726, 0.008370211), (-0.005162078, -0.0031312427, 0.00796908), (-0.0062730582, -0.0037322799, 0.008370047), (-0.007041694, -0.004508525, 0.008323837), (-0.0055602915, -0.0059828693, 0.00884738), (-0.008150232, -0.0044259266, 0.008723304), (-0.0088314945, -0.005680921, 0.008072185), (-0.010924466, -0.0068894033, 0.007460294), (-0.010640894, -0.0050548557, 0.0086271865), (-0.010896283, -0.009561637, 0.007315046), (-0.011134157, -0.012451462, 0.007079676), (-0.019320225, -0.009429326, 0.0037208393), (-0.01329615, -0.0059906957, 0.008088578), (-0.018698314, -0.008165518, 0.0052993502), (-0.013018533, -0.0041055796, 0.009358314), (-0.009699414, -0.0036469006, 0.009356403), (-0.0073093525, -0.003734699, 0.008871581), (0.0030780048, -0.011381525, 0.022753553), (0.002460139, -0.01353422, 0.023476046), (-0.00016675155, -0.015376994, 0.025053067), (-0.0016804438, -0.019173717, 0.026292108), (-0.0058557233, -0.021869346, 0.028167298), (-0.004903695, -0.025880707, 0.028276447), (-0.009181877, -0.028498992, 0.030186739), (-0.0050191833, -0.031867072, 0.028787285), (-0.0067951763, -0.03546655, 0.029674089), (-0.0005438977, -0.041194428, 0.023940466), (-0.0010622508, -0.037952762, 0.026171071), (0.00016950865, -0.034380037, 0.026399255), (0.0034707885, -0.03888127, 0.022268223), (0.004992797, -0.035664752, 0.02331672), (0.008020784, -0.032012597, 0.023247775), (0.0107452115, -0.03436741, 0.022457179), (0.00839833, -0.0365424, 0.019741861), (0.0077797575, -0.040446155, 0.015035363), (0.006213741, -0.039500594, 0.018825524), (0.010121516, -0.03872096, 0.018219661), (0.012353687, -0.037089914, 0.020756433), (0.012434266, -0.039783806, 0.018114015), (0.010526301, -0.04205176, 0.01460117), (0.01616015, -0.039017268, 0.020399433), (0.015664887, -0.03524617, 0.023596235), (0.019544706, -0.03296295, 0.027345117), (0.01684901, -0.029152708, 0.028230969), (0.019556966, -0.026420105, 0.031343903), (0.01370197, -0.018758286, 0.030104164), (0.014260777, -0.022841409, 0.029836144), (0.008212991, -0.023935506, 0.026489818), (0.008771762, -0.020503435, 0.027534937), (0.012819345, -0.025975237, 0.02783422), (0.005105499, -0.018764064, 0.025387892), (0.0050811693, -0.015585878, 0.02472986), (0.00802641, -0.01677493, 0.027064316), (0.0047372887, -0.012910084, 0.023625964), (0.0040279175, -0.013863933, 0.023075258), (0.0040491745, -0.011743763, 0.022411125), (0.003743584, -0.008040212, 0.020254958), (0.003774582, -0.010069165, 0.021343924), (0.0040409514, -0.009864714, 0.021740237), (0.0044328077, -0.011041163, 0.022859434), (0.004006577, -0.007924077, 0.020726986), (0.0036328642, -0.004030901, 0.017326433), (0.0036880034, -0.005960376, 0.018854724), (0.0033065635, -0.0021749055, 0.0151140625), (0.0030440236, -0.0021847608, 0.014648241), (0.003365059, -0.0040447856, 0.01678093), (0.0031093513, -0.0041282116, 0.016452817), (0.0028115567, -0.0022394143, 0.01468071), (0.002618957, -0.0023386641, 0.015205773), (0.0028998246, -0.004152612, 0.016834635), (0.0032910355, -0.008159994, 0.020273672), (0.0029964468, -0.0061280443, 0.018910216), (0.0031987587, -0.0061034355, 0.01847016), (0.0027123631, -0.00424931, 0.01742366), (0.0030940122, -0.008166604, 0.020756694), (0.0034273535, -0.011912222, 0.022392115), (0.0033303432, -0.010059716, 0.021729246), (0.00354872, -0.010134362, 0.02134558), (0.0034946364, -0.008131, 0.019918974), (0.0034292217, -0.0060488065, 0.018449737), (0.0037396115, -0.01198035, 0.022049239), (0.0032723527, -0.014059518, 0.023053162), (0.0036182385, -0.01658083, 0.023680802), (0.006738948, -0.013364898, 0.025597729), (0.0017418369, -0.019653816, 0.025173957), (0.0044253464, -0.022202153, 0.024840392), (0.006450181, -0.027386663, 0.024581501), (0.0018151005, -0.02566986, 0.026022933), (0.010502441, -0.029116381, 0.025367413), (0.013697993, -0.03180499, 0.025098), (0.0049828826, -0.042498104, 0.016145874), (0.0030891392, -0.030839927, 0.02561801), (0.003714909, -0.04108048, 0.019916754), (-0.0016516971, -0.028916193, 0.027383452), (-0.0011634359, -0.02292208, 0.026671944), (0.0014582673, -0.016547613, 0.024538545), (0.0013581037, -0.0006702516, 0.017331194), (0.0025063902, -0.0017103445, 0.0155975865), (0.0028127902, -0.0016415077, 0.015420901), (0.0016643377, -0.0005970531, 0.017147481), (0.00081569585, 0.00072223414, 0.01875423), (0.0005441262, 0.0006038489, 0.018880146), (-0.00023199065, 0.0021691583, 0.020450586), (-0.0008346708, 0.0037910435, 0.02181513), (-0.0010999689, 0.0036624505, 0.021949563), (-0.0014864563, 0.005130437, 0.023001026), (-0.0017256005, 0.0065119388, 0.023843717), (-0.0021947725, 0.006130964, 0.02414647), (-0.0026085873, 0.0074117873, 0.025072606), (-0.0025809666, 0.008910214, 0.025616616), (-0.004481771, 0.007975835, 0.026963878), (-0.00449902, 0.009636403, 0.02744412), (-0.007734037, 0.010531543, 0.029721702), (-0.003792394, 0.01174443, 0.027491366), (-0.0068963473, 0.012571664, 0.02962293), (-0.0051690405, 0.015668292, 0.029141737), (-0.01058362, 0.014128916, 0.03149604), (-0.008413726, 0.017081229, 0.030936241), (-0.008164439, 0.022740932, 0.03080155), (-0.010702684, 0.019701965, 0.03214485), (-0.005974529, 0.020621784, 0.029626712), (-0.0028707949, 0.019428827, 0.027979875), (-0.0034473867, 0.024070857, 0.027742501), (0.00027765415, 0.022039147, 0.0290652), (0.0042432966, 0.025097664, 0.029862542), (0.0040443134, 0.019944306, 0.030066159), (0.008612876, 0.022832878, 0.030791214), (0.012918701, 0.026202872, 0.031052753), (0.012769438, 0.020321932, 0.03168576), (0.007626041, 0.017536584, 0.030868627), (0.010466371, 0.014609291, 0.03131572), (0.0067381742, 0.010156197, 0.029345065), (0.0060074637, 0.0126423305, 0.02982305), (0.0005196646, 0.0129225245, 0.027763324), (0.0020670416, 0.010946741, 0.027842328), (0.0037015537, 0.015196725, 0.029617043), (0.002381808, 0.008970178, 0.027175004), (-0.00058010285, 0.009327161, 0.0257916), (-0.00024864706, 0.0077953166, 0.025190556), (-0.0004112504, 0.006396908, 0.024164235), (-0.0011672948, 0.0065969564, 0.02385516), (-0.0008431856, 0.0052418686, 0.022987384), (-0.0002943927, 0.0038577218, 0.021949947), (-0.000559237, 0.003855443, 0.02181393), (0.00029134072, 0.002326732, 0.020475512), (0.001310671, 0.0008683473, 0.018954791), (0.0010712085, 0.00081026636, 0.01877923), (0.0021710491, -0.00041674977, 0.017212644), (0.0032557803, -0.0014497672, 0.015706737), (0.003066115, -0.001553568, 0.015457898), (0.002360905, -0.00031242392, 0.017459134), (0.00053780986, 0.0023716125, 0.020636484), (-0.00048252847, 0.0051268693, 0.023107257), (0.0017023503, 0.0073655345, 0.025997855), (0.007991484, 0.028597968, 0.03011108), (0.009937011, 0.03164039, 0.02996322), (0.006599476, 0.034796707, 0.02860646), (0.001857133, 0.03504131, 0.026966346), (0.0044566295, 0.03152978, 0.028744327), (-0.0031532804, 0.03283406, 0.027338328), (-0.0024482696, 0.030569343, 0.026704371), (-0.0060983817, 0.030546539, 0.02975446), (-0.0061988398, 0.028499769, 0.029468313), (-0.008765254, 0.027890578, 0.03144986), (-0.008936475, 0.025454134, 0.031257093), (-0.011583921, 0.022810198, 0.032676205), (0.00059958745, 0.01741423, 0.028873645), (0.00058232597, 0.02755105, 0.028481679), (-0.0054329396, 0.026156275, 0.028872073), (-0.013439352, 0.016808948, 0.032872085), (-0.011931751, 0.011975637, 0.031799324), (-0.0021604833, 0.014854564, 0.027131483), (-0.0018954148, 0.0108666085, 0.025695965), (-0.0076973075, 0.008713151, 0.029460395), (-0.0037540724, 0.0066277124, 0.02591436), (-0.0016678969, 0.007961809, 0.024404464), (-0.0017168623, 0.004894967, 0.023123983), (-0.0011843529, 0.0053037754, 0.022849206), (-0.00050518516, 0.0020557395, 0.020586142), (0.000044901724, 0.0022796153, 0.020313041), (0.001933726, -0.00047724706, 0.017030735), (0.017138064, 0.002705888, 0.041982006), (0.01493643, 0.0009674004, 0.042337753), (0.018746102, 0.0033862926, 0.0418976), (0.019943539, 0.0040354696, 0.04102421), (0.021383893, 0.0025858302, 0.042658616), (0.02625078, 0.0009993096, 0.043783244), (0.023309514, 0.0036456205, 0.041305296), (0.025022594, 0.0056327977, 0.038795993), (0.021333471, 0.004989552, 0.03986324), (0.022522816, 0.0062581594, 0.03838413), (0.023076218, 0.0077672754, 0.036552496), (0.020694923, 0.005918121, 0.03864786), (0.021173999, 0.00803185, 0.03845667), (0.019615486, 0.0074389735, 0.039838284), (0.020599933, 0.011607453, 0.03876687), (0.018283548, 0.011273609, 0.041016288), (0.015936583, 0.016216736, 0.042457283), (0.01689595, 0.009884698, 0.04228872), (0.018439315, 0.0062803067, 0.040855926), (0.017580554, 0.0050502233, 0.04170314), (0.016554719, 0.0035041496, 0.04189672), (0.01426141, 0.0019388738, 0.042315654), (0.011989306, 0.00014001521, 0.04160184), (0.009835463, -0.0009843549, 0.040507074), (0.0052857297, -0.0032707057, 0.0346911), (0.010172202, -0.0010767977, 0.040076394), (0.005534832, -0.0033800853, 0.034177806), (0.010479146, -0.0011916592, 0.039701518), (0.005655101, -0.003622143, 0.034120794), (0.010458893, -0.0015532955, 0.040017106), (0.0056419056, -0.003987302, 0.03452422), (0.0071640387, -0.0034760947, 0.036683958), (0.012449944, -0.00057186524, 0.041555837), (0.012426363, -0.0002499769, 0.04119204), (0.014819857, 0.0012173746, 0.041897576), (0.012272321, -0.000013283221, 0.04120824), (0.014686638, 0.0014484724, 0.04150535), (0.0167631, 0.0031676379, 0.0414328), (0.016942194, 0.0029279313, 0.041461647), (0.018379902, 0.004152216, 0.04045141), (0.014485748, 0.0016949701, 0.041887663), (0.01815664, 0.0045509785, 0.04094547), (0.018922497, 0.016209299, 0.03948051), (0.016471505, 0.020843223, 0.04083198), (0.020706229, 0.020226482, 0.036591902), (0.019795474, 0.024460467, 0.037273567), (0.02566173, 0.023424398, 0.027355246), (0.02486482, 0.021694314, 0.030623024), (0.027949937, 0.018103339, 0.025238292), (0.025088921, 0.018465066, 0.031406242), (0.02805329, 0.015827565, 0.026833428), (0.029565489, 0.013666575, 0.023230998), (0.028473133, 0.012420297, 0.0279611), (0.031179056, 0.012292386, 0.026334273), (0.03271244, 0.010334353, 0.029912489), (0.03306418, 0.012157548, 0.024391156), (0.034914605, 0.010010291, 0.028031055), (0.03615363, 0.010356617, 0.024647426), (0.03673733, 0.0072970423, 0.03306067), (0.033124506, 0.0034896024, 0.040243115), (0.033680625, 0.0075839236, 0.034552358), (0.03373963, 0.012523971, 0.021741541), (0.032724634, 0.013386705, 0.018583871), (0.029831234, 0.014169778, 0.018974982), (0.029142248, 0.017560178, 0.018758398), (0.031530164, 0.013345608, 0.021715287), (0.029501697, 0.010400568, 0.031324394), (0.029626004, 0.00768595, 0.035302397), (0.025663028, 0.014520384, 0.031948965), (0.025960222, 0.010154415, 0.03277022), (0.029230023, 0.015891895, 0.021907073), (0.028378299, 0.018788982, 0.022407612), (0.02225474, 0.01581969, 0.0360049), (0.023053078, 0.011312313, 0.036144853), (0.019383667, 0.005364604, 0.039803363), (0.019756632, 0.004881853, 0.039839067), (0.025890328, 0.007829242, 0.035943028), (0.02848798, 0.0041542654, 0.03985722), (0.018624028, 0.0039272127, 0.04104008), (0.006660233, -0.002520151, 0.036872122), (0.0069324053, -0.00261635, 0.036336094), (0.0072419695, -0.0027112635, 0.035938047), (0.0071866, -0.003099132, 0.03624005), (0.010407241, -0.0019392481, 0.04039109), (0.008742914, -0.0025659427, 0.038364917), (0.008803395, -0.002171553, 0.038024396), (0.008668686, -0.0019314929, 0.0380636), (0.008339365, -0.001845174, 0.038482074), (0.0050024306, -0.0035226082, 0.033678), (0.005442749, -0.0037942964, 0.034069374), (0.0035362737, -0.006106386, 0.03708324), (0.001687923, -0.008131427, 0.03964816), (0.0021845747, -0.008210843, 0.040028304), (0.00055143447, -0.009593363, 0.041716434), (-0.0008959382, -0.010587964, 0.04277761), (-0.00004761805, -0.011092664, 0.043494508), (-0.0012655566, -0.012543026, 0.0445871), (-0.0030587704, -0.012966963, 0.04441832), (-0.0010756234, -0.016114885, 0.046759266), (-0.0036142648, -0.01677959, 0.04582098), (-0.004167222, -0.021590091, 0.047600344), (-0.006519386, -0.015989061, 0.043591466), (-0.0070599653, -0.020626, 0.045215093), (-0.010381932, -0.018559316, 0.04208536), (-0.008024132, -0.025313426, 0.047003675), (-0.011787315, -0.02326428, 0.04290521), (-0.017364794, -0.024066476, 0.037811108), (-0.014481228, -0.027355697, 0.04170158), (-0.015240219, -0.02030519, 0.039134443), (-0.013829108, -0.01569158, 0.03874447), (-0.018107537, -0.017253151, 0.035436034), (-0.018544417, -0.014594529, 0.038440157), (-0.022806609, -0.013944484, 0.037223306), (-0.019273281, -0.01140346, 0.041310493), (-0.023655849, -0.010875068, 0.040389508), (-0.027194345, -0.011040641, 0.03814949), (-0.02501054, -0.0066298996, 0.04425001), (-0.020292303, -0.0073435674, 0.0445583), (-0.021483596, -0.0025505682, 0.047817666), (-0.013705604, -0.0030460593, 0.04755776), (-0.014977237, -0.0056002853, 0.04599408), (-0.009684343, -0.011102178, 0.042794593), (-0.008781249, -0.008671127, 0.04455817), (-0.014835404, -0.009245867, 0.04361335), (-0.007085149, -0.0071203, 0.04543797), (-0.0046224287, -0.010268508, 0.043802712), (-0.0031922364, -0.009330215, 0.04389058), (-0.0014399913, -0.008933096, 0.04310974), (-0.0012713927, -0.009899879, 0.04261737), (0.00015053168, -0.008976153, 0.04161608), (0.0016418387, -0.0075217118, 0.040010862), (0.0015004459, -0.007901343, 0.0396325), (0.0031526578, -0.0056780856, 0.037156668), (0.004891404, -0.0031811749, 0.034367457), (0.0048058676, -0.003318094, 0.03377153), (0.0032478909, -0.0054596323, 0.037754305), (0.00031450647, -0.00841422, 0.041955687), (-0.004592427, -0.007022332, 0.04494212), (-0.026220795, -0.013666503, 0.034912884), (-0.028390933, -0.013165348, 0.032677382), (-0.02805154, -0.01511904, 0.028642558), (-0.02541916, -0.018592332, 0.025102688), (-0.025757758, -0.015936196, 0.03085697), (-0.022053504, -0.022349034, 0.02435184), (-0.02182132, -0.019241257, 0.02826802), (-0.022194695, -0.025819954, 0.027648453), (-0.020711951, -0.023980746, 0.030233312), (-0.020864576, -0.028042445, 0.032335922), (-0.0190159, -0.026503133, 0.034845214), (-0.016747147, -0.030012693, 0.038533572), (-0.014404886, -0.012629671, 0.041173913), (-0.022290219, -0.01652821, 0.033555266), (-0.019781005, -0.021116806, 0.033529863), (-0.010759247, -0.02988641, 0.046672113), (-0.004685848, -0.026548767, 0.050309323), (-0.009746873, -0.013964223, 0.040745012), (-0.0056535993, -0.012077658, 0.04260044), (-0.0011997372, -0.021136293, 0.048973944), (0.00042472163, -0.014085673, 0.04593701), (-0.002428372, -0.010783584, 0.043075044), (0.0011511513, -0.009624901, 0.042111434), (0.000024247427, -0.009469193, 0.041252933), (0.003969547, -0.006324952, 0.03757494), (0.0030551814, -0.0059600044, 0.036776446), (0.008486733, -0.0066602486, 0.05562344), (0.008009036, -0.004484838, 0.051643863), (0.0077008205, -0.004559323, 0.05096703), (0.008165151, -0.0066469954, 0.054774772), (0.008424142, -0.009042688, 0.058000926), (0.00874837, -0.009051659, 0.058629304), (0.009187074, -0.011781168, 0.061571706), (0.009720585, -0.01439845, 0.06393011), (0.009990327, -0.014393078, 0.06448184), (0.010511709, -0.016458265, 0.065667205), (0.0110854525, -0.018262701, 0.06614596), (0.011302282, -0.017906064, 0.0667435), (0.012138437, -0.019720422, 0.06671721), (0.01318655, -0.021966893, 0.066254534), (0.014140738, -0.021005966, 0.06756686), (0.016042136, -0.02393574, 0.06661981), (0.017236998, -0.027163979, 0.06419611), (0.021360165, -0.028630609, 0.06400918), (0.020505983, -0.025212212, 0.06795563), (0.018135348, -0.021984743, 0.06968437), (0.026071643, -0.025475878, 0.069272555), (0.029543485, -0.030847104, 0.059058204), (0.025873734, -0.029350892, 0.06293538), (0.026911099, -0.036023736, 0.045902457), (0.026458088, -0.034287114, 0.050351497), (0.024352891, -0.032721255, 0.055231854), (0.023457766, -0.03613887, 0.042929262), (0.022778274, -0.034823235, 0.047785662), (0.020666514, -0.03364984, 0.052184187), (0.021341855, -0.03636953, 0.04113029), (0.018566227, -0.03572305, 0.04801134), (0.01639719, -0.037509575, 0.043906868), (0.013659255, -0.0349431, 0.05561124), (0.01042293, -0.03670107, 0.053280443), (0.0029100897, -0.03522765, 0.06207327), (0.008482941, -0.038657557, 0.050679494), (0.015291624, -0.03940489, 0.039960932), (0.002064229, -0.031161401, 0.06783371), (0.007435733, -0.03345368, 0.06253485), (0.0058913976, -0.024831083, 0.06877165), (0.007139092, -0.028641356, 0.06670065), (0.013277468, -0.028300008, 0.06363098), (0.010458248, -0.025416765, 0.06594789), (0.011167483, -0.03130698, 0.06300779), (0.009475376, -0.022002641, 0.067203045), (0.011729843, -0.022318795, 0.06610766), (0.0106441965, -0.019989833, 0.06664899), (0.009981475, -0.018143555, 0.06669716), (0.010659218, -0.018312152, 0.06613044), (0.009863127, -0.016517548, 0.06559193), (0.009057149, -0.014426288, 0.064235725), (0.009412108, -0.014403182, 0.06384893), (0.008558368, -0.011751205, 0.061307896), (0.007797547, -0.008978003, 0.058125462), (0.008106403, -0.009020914, 0.057838995), (0.0075399363, -0.006642226, 0.05445373), (0.0071101524, -0.0045841383, 0.051221184), (0.007398489, -0.0045944788, 0.050837763), (0.0072487723, -0.0066364193, 0.054944295), (0.008231727, -0.011762003, 0.061739787), (0.00935346, -0.016472012, 0.06623908), (0.009351444, -0.019477962, 0.067555144), (0.016116608, -0.03280444, 0.058297765), (0.019441402, -0.038074058, 0.036252826), (0.021265976, -0.03758436, 0.036165457), (0.021153443, -0.03152667, 0.05864474), (0.017528456, -0.030079791, 0.060430177), (0.02309758, -0.037450254, 0.03879534), (0.0140882, -0.02487397, 0.064669974), (0.012484266, -0.018902706, 0.067700446), (0.011698507, -0.02012295, 0.0662153), (0.010679797, -0.016250271, 0.06638348), (0.010251937, -0.016545346, 0.06527885), (0.00948981, -0.011831008, 0.062282264), (0.008869615, -0.011750012, 0.061092377), (0.007843719, -0.0067025437, 0.05427997), (0.0037637777, 0.010592388, 0.064890966), (0.0035577572, 0.013205949, 0.06457276), (0.0055739684, 0.015261631, 0.06581378), (0.0061857, 0.017616656, 0.06517831), (0.0109032085, 0.01977092, 0.06666929), (0.00995133, 0.023442876, 0.0647173), (0.0140512185, 0.028682748, 0.06475131), (0.010735226, 0.03179227, 0.061433844), (0.012212066, 0.036715183, 0.059806608), (0.0075729787, 0.04190209, 0.05195657), (0.008287029, 0.036773346, 0.056186296), (0.0072135655, 0.032236706, 0.058203768), (0.004541772, 0.037830714, 0.051851954), (0.0033683744, 0.032840364, 0.054037206), (0.0006226286, 0.027765524, 0.054776054), (-0.0037971626, 0.032050624, 0.05327718), (-0.00012948416, 0.03573043, 0.048194725), (-0.0005149619, 0.043951303, 0.041092984), (0.0016269122, 0.04046385, 0.046757508), (-0.003321458, 0.03945745, 0.046052583), (-0.0064114034, 0.036143932, 0.050641652), (-0.0063332515, 0.039380517, 0.046559762), (-0.0040490953, 0.043318965, 0.04144481), (-0.01035002, 0.03706993, 0.050625194), (-0.010284232, 0.03357323, 0.055091053), (-0.014323929, 0.031138528, 0.05884963), (-0.011589262, 0.027684003, 0.060139235), (-0.0146994665, 0.024828058, 0.06316985), (-0.009617228, 0.019201428, 0.06543652), (-0.009064701, 0.02187352, 0.06349805), (-0.0020985885, 0.021654554, 0.060766324), (-0.0037659504, 0.019457174, 0.0628753), (-0.006883602, 0.0244564, 0.060851388), (-0.00025872083, 0.017149376, 0.06255577), (-0.000093859, 0.015263899, 0.06355451), (-0.003795249, 0.01718767, 0.06421864), (0.0011137085, 0.012954062, 0.06423497), (0.0018576088, 0.013228187, 0.063403726), (0.002582435, 0.010731827, 0.06380003), (0.0035080728, 0.0082706, 0.06322828), (0.0032481658, 0.008039534, 0.063604385), (0.004152264, 0.005713257, 0.062092267), (0.0054868134, 0.0008062021, 0.0573754), (0.0047435258, 0.003139134, 0.060146205), (0.0049903276, 0.0033835326, 0.05990898), (0.005710393, 0.0010266961, 0.05721689), (0.0043871924, 0.0059023798, 0.061888546), (0.0051985937, 0.0034355656, 0.059995), (0.005903279, 0.0009175287, 0.05753968), (0.0045822454, 0.0058147204, 0.06225131), (0.0053670034, 0.0033004591, 0.060398526), (0.0060744593, 0.00071361515, 0.057992626), (0.0047341036, 0.005672111, 0.06275437), (0.0071043908, -0.0027682013, 0.053174473), (0.006536204, -0.0012841036, 0.055090386), (0.007474828, -0.0035942378, 0.05101703), (0.007288846, -0.0034270757, 0.050550617), (0.0069294795, -0.0025652442, 0.052658185), (0.0070558046, -0.0034872598, 0.050477467), (0.0067165806, -0.0024245665, 0.052334167), (0.00678738, -0.003772029, 0.050800644), (0.006484887, -0.002684142, 0.052511483), (0.006229891, -0.0029999318, 0.052883), (0.005897739, -0.0014570687, 0.05486215), (0.0052451524, 0.0004886587, 0.057668716), (0.0032326754, 0.010860624, 0.06392605), (0.0039754487, 0.008204931, 0.063816376), (0.0037358804, 0.008323129, 0.0632942), (0.006338981, -0.0011083818, 0.054709353), (0.006125128, -0.0011667485, 0.054633252), (0.0038671559, 0.0054607624, 0.062440384), (0.002269024, 0.010313011, 0.06457868), (0.002880027, 0.010883537, 0.06344613), (0.0025966365, 0.013305445, 0.06350963), (0.0016803757, 0.015088735, 0.06268925), (-0.0020732998, 0.014856081, 0.065024555), (0.0028679376, 0.017362488, 0.062965356), (0.001176035, 0.019059338, 0.0607921), (0.0009382157, 0.023428505, 0.058058914), (0.003864044, 0.022434045, 0.061309185), (-0.003636307, 0.026385915, 0.05795052), (-0.007982406, 0.029920595, 0.05711589), (0.0021784077, 0.046086356, 0.042783152), (0.0043512885, 0.027647804, 0.05847905), (0.0039073457, 0.04228218, 0.04803367), (0.0075356425, 0.02660968, 0.061813902), (0.0056687016, 0.020187637, 0.063791595), (0.003501028, 0.015474714, 0.06402081), (0.015753496, -0.0015364552, 0.08144093), (0.017251857, 0.001146328, 0.08265027), (0.010060777, -0.0032829219, 0.07309445), (0.0096238395, -0.0045576394, 0.070257835), (0.018474907, -0.000040931925, 0.082508005), (0.009673818, -0.004045061, 0.06975098), (0.010669936, -0.003554727, 0.07234674), (0.009751083, -0.0042687305, 0.06977461), (0.01781736, -0.0011959035, 0.08274892), (0.010513813, -0.0038682371, 0.07269791), (0.018223908, 0.0006385744, 0.08240073), (0.009394402, -0.0038964176, 0.0701865), (0.020222554, -0.00089939416, 0.08426881), (0.01034842, -0.0034267094, 0.07263339), (0.010389102, -0.0041562244, 0.073223956), (0.012889218, -0.0027634627, 0.078201346), (0.015528479, -0.00023508235, 0.08137577), (0.012510381, -0.0019017425, 0.078014985), (0.01666881, -0.0004505727, 0.0810841), (0.013204207, -0.0021332642, 0.077420525), (0.016501699, -0.00085330405, 0.08131286), (0.013061723, -0.0024405965, 0.07777975), (0.016305402, -0.0002755603, 0.0812233), (0.012868684, -0.0020121615, 0.07768467), (0.014752985, -0.0012194287, 0.079594664), (0.0115783885, -0.002850775, 0.07511934), (0.014607325, -0.0017935336, 0.07996413), (0.011515486, -0.0033802458, 0.07555373), (0.014852897, -0.0014327099, 0.079645485), (0.0116678085, -0.0030681407, 0.075159974), (0.01434634, -0.0011274058, 0.07983285), (0.011247355, -0.002728104, 0.07543181), (0.021889849, -0.0036118499, 0.08644275), (0.01698282, 0.004347189, 0.084630646), (0.022748789, 0.0004461874, 0.0848185), (0.021718614, 0.0033509175, 0.084492), (0.019085852, 0.0025721262, 0.08393515), (0.018959407, -0.0035908131, 0.084617086), (0.04628459, 0.010487679, 0.07900513), (0.03142606, 0.0056768525, 0.082828425), (0.020428887, 0.0012438168, 0.08310317), (0.025594061, 0.0034243308, 0.08359957), (0.018954813, 0.006220807, 0.08611593), (0.027468642, -0.0052627083, 0.0893441), (0.023299068, -0.0079272315, 0.08890428), (0.025323074, -0.0017737102, 0.08704732), (0.028696893, 0.0015811243, 0.08569291), (0.017800841, 0.011471562, 0.08892859), (0.022528011, 0.01159049, 0.08902994), (0.027068058, 0.00666347, 0.0854356), (0.022535667, 0.0068665007, 0.086603396), (0.02940961, 0.014704167, 0.08855675), (0.028078597, 0.010537699, 0.08741934), (0.022967895, 0.01678404, 0.09106574), (0.03275755, 0.0089429235, 0.084503025), (0.02989903, -0.00879642, 0.091580324), (0.034320403, -0.0036083055, 0.089128785), (0.034363452, 0.003350313, 0.08476637), (0.031463094, -0.0011226829, 0.08787374), (0.036882743, 0.0147481235, 0.08453346), (0.034520157, 0.012098224, 0.08520755), (0.031794026, 0.018232748, 0.08809356), (0.037693854, -0.0050380263, 0.08809999), (0.043843206, 0.0015397771, 0.08298155), (0.037488375, 0.0016892959, 0.085480064), (0.04233735, 0.0051729986, 0.08209727), (0.040628135, 0.0008704822, 0.08439312), (0.04475133, 0.005789221, 0.08149126), (0.03656736, 0.0073627275, 0.08137884), (0.039635915, 0.0059376787, 0.0821964), (0.038292084, 0.010064049, 0.0820908), (0.040169377, 0.0121768005, 0.08196873), (0.041381653, 0.008891083, 0.0796443), (0.043783937, 0.007774738, 0.080329195), (0.042757977, 0.011026955, 0.08015753), (0.04767204, 0.00834906, 0.08061236), (0.046836205, 0.013001569, 0.08015949), (0.04288091, 0.013176739, 0.08114561), (0.040494695, 0.016218793, 0.083087005), (0.000920729, -0.0073240986, 0.079450935), (-0.0013019327, -0.008477206, 0.079640344), (-0.004229353, -0.007929324, 0.08110398), (-0.008123771, -0.009384552, 0.08140542), (-0.01240961, -0.007842161, 0.08336212), (-0.01538247, -0.010269393, 0.081979044), (-0.019639138, -0.007909376, 0.082864724), (-0.021023573, -0.012034731, 0.07973122), (-0.025171261, -0.011483454, 0.07917142), (-0.02632494, -0.0164127, 0.070290476), (-0.024921013, -0.016542068, 0.07438233), (-0.021398868, -0.016742364, 0.07600754), (-0.023505151, -0.020465067, 0.06915154), (-0.020582685, -0.020776713, 0.07152836), (-0.016286114, -0.021685151, 0.07247118), (-0.0175089, -0.025201239, 0.07076003), (-0.01938168, -0.023769755, 0.066566065), (-0.02164376, -0.024940545, 0.060326543), (-0.022249749, -0.022924589, 0.06463348), (-0.020264816, -0.02644701, 0.064040706), (-0.018937381, -0.027901605, 0.06784178), (-0.020465571, -0.029175417, 0.06376055), (-0.022093568, -0.028302498, 0.05945479), (-0.019335205, -0.032565597, 0.067316286), (-0.016893419, -0.03062027, 0.0722381), (-0.0134318555, -0.034350846, 0.07726113), (-0.010814512, -0.030421913, 0.07854002), (-0.006407622, -0.032820024, 0.08224483), (-0.0011837764, -0.023522377, 0.08284303), (-0.005196924, -0.02599637, 0.08134874), (-0.008701171, -0.020127213, 0.07811203), (-0.0051026475, -0.019560799, 0.08004385), (-0.009243608, -0.025310911, 0.07862241), (-0.004794268, -0.014892569, 0.079044834), (-0.0019548726, -0.012758052, 0.079534024), (-0.0017805372, -0.016767982, 0.080888934), (0.0002444729, -0.010318092, 0.07949198), (-0.0008240866, -0.01013298, 0.078787945), (0.0010826647, -0.0086228205, 0.07876183), (0.004540881, -0.006369154, 0.07673498), (0.0026113007, -0.0073165414, 0.077911235), (0.002844465, -0.0074953213, 0.07835498), (0.0017713511, -0.008622997, 0.07936613), (0.0047365, -0.006558381, 0.07723763), (0.008110219, -0.005106828, 0.073086105), (0.006464267, -0.0056043556, 0.07501895), (0.009390609, -0.0046253903, 0.070420966), (0.009205745, -0.0044683125, 0.06995679), (0.007921592, -0.004950892, 0.07253045), (0.007707271, -0.0047875457, 0.07221415), (0.009078366, -0.004264475, 0.0699744), (0.009014411, -0.0040213233, 0.07047473), (0.0076750154, -0.0045298752, 0.0725854), (0.00427821, -0.00593995, 0.07679456), (0.006091094, -0.0049634967, 0.07511316), (0.006133398, -0.005218279, 0.07464571), (0.0076189917, -0.0042756284, 0.07319274), (0.004205006, -0.0056953733, 0.07734521), (0.0006860106, -0.008067002, 0.078810446), (0.0024055634, -0.006808839, 0.078421496), (0.0024691843, -0.007104425, 0.07793544), (0.0043759737, -0.0061662113, 0.076392606), (0.006256466, -0.0054331203, 0.07461241), (0.0008152706, -0.008402717, 0.07836738), (-0.001308729, -0.009533943, 0.078861825), (-0.0033393886, -0.011709328, 0.07848591), (0.00076605857, -0.013040093, 0.080808334), (-0.00691665, -0.012287645, 0.079338804), (-0.008213429, -0.015705692, 0.07755953), (-0.012503441, -0.019111983, 0.07555429), (-0.0124512585, -0.015146417, 0.07847003), (-0.013111984, -0.02351004, 0.07551498), (-0.014654208, -0.02749365, 0.07459979), (-0.023783453, -0.021542653, 0.06086742), (-0.01695692, -0.017782269, 0.07619426), (-0.024193926, -0.020393094, 0.065407924), (-0.016822526, -0.013719906, 0.07943678), (-0.011096881, -0.011772625, 0.08057885), (-0.0043524844, -0.009982659, 0.07985095), (0.007983741, 0.0040241336, 0.10052565), (0.008084343, 0.0014575266, 0.1005643), (0.008288879, 0.005382542, 0.10076323), (0.008435525, 0.0066403514, 0.10071445), (0.009997276, 0.0061313882, 0.10184776), (0.013116298, 0.0075428234, 0.10389232), (0.010211711, 0.0080882795, 0.10192981), (0.009772892, 0.0107741235, 0.10142495), (0.008485482, 0.008200378, 0.10069133), (0.008248698, 0.009912449, 0.100482255), (0.0075676884, 0.011541912, 0.09990271), (0.0076117585, 0.008742423, 0.09995613), (0.0065484247, 0.009868681, 0.10054928), (0.0061848136, 0.008259691, 0.10071501), (0.00412112, 0.01081174, 0.10152211), (0.0032050626, 0.008528121, 0.10194035), (-0.00080030516, 0.008667441, 0.10359102), (0.0033667665, 0.0067297043, 0.10179597), (0.006352093, 0.006789984, 0.100657836), (0.006732527, 0.0055023558, 0.10068351), (0.0072282725, 0.0040694205, 0.100472525), (0.007180819, 0.0015051838, 0.100508094), (0.0073488737, -0.001416306, 0.099504344), (0.0071961326, -0.0044454937, 0.09778591), (0.0069495393, -0.007724563, 0.09296019), (0.007218428, -0.0065763304, 0.09515956), (0.0074391398, -0.0042680604, 0.09745796), (0.00717713, -0.007493735, 0.092552744), (0.00745683, -0.00637757, 0.09486394), (0.0076772044, -0.0041184, 0.09717817), (0.007414187, -0.0072768633, 0.092272095), (0.0076663475, -0.006402686, 0.09484193), (0.007861748, -0.004306527, 0.09745028), (0.0075977794, -0.0075467145, 0.092464335), (0.007847019, -0.006655583, 0.09509588), (0.0077815983, -0.007831057, 0.092790805), (0.008041392, -0.0045295865, 0.09777522), (0.0075039277, -0.007994585, 0.090212), (0.0073158625, -0.0077035986, 0.08994612), (0.007995369, -0.0014560567, 0.099529825), (0.0078095864, -0.0012986311, 0.09919548), (0.007888426, 0.0016046059, 0.100189134), (0.00710328, -0.0076792846, 0.090014905), (0.0075940923, -0.0012867267, 0.09918794), (0.007694323, 0.0017246542, 0.09985397), (0.0075273095, 0.0042179697, 0.10013223), (0.007756088, 0.004204959, 0.10015199), (0.007636921, 0.0060929577, 0.09992011), (0.0068754614, -0.007926366, 0.09041396), (0.0074429554, 0.0016262336, 0.1001616), (0.007297156, 0.005924578, 0.10026664), (0.0006325189, 0.011461713, 0.10284174), (-0.0032259356, 0.01145164, 0.104307), (-0.0010588175, 0.015071213, 0.10249807), (-0.0041571334, 0.015786827, 0.10337173), (-0.0009842748, 0.023176607, 0.09814427), (-0.00020481064, 0.02043243, 0.09991645), (0.003423519, 0.023764757, 0.096305884), (0.0019416648, 0.018934852, 0.09999168), (0.0048842696, 0.021950595, 0.0970451), (0.0068829292, 0.024507497, 0.09404045), (0.007152038, 0.020144917, 0.097169206), (0.008466663, 0.022467915, 0.096806474), (0.010401887, 0.0204548, 0.0994094), (0.009373664, 0.024608087, 0.09598024), (0.011451411, 0.022567462, 0.0989644), (0.011686838, 0.025280913, 0.09721747), (0.014163924, 0.019954152, 0.1020343), (0.01503612, 0.01336976, 0.10416718), (0.012720999, 0.017695636, 0.1018475), (0.009450566, 0.026921824, 0.09432679), (0.008450275, 0.030033078, 0.09185524), (0.0066409, 0.029258933, 0.09102315), (0.00420617, 0.029558012, 0.091883026), (0.007972355, 0.026472047, 0.09350429), (0.008890747, 0.018119331, 0.09932765), (0.010664895, 0.01536192, 0.10119736), (0.0046196054, 0.017457506, 0.09957565), (0.0074088946, 0.015539124, 0.09907201), (0.0053567854, 0.026153404, 0.0935404), (0.0031577717, 0.026097704, 0.09451252), (0.0023256992, 0.014438473, 0.101488516), (0.005407728, 0.013052435, 0.10058763), (0.007353739, 0.007376576, 0.10010762), (0.007820368, 0.007368122, 0.10012655), (0.008824898, 0.013254572, 0.10045996), (0.012269855, 0.011515456, 0.10286777), (0.00789379, 0.005885461, 0.100318015), (0.006637441, -0.017482389, 0.097690046), (0.0065725283, -0.019052094, 0.09710307), (0.005294267, -0.02038066, 0.09694136), (0.0047691795, -0.022871023, 0.09627369), (0.0030010154, -0.024813259, 0.09628641), (0.0030720527, -0.027249303, 0.095217444), (0.00071015646, -0.030107642, 0.09537328), (0.0017385562, -0.03138469, 0.093302146), (-0.0007173936, -0.0335802, 0.09244181), (0.0032628225, -0.036776498, 0.08564441), (0.0026280517, -0.03431886, 0.08894177), (0.004187792, -0.032216445, 0.09072087), (0.0064645186, -0.035402693, 0.085241415), (0.007429434, -0.033343963, 0.08763893), (0.009627407, -0.03113564, 0.08935571), (0.011601442, -0.03373479, 0.08725688), (0.010436844, -0.034549326, 0.083915524), (0.0115148565, -0.03769134, 0.07838878), (0.009254751, -0.03642736, 0.08185912), (0.012036022, -0.036377717, 0.08160751), (0.013170924, -0.03570064, 0.0845513), (0.013640563, -0.037029013, 0.08108253), (0.013181498, -0.03852834, 0.07739243), (0.016545728, -0.036548197, 0.08328903), (0.015833009, -0.034924984, 0.087438695), (0.019713141, -0.033884287, 0.090253875), (0.016725592, -0.03159065, 0.09226131), (0.019694421, -0.029661153, 0.09477674), (0.016044386, -0.024010219, 0.097831234), (0.015199694, -0.026913654, 0.09582377), (0.010515655, -0.026683459, 0.09415622), (0.0115327975, -0.0248245, 0.09588901), (0.013268042, -0.028974792, 0.09364324), (0.0092010945, -0.022985315, 0.095747784), (0.009075091, -0.020891637, 0.09674064), (0.011780912, -0.022304172, 0.0972804), (0.00839269, -0.01895032, 0.097344644), (0.007797783, -0.019327454, 0.09665871), (0.0075527458, -0.01776152, 0.09724319), (0.007196081, -0.013441069, 0.09625225), (0.0072470084, -0.015994575, 0.09698192), (0.007442096, -0.015947374, 0.0973476), (0.007821886, -0.017501019, 0.097775236), (0.00738512, -0.013371253, 0.096619025), (0.007331606, -0.008704623, 0.09295532), (0.0072123795, -0.010746742, 0.09480526), (0.0073643043, -0.0072112754, 0.090412624), (0.0072133914, -0.0072938884, 0.09005084), (0.0071709394, -0.008806051, 0.09252907), (0.0069970144, -0.00893586, 0.09227865), (0.0070374347, -0.0073107746, 0.090054), (0.0068414984, -0.007260753, 0.09042179), (0.0067924825, -0.008833472, 0.09253189), (0.006778639, -0.013453467, 0.09623133), (0.0066103996, -0.010778282, 0.094798006), (0.0068295193, -0.010878053, 0.09449054), (0.0065797633, -0.008759579, 0.09296063), (0.006543808, -0.013397254, 0.096587196), (0.0070315823, -0.017771598, 0.09719346), (0.0067818994, -0.015950026, 0.09730448), (0.00703867, -0.015998442, 0.09696254), (0.0070047076, -0.013492719, 0.09595905), (0.007030178, -0.010868099, 0.0944936), (0.007328506, -0.0178181, 0.09686469), (0.0072289743, -0.019365575, 0.09660766), (0.007895017, -0.021113424, 0.09580034), (0.010774066, -0.01986266, 0.09800612), (0.006849702, -0.02313203, 0.0955576), (0.008579505, -0.024729434, 0.09429996), (0.009168456, -0.027887065, 0.092357464), (0.006555211, -0.026719501, 0.093919575), (0.011331088, -0.03025589, 0.09155008), (0.013725327, -0.032846533, 0.08992269), (0.009656558, -0.03924445, 0.07869055), (0.0066094873, -0.029961063, 0.09170766), (0.0074024634, -0.037418816, 0.082240015), (0.004173897, -0.028854037, 0.09361942), (0.0050344365, -0.025122631, 0.095303394), (0.0063552605, -0.021107018, 0.096434906), (0.010535162, -0.008596502, 0.10767027), (0.011677084, -0.00825034, 0.1090238), (0.012361283, -0.009120667, 0.110898465), (0.014224416, -0.008807793, 0.11317042), (0.01510755, -0.010169634, 0.11569979), (0.01746663, -0.0091082845, 0.116997115), (0.01863342, -0.010623915, 0.11919132), (0.021572903, -0.008749702, 0.119054325), (0.023989538, -0.009618955, 0.12066316), (0.029787244, -0.0059816716, 0.119100995), (0.02695316, -0.006637941, 0.11933014), (0.024322385, -0.0063237515, 0.11828763), (0.028939363, -0.003593164, 0.11735736), (0.026432993, -0.0035933245, 0.11684582), (0.023903714, -0.0030602256, 0.115568615), (0.0256105, -0.0009661267, 0.11647943), (0.028462986, -0.0009001222, 0.11470616), (0.03346423, 0.0010618003, 0.11209047), (0.030732006, -0.0012090296, 0.115176946), (0.03017609, 0.0009952608, 0.114811756), (0.027718816, 0.0010275305, 0.116673194), (0.030416546, 0.0024489097, 0.115633905), (0.03398396, 0.0028949883, 0.11299955), (0.028508693, 0.0035899985, 0.11768422), (0.02511321, 0.0015016804, 0.1185187), (0.021731943, 0.0016525302, 0.12060392), (0.019459821, -0.00061070273, 0.1191475), (0.015920134, -0.0008792371, 0.1201883), (0.011764906, -0.003191095, 0.11544085), (0.014810604, -0.0025799838, 0.11707623), (0.017320625, -0.004060745, 0.114865825), (0.014551459, -0.004216647, 0.11425062), (0.017998891, -0.0024090225, 0.11698704), (0.014330607, -0.005669815, 0.112123854), (0.012463102, -0.006277259, 0.110519215), (0.012147073, -0.004875417, 0.112413175), (0.011137814, -0.0070812097, 0.108821884), (0.012000356, -0.007226262, 0.10886352), (0.010867135, -0.0077352645, 0.10762293), (0.009036465, -0.00855236, 0.104811765), (0.0101286955, -0.008219593, 0.10627087), (0.009824322, -0.008127224, 0.10646158), (0.010231189, -0.0077076764, 0.10763569), (0.008749433, -0.0084460955, 0.10508601), (0.007048486, -0.008957666, 0.101488665), (0.007963625, -0.0088088745, 0.103157826), (0.0064774584, -0.009161983, 0.099408165), (0.0066920617, -0.009289707, 0.09910311), (0.007292336, -0.009077882, 0.101136), (0.007509536, -0.009210719, 0.1009453), (0.006758398, -0.009461527, 0.099127546), (0.006673406, -0.009670416, 0.09948009), (0.0074215215, -0.0094223395, 0.101179786), (0.009155545, -0.008884621, 0.10484173), (0.00815062, -0.009320614, 0.10321432), (0.00827189, -0.009102753, 0.10293855), (0.007303713, -0.009639518, 0.10157488), (0.008987391, -0.009115678, 0.10514438), (0.011007535, -0.008110263, 0.10765518), (0.009997546, -0.008633494, 0.10649021), (0.01018609, -0.008377317, 0.106283285), (0.00925097, -0.008677609, 0.10461638), (0.008209503, -0.008932086, 0.102919735), (0.01117063, -0.00783889, 0.10747001), (0.012146012, -0.0075760963, 0.10893148), (0.013544867, -0.0067355926, 0.1102441), (0.010487049, -0.005897384, 0.11010073), (0.014937496, -0.00701092, 0.112395376), (0.016812729, -0.005502164, 0.11300854), (0.020292232, -0.0044329474, 0.114711955), (0.018391881, -0.006338617, 0.11511766), (0.021130282, -0.0026817883, 0.1163508), (0.022737985, -0.00070176326, 0.11781081), (0.03405817, -0.0008301347, 0.11388393), (0.022074852, -0.0054707294, 0.11660538), (0.031191753, -0.0027690285, 0.11659623), (0.019897223, -0.0075202943, 0.117189035), (0.016307076, -0.007863487, 0.11469905), (0.013207045, -0.007858053, 0.11088475), (0.0028144561, -0.009046146, 0.103246346), (0.001133407, -0.008858139, 0.10372336), (0.000269864, -0.007271642, 0.104746774), (-0.0026507047, -0.0064801816, 0.105911575), (-0.005402707, -0.0045916224, 0.10874193), (-0.0090723345, -0.00494592, 0.109118015), (-0.011818297, -0.00360412, 0.11160916), (-0.013922989, -0.004758425, 0.10920164), (-0.016564375, -0.0038037025, 0.109586634), (-0.021323895, -0.005233079, 0.10484046), (-0.018284244, -0.0054398053, 0.10660493), (-0.015632289, -0.006390772, 0.10679594), (-0.019496683, -0.0072831847, 0.10443678), (-0.017132571, -0.008391272, 0.10479215), (-0.014442253, -0.010301614, 0.10439822), (-0.016293956, -0.011538956, 0.1049821), (-0.018964915, -0.009988781, 0.10299905), (-0.024547135, -0.009468869, 0.10037204), (-0.021153111, -0.008591512, 0.102694325), (-0.020640448, -0.010901829, 0.103014275), (-0.018326985, -0.012320221, 0.104917206), (-0.02133631, -0.012262123, 0.10343856), (-0.025699558, -0.011129765, 0.100554384), (-0.020262709, -0.014390581, 0.10544015), (-0.01645914, -0.014173959, 0.10715723), (-0.013818438, -0.01601634, 0.11040284), (-0.0113764955, -0.014526295, 0.10968281), (-0.008810507, -0.015280438, 0.11235209), (-0.0038149687, -0.013831942, 0.10968769), (-0.0068272124, -0.013349027, 0.10966032), (-0.0076582856, -0.011075577, 0.10628311), (-0.004821159, -0.011758006, 0.107035115), (-0.00946609, -0.012734593, 0.108037), (-0.0031742095, -0.010463892, 0.10512472), (-0.0008279182, -0.010713812, 0.10468255), (-0.001978771, -0.012153455, 0.10661001), (0.0010967274, -0.010440712, 0.10390573), (0.00043726648, -0.009993777, 0.103495784), (0.0021407935, -0.009887494, 0.10298188), (0.005175352, -0.009632118, 0.10107795), (0.0035284567, -0.009648648, 0.102103435), (0.0037482227, -0.009790546, 0.102369785), (0.0026772115, -0.0100739, 0.103313476), (0.005309335, -0.009764866, 0.10146172), (0.006811215, -0.0096458085, 0.099900514), (0.0051547997, -0.00927001, 0.10105182), (0.00677107, -0.0091045145, 0.09985812), (0.006718218, -0.0093184775, 0.09956221), (0.0052746003, -0.009042677, 0.10141064), (0.002142193, -0.009438433, 0.102944314), (0.003752758, -0.009227911, 0.10233385), (0.0035192536, -0.0094723245, 0.102090284), (0.0050654663, -0.009480196, 0.100868255), (0.006731747, -0.009501627, 0.099576585), (0.0019107572, -0.009711916, 0.10275873), (0.00040778518, -0.009490423, 0.10344377), (-0.0015864427, -0.009750984, 0.10387487), (0.00042383227, -0.011862019, 0.10544234), (-0.0034728723, -0.008443702, 0.104938775), (-0.005935796, -0.009749355, 0.104703754), (-0.010292301, -0.010113565, 0.10490454), (-0.008687735, -0.0079615535, 0.106112786), (-0.01200877, -0.011689545, 0.10612723), (-0.0139396535, -0.0131556485, 0.10705839), (-0.025734188, -0.007822236, 0.10032226), (-0.012984001, -0.008084473, 0.1060593), (-0.022013575, -0.007186127, 0.10293109), (-0.011441855, -0.0061237095, 0.10778111), (-0.0060470128, -0.006634472, 0.106610924), (-0.00098252, -0.008343139, 0.104411505), (0.0044673663, -0.008733737, 0.11589771), (0.003804149, -0.008176639, 0.11686964), (0.0039937436, -0.0076024327, 0.11822239), (0.0030902855, -0.0066143656, 0.11983143), (0.0033781542, -0.0059053833, 0.12159315), (0.002185884, -0.004613837, 0.12250101), (0.0026844938, -0.0036860995, 0.12400406), (0.0014846148, -0.0018262233, 0.12391565), (0.0018696736, -0.00010518857, 0.12494153), (-0.00023215363, 0.0040168464, 0.123775646), (0.00025928864, 0.0019517503, 0.12399658), (0.0001671926, 0.000038077636, 0.12336175), (-0.0015043423, 0.0034215702, 0.122624144), (-0.0013258542, 0.001574646, 0.12233292), (-0.0014819414, -0.0003670696, 0.12151816), (-0.0027036641, 0.000974614, 0.122209504), (-0.0030227355, 0.0030577271, 0.120790124), (-0.004832293, 0.0065900325, 0.11874393), (-0.0030736097, 0.0047130547, 0.12105657), (-0.0043897857, 0.00428465, 0.12087179), (-0.004081329, 0.002558027, 0.12234789), (-0.005375979, 0.0044325916, 0.12150345), (-0.0061682775, 0.0068993326, 0.11941995), (-0.0057867076, 0.0030966192, 0.123144254), (-0.004051599, 0.0006207477, 0.12384563), (-0.0037732, -0.0021118806, 0.1255426), (-0.00237639, -0.00399166, 0.12442867), (-0.0014211219, -0.0067010466, 0.12530766), (0.00091131066, -0.009360436, 0.12172169), (-0.0003153293, -0.007337566, 0.122923076), (-0.00024658986, -0.005377949, 0.121152565), (0.0005568825, -0.007289154, 0.120752744), (-0.0012373355, -0.0050409874, 0.12277936), (0.0014080371, -0.007159669, 0.11913772), (0.002363191, -0.008214481, 0.11797506), (0.001646707, -0.008775405, 0.1193992), (0.0033046303, -0.008823122, 0.11673174), (0.003105965, -0.008231032, 0.116753146), (0.003825326, -0.00877754, 0.11585073), (0.005043351, -0.009619994, 0.11379186), (0.0044176243, -0.009062168, 0.11486172), (0.0044554826, -0.009292887, 0.1150027), (0.004020462, -0.009193468, 0.11586498), (0.0050631105, -0.009847873, 0.11399323), (0.0060720886, -0.010715379, 0.11134347), (0.005619817, -0.010194996, 0.112574786), (0.006455903, -0.010992421, 0.109809116), (0.006475963, -0.010803921, 0.109586604), (0.006078885, -0.010509133, 0.1110854), (0.0060985964, -0.010318501, 0.11094768), (0.006566396, -0.010702646, 0.1096095), (0.0067236316, -0.0106929885, 0.10987654), (0.0062614325, -0.010309016, 0.11112736), (0.0052184863, -0.009434283, 0.1138217), (0.005891563, -0.009902664, 0.112630084), (0.0057153404, -0.009890565, 0.112419866), (0.0064336574, -0.010319551, 0.111426145), (0.0054164007, -0.009475072, 0.1140516), (0.0040058238, -0.008579723, 0.11587611), (0.004718991, -0.009021513, 0.11503254), (0.0044985097, -0.008975499, 0.114873655), (0.0050583226, -0.009434478, 0.11364967), (0.005624707, -0.0099880695, 0.112401426), (0.0037910568, -0.008548194, 0.11573576), (0.0032513898, -0.008057417, 0.116795845), (0.002275843, -0.0074071228, 0.117744796), (0.0027718912, -0.009599447, 0.11768061), (0.0019261794, -0.0065145902, 0.11928454), (0.0006179499, -0.0055324193, 0.11973591), (-0.0005733327, -0.0031506948, 0.12095245), (0.0006618267, -0.0043378207, 0.1212176), (-0.0015561315, -0.0025979148, 0.12220673), (-0.0026814865, -0.0013114271, 0.1233161), (-0.0036738613, 0.007085177, 0.12000661), (-0.00020103433, -0.0016984085, 0.12225397), (-0.002164866, 0.005072149, 0.12203967), (0.000998385, -0.0031396835, 0.12265591), (0.0019209397, -0.0055169896, 0.12090895), (0.0029816984, -0.0073940745, 0.11820193), (0.0070877457, -0.012082171, 0.112715095), (0.0073873033, -0.012838001, 0.113361076), (0.006780676, -0.013496209, 0.114085004), (0.007344949, -0.014999387, 0.1154087), (0.007851095, -0.016918875, 0.1174896), (0.009391057, -0.018840853, 0.118132584), (0.010267172, -0.020813026, 0.11957775), (0.010825705, -0.021728583, 0.1179218), (0.010899927, -0.023131857, 0.11817804), (0.010234661, -0.025252678, 0.11533415), (0.010835891, -0.023677358, 0.11631402), (0.011147756, -0.022324987, 0.116296016), (0.010997551, -0.02424025, 0.11476812), (0.011521002, -0.022966038, 0.11482004), (0.012103365, -0.02140729, 0.11438361), (0.01276218, -0.022551399, 0.114351794), (0.01171921, -0.023962874, 0.11346182), (0.01078494, -0.027037546, 0.1119109), (0.011052931, -0.025159888, 0.113494426), (0.012076252, -0.024956474, 0.113204286), (0.013070638, -0.02377047, 0.11405005), (0.012752562, -0.025409313, 0.113110535), (0.011570035, -0.027731812, 0.111590385), (0.014030772, -0.024965828, 0.1138273), (0.014210887, -0.022808244, 0.11505396), (0.015288372, -0.02123669, 0.1169021), (0.014258038, -0.019473504, 0.11706431), (0.01402859, -0.017579695, 0.11907937), (0.011189166, -0.014105802, 0.117727585), (0.011995981, -0.016077032, 0.117954195), (0.011020759, -0.016846333, 0.11617073), (0.010350247, -0.014940268, 0.11646836), (0.012617146, -0.018005408, 0.11674289), (0.009221158, -0.014338589, 0.1151731), (0.008715033, -0.013189035, 0.114409596), (0.009665461, -0.013318444, 0.1157332), (0.0081502395, -0.012462108, 0.11349979), (0.008142841, -0.012926369, 0.11342757), (0.007709933, -0.012232686, 0.11274755), (0.007051328, -0.011103837, 0.11108093), (0.007341355, -0.011753357, 0.11197046), (0.007328087, -0.011570619, 0.11207496), (0.0076275175, -0.011885293, 0.11281093), (0.0070427684, -0.010944614, 0.11127004), (0.006805623, -0.010468334, 0.1101191), (0.006872268, -0.011210177, 0.11105721), (0.0065374784, -0.010633336, 0.11008256), (0.0066952533, -0.0106509905, 0.10993812), (0.006684607, -0.01115339, 0.11122224), (0.0074909474, -0.012346099, 0.112714656), (0.0070448145, -0.011715844, 0.11203482), (0.0072553474, -0.011804253, 0.11195901), (0.007023335, -0.011229461, 0.110981494), (0.006786057, -0.010595169, 0.10995052), (0.0077049043, -0.012416028, 0.11267278), (0.007913061, -0.0130589865, 0.113399774), (0.008504991, -0.013837225, 0.1141374), (0.008885343, -0.012259254, 0.11452624), (0.008423288, -0.014952315, 0.11510528), (0.009795411, -0.01603653, 0.1153132), (0.011433899, -0.018784463, 0.11520312), (0.010121205, -0.018014738, 0.11626136), (0.012714256, -0.019874567, 0.11534826), (0.013730425, -0.021188308, 0.11538137), (0.009993306, -0.027683418, 0.11218861), (0.011377959, -0.02072312, 0.11578956), (0.010491658, -0.02562531, 0.11388335), (0.010481987, -0.02003349, 0.11720907), (0.008647585, -0.016718466, 0.116399564), (0.007657087, -0.013823113, 0.11426708), (0.004212822, -0.01252025, 0.11935167), (0.003299597, -0.013079366, 0.12141085), (0.0056245285, -0.011847843, 0.11680962), (0.0043706493, -0.01242533, 0.12129137), (0.005213177, -0.012153138, 0.11980845), (0.005722618, -0.011810626, 0.12018659), (0.0051050927, -0.012107194, 0.121649355), (0.006107963, -0.0116180945, 0.116903625), (0.0067989836, -0.011085115, 0.113251686), (0.0067191776, -0.011142639, 0.11320246), (0.0068649026, -0.011022115, 0.11350958), (0.0062845163, -0.011390566, 0.11723912), (0.006336212, -0.0111176185, 0.11725743), (0.0059140627, -0.011435639, 0.12012995), (0.005737908, -0.011247438, 0.1212671), (0.0057230294, -0.011539677, 0.12185147), (0.0057113683, -0.011102914, 0.12219842), (0.0060600396, -0.011065677, 0.12327049), (0.006170817, -0.008651736, 0.1248527), (0.0076346733, -0.008581509, 0.12702814), (0.0068840394, -0.004544313, 0.12782022), (0.009230135, -0.005134692, 0.12874374), (0.008897126, -0.0014861504, 0.12768771), (0.01198669, 0.0003417374, 0.12682414), (0.0118052345, -0.0016873771, 0.12817024), (0.013758633, -0.0012201318, 0.12860264), (0.012045132, -0.005158283, 0.12953688), (0.013777395, 0.0006000617, 0.12726837), (0.009850761, -0.009287331, 0.12871307), (0.0073866965, -0.011433681, 0.12533812), (0.0058066724, -0.01186369, 0.12237102), (0.0057483474, -0.011793548, 0.121677), (0.00490024, -0.01187033, 0.12314562), (0.0043139476, -0.012233687, 0.122460194), (0.0038852016, -0.012041733, 0.124145456), (0.003303311, -0.0121347755, 0.12596062), (0.0028123637, -0.012334963, 0.12490724), (0.0022117211, -0.012626671, 0.1268706), (0.0017253819, -0.01321925, 0.12828963), (0.0012766013, -0.0133678345, 0.12753776), (0.00087838346, -0.013785417, 0.12870798), (0.00050522335, -0.014321637, 0.12942013), (0.00018241256, -0.014395291, 0.12889084), (-0.00029017465, -0.014853448, 0.1295481), (-0.0007964905, -0.01535785, 0.12992631), (-0.00096803805, -0.015419133, 0.12968951), (-0.00042497547, -0.014976369, 0.129031), (0.00006838898, -0.01485809, 0.1298262), (0.0005550908, -0.014083355, 0.12796266), (0.0013478972, -0.01386049, 0.12921214), (0.0018050806, -0.013026667, 0.12564833), (0.0027420293, -0.012695594, 0.12754767), (0.003387785, -0.012358455, 0.12294482), (0.0044778977, -0.011790937, 0.12478195), (0.005568668, -0.011637255, 0.12231649), (0.0063336897, -0.011396317, 0.11331542), (0.0049528284, -0.012124797, 0.11645794), (0.0015148039, -0.013853773, 0.12149135), (0.00009413506, -0.016220244, 0.12200947), (-0.0021491663, -0.016449833, 0.12085457), (-0.0031297319, -0.019050455, 0.120034434), (-0.0055725337, -0.018528376, 0.11581867), (-0.005031776, -0.017341265, 0.11794696), (-0.006745802, -0.015987763, 0.11624523), (-0.004310187, -0.015246166, 0.119224094), (-0.007098068, -0.017108731, 0.114327274), (-0.008224754, -0.016588286, 0.11354227), (-0.008436565, -0.017063973, 0.11246464), (-0.0074159876, -0.017514905, 0.1128956), (-0.0007023577, -0.014116582, 0.12095607), (0.0026773578, -0.013008158, 0.12043443), (0.0068423157, 0.0005371795, 0.0062870523), (0.009505272, 0.00077966496, 0.0065333503), (0.010609719, -0.0022256896, 0.0069245463), (0.0040744836, 0.00019143603, 0.005251122), (0.0039346865, 0.0005184046, 0.0052552177), (0.00669945, 0.00093807135, 0.0063306466), (0.0015036858, 0.00022888288, 0.0032529356), (0.0015975324, -0.00011156884, 0.0032351566), (0.00934645, 0.0014129176, 0.0066234423), (0.009254004, 0.0035299356, 0.007722633), (0.010281946, 0.0066233473, 0.009063166), (0.012050734, 0.004537042, 0.007851762), (0.013041799, 0.008637521, 0.009124676), (0.01547569, 0.006259842, 0.007359813), (0.01626699, 0.009635063, 0.007723722), (0.018667005, 0.0071310955, 0.005379964), (0.019514216, 0.004425769, 0.003933258), (0.016545603, 0.003712163, 0.0060221655), (0.016906349, 0.001232227, 0.0057399413), (0.020114245, 0.0018821764, 0.0034880738), (0.01722203, -0.0015329553, 0.0061364486), (0.020613853, -0.0006114157, 0.0038668176), (0.020433454, -0.003738647, 0.0048296843), (0.017352846, -0.0050330535, 0.0060935766), (0.013673748, -0.0051554604, 0.006834625), (0.013550867, -0.0015676296, 0.0068341936), (0.012957562, 0.0009490127, 0.006493791), (0.012713554, 0.0024907328, 0.006719511), (0.0024854196, -0.00051117304, 0.014761217), (0.0026362233, -0.0028981015, 0.014605546), (0.0036608141, -0.002416171, 0.014285517), (0.0018560255, -0.0024751653, 0.014887405), (0.0038390998, -0.0014873662, 0.014266839), (0.0022413977, -0.0027126544, 0.014747616), (0.003775487, -0.001967307, 0.0142675955), (0.0030356888, -0.003001435, 0.014467963), (0.0018611386, -0.0011328924, 0.014941718), (0.003476272, -0.0027987987, 0.014329347), (0.0028780352, -0.00060169055, 0.014629364), (0.001665781, -0.002048723, 0.014967713), (0.003648748, -0.0010426758, 0.014350387), (0.0017405176, -0.0015807125, 0.014962628), (0.0032694228, -0.0007897061, 0.0144907385), (0.0020474547, -0.0007356697, 0.014897046), (0.0075283046, -0.00415759, 0.060371652), (0.009440038, -0.0035111585, 0.0599856), (0.0075974115, -0.0037545126, 0.06035279), (0.009097532, -0.0033108776, 0.06004828), (0.007980967, -0.0032407625, 0.060257796), (0.0083960565, -0.0030626159, 0.060179636), (0.008426668, -0.0049076937, 0.060214963), (0.0094403215, -0.0046433513, 0.06000132), (0.00770623, -0.0045337407, 0.060344044), (0.009607625, -0.0038747217, 0.059958514), (0.008061483, -0.0047405385, 0.06028131), (0.009541234, -0.004269807, 0.059976123), (0.008841552, -0.0050757644, 0.060130652), (0.0077526974, -0.0034700588, 0.060311124), (0.0092867, -0.004966119, 0.060037296), (0.008746325, -0.0031517243, 0.060113873), (0.0075139725, -0.0071925954, 0.086141534), (0.008725798, -0.0065274397, 0.08604258), (0.008189648, -0.0073400065, 0.08604526), (0.0071570496, -0.006036056, 0.08628425), (0.008542269, -0.0071339924, 0.08601821), (0.008010231, -0.0056608603, 0.086202085), (0.0070170145, -0.006717483, 0.08624493), (0.008600885, -0.005907156, 0.08610655), (0.0070610056, -0.006351877, 0.086270064), (0.008306849, -0.0057658753, 0.08615541), (0.007344097, -0.005783566, 0.086279936), (0.007715611, -0.005615111, 0.08624407), (0.007845625, -0.0073069055, 0.08609024), (0.008658519, -0.006846061, 0.08602621), (0.0071886485, -0.0070370683, 0.086195886), (0.008759892, -0.0061956765, 0.08606388), (0.006507444, -0.009509709, 0.106522515), (0.006699202, -0.010760693, 0.10635725), (0.007248278, -0.010378013, 0.10633565), (0.006223534, -0.010590811, 0.10643459), (0.0073023015, -0.009902923, 0.10638219), (0.0064585055, -0.0106908595, 0.106394), (0.007287459, -0.010145067, 0.10635702), (0.0069354167, -0.010761201, 0.10632958), (0.006154265, -0.009860827, 0.10652705), (0.007171901, -0.010590108, 0.106320836), (0.006728386, -0.009535791, 0.10649271), (0.0060918364, -0.010370436, 0.106476426), (0.007175804, -0.009698141, 0.10642034), (0.006110329, -0.010110424, 0.106503986), (0.0069533642, -0.009604355, 0.106457815), (0.0062547983, -0.00964729, 0.1065385), (0.0011262393, -0.0014525201, 0.0037744325), (0.0019468475, 0.00012892536, 0.0035018062), (0.0018877386, -0.0003769403, 0.0035268827), (0.0017785773, -0.0008451439, 0.0035670479), (0.00029904488, -0.0011299192, 0.0040230984), (-0.00011857078, 0.00053498795, 0.004124488), (0.0015897049, -0.001241531, 0.0036298907), (-0.00009772848, -0.00087201665, 0.004142718), (0.00051919284, 0.001164595, 0.003921404), (0.0007084274, -0.0013345552, 0.0038994148), (0.0049912087, -0.0022419035, 0.031113759), (0.00556829, -0.0042421953, 0.030792437), (0.00403135, -0.0027216931, 0.03142741), (0.0051570577, -0.0044386005, 0.030928709), (0.005842989, -0.0034759028, 0.030738499), (0.004402163, -0.0041751387, 0.031214645), (0.0059032333, -0.0030397223, 0.030741286), (0.0040354086, -0.0039548133, 0.031358484), (0.005735788, -0.0038877863, 0.030753013), (0.004778204, -0.004348441, 0.031069117), (0.0046219677, -0.0021551398, 0.03124922), (0.0042081918, -0.0023582757, 0.031385228), (0.0053612487, -0.0024113778, 0.030971857), (0.0039192755, -0.00313196, 0.031444088), (0.0057212394, -0.002636926, 0.03082917), (0.0038519981, -0.003560959, 0.03144464), (0.00979507, -0.004476837, 0.073260374), (0.007946628, -0.0051896316, 0.07350474), (0.009646387, -0.0052184793, 0.07327537), (0.008661707, -0.005530442, 0.07341319), (0.008624881, -0.0037405214, 0.07341419), (0.008212825, -0.003918929, 0.0734653), (0.009299032, -0.0039544236, 0.07332608), (0.0078322105, -0.0044250013, 0.07352623), (0.009628792, -0.004134718, 0.073283106), (0.0077681006, -0.004824906, 0.07353058), (0.0089618135, -0.00381365, 0.073370494), (0.0095031755, -0.005536761, 0.073292926), (0.00798097, -0.004141169, 0.07350182), (0.009070793, -0.005668762, 0.07335349), (0.009737795, -0.004856776, 0.07326547), (0.008299713, -0.0053808102, 0.07345955), (0.006940866, -0.010846014, 0.11343933), (0.006655702, -0.011347558, 0.11340689), (0.006014439, -0.010616808, 0.113603726), (0.0068482887, -0.011214743, 0.113399096), (0.0064735273, -0.01034581, 0.11357759), (0.005968425, -0.011026313, 0.11355082), (0.0068457485, -0.01047684, 0.11350592), (0.0059811743, -0.010817437, 0.11357941), (0.006660653, -0.010400937, 0.11354312), (0.0060879756, -0.010441153, 0.11361859), (0.0062891077, -0.010325094, 0.11360669), (0.0064636944, -0.011339203, 0.11343462), (0.0069097267, -0.011039065, 0.113415875), (0.006077316, -0.011202788, 0.113509394), (0.006952079, -0.010645563, 0.1134666), (0.006268459, -0.011282652, 0.113470264), (0.0067167566, -0.011027057, 0.11655142), (0.006286559, -0.011428652, 0.116547555), (0.006710604, -0.011152902, 0.11652798), (0.006531205, -0.0114678815, 0.11649773), (0.0061244965, -0.011011124, 0.11665765), (0.0066512236, -0.011385056, 0.11649304), (0.006415234, -0.010839866, 0.116640516), (0.006096538, -0.011268043, 0.11661229), (0.0066499035, -0.010921712, 0.116583616), (0.0061033983, -0.011137106, 0.11663674), (0.006533521, -0.010873796, 0.11661327), (0.006171947, -0.010900868, 0.11667092), (0.0062981173, -0.01082826, 0.116663136), (0.0064101894, -0.011463576, 0.11651938), (0.006690841, -0.011274449, 0.11650772), (0.0061655357, -0.0113781765, 0.11657858), (0.006736835, -0.00810245, 0.097030856), (0.007560211, -0.0080630975, 0.09692671), (0.006536948, -0.008647795, 0.09699038), (0.007816108, -0.008175375, 0.09687988), (0.0065089823, -0.008961341, 0.096955255), (0.007303023, -0.007981195, 0.09697017), (0.007796479, -0.009210928, 0.09675782), (0.006596549, -0.008348691, 0.097019434), (0.0075138053, -0.0094251335, 0.09676786), (0.007938468, -0.008695309, 0.09680196), (0.006945079, -0.00935106, 0.09684959), (0.007959062, -0.008414718, 0.096832626), (0.0066631725, -0.009228414, 0.09690161), (0.007889304, -0.00896501, 0.09677591), (0.007232231, -0.009437174, 0.09680212), (0.00705027, -0.007949586, 0.0970074), (0.0017407541, 0.0005960633, 0.0035594783), (0.0013404004, 0.0008625272, 0.0036814106), (-0.00030028258, -0.00041886125, 0.004197223), (0.00006362247, 0.00093584525, 0.0040617464), (-0.00023279928, 0.00007331594, 0.0041681845), (0.00093172956, 0.0010644096, 0.003802595), (0.007110233, -0.0030807382, 0.04793268), (0.0076801954, -0.004924467, 0.04772128), (0.0061657056, -0.0034711964, 0.048211835), (0.0072693257, -0.005089778, 0.047843877), (0.007931761, -0.004214046, 0.047656234), (0.006521222, -0.0048071695, 0.048078805), (0.007990531, -0.003812112, 0.04764642), (0.006166961, -0.0045959493, 0.048191603), (0.007833277, -0.0045949193, 0.04767953), (0.0068859104, -0.004976816, 0.047963444), (0.006756241, -0.002992308, 0.04804305), (0.006352289, -0.0031742326, 0.048161447), (0.007465567, -0.0032392084, 0.047819775), (0.006046645, -0.0038185513, 0.048241783), (0.007813834, -0.003442728, 0.047708295), (0.0059859566, -0.0042208373, 0.048253488), (-0.0050589247, -0.0028241028, 0.008306584), (-0.0073238225, -0.0032262655, 0.009159672), (-0.009921302, -0.0024173742, 0.009914964), (-0.013898736, -0.0028278024, 0.010298833), (-0.017112197, -0.0045991815, 0.00929992), (-0.018454269, -0.0068653324, 0.006642682), (-0.0144120185, -0.006643198, 0.0076416545), (-0.016427375, -0.008375262, 0.0060502207), (-0.012088529, -0.010270488, 0.0068078847), (-0.014797229, -0.011155123, 0.0053224745), (-0.016900482, -0.012031067, 0.003928358), (-0.018352479, -0.0093961805, 0.004367593), (-0.0138381645, -0.01418074, 0.0053760014), (-0.010128623, -0.014523222, 0.007544882), (-0.0073038493, -0.012792717, 0.008355936), (-0.0060346136, -0.009319249, 0.008461769), (-0.009876215, -0.008682855, 0.0077202036), (-0.00814717, -0.0067261397, 0.008275495), (-0.0068210163, -0.0048874775, 0.008422921), (-0.006080316, -0.00562465, 0.008684694), (-0.0048271073, -0.0032446873, 0.008220807), (-0.005095335, -0.0031858224, 0.008020241), (-0.0027747953, -0.0017774305, 0.0065519577), (-0.0026030648, -0.0018546795, 0.00666543), (-0.00064009475, -0.00072399876, 0.0039965333), (-0.0008089313, -0.00064604054, 0.0038860599), (-0.0008479219, -0.0005438683, 0.003908495), (-0.0028187516, -0.001676779, 0.006575089), (-0.0007567169, -0.0004181684, 0.0040637553), (-0.0027354665, -0.0015504266, 0.0067350017), (-0.005166628, -0.00306485, 0.0080467295), (-0.0072030677, -0.004149655, 0.008594427), (-0.009314394, -0.0047129528, 0.008733573), (-0.012009999, -0.0054711527, 0.008411263), (0.003256156, -0.011690239, 0.022571094), (0.0005956061, -0.016068935, 0.024827983), (-0.0035936255, -0.022561898, 0.02745114), (-0.0054703834, -0.028890098, 0.02878497), (-0.0033959516, -0.03504338, 0.028025107), (0.001414189, -0.04003936, 0.02314942), (0.0040120287, -0.033316407, 0.02481195), (0.0058468245, -0.03774273, 0.021064943), (0.010843498, -0.031780772, 0.024135677), (0.010400995, -0.03671423, 0.020358874), (0.010220334, -0.040442236, 0.016352152), (0.0058112545, -0.041049566, 0.017280243), (0.014243476, -0.03792788, 0.020694917), (0.01660546, -0.032255948, 0.026184347), (0.016153613, -0.026023641, 0.029564967), (0.011182136, -0.019635214, 0.028831296), (0.009600221, -0.026506921, 0.026183767), (0.006543824, -0.021357143, 0.026199412), (0.004331437, -0.016198294, 0.024222316), (0.005891791, -0.014590328, 0.025180781), (0.004234047, -0.011436152, 0.022627175), (0.003887449, -0.011905747, 0.022222081), (0.003873764, -0.00798452, 0.020478219), (0.0036177936, -0.008087982, 0.020074215), (0.0034972292, -0.0040119025, 0.017015977), (0.0032363052, -0.004087579, 0.016603272), (0.0030036527, -0.0041409964, 0.016630882), (0.002801129, -0.0041753678, 0.017092908), (0.003392219, -0.008147595, 0.020084292), (0.0031919072, -0.008165398, 0.020503148), (0.0035869598, -0.011989653, 0.022218937), (0.0024881007, -0.016670853, 0.02414185), (0.0015469088, -0.022728302, 0.025787687), (0.0023456449, -0.028333934, 0.025982352), (0.0015234902, -0.00064928527, 0.017216828), (0.0017990367, -0.00053711206, 0.017089183), (-0.00009389112, 0.0022246642, 0.020382002), (-0.00036893456, 0.0021127264, 0.020518549), (-0.0013421262, 0.005222931, 0.02292782), (-0.0016083807, 0.0050185276, 0.02306521), (-0.0021190424, 0.00770874, 0.024722256), (-0.0031621302, 0.0070416923, 0.025477206), (-0.003141466, 0.010222727, 0.026544906), (-0.006042412, 0.009145999, 0.028427124), (-0.009385967, 0.012115505, 0.03074066), (-0.0045003337, 0.013554969, 0.02840674), (-0.005690757, 0.018060464, 0.029553732), (-0.010975035, 0.016750526, 0.031999838), (-0.009995827, 0.022644391, 0.031849913), (-0.005927561, 0.023274722, 0.029383061), (0.00041707046, 0.019699488, 0.02906677), (0.00030563737, 0.024576914, 0.028889691), (0.008488682, 0.025642918, 0.03054482), (0.008237186, 0.02014604, 0.030919712), (0.006999326, 0.014990157, 0.03054015), (0.00433617, 0.010633095, 0.028654035), (0.0006858995, 0.015112792, 0.02844803), (0.000019375088, 0.010988301, 0.026829487), (0.0006770003, 0.007605109, 0.025592217), (-0.0010081232, 0.007903245, 0.024795517), (-0.0006646842, 0.0051893466, 0.02304904), (-0.0010155964, 0.0052777994, 0.022920012), (0.00041457248, 0.0023493818, 0.020556139), (0.00016811841, 0.0023033833, 0.02039442), (0.0022817852, -0.0003792054, 0.017314142), (0.002052393, -0.00044699488, 0.017121777), (0.007324785, 0.031684235, 0.029429685), (0.0011399135, 0.03112161, 0.027801739), (-0.00443576, 0.029390357, 0.028158028), (-0.0075900187, 0.028076893, 0.03053668), (0.018696507, 0.0036863696, 0.041443635), (0.014879703, 0.001094157, 0.04211317), (0.021413818, 0.003925987, 0.041112803), (0.025704019, 0.0035503362, 0.041032385), (0.024116736, 0.006934319, 0.037417013), (0.021069331, 0.005592132, 0.039107427), (0.022043115, 0.00961526, 0.0375213), (0.020308964, 0.0065918406, 0.03912494), (0.018409478, 0.008575129, 0.04094537), (0.018473297, 0.013839991, 0.040473696), (0.017901676, 0.0047911797, 0.041299596), (0.014375776, 0.0018171651, 0.042097375), (0.006775691, -0.0025752261, 0.036574274), (0.0070903823, -0.002661245, 0.03613075), (0.0072175516, -0.002902577, 0.036082715), (0.0071560345, -0.003297945, 0.03643088), (0.0147548085, 0.001334693, 0.041696973), (0.014588391, 0.0015719644, 0.041692223), (0.018301347, 0.0043421774, 0.04067373), (0.018513408, 0.004069331, 0.04072054), (0.019557912, 0.018391617, 0.03826915), (0.022621186, 0.021467395, 0.034112826), (0.026883576, 0.02064344, 0.026262293), (0.02882705, 0.015811771, 0.024194032), (0.026960019, 0.01544731, 0.029456593), (0.031370472, 0.01294138, 0.023869898), (0.030612888, 0.011466515, 0.028824594), (0.034744985, 0.008904887, 0.03137438), (0.034623034, 0.01129662, 0.0245852), (0.03139094, 0.0057497653, 0.03754695), (0.032025233, 0.013444822, 0.020033784), (0.029278481, 0.016545296, 0.020191204), (0.027808797, 0.009082172, 0.033810508), (0.024302268, 0.0130472155, 0.03423827), (0.010436011, -0.0017439922, 0.040198628), (0.010471962, -0.0013701977, 0.039853837), (0.010328465, -0.0011321267, 0.039883718), (0.010006625, -0.0010284744, 0.0402865), (0.0032921627, -0.006035964, 0.036925428), (0.003777959, -0.006184533, 0.037278738), (0.00028104126, -0.009539962, 0.041491106), (0.00084449316, -0.009617815, 0.041920356), (-0.0018964139, -0.011683631, 0.043846276), (-0.0004698671, -0.013334674, 0.045277257), (-0.004669106, -0.014460989, 0.044217043), (-0.0024421748, -0.018990306, 0.047403798), (-0.005843582, -0.023656666, 0.04770369), (-0.008374096, -0.017364394, 0.042921536), (-0.012713174, -0.019567046, 0.040861756), (-0.011178243, -0.026664462, 0.044825584), (-0.017044244, -0.027120879, 0.038327273), (-0.017724438, -0.020741105, 0.0367785), (-0.016523719, -0.01359303, 0.039992463), (-0.020486256, -0.015560865, 0.03641039), (-0.025029663, -0.01245461, 0.03776712), (-0.022114435, -0.009062191, 0.04274523), (-0.018013282, -0.0060835565, 0.045590248), (-0.011074985, -0.0060665812, 0.045960292), (-0.012144921, -0.011790382, 0.04205393), (-0.007048982, -0.010582381, 0.04348164), (-0.0038326762, -0.008256384, 0.04439423), (-0.0027506484, -0.010137009, 0.043460682), (0.00022898559, -0.008701645, 0.04178809), (0.000083856015, -0.009229132, 0.041436713), (0.0032195167, -0.0055368287, 0.0374059), (0.0030966825, -0.0058233, 0.0369576), (-0.027203955, -0.0144866565, 0.031832002), (-0.023908814, -0.017544134, 0.029637374), (-0.021129513, -0.021670304, 0.029238746), (-0.02071802, -0.026085962, 0.031269304), (0.008324309, -0.0066236267, 0.05513289), (0.008005054, -0.0066775326, 0.05450712), (0.009029726, -0.011763838, 0.06131036), (0.009339822, -0.011804337, 0.061905302), (0.010390419, -0.016513139, 0.06544227), (0.010604348, -0.016365604, 0.0659946), (0.011927294, -0.01996061, 0.06642112), (0.012320173, -0.01935049, 0.0671637), (0.01505211, -0.024499804, 0.06554038), (0.017075682, -0.023055192, 0.06804758), (0.019361835, -0.029515093, 0.062061757), (0.023633424, -0.027213138, 0.06648296), (0.026807167, -0.03187282, 0.05707202), (0.025044827, -0.036085088, 0.0442775), (0.022368683, -0.03327419, 0.05363502), (0.022279993, -0.03623765, 0.04193076), (0.017513687, -0.034391038, 0.053613182), (0.019143194, -0.036927074, 0.04216322), (0.012730551, -0.038112808, 0.04686932), (0.008635474, -0.035179935, 0.058557726), (0.006872945, -0.031362884, 0.06520997), (0.008262656, -0.025229717, 0.06721485), (0.014605057, -0.03082208, 0.0615082), (0.012361058, -0.025251161, 0.06516401), (0.010020174, -0.019769404, 0.06705777), (0.011193707, -0.020091899, 0.06638784), (0.009619623, -0.016496446, 0.06588419), (0.010068863, -0.016533112, 0.065404065), (0.0083964905, -0.011755704, 0.061503563), (0.008715435, -0.011749707, 0.06117985), (0.007388866, -0.006612771, 0.05463563), (0.007692329, -0.0066756634, 0.054350328), (0.0034814961, 0.010749505, 0.06436304), (0.004513846, 0.015424336, 0.06487404), (0.008216408, 0.020124126, 0.065241866), (0.010801105, 0.0277501, 0.06335925), (0.009862108, 0.034475256, 0.059176262), (0.0061776545, 0.03969159, 0.05219285), (0.004067388, 0.03000043, 0.05666099), (0.0023640508, 0.036635537, 0.05033623), (-0.003892093, 0.028930916, 0.05600279), (-0.0035029545, 0.03591324, 0.04962252), (-0.0035761637, 0.041762337, 0.04347805), (0.0016806547, 0.04350517, 0.044418547), (-0.008563938, 0.036593914, 0.0508338), (-0.011365373, 0.030617418, 0.05803958), (-0.010792093, 0.02470375, 0.062055055), (-0.0066063427, 0.019390574, 0.064111084), (-0.0029732513, 0.024003973, 0.059499588), (-0.0012097115, 0.019319529, 0.06178888), (0.0008124963, 0.015230971, 0.06306518), (-0.0010643414, 0.015114645, 0.064232826), (0.0024272124, 0.010547461, 0.064149536), (0.002732714, 0.010832723, 0.063583255), (0.0042744325, 0.00581376, 0.06197686), (0.004014414, 0.0055929516, 0.062252782), (0.005367678, 0.0006565288, 0.057509415), (0.005600298, 0.0009255474, 0.057283502), (0.0058088703, 0.0009809948, 0.05736608), (0.004488768, 0.0058637015, 0.062056772), (0.0059909034, 0.0008244542, 0.05775395), (0.004662224, 0.0057485667, 0.062489685), (0.0070261797, -0.0026712266, 0.052882124), (0.006824367, -0.0024850196, 0.05248447), (0.0066017914, -0.0025447772, 0.052411232), (0.0063624554, -0.0028477744, 0.05266213), (0.0030396213, 0.010895079, 0.06364062), (0.0025670496, 0.015337887, 0.06331178), (0.003352821, 0.01976833, 0.062303264), (0.0042446028, 0.025122976, 0.060013052), (0.010191927, -0.00336102, 0.07282217), (0.010592424, -0.003711108, 0.07251592), (0.019690057, -0.0021937091, 0.08451958), (0.0204248, 0.0002236059, 0.08376262), (0.01043958, -0.004021695, 0.07291901), (0.01982862, 0.0018660882, 0.083531946), (0.010509718, -0.003490347, 0.072483666), (0.016525874, -0.00035045383, 0.08115245), (0.013038579, -0.0020717115, 0.07754639), (0.016182074, -0.0011685903, 0.08138632), (0.012978283, -0.0026005735, 0.077984706), (0.01663973, -0.000625649, 0.08120792), (0.013135779, -0.002285474, 0.07759429), (0.015955707, -0.0002427087, 0.08129828), (0.012691667, -0.0019559502, 0.07784363), (0.018105587, 0.0034177743, 0.08429569), (0.02447542, -0.0047608945, 0.08812493), (0.025622912, 0.00091488654, 0.08547259), (0.024222028, 0.0050363946, 0.0851651), (0.020325419, 0.00906001, 0.08782961), (0.025688551, 0.013530979, 0.08933108), (0.029917631, 0.007977385, 0.08521242), (0.03159468, 0.0023590412, 0.085476585), (0.030831162, -0.0048775948, 0.08985255), (0.033220742, 0.015034327, 0.08673893), (0.037658192, -0.0015755628, 0.08692888), (0.04304155, 0.0033712056, 0.08266531), (0.037094947, 0.0046248143, 0.08356832), (0.035607405, 0.009599318, 0.08338157), (0.041831102, 0.007017777, 0.08102005), (0.040648505, 0.01047824, 0.0809173), (0.045707513, 0.008143759, 0.08029398), (0.044775054, 0.011914633, 0.07999853), (0.040195756, 0.014107075, 0.08262259), (0.00076924684, -0.007733723, 0.07911219), (-0.0043974393, -0.0089866165, 0.08048797), (-0.0119005, -0.009807148, 0.08199261), (-0.018371688, -0.010853872, 0.081193365), (-0.023410724, -0.014142547, 0.07762439), (-0.025025351, -0.01855743, 0.069815196), (-0.01896815, -0.019243393, 0.07427427), (-0.021583013, -0.022186916, 0.06795909), (-0.015431765, -0.024491081, 0.07348553), (-0.01909362, -0.02580858, 0.067335255), (-0.02121459, -0.0273105, 0.061534304), (-0.022995157, -0.022568526, 0.062426943), (-0.019063279, -0.030158997, 0.06772463), (-0.014004636, -0.030823931, 0.075880505), (-0.0077858795, -0.028942637, 0.080381654), (-0.00321897, -0.021531604, 0.081413925), (-0.01083379, -0.022088619, 0.07703638), (-0.0067337966, -0.017623264, 0.07877217), (-0.0027724195, -0.012305567, 0.07898876), (-0.0007196959, -0.012970949, 0.08014997), (0.0013875116, -0.0086435275, 0.07904431), (0.00090947154, -0.008533386, 0.07854494), (0.004635811, -0.006465054, 0.07697128), (0.0044555482, -0.0062689683, 0.076548755), (0.008033576, -0.0050263265, 0.07276363), (0.007810869, -0.004871177, 0.07235855), (0.0076879547, -0.0046603517, 0.072386414), (0.007663074, -0.004397417, 0.07284451), (0.004324789, -0.006054797, 0.07657963), (0.0042393054, -0.005819378, 0.07705594), (0.0007165176, -0.008273033, 0.0785704), (-0.0039524576, -0.010876616, 0.07917893), (-0.009802411, -0.0137389125, 0.079091325), (-0.014803841, -0.016455175, 0.07753815), (0.008078376, 0.005661697, 0.10053619), (0.007986214, 0.0015336004, 0.10037297), (0.009181561, 0.007309034, 0.101230055), (0.0113378875, 0.0093894275, 0.102570035), (0.008563584, 0.0113889715, 0.10057522), (0.007988801, 0.008614551, 0.10028423), (0.005982672, 0.011309399, 0.10067026), (0.0070287012, 0.008599238, 0.10030538), (0.004906206, 0.0075928783, 0.10122529), (0.0017986756, 0.009872165, 0.10251441), (0.007035923, 0.0057372646, 0.10046847), (0.007312897, 0.0015678301, 0.1003312), (0.0073181, -0.0043541733, 0.09761742), (0.007059223, -0.0076114554, 0.092722505), (0.0075586364, -0.0041906266, 0.09731354), (0.007296033, -0.007382575, 0.09240917), (0.0077699353, -0.0042091883, 0.09730928), (0.0075063542, -0.007409024, 0.09236495), (0.00795203, -0.0044147824, 0.09760781), (0.007688665, -0.007691119, 0.09259113), (0.0077912044, 0.0016671641, 0.10001779), (0.007569649, 0.0016775654, 0.10000413), (0.0074881185, 0.0060325656, 0.10008678), (0.007752397, 0.006016905, 0.10011463), (-0.00040620213, 0.013121887, 0.10286006), (-0.0010244444, 0.017542522, 0.10162942), (0.0013386519, 0.02347378, 0.09723781), (0.005238866, 0.024144808, 0.095196806), (0.004630141, 0.019721568, 0.098528154), (0.008152001, 0.024527365, 0.09506356), (0.008728945, 0.020375846, 0.09825323), (0.012234888, 0.020280464, 0.100685775), (0.010528431, 0.024902323, 0.09664098), (0.012745954, 0.0145359915, 0.1026031), (0.008120293, 0.028276658, 0.09251926), (0.004941293, 0.027910082, 0.09252848), (0.008932344, 0.015620674, 0.1000555), (0.0049112127, 0.015165628, 0.10024257), (0.006843626, -0.017649744, 0.09742603), (0.005779879, -0.020811332, 0.096700124), (0.003876009, -0.02503381, 0.095796816), (0.0022985123, -0.029453967, 0.09445024), (0.0016850964, -0.03287179, 0.09154799), (0.0048195207, -0.03604082, 0.08549626), (0.006857496, -0.03164952, 0.090004936), (0.008381839, -0.0349504, 0.08463547), (0.01149919, -0.032054193, 0.0896613), (0.011750922, -0.035168353, 0.0843832), (0.012548235, -0.03747466, 0.07936703), (0.009600627, -0.03783801, 0.08000344), (0.014782963, -0.036155835, 0.08408533), (0.016542057, -0.033428513, 0.090110384), (0.016263096, -0.029355599, 0.09422427), (0.0136425, -0.02450261, 0.09682701), (0.011000112, -0.028468555, 0.093014635), (0.009910059, -0.024862219, 0.09506138), (0.008436406, -0.021078205, 0.09624001), (0.009875931, -0.020452822, 0.0973429), (0.007683106, -0.017650386, 0.097494826), (0.007436416, -0.01780893, 0.09703955), (0.007290819, -0.013407865, 0.096428744), (0.0071006133, -0.013468595, 0.09609876), (0.007254512, -0.008736716, 0.09270326), (0.007084439, -0.00887454, 0.092396185), (0.0068952097, -0.00888813, 0.09239757), (0.006687672, -0.0087781735, 0.092707425), (0.006892495, -0.013474682, 0.09608735), (0.0066620447, -0.01342695, 0.09640142), (0.007189158, -0.017817603, 0.09701335), (0.007080254, -0.021177713, 0.09612962), (0.0066652535, -0.024991898, 0.094803594), (0.0065276627, -0.028343678, 0.09294233), (0.010800342, -0.008333239, 0.107678674), (0.012831783, -0.00847622, 0.11095038), (0.015772365, -0.009021732, 0.115264095), (0.01934677, -0.009070578, 0.118234694), (0.024226418, -0.007968383, 0.1195076), (0.029341279, -0.004785343, 0.11829218), (0.024183506, -0.0046890182, 0.11696033), (0.028687641, -0.0022711896, 0.11612026), (0.023305876, -0.0018806034, 0.11663805), (0.0279666, 0.000022687778, 0.115779586), (0.032126106, 0.0019485768, 0.113899186), (0.03247147, -0.0008220853, 0.114464425), (0.027981281, 0.00224169, 0.11725616), (0.022219991, 0.00047577434, 0.11915572), (0.016939396, -0.001597804, 0.11850085), (0.013207427, -0.0036794993, 0.114850596), (0.019125443, -0.0033746592, 0.11576266), (0.015731338, -0.0048350333, 0.11363444), (0.013087824, -0.0064990697, 0.110446684), (0.0115589155, -0.0060799653, 0.110374995), (0.010580329, -0.007714342, 0.10764244), (0.011050049, -0.007779949, 0.1075596), (0.008899747, -0.00849745, 0.10494149), (0.009150517, -0.008613205, 0.10470668), (0.007164416, -0.009017404, 0.10127923), (0.0074067577, -0.009142798, 0.10103248), (0.0074713603, -0.009315031, 0.10105436), (0.0073576462, -0.009532906, 0.10134469), (0.009210077, -0.008778859, 0.10472181), (0.0090782875, -0.008997895, 0.1049858), (0.011118078, -0.007954433, 0.10757854), (0.013423574, -0.0072836834, 0.110623196), (0.016624952, -0.0066879974, 0.11391847), (0.020176174, -0.005975095, 0.11599502), (0.002436997, -0.009253427, 0.103084415), (-0.00041712125, -0.007775857, 0.10459801), (-0.00579569, -0.0055125444, 0.107655436), (-0.011702554, -0.0047260774, 0.10960593), (-0.016122514, -0.004973133, 0.108154446), (-0.020290706, -0.0062143705, 0.104726925), (-0.015061454, -0.008222089, 0.10556024), (-0.019128459, -0.008569268, 0.10380425), (-0.014155198, -0.011728007, 0.10566415), (-0.018423274, -0.011184186, 0.10408355), (-0.023063738, -0.010927948, 0.101841204), (-0.023359388, -0.008294898, 0.10153964), (-0.019054798, -0.013361674, 0.10530279), (-0.013843291, -0.014585368, 0.10866646), (-0.009122303, -0.014014564, 0.11008368), (-0.004307897, -0.012788854, 0.108331285), (-0.009863199, -0.011431128, 0.10635989), (-0.0053683105, -0.01074756, 0.10583932), (-0.0012534204, -0.010215019, 0.1042832), (-0.00024828283, -0.011270537, 0.105066925), (0.002380279, -0.009979682, 0.10313752), (0.0019970518, -0.00979869, 0.102860145), (0.005257437, -0.009700477, 0.10124111), (0.0051113595, -0.00955788, 0.10096164), (0.0051005892, -0.009377389, 0.10094854), (0.0052289325, -0.009156217, 0.10120219), (0.0019851476, -0.009586312, 0.10284062), (-0.0013452745, -0.009015528, 0.10416206), (-0.0060622343, -0.008091411, 0.105636336), (-0.010939557, -0.0079808, 0.10625362), (0.00421346, -0.008645247, 0.11589804), (0.0034590156, -0.007477496, 0.11825309), (0.0026350883, -0.005673328, 0.121296875), (0.0018307151, -0.0033606328, 0.12336329), (0.0010134317, 0.000017858345, 0.12417636), (-0.0008648966, 0.0037065975, 0.12324834), (-0.00066237553, -0.00011308219, 0.122464694), (-0.0022436755, 0.0032342288, 0.121773615), (-0.002091823, -0.0008527394, 0.12237695), (-0.0035064418, 0.0027238403, 0.1216402), (-0.005275694, 0.005631126, 0.12014301), (-0.0034957207, 0.0059575993, 0.12048968), (-0.004869104, 0.0027384467, 0.12280808), (-0.0032374524, -0.0017251448, 0.12438917), (-0.001374249, -0.005892602, 0.12397775), (0.00069514394, -0.008295307, 0.121241696), (-0.0009503543, -0.004117425, 0.12180015), (0.0005484636, -0.0063812984, 0.12024881), (0.0022893904, -0.007756651, 0.11790911), (0.0025374142, -0.008852813, 0.11787704), (0.0039078123, -0.008968012, 0.1158673), (0.0037931097, -0.008645375, 0.11580268), (0.0050499747, -0.009729961, 0.113887), (0.0050475807, -0.009523263, 0.11371522), (0.006078164, -0.010615861, 0.11118992), (0.006086008, -0.010410368, 0.11101045), (0.006177277, -0.010310308, 0.11103142), (0.0063514113, -0.010316426, 0.111252636), (0.0051348656, -0.00943054, 0.11373025), (0.0053139045, -0.009450835, 0.11393122), (0.003875305, -0.008552475, 0.11581706), (0.0026000654, -0.0073798406, 0.11801429), (0.001254986, -0.005486846, 0.12036826), (0.00020180205, -0.0030929302, 0.12183749), (0.0073070885, -0.012232321, 0.11271877), (0.007221554, -0.013688986, 0.11420528), (0.008216403, -0.016863812, 0.11694423), (0.010305477, -0.020467272, 0.1183594), (0.010957487, -0.022738809, 0.11723987), (0.010625616, -0.024678765, 0.115112066), (0.011559207, -0.021876527, 0.115342654), (0.011356334, -0.024043258, 0.11417908), (0.012923373, -0.021272732, 0.11483345), (0.012433131, -0.023746902, 0.113827005), (0.011804227, -0.026283719, 0.11245212), (0.010576352, -0.026376436, 0.11284337), (0.013577996, -0.024238069, 0.11401504), (0.014515878, -0.021187432, 0.116092704), (0.013301474, -0.017759424, 0.11783642), (0.010743073, -0.014498492, 0.11708822), (0.012004128, -0.018361809, 0.1158983), (0.010046194, -0.015463855, 0.11588102), (0.008613736, -0.0135395285, 0.11428808), (0.008803912, -0.012750545, 0.11448249), (0.007676923, -0.012074369, 0.11278032), (0.007715616, -0.012339735, 0.11271123), (0.0070479154, -0.011020594, 0.11115693), (0.0070417593, -0.011172451, 0.111026764), (0.0069526103, -0.011225726, 0.111015), (0.0067783454, -0.011179185, 0.11112106), (0.0076156673, -0.012399252, 0.1126976), (0.00808371, -0.013859493, 0.11423147), (0.009188561, -0.016422639, 0.11585604), (0.010888839, -0.01945299, 0.11617209), (0.005324015, -0.011970203, 0.11657188), (0.0030060005, -0.0130355805, 0.120861836), (0.005920205, -0.011719667, 0.11683022), (0.004784373, -0.012270551, 0.12141286), (0.0062205503, -0.011509066, 0.117054366), (0.005358621, -0.011887007, 0.12192852), (0.0063319043, -0.011252228, 0.117177874), (0.005752733, -0.011517406, 0.121403456), (0.0057590194, -0.0114833005, 0.122284725), (0.006778757, -0.010042707, 0.12509541), (0.0083674, -0.0069158217, 0.12826663), (0.010471129, -0.0033222162, 0.12861228), (0.012898099, -0.00041008295, 0.12770054), (0.0041726176, -0.011910155, 0.1245166), (0.0036275613, -0.012193913, 0.123598024), (0.0024652814, -0.012617171, 0.12726024), (0.0019968073, -0.012782709, 0.12631057), (0.0010994322, -0.013787984, 0.12898265), (0.000703029, -0.013899415, 0.1283579), (-0.00013558075, -0.014846629, 0.12971027), (-0.0003825904, -0.014906849, 0.12931412), (-0.00030411128, -0.015168412, 0.121482775), (-0.0037199594, -0.017148308, 0.119629264), (-0.006159168, -0.017258069, 0.11603195), (-0.007837718, -0.01705229, 0.11319879)]
            float[] primvars:Group = [0, 0, 0, 0.36462092, 0, 0, 0, 0, 0, 0, 0, 0, 0, 0, 0, 0.36462092, 0.36462092, 0, 0, 0, 0, 0.36462092, 0, 0.36462092, 0.36462092, 0.36462092, 0, 0, 0.36462092, 0, 0, 0.36462092, 0, 0.36462092, 0, 0.36462092, 0.36462092, 0.36462092, 0, 0, 0, 0, 0, 0, 0, 0, 0, 0, 0, 0, 0, 0, 0, 0, 0, 0, 0, 0, 0, 0, 0, 0, 0, 0, 0, 0, 0, 0, 0, 0, 0, 0, 0, 0, 0, 0, 0, 0, 0, 0, 0, 0, 0, 0, 0, 0, 0, 0, 0, 0, 0, 0, 0, 0, 0, 0, 0, 0, 0, 0, 0, 0, 0, 0, 0, 0, 0, 0, 0, 0, 0, 0, 0, 0, 0, 0, 0, 0, 0, 0, 0, 0, 0, 0, 0, 0, 0, 0, 0, 0, 0, 0, 0, 0, 0, 0, 0, 0, 0, 0, 0, 0, 0, 0, 0, 0, 0, 0, 0, 0, 0, 0, 0, 0, 0, 0, 0, 0, 0, 0, 0, 0, 0, 0, 0, 0, 0, 0, 0, 0, 0, 0, 0, 0, 0, 0, 0, 0, 0, 0, 0, 0, 0, 0, 0, 0, 0, 0, 0, 0, 0, 0, 0, 0, 0, 0, 0, 0, 0, 0, 0, 0, 0, 0, 0, 0, 0, 0, 0, 0, 0, 0, 0, 0, 0, 0, 0, 0, 0, 0, 0, 0, 1, 0, 1, 0, 1, 1, 0, 0, 0, 0, 0, 0, 1, 0, 1, 1, 1, 0, 1, 0, 0, 0, 0, 0, 0, 0, 0, 0, 0, 0, 0, 0, 0, 0, 0, 0, 0, 0, 0, 0, 0, 0, 0, 0, 0, 0, 0, 0, 1, 0, 1, 1, 0, 0, 0, 0, 0, 0, 1, 0, 1, 1, 1, 0, 0, 0, 0, 0, 0, 0, 0, 0, 0, 0, 0, 0, 0, 0, 0, 0, 0, 0, 0, 0, 0, 0, 0, 0, 0, 0, 0, 0, 0, 0, 0, 0, 0, 0, 0.09025271, 0, 0, 0.09025271, 0, 0.09025271, 0, 0, 0, 0.24187726, 0, 0, 0.24187726, 0, 0, 0, 0, 0, 0.24187726, 0.24187726, 0.24187726, 0.09025271, 0.09025271, 0, 0, 0, 0.09025271, 0, 0, 0, 0, 0, 0, 0.24187726, 0.24187726, 0.24187726, 0.24187726, 0.24187726, 0.24187726, 0, 0, 0, 0, 0, 0, 1, 0, 0, 0, 0, 0, 0, 0, 0, 1, 1, 0, 0, 0, 0, 0, 0, 0, 0, 0, 0, 0, 0, 0, 1, 0, 1, 1, 0, 0, 0, 0, 0, 0, 0, 0, 1, 1, 1, 1, 0, 0, 0, 0, 0, 0, 0, 0, 0, 0, 0, 0, 0, 0, 0, 0, 0, 0, 0, 0, 0, 0, 1, 0, 0, 1, 0, 0, 0, 0, 0, 1, 1, 1, 1, 0, 0, 0, 0, 0, 0, 0, 0, 0, 1, 1, 1, 1, 1, 1, 0, 0, 0, 0, 0, 0, 0, 0, 0, 0, 0, 0, 0, 0, 0, 0, 0, 0, 0.36462092, 0.36462092, 0.36462092, 0, 0, 0, 0, 0, 0, 0, 0, 0, 0.36462092, 0.36462092, 0, 0.36462092, 0, 0, 0, 0, 0, 0, 0, 0, 0, 0, 0, 0, 0, 0, 0, 0, 1, 0, 1, 0, 1, 1, 0, 0, 0, 0, 0, 0, 1, 0, 1, 1, 1, 0, 1, 0, 0, 0, 0, 0, 0, 0, 0, 0, 0, 0, 0, 0, 0, 0, 0, 0, 0, 0, 0, 0, 0, 0, 0, 0, 0, 0, 0, 0, 0, 0, 0, 0, 0, 0, 0, 0, 0, 0, 0, 0, 0, 0, 0, 0, 0, 0, 0, 0, 0, 0, 1, 0, 0, 0, 1, 0, 1, 0, 1, 0, 1, 0, 1, 0, 1, 1, 0, 0, 0, 0, 0, 1, 0, 0, 0, 0, 0, 0, 0, 1, 0, 1, 1, 0, 0, 0, 0, 0, 0, 1, 0, 1, 1, 1, 0, 0, 0, 0, 0, 0, 0, 0, 0, 0, 0, 0, 0, 0, 0, 0, 0, 0, 0, 0, 0, 0, 0, 0, 0, 0, 0, 0, 0, 0, 1, 0, 0, 0, 0, 0, 0, 0, 0, 1, 1, 0, 0, 0, 0, 0, 0, 0, 0, 0, 0, 0, 0, 0, 0, 0, 0, 0, 0, 1, 0, 1, 1, 0, 0, 0, 0, 0, 0, 0, 0, 1, 1, 1, 1, 0, 0, 0, 1, 0, 1, 0, 1, 0, 1, 1, 0, 0, 0, 0, 0, 0, 1, 0, 1, 1, 1, 0, 1, 0, 0, 0, 0, 0, 0, 0, 0, 0, 0, 0, 0, 0, 0, 0, 0, 0, 0, 0, 0, 0, 0, 0, 0, 0, 0, 0, 0, 0, 1, 0, 1, 1, 0, 0, 0, 0, 0, 0, 1, 0, 1, 1, 1, 0, 0, 0, 0, 0, 0, 0, 0, 0, 0, 0, 0, 0, 0, 0, 0, 0, 0, 0, 0, 0, 0, 0, 0, 0, 0, 0, 0, 0, 1, 0, 1, 0, 1, 1, 0, 0, 0, 0, 0, 0, 1, 0, 1, 1, 1, 0, 0, 0, 0, 0, 0, 0, 0, 0, 0, 0, 0, 0, 0, 0, 0, 0, 0, 0, 0, 0, 0, 0, 0, 0, 0, 1, 0, 1, 1, 0, 0, 0, 0, 0, 0, 1, 0, 1, 1, 1, 0, 0, 0, 0, 0, 0, 0, 0, 0, 0, 0, 0, 0, 0, 0, 0, 0, 0, 0, 0, 0, 0, 0, 0, 0, 0, 0, 0, 0, 1, 0, 1, 0, 1, 1, 0, 0, 0, 0, 0, 0, 1, 0, 1, 1, 1, 0, 0, 0, 0, 0, 0, 0, 0, 0, 0, 0, 0, 0, 0, 0, 0, 0, 0, 0, 0, 0, 0, 0, 0, 0, 0, 0, 0, 0, 0, 0, 0, 0, 0, 0, 0, 0, 0, 0, 0, 0, 0, 0, 0, 0, 0, 0, 0, 0, 0, 0, 0, 0, 0, 0, 0, 0, 0, 0, 0, 0, 0, 0, 0, 0, 0, 0, 0, 0.18231046, 0, 0, 0, 0, 0, 0, 0, 0, 0, 0, 0, 0, 0, 0, 0, 0, 0.18231046, 0.36462092, 0.18231046, 0, 0, 0.18231046, 0, 0, 0.18231046, 0, 0.18231046, 0.36462092, 0.36462092, 0.36462092, 0.18231046, 0, 0, 0, 0.18231046, 0, 0, 0.18231046, 0, 0.18231046, 0, 0.18231046, 0.36462092, 0.36462092, 0.36462092, 0.18231046, 0.36462092, 0, 0, 0.18231046, 0, 0.36462092, 0.36462092, 0, 0, 0.36462092, 0, 0, 0, 0, 0, 0.36462092, 0, 0, 0, 0, 0, 0, 0, 0, 0, 0, 0, 0, 0, 0, 0, 0, 0, 0, 0, 0, 0, 0, 0, 0, 0, 0, 0, 0, 0, 0, 0, 0, 0, 0, 0, 0, 0, 0, 0, 0, 0, 0, 0, 0, 0, 0, 0, 0, 0, 0, 0, 0, 0, 0, 0, 0, 0, 0, 0, 0, 0, 0, 0, 0, 0, 0, 0, 0, 0, 0, 0, 0, 0, 0, 0, 0, 0, 0, 0, 0, 0, 0, 0, 0, 0, 0, 0, 0, 0, 0, 0, 0, 0, 0, 0, 0, 0, 0, 0, 0, 0, 0, 0, 0, 0, 0, 0, 0, 0, 0, 0, 0, 0, 0, 0, 0, 0, 0, 0, 0, 0, 0, 0, 0, 0, 0, 0, 0, 0, 0, 0, 0, 0, 0, 0, 0, 0, 0, 0, 0, 0, 0, 0, 0, 0, 0, 0, 0, 0, 0, 0, 0, 0, 0, 0, 0, 0, 0, 0, 0, 0, 0, 0, 0, 0, 0, 0, 0, 0, 0, 0, 0, 0, 0, 0, 0, 0, 0, 0, 0, 0, 0, 0, 0, 0, 0, 0, 0, 0, 0, 0, 0, 0, 0, 0, 0, 0, 0, 0, 0, 0, 0, 0, 0, 0, 0, 0, 0, 0, 0, 0, 0, 0, 0, 0, 0, 0, 0, 0, 0, 0, 0, 0, 0, 0, 0, 0, 0, 0, 0, 0, 0, 0, 0, 0, 0, 0, 0, 0, 0, 0, 0, 0, 0, 0, 0, 0, 0, 0, 0, 0, 0, 0, 0, 0, 0, 0, 0, 0, 0, 0, 0, 0, 0, 0, 0, 0, 0, 0, 0, 0, 0, 0, 0, 0, 0, 0, 0, 0, 0, 0, 0, 0, 0, 0, 0, 0, 0, 0, 0, 0, 0, 0, 0, 0, 0, 0, 0, 0, 0, 0, 0, 0, 0, 0, 0, 0, 0, 0, 0, 0, 0, 0, 0, 0, 0, 0, 0, 0, 0, 0, 0, 0, 0, 0, 0, 0, 0, 0, 0, 0, 0, 0, 0, 0, 0, 0, 0, 0, 0, 0, 0, 0, 0, 0, 0, 0, 0, 0, 0, 0, 0, 0, 0, 0, 0, 0, 0, 0.5, 0.5, 1, 0.5, 1, 1, 0.5, 0, 0, 0, 0, 0, 0, 0.5, 0, 0, 0, 0.5, 1, 1, 0.5, 1, 0.5, 1, 0.5, 0.5, 0, 0, 0, 0, 0, 0, 0, 0, 0, 0, 0, 0, 0, 0, 0, 0, 0, 0, 0, 0, 0, 0, 0, 0, 0, 0, 0, 0, 0, 0, 0, 0, 0, 0, 0, 0, 0, 0, 0, 0, 0, 0, 0, 1, 0, 0.5, 0, 0, 0, 0, 0, 0, 0, 0, 0, 0.5, 0.5, 1, 1, 0.5, 0, 0, 0, 0, 0, 0, 0.5, 0, 0, 0, 0.5, 1, 1, 0.5, 1, 0.5, 0.5, 0, 0, 0, 0, 0, 0, 0, 0, 0, 0, 0, 0, 0, 0, 0, 0, 0, 0, 0, 0, 0, 0, 0, 0, 0, 0, 0, 0, 0, 0, 0, 0, 0, 0, 0, 0, 0, 0, 0, 0, 0, 0, 0, 0, 0, 1, 0, 0.5, 0, 0, 0, 0, 0, 0, 0, 0, 0, 0, 0, 0, 0, 0, 0.045126356, 0, 0, 0.045126356, 0, 0.045126356, 0, 0, 0, 0.12093863, 0, 0, 0.12093863, 0, 0, 0, 0, 0, 0, 0.12093863, 0.24187726, 0.24187726, 0.12093863, 0.16606498, 0.09025271, 0.045126356, 0, 0, 0, 0.045126356, 0, 0, 0.045126356, 0, 0, 0, 0, 0, 0, 0, 0, 0, 0, 0, 0, 0.045126356, 0.09025271, 0.12093863, 0.24187726, 0.24187726, 0.24187726, 0.12093863, 0.24187726, 0.12093863, 0.24187726, 0.12093863, 0.24187726, 0.12093863, 0.24187726, 0, 0, 0, 0.24187726, 0.16606498, 0, 0, 0.09025271, 0.09025271, 0, 0.045126356, 0, 0, 0, 0, 0, 0, 0, 0, 0, 0.5, 0, 0, 0, 0, 0, 0, 0, 0, 0, 0.5, 1, 0.5, 0, 0, 0, 0, 0, 0, 0, 0, 0, 0, 0, 0, 0, 0, 0, 0, 0, 0, 0, 0, 0, 0, 0, 0, 0.5, 1, 0.5, 1, 1, 0.5, 0, 0, 0, 0, 0, 0, 0, 0, 0.5, 1, 1, 1, 0.5, 0.5, 1, 0.5, 1, 0, 0, 0, 0, 0, 0, 0.5, 0, 0, 0, 0, 0, 0.5, 0, 0, 0, 0, 0, 0, 0, 0, 0, 0, 0, 0, 0, 0, 0, 0, 0, 0, 0, 0, 0, 0, 0, 0, 0, 0, 0.5, 0, 0, 0.5, 0, 0, 0, 0, 0, 0, 0.5, 1, 1, 0.5, 1, 0.5, 0.5, 0, 0, 0, 0, 0, 0, 0, 0, 0, 0, 0, 0, 0, 0, 0, 0, 0, 0.5, 1, 1, 1, 0.5, 1, 0.5, 1, 0.5, 1, 0.5, 1, 0, 0, 0, 1, 0.5, 0, 0, 0, 0, 0, 0, 0, 0, 0, 0, 0, 0, 0, 0, 0, 0, 0, 0, 0, 0, 0, 0, 0, 0, 0, 0, 0, 0.18231046, 0.18231046, 0.36462092, 0.36462092, 0.18231046, 0.18231046, 0.18231046, 0, 0, 0, 0, 0, 0, 0, 0, 0.18231046, 0.36462092, 0.18231046, 0, 0.36462092, 0.18231046, 0.18231046, 0.18231046, 0, 0, 0, 0, 0, 0, 0, 0, 0, 0, 0, 0, 0, 0, 0, 0, 0, 0, 0, 0, 0, 0, 0, 0, 0, 0, 0, 0, 0, 0, 0, 0, 0, 0, 0, 0, 0, 0, 0, 0.5, 0.5, 1, 0.5, 1, 1, 0.5, 0, 0, 0, 0, 0, 0, 0.5, 0, 0, 0, 0.5, 1, 1, 0.5, 1, 0.5, 1, 0.5, 0.5, 0, 0, 0, 0, 0, 0, 0, 0, 0, 0, 0, 0, 0, 0, 0, 0, 0, 0, 0, 0, 0, 0, 0, 0, 0, 0, 0, 0, 0, 0, 0, 0, 0, 0, 0, 0, 0, 0, 0, 0, 0, 0, 0, 0, 0, 0, 0, 0, 0, 0, 0, 0, 1, 0, 0.5, 0, 0, 0, 0, 0, 0, 0, 0, 0, 0, 0, 0, 0, 0, 0, 0, 0, 0, 0, 0, 0, 0, 0, 0, 0, 0, 0, 0, 0, 0, 0, 0, 0, 0, 0, 0, 0, 0, 0, 0, 0, 0.5, 0, 0, 0, 0, 0.5, 0.5, 0, 0, 0.5, 0.5, 0, 0, 0.5, 0, 1, 0, 1, 0.5, 0, 0, 0.5, 0, 1, 1, 1, 0, 0, 0.5, 0.5, 0, 0, 0, 0, 0, 0, 0, 1, 1, 0.5, 1, 0, 0, 0, 0, 0, 0, 0.5, 0.5, 1, 1, 0.5, 0, 0, 0, 0, 0, 0, 0.5, 0, 0, 0, 0.5, 1, 1, 0.5, 1, 0.5, 0.5, 0, 0, 0, 0, 0, 0, 0, 0, 0, 0, 0, 0, 0, 0, 0, 0, 0, 0, 0, 0, 0, 0, 0, 0, 0, 0, 0, 0, 0, 0, 0, 0, 0, 0, 0, 0, 0, 0, 0, 0, 0, 0, 0, 0, 0, 1, 0, 0.5, 0, 0, 0, 0, 0, 0, 0, 0, 0.5, 0, 0, 0, 0, 0, 0, 0, 0, 0, 0.5, 1, 0.5, 0, 0, 0, 0, 0, 0, 0, 0, 0, 0, 0, 0, 0, 0, 0, 0, 0, 0, 0, 0, 0, 0, 0, 0, 0, 0, 0, 0, 0, 0, 0, 0, 0, 0.5, 1, 0.5, 1, 1, 0.5, 0, 0, 0, 0, 0, 0, 0, 0, 0.5, 1, 1, 1, 0.5, 0.5, 1, 0.5, 1, 0, 0, 0, 0, 0, 0, 0.5, 0, 0, 0, 0, 0, 0.5, 0, 0, 0, 0.5, 0.5, 1, 0.5, 1, 0.5, 1, 1, 0.5, 0, 0, 0, 0, 0, 0, 0.5, 0, 0, 0, 0.5, 1, 1, 0.5, 1, 0.5, 1, 0.5, 0.5, 0, 0, 0, 0, 0, 0, 0, 0, 0, 0, 0, 0, 0, 0, 0, 0, 0, 0, 0, 0, 0, 0, 0, 0, 0, 0, 0, 0, 0, 0, 0, 0, 0, 0, 0, 0, 0, 0, 0, 0, 0, 0, 0, 1, 0, 0.5, 0, 0, 0, 0, 0, 0, 0, 0, 0, 0.5, 0.5, 1, 1, 0.5, 0, 0, 0, 0, 0, 0, 0.5, 0, 0, 0, 0.5, 1, 1, 0.5, 1, 0.5, 0.5, 0, 0, 0, 0, 0, 0, 0, 0, 0, 0, 0, 0, 0, 0, 0, 0, 0, 0, 0, 0, 0, 0, 0, 0, 0, 0, 0, 0, 0, 0, 0, 0, 0, 0, 0, 0, 0, 0, 0, 0, 0, 0, 0, 0, 0, 1, 0, 0.5, 0, 0, 0, 0, 0, 0, 0, 0.5, 0.5, 1, 0.5, 1, 1, 0.5, 0, 0, 0, 0, 0, 0, 0.5, 0, 0, 0, 0.5, 1, 1, 0.5, 1, 0.5, 0.5, 0, 0, 0, 0, 0, 0, 0, 0, 0, 0, 0, 0, 0, 0, 0, 0, 0, 0, 0, 0, 0, 0, 0, 0, 0, 0, 0, 0, 0, 0, 0, 0, 0, 0, 0, 0, 1, 0, 0.5, 0, 0, 0, 0, 0, 0, 0, 0, 0, 0.5, 0.5, 1, 1, 0.5, 0, 0, 0, 0, 0, 0, 0.5, 0, 0, 0, 0.5, 1, 1, 0.5, 1, 0.5, 0.5, 0, 0, 0, 0, 0, 0, 0, 0, 0, 0, 0, 0, 0, 0, 0, 0, 0, 0, 0, 0, 0, 0, 0, 0, 0, 0, 0, 0, 0, 0, 0, 0, 0, 0, 0, 0, 0, 0, 0, 0, 0, 0, 0, 0, 0, 1, 0, 0.5, 0, 0, 0, 0, 0, 0, 0, 0.5, 0.5, 1, 0.5, 1, 1, 0.5, 0, 0, 0, 0, 0, 0, 0.5, 0, 0, 0, 0.5, 1, 1, 0.5, 1, 0.5, 0.5, 0, 0, 0, 0, 0, 0, 0, 0, 0, 0, 0, 0, 0, 0, 0, 0, 0, 0, 0, 0, 0, 0, 0, 0, 0, 0, 0, 0, 0, 0, 0, 0, 0, 0, 0, 0, 1, 0, 0.5, 0, 0, 0, 0, 0, 0, 0, 0, 0, 0, 0, 0, 0, 0, 0, 0, 0, 0, 0, 0, 0, 0, 0, 0, 0, 0, 0, 0, 0, 0, 0, 0, 0, 0, 0, 0, 0, 0, 0, 0, 0, 0, 0, 0, 0, 0, 0, 0, 0, 0, 0, 0, 0, 0, 0, 0, 0, 0, 0, 0, 0, 0, 0, 0, 0, 0, 0, 0, 0, 0, 0, 0, 0, 0, 0, 0, 0.09115523, 0, 0, 0, 0, 0, 0, 0.09115523, 0.18231046, 0, 0.18231046, 0, 0.2734657, 0.18231046, 0.18231046, 0, 0, 0.18231046, 0, 0.18231046, 0.2734657, 0.18231046, 0.18231046, 0, 0, 0, 0, 0, 0, 0, 0, 0, 0, 0, 0, 0, 0, 0, 0, 0, 0, 0, 0, 0, 0, 0, 0, 0, 0, 0, 0, 0, 0, 0, 0, 0, 0, 0, 0, 0, 0, 0, 0, 0, 0, 0, 0, 0, 0, 0, 0, 0, 0, 0, 0, 0, 0, 0, 0, 0, 0, 0, 0, 0, 0, 0, 0, 0, 0, 0, 0, 0, 0, 0, 0, 0, 0, 0, 0, 0, 0, 0, 0, 0, 0, 0, 0, 0, 0, 0, 0, 0, 0, 0, 0, 0, 0, 0, 0, 0, 0, 0, 0, 0, 0, 0, 0, 0, 0, 0, 0, 0, 0, 0, 0, 0, 0, 0, 0, 0, 0, 0, 0, 0, 0, 0, 0, 0, 0, 0, 0, 0, 0, 0, 0, 0, 0, 0, 0, 0, 0, 0, 0, 0, 0, 0, 0, 0, 0, 0, 0, 0, 0, 0, 0, 0, 0, 0, 0, 0, 0, 0, 0, 0, 0, 0, 0, 0, 0, 0, 0, 0, 0, 0, 0, 0, 0, 0, 0, 0, 0, 0, 0, 0, 0.25, 0.5, 0.5, 0.5, 0, 0, 0, 0, 0.5, 0.5, 0.5, 0.5, 0.5, 0.25, 0, 0, 0, 0, 0, 0, 0, 0, 0, 0, 0, 0, 0, 0, 0, 0, 0, 0, 0, 0, 0, 0.25, 0.5, 0.5, 0, 0, 0, 0, 0.5, 0.5, 0.5, 0.5, 0.25, 0, 0, 0, 0, 0, 0, 0, 0, 0, 0, 0, 0, 0, 0, 0, 0, 0, 0, 0, 0, 0, 0, 0, 0, 0.022563178, 0, 0.045126356, 0, 0.045126356, 0.08303249, 0, 0, 0.12093863, 0.12093863, 0, 0, 0, 0.12093863, 0.12093863, 0.08303249, 0.045126356, 0, 0, 0.045126356, 0, 0.022563178, 0, 0, 0, 0, 0, 0.18140794, 0.12093863, 0.12093863, 0.18140794, 0, 0, 0, 0.25, 0, 0, 0, 0, 0.25, 0.5, 0, 0, 0, 0, 0, 0, 0, 0, 0, 0, 0.5, 0.5, 0.5, 0, 0, 0, 0, 0.5, 0.5, 0.5, 0.5, 0.5, 0, 0, 0, 0, 0, 0, 0, 0, 0, 0, 0, 0, 0, 0, 0.25, 0, 0, 0.5, 0.5, 0, 0, 0, 0.5, 0.5, 0.5, 0.25, 0, 0, 0, 0, 0, 0, 0, 0, 0.75, 0.5, 0.5, 0.75, 0, 0, 0, 0, 0, 0, 0, 0, 0, 0.09115523, 0, 0.18231046, 0.18231046, 0.09115523, 0, 0, 0, 0, 0.09115523, 0.18231046, 0.18231046, 0.09115523, 0, 0, 0, 0, 0, 0, 0, 0, 0, 0, 0, 0, 0.25, 0.5, 0.5, 0.5, 0, 0, 0, 0, 0.5, 0.5, 0.5, 0.5, 0.5, 0.25, 0, 0, 0, 0, 0, 0, 0, 0, 0, 0, 0, 0, 0, 0, 0, 0, 0, 0, 0, 0, 0, 0, 0, 0, 0, 0, 0, 0, 0, 0, 0, 0, 0, 0, 0, 0, 0, 0, 0.25, 0, 0, 0.25, 0.5, 0, 0, 0.5, 0.5, 0.5, 0.5, 0, 0, 0, 0, 0.5, 0.5, 0.5, 0, 0, 0, 0.25, 0.5, 0.5, 0, 0, 0, 0, 0.5, 0.5, 0.5, 0.5, 0.25, 0, 0, 0, 0, 0, 0, 0, 0, 0, 0, 0, 0, 0, 0, 0, 0, 0, 0, 0, 0, 0, 0, 0.25, 0, 0, 0, 0, 0.25, 0.5, 0, 0, 0, 0, 0, 0, 0, 0, 0, 0, 0, 0, 0, 0, 0.5, 0.5, 0.5, 0, 0, 0, 0, 0.5, 0.5, 0.5, 0.5, 0.5, 0, 0, 0, 0.25, 0.5, 0.5, 0.5, 0.5, 0, 0, 0, 0, 0.5, 0.5, 0.5, 0.5, 0.5, 0.25, 0, 0, 0, 0, 0, 0, 0, 0, 0, 0, 0, 0, 0, 0, 0, 0, 0, 0, 0, 0, 0, 0.25, 0.5, 0.5, 0, 0, 0, 0, 0.5, 0.5, 0.5, 0.5, 0.25, 0, 0, 0, 0, 0, 0, 0, 0, 0, 0, 0, 0, 0, 0, 0, 0, 0, 0, 0, 0, 0, 0.25, 0.5, 0.5, 0.5, 0, 0, 0, 0, 0.5, 0.5, 0.5, 0.5, 0.25, 0, 0, 0, 0, 0, 0, 0, 0, 0, 0, 0, 0, 0, 0, 0, 0, 0, 0, 0.25, 0.5, 0.5, 0, 0, 0, 0, 0.5, 0.5, 0.5, 0.5, 0.25, 0, 0, 0, 0, 0, 0, 0, 0, 0, 0, 0, 0, 0, 0, 0, 0, 0, 0, 0, 0, 0, 0.25, 0.5, 0.5, 0.5, 0, 0, 0, 0, 0.5, 0.5, 0.5, 0.5, 0.25, 0, 0, 0, 0, 0, 0, 0, 0, 0, 0, 0, 0, 0, 0, 0, 0, 0, 0, 0, 0, 0, 0, 0, 0, 0, 0, 0, 0, 0, 0, 0, 0, 0, 0, 0, 0, 0, 0, 0, 0] (
                interpolation = "vertex"
            )
            texCoord2f[] primvars:UVMap = [(0.1493742, 0.1685504), (0.16066259, 0.16711618), (0.16051136, 0.16851933), (0.14927548, 0.17020322), (0.16066259, 0.16711618), (0.17361677, 0.1653502), (0.17333359, 0.16672423), (0.16051136, 0.16851933), (0.16051136, 0.16851933), (0.17333359, 0.16672423), (0.17134996, 0.16829312), (0.1601684, 0.16994789), (0.14927548, 0.17020322), (0.16051136, 0.16851933), (0.1601684, 0.16994789), (0.14898682, 0.17160264), (0.14898682, 0.17160264), (0.1377475, 0.18011315), (0.13823177, 0.17237177), (0.1492755, 0.17020322), (0.1377475, 0.18011315), (0.12548894, 0.18276349), (0.1256783, 0.17515822), (0.13823177, 0.17237177), (0.13823177, 0.17237177), (0.1256783, 0.17515822), (0.12549968, 0.17138809), (0.13826206, 0.16984627), (0.1492755, 0.17020322), (0.13823177, 0.17237177), (0.13826206, 0.16984627), (0.14937419, 0.1685504), (0.14898682, 0.17160264), (0.14722472, 0.20269221), (0.13606822, 0.19786735), (0.13774747, 0.18011318), (0.14722472, 0.20269221), (0.1454626, 0.23378171), (0.1310276, 0.21672219), (0.13606822, 0.19786735), (0.13606822, 0.19786735), (0.1310276, 0.21672219), (0.123364136, 0.20866944), (0.12464391, 0.19616087), (0.13774747, 0.18011318), (0.13606822, 0.19786735), (0.12464391, 0.19616087), (0.12548894, 0.18276349), (0.17361677, 0.1653502), (0.18896207, 0.16314986), (0.18883677, 0.16452529), (0.17333359, 0.16672423), (0.18896207, 0.16314986), (0.2047035, 0.160585), (0.20477171, 0.1619993), (0.18883677, 0.16452529), (0.18883677, 0.16452529), (0.20477171, 0.1619993), (0.20595612, 0.16358067), (0.18865305, 0.1659369), (0.17333359, 0.16672423), (0.18883677, 0.16452529), (0.18865305, 0.1659369), (0.17134996, 0.16829312), (0.17153545, 0.16222024), (0.18888053, 0.159627), (0.18893364, 0.16136625), (0.17342867, 0.16360636), (0.18888053, 0.159627), (0.20622557, 0.15703374), (0.20473552, 0.15876643), (0.18893364, 0.16136625), (0.18893364, 0.16136625), (0.20473552, 0.15876643), (0.2047035, 0.160585), (0.18896207, 0.16314986), (0.17342867, 0.16360636), (0.18893364, 0.16136625), (0.18896207, 0.16314986), (0.17361677, 0.1653502), (0.14912204, 0.16483109), (0.16032876, 0.16352569), (0.16058685, 0.16530265), (0.14927009, 0.16658972), (0.16032876, 0.16352569), (0.17153545, 0.16222024), (0.17342867, 0.16360636), (0.16058685, 0.16530265), (0.16058685, 0.16530265), (0.17342867, 0.16360636), (0.17361677, 0.1653502), (0.16066259, 0.16711618), (0.14927009, 0.16658972), (0.16058685, 0.16530265), (0.16066259, 0.16711618), (0.1493742, 0.1685504), (0.20622557, 0.15703374), (0.21832158, 0.1541313), (0.21848875, 0.15594672), (0.20473552, 0.15876643), (0.21832158, 0.1541313), (0.23041755, 0.15122883), (0.2310891, 0.15302975), (0.21848875, 0.15594672), (0.21848875, 0.15594672), (0.2310891, 0.15302975), (0.23176062, 0.15483066), (0.2188018, 0.15777074), (0.20473552, 0.15876643), (0.21848875, 0.15594672), (0.2188018, 0.15777074), (0.2047035, 0.160585), (0.2047035, 0.160585), (0.2188018, 0.15777074), (0.21896556, 0.15918848), (0.20477171, 0.1619993), (0.2188018, 0.15777074), (0.23176062, 0.15483066), (0.23214316, 0.15624796), (0.21896556, 0.15918848), (0.21896556, 0.15918848), (0.23214316, 0.15624796), (0.23252572, 0.15766524), (0.21924093, 0.16062297), (0.20477171, 0.1619993), (0.21896556, 0.15918848), (0.21924093, 0.16062297), (0.20595612, 0.16358067), (0.14937419, 0.1685504), (0.13826206, 0.16984627), (0.13794054, 0.16736166), (0.1492701, 0.16658972), (0.13826206, 0.16984627), (0.12549968, 0.17138809), (0.12484592, 0.16771497), (0.13794054, 0.16736166), (0.13794054, 0.16736166), (0.12484592, 0.16771497), (0.12356624, 0.16148359), (0.13641328, 0.16162965), (0.1492701, 0.16658972), (0.13794054, 0.16736166), (0.13641328, 0.16162965), (0.14912204, 0.16483109), (0.119571485, 0.14175798), (0.12617217, 0.13620149), (0.13238695, 0.1496055), (0.12140371, 0.1513381), (0.12617217, 0.13620149), (0.13627787, 0.12570564), (0.14269999, 0.14526838), (0.13238695, 0.1496055), (0.13238695, 0.1496055), (0.14269999, 0.14526838), (0.14912204, 0.16483109), (0.13641326, 0.16162963), (0.12140371, 0.1513381), (0.13238695, 0.1496055), (0.13641326, 0.16162963), (0.12356625, 0.1614836), (0.09833099, 0.13190249), (0.1052112, 0.11951352), (0.1169412, 0.12620877), (0.11088115, 0.13687852), (0.1052112, 0.11951352), (0.11381364, 0.10482581), (0.12504576, 0.11526574), (0.1169412, 0.12620877), (0.1169412, 0.12620877), (0.12504576, 0.11526574), (0.13627787, 0.12570564), (0.12617217, 0.13620149), (0.11088115, 0.13687852), (0.1169412, 0.12620877), (0.12617217, 0.13620149), (0.119571485, 0.14175798), (0.090918414, 0.15631285), (0.09339435, 0.14445251), (0.10824092, 0.14836083), (0.107842706, 0.15901557), (0.09339435, 0.14445251), (0.09833099, 0.13190249), (0.11088115, 0.13687852), (0.10824092, 0.14836083), (0.10824092, 0.14836083), (0.11088115, 0.13687852), (0.119571485, 0.14175798), (0.12140371, 0.15133812), (0.107842706, 0.15901557), (0.10824092, 0.14836083), (0.12140371, 0.15133812), (0.12356625, 0.16148359), (0.06902031, 0.1299699), (0.07724412, 0.11673773), (0.09137415, 0.11690589), (0.08380143, 0.12986858), (0.07724412, 0.11673773), (0.08594956, 0.10309818), (0.09988162, 0.103962004), (0.09137415, 0.11690589), (0.09137415, 0.11690589), (0.09988162, 0.103962004), (0.11381364, 0.10482581), (0.1052112, 0.11951352), (0.08380143, 0.12986858), (0.09137415, 0.11690589), (0.1052112, 0.11951352), (0.09833099, 0.13190249), (0.06006462, 0.15711866), (0.06318711, 0.14385433), (0.078074716, 0.1432153), (0.07492228, 0.15597022), (0.06318711, 0.14385433), (0.06902031, 0.1299699), (0.08380144, 0.12986858), (0.078074716, 0.1432153), (0.078074716, 0.1432153), (0.08380144, 0.12986858), (0.098331, 0.13190249), (0.093394354, 0.14445251), (0.07492228, 0.15597022), (0.078074716, 0.1432153), (0.093394354, 0.14445251), (0.09091842, 0.15631287), (0.040248986, 0.1301912), (0.05229492, 0.119295165), (0.06446091, 0.11784381), (0.05523839, 0.1306329), (0.05229492, 0.119295165), (0.06434085, 0.108399116), (0.07514521, 0.105748646), (0.06446091, 0.11784381), (0.06446091, 0.11784381), (0.07514521, 0.105748646), (0.08594956, 0.10309818), (0.07724412, 0.11673773), (0.05523839, 0.1306329), (0.06446091, 0.11784381), (0.07724412, 0.11673773), (0.06902031, 0.1299699), (0.030826347, 0.1615638), (0.03553767, 0.14587753), (0.04922106, 0.14483684), (0.04591183, 0.15851104), (0.03553767, 0.14587753), (0.040248986, 0.1301912), (0.05523839, 0.1306329), (0.04922106, 0.14483684), (0.04922106, 0.14483684), (0.05523839, 0.1306329), (0.06902031, 0.1299699), (0.0631871, 0.14385433), (0.04591183, 0.15851104), (0.04922106, 0.14483684), (0.0631871, 0.14385433), (0.060064625, 0.15711868), (0.06016426, 0.17868493), (0.045404036, 0.17952143), (0.0450782, 0.16967687), (0.05943431, 0.16849627), (0.045404036, 0.17952143), (0.031247972, 0.1801035), (0.031037163, 0.17083366), (0.0450782, 0.16967687), (0.0450782, 0.16967687), (0.031037163, 0.17083366), (0.030826347, 0.1615638), (0.045911826, 0.158511), (0.05943431, 0.16849627), (0.0450782, 0.16967687), (0.045911826, 0.158511), (0.060064618, 0.15711866), (0.09274057, 0.17559978), (0.07598616, 0.17738573), (0.07464039, 0.1671651), (0.09108528, 0.16648182), (0.07598616, 0.17738573), (0.06016426, 0.17868493), (0.059434313, 0.16849627), (0.07464039, 0.1671651), (0.07464039, 0.1671651), (0.059434313, 0.16849627), (0.06006462, 0.15711868), (0.074922286, 0.15597023), (0.09108528, 0.16648182), (0.07464039, 0.1671651), (0.074922286, 0.15597023), (0.090918414, 0.15631285), (0.09513952, 0.1944023), (0.07954695, 0.1981209), (0.07756126, 0.18761759), (0.09381558, 0.18458126), (0.07954695, 0.1981209), (0.06339905, 0.20011802), (0.061473995, 0.18947072), (0.07756126, 0.18761759), (0.07756126, 0.18761759), (0.061473995, 0.18947072), (0.06016426, 0.17868493), (0.07598616, 0.17738573), (0.09381558, 0.18458126), (0.07756126, 0.18761759), (0.07598616, 0.17738573), (0.09274057, 0.17559978), (0.06339905, 0.20011802), (0.045645345, 0.20202097), (0.04503386, 0.1911957), (0.06147399, 0.18947071), (0.045645345, 0.20202097), (0.025116405, 0.2062163), (0.02818219, 0.19315991), (0.04503386, 0.1911957), (0.04503386, 0.1911957), (0.02818219, 0.19315991), (0.031247972, 0.1801035), (0.045404036, 0.17952143), (0.06147399, 0.18947071), (0.04503386, 0.1911957), (0.045404036, 0.17952143), (0.06016426, 0.17868493), (0.070367195, 0.22254875), (0.06640607, 0.21075158), (0.08226217, 0.20927289), (0.08565942, 0.22187409), (0.06640607, 0.21075158), (0.06339905, 0.20011802), (0.07954695, 0.19812092), (0.08226217, 0.20927289), (0.08226217, 0.20927289), (0.07954695, 0.19812092), (0.09513952, 0.1944023), (0.09702366, 0.20578554), (0.08565942, 0.22187409), (0.08226217, 0.20927289), (0.09702366, 0.20578554), (0.10002852, 0.21898569), (0.032611325, 0.2156356), (0.02886387, 0.21092597), (0.048463225, 0.21113235), (0.053310145, 0.2211735), (0.02886387, 0.21092597), (0.025116405, 0.2062163), (0.04564534, 0.20202096), (0.048463225, 0.21113235), (0.048463225, 0.21113235), (0.04564534, 0.20202096), (0.063399054, 0.20011804), (0.06640607, 0.21075158), (0.053310145, 0.2211735), (0.048463225, 0.21113235), (0.06640607, 0.21075158), (0.0703672, 0.22254872), (0.0777008, 0.25213543), (0.06880785, 0.2503286), (0.060629558, 0.23484516), (0.07480703, 0.236526), (0.06880785, 0.2503286), (0.059914887, 0.24852175), (0.046263106, 0.2320787), (0.060629558, 0.23484516), (0.060629558, 0.23484516), (0.046263106, 0.2320787), (0.032611325, 0.2156356), (0.053310145, 0.22117351), (0.07480703, 0.236526), (0.060629558, 0.23484516), (0.053310145, 0.22117351), (0.0703672, 0.22254875), (0.10905762, 0.25337264), (0.09337923, 0.25275406), (0.08951289, 0.23656403), (0.10445775, 0.23424406), (0.09337923, 0.25275406), (0.0777008, 0.25213543), (0.07480703, 0.236526), (0.08951289, 0.23656403), (0.08951289, 0.23656403), (0.07480703, 0.236526), (0.0703672, 0.22254875), (0.085659415, 0.22187409), (0.10445775, 0.23424406), (0.08951289, 0.23656403), (0.085659415, 0.22187409), (0.10002852, 0.21898566), (0.1454626, 0.23378171), (0.12726013, 0.24357721), (0.11933134, 0.22803016), (0.1310276, 0.21672219), (0.12726013, 0.24357721), (0.10905762, 0.25337264), (0.10445775, 0.23424406), (0.11933134, 0.22803016), (0.11933134, 0.22803016), (0.10445775, 0.23424406), (0.10002852, 0.21898566), (0.11367038, 0.21386474), (0.1310276, 0.21672219), (0.11933134, 0.22803016), (0.11367038, 0.21386474), (0.123364136, 0.20866944), (0.10002852, 0.21898569), (0.09702366, 0.2057855), (0.111490786, 0.20016104), (0.11367039, 0.21386473), (0.09702366, 0.2057855), (0.095139526, 0.19440228), (0.11088554, 0.18824802), (0.111490786, 0.20016104), (0.111490786, 0.20016104), (0.11088554, 0.18824802), (0.12548895, 0.1827635), (0.1246439, 0.19616085), (0.11367039, 0.21386473), (0.111490786, 0.20016104), (0.1246439, 0.19616085), (0.123364136, 0.20866944), (0.12548894, 0.18276347), (0.11088553, 0.18824804), (0.11039934, 0.17978765), (0.12567832, 0.17515822), (0.11088553, 0.18824804), (0.09513952, 0.1944023), (0.09381558, 0.18458126), (0.11039934, 0.17978765), (0.11039934, 0.17978765), (0.09381558, 0.18458126), (0.09274057, 0.17559978), (0.1098462, 0.17344064), (0.12567832, 0.17515822), (0.11039934, 0.17978765), (0.1098462, 0.17344064), (0.12549968, 0.1713881), (0.12549968, 0.1713881), (0.1098462, 0.17344064), (0.10858089, 0.16705437), (0.124845915, 0.16771498), (0.1098462, 0.17344064), (0.09274057, 0.17559978), (0.09108528, 0.16648182), (0.10858089, 0.16705437), (0.10858089, 0.16705437), (0.09108528, 0.16648182), (0.090918414, 0.15631285), (0.107842706, 0.15901558), (0.124845915, 0.16771498), (0.10858089, 0.16705437), (0.107842706, 0.15901558), (0.12356624, 0.1614836), (0.97797203, 0.9095647), (0.9778377, 0.89754164), (0.9785062, 0.89761764), (0.9786564, 0.90965116), (0.9778377, 0.89754164), (0.9777087, 0.8822391), (0.97836345, 0.8822948), (0.9785062, 0.89761764), (0.9785062, 0.89761764), (0.97836345, 0.8822948), (0.97897935, 0.8823324), (0.9791357, 0.89767885), (0.9786564, 0.90965116), (0.9785062, 0.89761764), (0.9791357, 0.89767885), (0.9793006, 0.9097269), (0.9692001, 0.9097111), (0.96924716, 0.89747965), (0.9698251, 0.89743555), (0.96978873, 0.90964764), (0.96924716, 0.89747965), (0.969292, 0.8819437), (0.9698585, 0.8819269), (0.9698251, 0.89743555), (0.9698251, 0.89743555), (0.9698585, 0.8819269), (0.9704251, 0.8819128), (0.9704035, 0.8973931), (0.96978873, 0.90964764), (0.9698251, 0.89743555), (0.9704035, 0.8973931), (0.9703782, 0.90958405), (0.96652883, 0.9100115), (0.9659426, 0.9100254), (0.96604264, 0.8977744), (0.96661955, 0.89774907), (0.9659426, 0.9100254), (0.96535754, 0.91003424), (0.9654668, 0.89779633), (0.96604264, 0.8977744), (0.96604264, 0.8977744), (0.9654668, 0.89779633), (0.9655882, 0.8822148), (0.96615154, 0.8821813), (0.96661955, 0.89774907), (0.96604264, 0.8977744), (0.96615154, 0.8821813), (0.96671575, 0.88214666), (0.97169167, 0.9094237), (0.9716926, 0.89727604), (0.9723167, 0.8972402), (0.972328, 0.909365), (0.9716926, 0.89727604), (0.97168934, 0.88185877), (0.9723006, 0.881853), (0.9723167, 0.8972402), (0.9723167, 0.8972402), (0.9723006, 0.881853), (0.97288936, 0.8818649), (0.9729183, 0.8972251), (0.972328, 0.909365), (0.9723167, 0.8972402), (0.9729183, 0.8972251), (0.97294235, 0.9093271), (0.96405756, 0.9100917), (0.96342605, 0.9100857), (0.96356803, 0.8978851), (0.9641887, 0.8978741), (0.96342605, 0.9100857), (0.96281487, 0.91005033), (0.9629679, 0.89787173), (0.96356803, 0.8978851), (0.96356803, 0.8978851), (0.9629679, 0.89787173), (0.96314156, 0.88234556), (0.96372896, 0.8823337), (0.9641887, 0.8978741), (0.96356803, 0.8978851), (0.96372896, 0.8823337), (0.96433645, 0.8823055), (0.9703782, 0.90958405), (0.9704035, 0.8973931), (0.9710388, 0.897334), (0.97102565, 0.90950364), (0.9704035, 0.8973931), (0.9704251, 0.8819128), (0.97104806, 0.88188493), (0.9710388, 0.897334), (0.9710388, 0.897334), (0.97104806, 0.88188493), (0.97168934, 0.88185877), (0.9716926, 0.89727604), (0.97102565, 0.90950364), (0.9710388, 0.897334), (0.9716926, 0.89727604), (0.97169167, 0.9094237), (0.96535754, 0.91003424), (0.964717, 0.91006476), (0.96483684, 0.8978364), (0.9654668, 0.89779633), (0.964717, 0.91006476), (0.96405756, 0.9100917), (0.9641887, 0.8978741), (0.96483684, 0.8978364), (0.96483684, 0.8978364), (0.9641887, 0.8978741), (0.96433645, 0.8823055), (0.9649713, 0.88226074), (0.9654668, 0.89779633), (0.96483684, 0.8978364), (0.9649713, 0.88226074), (0.9655882, 0.8822148), (0.9678639, 0.9098831), (0.96793264, 0.8976224), (0.96860963, 0.8975449), (0.96855193, 0.90979344), (0.96793264, 0.8976224), (0.96800125, 0.8820374), (0.9686659, 0.88198245), (0.96860963, 0.8975449), (0.96860963, 0.8975449), (0.9686659, 0.88198245), (0.969292, 0.8819437), (0.96924716, 0.89747965), (0.96855193, 0.90979344), (0.96860963, 0.8975449), (0.96924716, 0.89747965), (0.9692001, 0.9097111), (0.97664356, 0.9094307), (0.9760617, 0.9094081), (0.9759707, 0.89737535), (0.97654, 0.89740884), (0.9760617, 0.9094081), (0.9754814, 0.9093897), (0.97540236, 0.89734423), (0.9759707, 0.89737535), (0.9759707, 0.89737535), (0.97540236, 0.89734423), (0.97532153, 0.8820367), (0.9758782, 0.8820791), (0.97654, 0.89740884), (0.9759707, 0.89737535), (0.9758782, 0.8820791), (0.9764362, 0.88212174), (0.967864, 0.909883), (0.9671762, 0.9099615), (0.96725607, 0.8976957), (0.96793264, 0.8976224), (0.9671762, 0.9099615), (0.96652883, 0.9100115), (0.96661955, 0.89774907), (0.96725607, 0.8976957), (0.96725607, 0.8976957), (0.96661955, 0.89774907), (0.96671575, 0.88214666), (0.96733844, 0.8820963), (0.96793264, 0.8976224), (0.96725607, 0.8976957), (0.96733844, 0.8820963), (0.96800125, 0.88203734), (0.97930074, 0.90972686), (0.9791357, 0.89767885), (0.97970015, 0.8978063), (0.9798784, 0.9097787), (0.9791357, 0.89767885), (0.97897935, 0.8823323), (0.9795304, 0.8827126), (0.97970015, 0.8978063), (0.97970015, 0.8978063), (0.9795304, 0.8827126), (0.98003274, 0.8867563), (0.98022467, 0.89828616), (0.9798784, 0.9097787), (0.97970015, 0.8978063), (0.98022467, 0.89828616), (0.98041624, 0.9098158), (0.97418785, 0.90931344), (0.9735557, 0.90930706), (0.9735184, 0.8972257), (0.9741367, 0.8972485), (0.9735557, 0.90930706), (0.9729423, 0.90932703), (0.97291833, 0.897225), (0.9735184, 0.8972257), (0.9735184, 0.8972257), (0.97291833, 0.897225), (0.97288936, 0.8818649), (0.97347647, 0.8818892), (0.9741367, 0.8972485), (0.9735184, 0.8972257), (0.97347647, 0.8818892), (0.97408146, 0.881928), (0.9615719, 0.9099154), (0.96174794, 0.8977856), (0.96236783, 0.8978405), (0.9622035, 0.90999496), (0.96174794, 0.8977856), (0.96194685, 0.8823214), (0.96255434, 0.88234365), (0.96236783, 0.8978405), (0.96236783, 0.8978405), (0.96255434, 0.88234365), (0.9631415, 0.8823455), (0.96296793, 0.8978717), (0.9622035, 0.90999496), (0.96236783, 0.8978405), (0.96296793, 0.8978717), (0.9628148, 0.9100503), (0.9754814, 0.9093897), (0.97484505, 0.9093503), (0.97477955, 0.89729553), (0.97540236, 0.89734423), (0.97484505, 0.9093503), (0.97418785, 0.90931344), (0.9741367, 0.8972485), (0.97477955, 0.89729553), (0.97477955, 0.89729553), (0.9741367, 0.8972485), (0.97408146, 0.881928), (0.97471106, 0.88198197), (0.97540236, 0.89734423), (0.97477955, 0.89729553), (0.97471106, 0.88198197), (0.97532153, 0.8820367), (0.96022207, 0.9096844), (0.96041733, 0.8981557), (0.9610939, 0.8977946), (0.960907, 0.9098079), (0.96041733, 0.8981557), (0.96061236, 0.8866267), (0.9613034, 0.8826417), (0.9610939, 0.8977946), (0.9610939, 0.8977946), (0.9613034, 0.8826417), (0.961947, 0.8823214), (0.9617479, 0.8977856), (0.960907, 0.9098079), (0.9610939, 0.8977946), (0.9617479, 0.8977856), (0.96157193, 0.9099154), (0.97797203, 0.9095646), (0.97728735, 0.9094854), (0.97716904, 0.89746684), (0.9778377, 0.89754164), (0.97728735, 0.9094854), (0.97664356, 0.9094307), (0.97654, 0.89740884), (0.97716904, 0.89746684), (0.97716904, 0.89746684), (0.97654, 0.89740884), (0.9764362, 0.88212174), (0.9770533, 0.88217753), (0.9778377, 0.89754164), (0.97716904, 0.89746684), (0.9770533, 0.88217753), (0.9777088, 0.8822391), (0.9743667, 0.81112915), (0.9737651, 0.81104946), (0.97394055, 0.7978543), (0.9745516, 0.7979371), (0.9737651, 0.81104946), (0.9731821, 0.81094396), (0.9733475, 0.7977398), (0.97394055, 0.7978543), (0.97394055, 0.7978543), (0.9733475, 0.7977398), (0.973391, 0.7835588), (0.9739895, 0.7836713), (0.9745516, 0.7979371), (0.97394055, 0.7978543), (0.9739895, 0.7836713), (0.9746059, 0.78374803), (0.96239805, 0.8105477), (0.9623769, 0.79719454), (0.9629629, 0.7970701), (0.9629822, 0.8104379), (0.9623769, 0.79719454), (0.96236867, 0.7829145), (0.9629513, 0.7827857), (0.9629629, 0.7970701), (0.9629629, 0.7970701), (0.9629513, 0.7827857), (0.9635158, 0.7826673), (0.96352994, 0.7969528), (0.9629822, 0.8104379), (0.9629629, 0.7970701), (0.96352994, 0.7969528), (0.96354604, 0.8103317), (0.9755632, 0.8112196), (0.97498906, 0.811176), (0.9751803, 0.7979798), (0.9757468, 0.7980188), (0.97498906, 0.811176), (0.9743667, 0.81112915), (0.9745516, 0.7979371), (0.9751803, 0.7979798), (0.9751803, 0.7979798), (0.9745516, 0.7979371), (0.9746059, 0.78374803), (0.9752382, 0.7837798), (0.9757468, 0.7980188), (0.9751803, 0.7979798), (0.9752382, 0.7837798), (0.9757988, 0.78380704), (0.9611464, 0.8107637), (0.9611202, 0.7976079), (0.9617591, 0.7973481), (0.96178186, 0.81065625), (0.9611202, 0.7976079), (0.9610937, 0.784452), (0.9617535, 0.78315526), (0.9617591, 0.7973481), (0.9617591, 0.7973481), (0.9617535, 0.78315526), (0.9623686, 0.7829146), (0.9623768, 0.7971946), (0.96178186, 0.81065625), (0.9617591, 0.7973481), (0.9623768, 0.7971946), (0.96239805, 0.81054765), (0.9777616, 0.8112929), (0.97710997, 0.8113368), (0.9772304, 0.7981207), (0.97788644, 0.7980568), (0.97710997, 0.8113368), (0.97652185, 0.81133604), (0.9766497, 0.798133), (0.9772304, 0.7981207), (0.9772304, 0.7981207), (0.9766497, 0.798133), (0.9766625, 0.78390044), (0.9772391, 0.78387326), (0.97788644, 0.7980568), (0.9772304, 0.7981207), (0.9772391, 0.78387326), (0.9778978, 0.7837924), (0.97776157, 0.81129295), (0.9778865, 0.7980568), (0.9785336, 0.7979621), (0.9784055, 0.81122), (0.9778865, 0.7980568), (0.9778979, 0.7837924), (0.9785444, 0.7836828), (0.9785336, 0.7979621), (0.9785336, 0.7979621), (0.9785444, 0.7836828), (0.9791423, 0.78356105), (0.9791347, 0.7978519), (0.9784055, 0.81122), (0.9785336, 0.7979621), (0.9791347, 0.7978519), (0.9790045, 0.8111293), (0.9696038, 0.8102435), (0.9697046, 0.7969377), (0.9703147, 0.79706556), (0.97019196, 0.81035346), (0.9697046, 0.7969377), (0.9697166, 0.78272676), (0.97033626, 0.782861), (0.9703147, 0.79706556), (0.9703147, 0.79706556), (0.97033626, 0.782861), (0.97091174, 0.7829953), (0.9708855, 0.7971948), (0.97019196, 0.81035346), (0.9703147, 0.79706556), (0.9708855, 0.7971948), (0.97075325, 0.8104663), (0.96694267, 0.8100057), (0.96641105, 0.81004745), (0.9664088, 0.7966679), (0.96694404, 0.7966279), (0.96641105, 0.81004745), (0.9658791, 0.810098), (0.9658738, 0.7967178), (0.9664088, 0.7966679), (0.9664088, 0.7966679), (0.9658738, 0.7967178), (0.96585095, 0.78245205), (0.9663845, 0.782407), (0.96694404, 0.7966279), (0.9664088, 0.7966679), (0.9663845, 0.782407), (0.9669187, 0.7823721), (0.97199416, 0.8107059), (0.97214055, 0.7974726), (0.97275347, 0.7976101), (0.9725982, 0.8108272), (0.97214055, 0.7974726), (0.9721739, 0.7832873), (0.97279173, 0.7834287), (0.97275347, 0.7976101), (0.97275347, 0.7976101), (0.97279173, 0.7834287), (0.9733911, 0.78355885), (0.97334754, 0.79773986), (0.9725982, 0.8108272), (0.97275347, 0.7976101), (0.97334754, 0.79773986), (0.97318214, 0.81094396), (0.9646885, 0.81016684), (0.9641083, 0.8102366), (0.96409565, 0.7968499), (0.9646789, 0.796778), (0.9641083, 0.8102366), (0.963546, 0.8103317), (0.96352994, 0.7969528), (0.96409565, 0.7968499), (0.96409565, 0.7968499), (0.96352994, 0.7969528), (0.9635158, 0.7826673), (0.96407986, 0.78256565), (0.9646789, 0.796778), (0.96409565, 0.7968499), (0.96407986, 0.78256565), (0.9646611, 0.78249764), (0.97075325, 0.8104663), (0.9708855, 0.7971948), (0.97150344, 0.797332), (0.97136426, 0.8105845), (0.9708855, 0.7971948), (0.97091174, 0.7829953), (0.97153306, 0.7831396), (0.97150344, 0.797332), (0.97150344, 0.797332), (0.97153306, 0.7831396), (0.9721739, 0.7832873), (0.97214055, 0.7974726), (0.97136426, 0.8105845), (0.97150344, 0.797332), (0.97214055, 0.7974726), (0.97199416, 0.8107059), (0.9658791, 0.810098), (0.9652934, 0.8101299), (0.965286, 0.79674506), (0.9658738, 0.7967178), (0.9652934, 0.8101299), (0.9646885, 0.81016684), (0.9646789, 0.796778), (0.965286, 0.79674506), (0.965286, 0.79674506), (0.9646789, 0.796778), (0.9646611, 0.78249764), (0.96526563, 0.782472), (0.9658738, 0.7967178), (0.965286, 0.79674506), (0.96526563, 0.782472), (0.96585095, 0.78245205), (0.96820205, 0.8100522), (0.96822643, 0.79670024), (0.9689807, 0.79680854), (0.96891874, 0.8101374), (0.96822643, 0.79670024), (0.9682063, 0.7824645), (0.96897584, 0.7825862), (0.9689807, 0.79680854), (0.9689807, 0.79680854), (0.96897584, 0.7825862), (0.9697166, 0.78272676), (0.9697046, 0.7969377), (0.96891874, 0.8101374), (0.9689807, 0.79680854), (0.9697046, 0.7969377), (0.9696038, 0.8102435), (0.97652185, 0.81133604), (0.97604036, 0.8112843), (0.976196, 0.7980836), (0.9766497, 0.798133), (0.97604036, 0.8112843), (0.9755632, 0.8112196), (0.9757468, 0.7980188), (0.976196, 0.7980836), (0.976196, 0.7980836), (0.9757468, 0.7980188), (0.9757988, 0.78380704), (0.97622806, 0.78386205), (0.9766497, 0.798133), (0.976196, 0.7980836), (0.97622806, 0.78386205), (0.9766625, 0.78390044), (0.96820205, 0.8100522), (0.96753675, 0.8100061), (0.9675433, 0.79663724), (0.9682265, 0.7967003), (0.96753675, 0.8100061), (0.96694267, 0.8100057), (0.96694404, 0.7966279), (0.9675433, 0.79663724), (0.9675433, 0.79663724), (0.96694404, 0.7966279), (0.9669187, 0.7823721), (0.96751744, 0.7823898), (0.9682265, 0.7967003), (0.9675433, 0.79663724), (0.96751744, 0.7823898), (0.9682063, 0.78246456), (0.9790046, 0.81112933), (0.9791347, 0.797852), (0.97967786, 0.79776424), (0.9795412, 0.8110301), (0.9791347, 0.797852), (0.97914237, 0.78356105), (0.97969395, 0.7835493), (0.97967786, 0.79776424), (0.97967786, 0.79776424), (0.97969395, 0.7835493), (0.9803584, 0.78464425), (0.98019975, 0.7977859), (0.9795412, 0.8110301), (0.97967786, 0.79776424), (0.98019975, 0.7977859), (0.98004097, 0.8109272), (0.97048444, 0.75068814), (0.97017497, 0.734254), (0.9707838, 0.7343327), (0.97109896, 0.7507945), (0.97017497, 0.734254), (0.96989864, 0.7188291), (0.97049415, 0.71888566), (0.9707838, 0.7343327), (0.9707838, 0.7343327), (0.97049415, 0.71888566), (0.9711085, 0.71894115), (0.97141266, 0.7344116), (0.97109896, 0.7507945), (0.9707838, 0.7343327), (0.97141266, 0.7344116), (0.97173333, 0.7509022), (0.96566975, 0.75020015), (0.9651079, 0.75019413), (0.96493816, 0.73380715), (0.965487, 0.73382777), (0.9651079, 0.75019413), (0.96452814, 0.750192), (0.9643724, 0.73378897), (0.96493816, 0.73380715), (0.96493816, 0.73380715), (0.9643724, 0.73378897), (0.9642706, 0.71839046), (0.96482027, 0.7184216), (0.965487, 0.73382777), (0.96493816, 0.73380715), (0.96482027, 0.7184216), (0.9653535, 0.7184539), (0.9679225, 0.7502819), (0.96768236, 0.7339448), (0.96837103, 0.73403335), (0.9686373, 0.7503874), (0.96768236, 0.7339448), (0.9674843, 0.7185989), (0.9681474, 0.718673), (0.96837103, 0.73403335), (0.96837103, 0.73403335), (0.9681474, 0.718673), (0.9687899, 0.7187398), (0.9690372, 0.73412037), (0.9686373, 0.7503874), (0.96837103, 0.73403335), (0.9690372, 0.73412037), (0.9693271, 0.75049865), (0.9762394, 0.75111026), (0.9757824, 0.75112313), (0.9755089, 0.7344447), (0.9760157, 0.7344126), (0.9757824, 0.75112313), (0.9753349, 0.7511237), (0.9750143, 0.734467), (0.9755089, 0.7344447), (0.9755089, 0.7344447), (0.9750143, 0.734467), (0.97465986, 0.7188754), (0.97519153, 0.71884054), (0.9760157, 0.7344126), (0.9755089, 0.7344447), (0.97519153, 0.71884054), (0.9757368, 0.71879756), (0.96792245, 0.75028193), (0.96727127, 0.7502083), (0.96705115, 0.7338767), (0.96768236, 0.7339448), (0.96727127, 0.7502083), (0.9666968, 0.7501767), (0.96649104, 0.73383886), (0.96705115, 0.7338767), (0.96705115, 0.7338767), (0.96649104, 0.73383886), (0.9663305, 0.71849334), (0.9668742, 0.718536), (0.96768236, 0.7339448), (0.96705115, 0.7338767), (0.9668742, 0.718536), (0.9674843, 0.71859884), (0.97869503, 0.7507349), (0.97847795, 0.7340472), (0.9789769, 0.73394024), (0.97919905, 0.750626), (0.97847795, 0.7340472), (0.97817355, 0.7184402), (0.97867155, 0.71826786), (0.9789769, 0.73394024), (0.9789769, 0.73394024), (0.97867155, 0.71826786), (0.9792966, 0.71704865), (0.97945225, 0.7337244), (0.97919905, 0.750626), (0.9789769, 0.73394024), (0.97945225, 0.7337244), (0.97960764, 0.7504), (0.9741378, 0.75116044), (0.9735265, 0.7511343), (0.97319, 0.7345458), (0.9737978, 0.7345446), (0.9735265, 0.7511343), (0.9729347, 0.7510744), (0.972603, 0.7345184), (0.97319, 0.7345458), (0.97319, 0.7345458), (0.972603, 0.7345184), (0.97227293, 0.71899706), (0.9728477, 0.71900034), (0.9737978, 0.7345446), (0.97319, 0.7345458), (0.9728477, 0.71900034), (0.97344303, 0.71897876), (0.962338, 0.7504471), (0.96223474, 0.73392874), (0.9627755, 0.73387074), (0.96289253, 0.75035775), (0.96223474, 0.73392874), (0.9621902, 0.7184284), (0.96271664, 0.71839947), (0.9627755, 0.73387074), (0.9627755, 0.73387074), (0.96271664, 0.71839947), (0.9632284, 0.7183834), (0.9633012, 0.7338271), (0.96289253, 0.75035775), (0.9627755, 0.73387074), (0.9633012, 0.7338271), (0.9634311, 0.7502827), (0.9753349, 0.7511237), (0.97476804, 0.75114584), (0.97442824, 0.7345085), (0.9750143, 0.734467), (0.97476804, 0.75114584), (0.9741378, 0.75116044), (0.9737978, 0.7345446), (0.97442824, 0.7345085), (0.97442824, 0.7345085), (0.9737978, 0.7345446), (0.97344303, 0.71897876), (0.9740645, 0.71892864), (0.9750143, 0.734467), (0.97442824, 0.7345085), (0.9740645, 0.71892864), (0.97465986, 0.7188754), (0.9612337, 0.75056094), (0.961074, 0.7339146), (0.9616657, 0.7339738), (0.9617623, 0.75054175), (0.961074, 0.7339146), (0.9609141, 0.71726805), (0.9616253, 0.7183673), (0.9616657, 0.7339738), (0.9616657, 0.7339738), (0.9616253, 0.7183673), (0.9621903, 0.71842843), (0.96223474, 0.7339288), (0.9617623, 0.75054175), (0.9616657, 0.7339738), (0.96223474, 0.7339288), (0.96233803, 0.7504471), (0.9774937, 0.7509516), (0.97683257, 0.75104874), (0.9766346, 0.7343401), (0.9772997, 0.7342414), (0.97683257, 0.75104874), (0.9762394, 0.75111026), (0.9760157, 0.7344126), (0.9766346, 0.7343401), (0.9766346, 0.7343401), (0.9760157, 0.7344126), (0.9757368, 0.71879756), (0.9763681, 0.718719), (0.9772997, 0.7342414), (0.9766346, 0.7343401), (0.9763681, 0.718719), (0.9770259, 0.71862), (0.97749364, 0.7509516), (0.97729963, 0.7342415), (0.9779208, 0.73413986), (0.97812366, 0.7508422), (0.97729963, 0.7342415), (0.9770259, 0.71861994), (0.9776325, 0.7185236), (0.9779208, 0.73413986), (0.9779208, 0.73413986), (0.9776325, 0.7185236), (0.97817343, 0.71844006), (0.97847795, 0.73404723), (0.97812366, 0.7508422), (0.9779208, 0.73413986), (0.97847795, 0.73404723), (0.978695, 0.75073487), (0.9693271, 0.75049865), (0.9690372, 0.73412037), (0.9696167, 0.73418874), (0.9699197, 0.7505947), (0.9690372, 0.73412037), (0.9687899, 0.7187398), (0.969353, 0.7187861), (0.9696167, 0.73418874), (0.9696167, 0.73418874), (0.969353, 0.7187861), (0.96989864, 0.7188291), (0.97017497, 0.734254), (0.9699197, 0.7505947), (0.9696167, 0.73418874), (0.97017497, 0.734254), (0.97048444, 0.75068814), (0.9666968, 0.7501767), (0.9661828, 0.750185), (0.9659886, 0.7338311), (0.96649104, 0.73383886), (0.9661828, 0.750185), (0.96566975, 0.75020015), (0.965487, 0.73382777), (0.9659886, 0.7338311), (0.9659886, 0.7338311), (0.965487, 0.73382777), (0.9653535, 0.7184539), (0.9658416, 0.7184724), (0.96649104, 0.73383886), (0.9659886, 0.7338311), (0.9658416, 0.7184724), (0.9663305, 0.71849334), (0.97173333, 0.7509022), (0.97141266, 0.7344116), (0.9720168, 0.73447365), (0.97234327, 0.7509963), (0.97141266, 0.7344116), (0.9711085, 0.71894115), (0.97169954, 0.71897817), (0.9720168, 0.73447365), (0.9720168, 0.73447365), (0.97169954, 0.71897817), (0.97227293, 0.7189972), (0.97260314, 0.7345184), (0.97234327, 0.7509963), (0.9720168, 0.73447365), (0.97260314, 0.7345184), (0.9729347, 0.75107443), (0.96452814, 0.750192), (0.96397096, 0.75022346), (0.9638282, 0.733797), (0.9643724, 0.73378897), (0.96397096, 0.75022346), (0.9634311, 0.75028265), (0.9633012, 0.73382705), (0.9638282, 0.733797), (0.9638282, 0.733797), (0.9633012, 0.73382705), (0.9632284, 0.7183834), (0.9637415, 0.71837854), (0.9643724, 0.73378897), (0.9638282, 0.733797), (0.9637415, 0.71837854), (0.9642706, 0.71839046), (0.97593844, 0.6916663), (0.975285, 0.6791086), (0.9757942, 0.6789985), (0.97648513, 0.6915622), (0.975285, 0.6791086), (0.9744862, 0.6681405), (0.9749416, 0.6680278), (0.9757942, 0.6789985), (0.9757942, 0.6789985), (0.9749416, 0.6680278), (0.9753628, 0.6679156), (0.9762611, 0.6788925), (0.97648513, 0.6915622), (0.9757942, 0.6789985), (0.9762611, 0.6788925), (0.97698015, 0.69146633), (0.9685645, 0.69195664), (0.96849954, 0.67944884), (0.96895754, 0.67947364), (0.96906275, 0.6919869), (0.96849954, 0.67944884), (0.9684652, 0.6685987), (0.96886957, 0.66860723), (0.96895754, 0.67947364), (0.96895754, 0.67947364), (0.96886957, 0.66860723), (0.9692697, 0.66861045), (0.9694081, 0.67949456), (0.96906275, 0.6919869), (0.96895754, 0.67947364), (0.9694081, 0.67949456), (0.9695499, 0.69201344), (0.9663755, 0.69174296), (0.9659256, 0.6917101), (0.96604675, 0.67921144), (0.9664722, 0.67924845), (0.9659256, 0.6917101), (0.9654772, 0.69167805), (0.965623, 0.6791744), (0.96604675, 0.67921144), (0.96604675, 0.67921144), (0.965623, 0.6791744), (0.96589893, 0.6683381), (0.96628034, 0.66838425), (0.9664722, 0.67924845), (0.96604675, 0.67921144), (0.96628034, 0.66838425), (0.9666636, 0.66842884), (0.9706283, 0.69208825), (0.9704047, 0.6795547), (0.970891, 0.6795669), (0.97115487, 0.6921069), (0.9704047, 0.6795547), (0.9701577, 0.6686318), (0.97059095, 0.66862375), (0.970891, 0.6795669), (0.970891, 0.6795669), (0.97059095, 0.66862375), (0.9710099, 0.668605), (0.9713618, 0.67956406), (0.97115487, 0.6921069), (0.970891, 0.6795669), (0.9713618, 0.67956406), (0.97166514, 0.69210887), (0.96448696, 0.69159234), (0.96400094, 0.69156), (0.9642304, 0.6790406), (0.9646898, 0.67908084), (0.96400094, 0.69156), (0.96352786, 0.69153756), (0.9637825, 0.6790067), (0.9642304, 0.6790406), (0.9642304, 0.6790406), (0.9637825, 0.6790067), (0.96424043, 0.66812456), (0.9646439, 0.66817725), (0.9646898, 0.67908084), (0.9642304, 0.6790406), (0.9646439, 0.66817725), (0.96505755, 0.66823107), (0.9695499, 0.69201344), (0.9694081, 0.67949456), (0.96989894, 0.67952573), (0.97008085, 0.69205177), (0.9694081, 0.67949456), (0.9692697, 0.66861045), (0.96970695, 0.66862273), (0.96989894, 0.67952573), (0.96989894, 0.67952573), (0.96970695, 0.66862273), (0.9701577, 0.6686318), (0.9704047, 0.6795547), (0.97008085, 0.69205177), (0.96989894, 0.67952573), (0.9704047, 0.6795547), (0.9706283, 0.69208825), (0.9654772, 0.69167805), (0.9649896, 0.69163555), (0.9651635, 0.67912865), (0.965623, 0.6791744), (0.9649896, 0.69163555), (0.96448696, 0.69159234), (0.9646898, 0.67908084), (0.9651635, 0.67912865), (0.9651635, 0.67912865), (0.9646898, 0.67908084), (0.96505755, 0.66823107), (0.9654847, 0.668286), (0.965623, 0.6791744), (0.9651635, 0.67912865), (0.9654847, 0.668286), (0.96589893, 0.6683381), (0.9674212, 0.6918462), (0.9674526, 0.67934996), (0.9679872, 0.6794051), (0.9680035, 0.6919067), (0.9674526, 0.67934996), (0.96754336, 0.6685254), (0.96801513, 0.66856945), (0.9679872, 0.6794051), (0.9679872, 0.6794051), (0.96801513, 0.66856945), (0.9684652, 0.6685987), (0.96849954, 0.67944884), (0.9680035, 0.6919067), (0.9679872, 0.6794051), (0.96849954, 0.67944884), (0.9685645, 0.69195664), (0.97479093, 0.6918526), (0.9742881, 0.69190264), (0.97377616, 0.6793498), (0.97423685, 0.6792984), (0.9742881, 0.69190264), (0.97379434, 0.69194543), (0.9733216, 0.6793942), (0.97377616, 0.6793498), (0.97377616, 0.6793498), (0.9733216, 0.6793942), (0.97275335, 0.66842645), (0.9731569, 0.6683812), (0.97423685, 0.6792984), (0.97377616, 0.6793498), (0.9731569, 0.6683812), (0.9735637, 0.66832894), (0.96742123, 0.69184613), (0.9668728, 0.6917891), (0.96694136, 0.6792954), (0.9674526, 0.67934996), (0.9668728, 0.6917891), (0.9663755, 0.69174296), (0.9664722, 0.67924845), (0.96694136, 0.6792954), (0.96694136, 0.6792954), (0.9664722, 0.67924845), (0.9666636, 0.66842884), (0.96708626, 0.66847676), (0.9674526, 0.67934996), (0.96694136, 0.6792954), (0.96708626, 0.66847676), (0.96754336, 0.6685254), (0.9769802, 0.69146645), (0.9762611, 0.67889243), (0.9766873, 0.6787507), (0.977424, 0.691383), (0.9762611, 0.67889243), (0.97536296, 0.6679156), (0.9757663, 0.6676301), (0.9766873, 0.6787507), (0.9766873, 0.6787507), (0.9757663, 0.6676301), (0.9763821, 0.6655651), (0.97711086, 0.678436), (0.977424, 0.691383), (0.9766873, 0.6787507), (0.97711086, 0.678436), (0.9778394, 0.6913068), (0.9727027, 0.6920637), (0.972175, 0.69209707), (0.971831, 0.6795491), (0.97231644, 0.679514), (0.972175, 0.69209707), (0.9716651, 0.69210887), (0.9713618, 0.67956406), (0.971831, 0.6795491), (0.971831, 0.6795491), (0.9713618, 0.67956406), (0.9710099, 0.668605), (0.971428, 0.6685827), (0.97231644, 0.679514), (0.971831, 0.6795491), (0.971428, 0.6685827), (0.97186, 0.668546), (0.9625688, 0.6915114), (0.96287346, 0.67894834), (0.96333456, 0.6789765), (0.96305525, 0.6915213), (0.96287346, 0.67894834), (0.96342105, 0.6680142), (0.9638367, 0.6680715), (0.96333456, 0.6789765), (0.96333456, 0.6789765), (0.9638367, 0.6680715), (0.9642405, 0.66812456), (0.96378255, 0.6790067), (0.96305525, 0.6915213), (0.96333456, 0.6789765), (0.96378255, 0.6790067), (0.9635279, 0.69153756), (0.97379434, 0.69194543), (0.9732558, 0.6920054), (0.9728256, 0.67945504), (0.9733216, 0.6793942), (0.9732558, 0.6920054), (0.9727027, 0.6920637), (0.97231644, 0.679514), (0.9728256, 0.67945504), (0.9728256, 0.67945504), (0.97231644, 0.679514), (0.97186, 0.668546), (0.9723127, 0.66848713), (0.9733216, 0.6793942), (0.9728256, 0.67945504), (0.9723127, 0.66848713), (0.97275335, 0.66842645), (0.9615353, 0.69150734), (0.96184593, 0.6786271), (0.96238226, 0.6788765), (0.96205914, 0.6915075), (0.96184593, 0.6786271), (0.96215636, 0.6657466), (0.9629538, 0.66777265), (0.96238226, 0.6788765), (0.96238226, 0.6788765), (0.9629538, 0.66777265), (0.96342105, 0.66801417), (0.9628734, 0.6789483), (0.96205914, 0.6915075), (0.96238226, 0.6788765), (0.9628734, 0.6789483), (0.96256894, 0.6915112), (0.97593844, 0.6916663), (0.9753553, 0.69176966), (0.9747507, 0.67921436), (0.97528493, 0.6791086), (0.9753553, 0.69176966), (0.97479093, 0.6918526), (0.97423685, 0.6792984), (0.9747507, 0.67921436), (0.9747507, 0.67921436), (0.97423685, 0.6792984), (0.9735637, 0.66832894), (0.9740149, 0.6682459), (0.97528493, 0.6791086), (0.9747507, 0.67921436), (0.9740149, 0.6682459), (0.97448623, 0.6681405), (0.967727, 0.93331337), (0.9677953, 0.9215911), (0.968495, 0.9214898), (0.9684428, 0.9331863), (0.9677953, 0.9215911), (0.9678639, 0.9098831), (0.9685519, 0.90979344), (0.968495, 0.9214898), (0.968495, 0.9214898), (0.9685519, 0.90979344), (0.9692001, 0.9097111), (0.9691571, 0.9213908), (0.9684428, 0.9331863), (0.968495, 0.9214898), (0.9691571, 0.9213908), (0.96915823, 0.933059), (0.96377295, 0.9334475), (0.9631451, 0.93337613), (0.96328664, 0.9217288), (0.96392703, 0.921754), (0.9631451, 0.93337613), (0.96251696, 0.9333044), (0.96266544, 0.92167205), (0.96328664, 0.9217288), (0.96328664, 0.9217288), (0.96266544, 0.92167205), (0.9628149, 0.9100503), (0.963426, 0.9100857), (0.96392703, 0.921754), (0.96328664, 0.9217288), (0.963426, 0.9100857), (0.9640576, 0.9100918), (0.9651981, 0.9333651), (0.96448565, 0.9334064), (0.96460015, 0.9217352), (0.96525484, 0.92171234), (0.96448565, 0.9334064), (0.96377295, 0.9334475), (0.96392703, 0.921754), (0.96460015, 0.9217352), (0.96460015, 0.9217352), (0.96392703, 0.921754), (0.9640576, 0.9100918), (0.964717, 0.9100647), (0.96525484, 0.92171234), (0.96460015, 0.9217352), (0.964717, 0.9100647), (0.96535754, 0.91003424), (0.9662927, 0.93346465), (0.9657455, 0.933415), (0.9658441, 0.92171973), (0.9664344, 0.9217206), (0.9657455, 0.933415), (0.9651981, 0.9333651), (0.96525484, 0.92171234), (0.9658441, 0.92171973), (0.9658441, 0.92171973), (0.96525484, 0.92171234), (0.96535754, 0.91003424), (0.9659426, 0.9100255), (0.9664344, 0.9217206), (0.9658441, 0.92171973), (0.9659426, 0.9100255), (0.9665289, 0.9100114), (0.97027117, 0.93288696), (0.97034794, 0.9212285), (0.9710111, 0.92112684), (0.97099453, 0.9327501), (0.97034794, 0.9212285), (0.97037834, 0.9095842), (0.9710256, 0.90950364), (0.9710111, 0.92112684), (0.9710111, 0.92112684), (0.9710256, 0.90950364), (0.9716917, 0.9094236), (0.9716924, 0.92102486), (0.97099453, 0.9327501), (0.9710111, 0.92112684), (0.9716924, 0.92102486), (0.97171766, 0.9326131), (0.9767911, 0.9323477), (0.976243, 0.9323847), (0.9761525, 0.9208968), (0.97674215, 0.92090523), (0.976243, 0.9323847), (0.9756947, 0.9324215), (0.9755648, 0.92089367), (0.9761525, 0.9208968), (0.9761525, 0.9208968), (0.9755648, 0.92089367), (0.9754814, 0.9093896), (0.9760617, 0.9094081), (0.97674215, 0.92090523), (0.9761525, 0.9208968), (0.9760617, 0.9094081), (0.97664356, 0.9094306), (0.967727, 0.93331337), (0.96700996, 0.9333891), (0.9670953, 0.9216728), (0.9677953, 0.92159116), (0.96700996, 0.9333891), (0.9662927, 0.93346465), (0.9664344, 0.9217206), (0.9670953, 0.9216728), (0.9670953, 0.9216728), (0.9664344, 0.9217206), (0.9665289, 0.9100114), (0.9671761, 0.90996146), (0.9677953, 0.92159116), (0.9670953, 0.9216728), (0.9671761, 0.90996146), (0.9678639, 0.90988314), (0.97171766, 0.9326131), (0.9716924, 0.92102486), (0.9723393, 0.9209454), (0.9723529, 0.9325235), (0.9716924, 0.92102486), (0.9716917, 0.9094236), (0.97232807, 0.90936494), (0.9723393, 0.9209454), (0.9723393, 0.9209454), (0.97232807, 0.90936494), (0.9729423, 0.90932715), (0.9729654, 0.9208853), (0.9723529, 0.9325235), (0.9723393, 0.9209454), (0.9729654, 0.9208853), (0.97298795, 0.9324336), (0.9782435, 0.932504), (0.97810733, 0.9210398), (0.97880894, 0.9211366), (0.9789664, 0.9326223), (0.97810733, 0.9210398), (0.97797203, 0.90956455), (0.9786565, 0.9096511), (0.97880894, 0.9211366), (0.97880894, 0.9211366), (0.9786565, 0.9096511), (0.97930074, 0.90972686), (0.9794717, 0.9212267), (0.9789664, 0.9326223), (0.97880894, 0.9211366), (0.9794717, 0.9212267), (0.97968906, 0.9327404), (0.96915823, 0.933059), (0.9691571, 0.9213908), (0.9697519, 0.9213102), (0.9697148, 0.932973), (0.9691571, 0.9213908), (0.9692001, 0.9097111), (0.9697888, 0.9096475), (0.9697519, 0.9213102), (0.9697519, 0.9213102), (0.9697888, 0.9096475), (0.97037834, 0.9095842), (0.97034794, 0.9212285), (0.9697148, 0.932973), (0.9697519, 0.9213102), (0.97034794, 0.9212285), (0.97027117, 0.93288696), (0.97897935, 0.8823323), (0.97884893, 0.86197114), (0.97938746, 0.86196095), (0.9795304, 0.8827126), (0.97884893, 0.86197114), (0.9787977, 0.8412073), (0.979323, 0.8408286), (0.97938746, 0.86196095), (0.97938746, 0.86196095), (0.979323, 0.8408286), (0.9797235, 0.8372102), (0.97987825, 0.8619833), (0.9795304, 0.8827126), (0.97938746, 0.86196095), (0.97987825, 0.8619833), (0.98003274, 0.8867563), (0.96800125, 0.88203734), (0.96733844, 0.8820963), (0.9674215, 0.8614332), (0.96806836, 0.8614033), (0.96733844, 0.8820963), (0.96671575, 0.88214666), (0.9668163, 0.8614709), (0.9674215, 0.8614332), (0.9674215, 0.8614332), (0.9668163, 0.8614709), (0.9668961, 0.84041363), (0.9674874, 0.84039205), (0.96806836, 0.8614033), (0.9674215, 0.8614332), (0.9674874, 0.84039205), (0.9681263, 0.8403947), (0.9764362, 0.88212174), (0.9758782, 0.8820791), (0.975795, 0.86182356), (0.9763426, 0.8618724), (0.9758782, 0.8820791), (0.97532153, 0.8820367), (0.9752497, 0.8617716), (0.975795, 0.86182356), (0.975795, 0.86182356), (0.9752497, 0.8617716), (0.97524905, 0.841124), (0.9757785, 0.84118265), (0.9763426, 0.8618724), (0.975795, 0.86182356), (0.9757785, 0.84118265), (0.97631156, 0.8412346), (0.96800125, 0.8820374), (0.9680683, 0.86140317), (0.9687209, 0.8613875), (0.9686659, 0.88198245), (0.9680683, 0.86140317), (0.96812624, 0.8403947), (0.9687797, 0.84042144), (0.9687209, 0.8613875), (0.9687209, 0.8613875), (0.9687797, 0.84042144), (0.969398, 0.840468), (0.96933633, 0.8613901), (0.9686659, 0.88198245), (0.9687209, 0.8613875), (0.96933633, 0.8613901), (0.969292, 0.8819437), (0.9655882, 0.8822148), (0.9649713, 0.88226074), (0.9651227, 0.8615984), (0.96572334, 0.86155325), (0.9649713, 0.88226074), (0.96433645, 0.8823055), (0.96450377, 0.8616446), (0.9651227, 0.8615984), (0.9651227, 0.8615984), (0.96450377, 0.8616446), (0.96463704, 0.8405883), (0.96524346, 0.84054464), (0.96572334, 0.86155325), (0.9651227, 0.8615984), (0.96524346, 0.84054464), (0.965831, 0.8405037), (0.9704251, 0.8819128), (0.9704466, 0.8614377), (0.9710575, 0.86145544), (0.97104806, 0.88188493), (0.9704466, 0.8614377), (0.9704992, 0.84059405), (0.9711026, 0.84065783), (0.9710575, 0.86145544), (0.9710575, 0.86145544), (0.9711026, 0.84065783), (0.9717242, 0.8407241), (0.97168636, 0.8614755), (0.97104806, 0.88188493), (0.9710575, 0.86145544), (0.97168636, 0.8614755), (0.97168934, 0.88185877), (0.96433645, 0.8823055), (0.96372896, 0.8823337), (0.9639119, 0.86168945), (0.96450377, 0.8616446), (0.96372896, 0.8823337), (0.96314156, 0.88234556), (0.96333957, 0.8617312), (0.9639119, 0.86168945), (0.9639119, 0.86168945), (0.96333957, 0.8617312), (0.96349597, 0.84071493), (0.9640571, 0.8406466), (0.96450377, 0.8616446), (0.9639119, 0.86168945), (0.9640571, 0.8406466), (0.96463704, 0.8405883), (0.97168934, 0.88185877), (0.97168636, 0.8614755), (0.97228545, 0.86151), (0.9723006, 0.881853), (0.97168636, 0.8614755), (0.9717242, 0.8407241), (0.9723164, 0.8407983), (0.97228545, 0.86151), (0.97228545, 0.86151), (0.9723164, 0.8407983), (0.9728867, 0.84087664), (0.9728619, 0.86155605), (0.9723006, 0.881853), (0.97228545, 0.86151), (0.9728619, 0.86155605), (0.97288936, 0.8818649), (0.96671575, 0.88214666), (0.96615154, 0.8821813), (0.96626973, 0.86151093), (0.9668163, 0.8614709), (0.96615154, 0.8821813), (0.9655882, 0.8822148), (0.96572334, 0.86155325), (0.96626973, 0.86151093), (0.96626973, 0.86151093), (0.96572334, 0.86155325), (0.965831, 0.8405037), (0.9663637, 0.84045595), (0.9668163, 0.8614709), (0.96626973, 0.86151093), (0.9663637, 0.84045595), (0.9668961, 0.84041363), (0.969292, 0.8819437), (0.96933633, 0.8613901), (0.9698918, 0.8614117), (0.9698585, 0.8819269), (0.96933633, 0.8613901), (0.969398, 0.840468), (0.9699509, 0.84052855), (0.9698918, 0.8614117), (0.9698918, 0.8614117), (0.9699509, 0.84052855), (0.9704992, 0.84059405), (0.9704466, 0.8614377), (0.9698585, 0.8819269), (0.9698918, 0.8614117), (0.9704466, 0.8614377), (0.9704251, 0.8819128), (0.9777087, 0.8822391), (0.97759944, 0.8619512), (0.97824425, 0.86197096), (0.97836345, 0.8822948), (0.97759944, 0.8619512), (0.97756004, 0.8412661), (0.9781999, 0.84124666), (0.97824425, 0.86197096), (0.97824425, 0.86197096), (0.9781999, 0.84124666), (0.9787976, 0.84120727), (0.97884893, 0.86197114), (0.97836345, 0.8822948), (0.97824425, 0.86197096), (0.97884893, 0.86197114), (0.97897935, 0.8823324), (0.9777088, 0.8822391), (0.9770533, 0.88217753), (0.9769516, 0.8619164), (0.97759956, 0.8619512), (0.9770533, 0.88217753), (0.9764362, 0.88212174), (0.9763426, 0.8618724), (0.9769516, 0.8619164), (0.9769516, 0.8619164), (0.9763426, 0.8618724), (0.97631156, 0.8412346), (0.9769146, 0.8412629), (0.97759956, 0.8619512), (0.9769516, 0.8619164), (0.9769146, 0.8412629), (0.97756, 0.841266), (0.96061236, 0.8866267), (0.96090585, 0.8618512), (0.9615461, 0.86180264), (0.9613034, 0.8826417), (0.96090585, 0.8618512), (0.9611991, 0.8370755), (0.9617398, 0.84057945), (0.9615461, 0.86180264), (0.9615461, 0.86180264), (0.9617398, 0.84057945), (0.96234894, 0.840849), (0.9621723, 0.8617883), (0.9613034, 0.8826417), (0.9615461, 0.86180264), (0.9621723, 0.8617883), (0.961947, 0.8823214), (0.97532153, 0.8820367), (0.97471106, 0.88198197), (0.97465, 0.8617172), (0.9752497, 0.8617716), (0.97471106, 0.88198197), (0.97408146, 0.881928), (0.97403085, 0.86166203), (0.97465, 0.8617172), (0.97465, 0.8617172), (0.97403085, 0.86166203), (0.97404444, 0.8410201), (0.9746585, 0.84107304), (0.9752497, 0.8617716), (0.97465, 0.8617172), (0.9746585, 0.84107304), (0.97524905, 0.841124), (0.96194685, 0.8823214), (0.9621724, 0.86178833), (0.9627663, 0.8617666), (0.96255434, 0.88234365), (0.9621724, 0.86178833), (0.96234894, 0.840849), (0.96293306, 0.8407849), (0.9627663, 0.8617666), (0.9627663, 0.8617666), (0.96293306, 0.8407849), (0.96349585, 0.84071493), (0.9633395, 0.86173123), (0.96255434, 0.88234365), (0.9627663, 0.8617666), (0.9633395, 0.86173123), (0.9631415, 0.8823455), (0.97408146, 0.881928), (0.97347647, 0.8818892), (0.9734371, 0.8616076), (0.97403085, 0.86166203), (0.97347647, 0.8818892), (0.97288936, 0.8818649), (0.9728619, 0.8615561), (0.9734371, 0.8616076), (0.9734371, 0.8616076), (0.9728619, 0.8615561), (0.9728866, 0.8408767), (0.9734559, 0.8409533), (0.97403085, 0.86166203), (0.9734371, 0.8616076), (0.9734559, 0.8409533), (0.97404444, 0.8410201), (0.9646611, 0.78249764), (0.96407986, 0.78256565), (0.9640508, 0.7667997), (0.96462196, 0.76674634), (0.96407986, 0.78256565), (0.9635158, 0.7826673), (0.9634971, 0.7668852), (0.9640508, 0.7667997), (0.9640508, 0.7667997), (0.9634971, 0.7668852), (0.9634311, 0.75028265), (0.96397096, 0.75022346), (0.96462196, 0.76674634), (0.9640508, 0.7667997), (0.96397096, 0.75022346), (0.96452814, 0.750192), (0.9721739, 0.7832873), (0.9720171, 0.7675291), (0.97263247, 0.76765335), (0.97279173, 0.7834287), (0.9720171, 0.7675291), (0.97173333, 0.7509022), (0.97234327, 0.7509963), (0.97263247, 0.76765335), (0.97263247, 0.76765335), (0.97234327, 0.7509963), (0.9729347, 0.75107443), (0.9732294, 0.76776385), (0.97279173, 0.7834287), (0.97263247, 0.76765335), (0.9732294, 0.76776385), (0.9733911, 0.78355885), (0.9669187, 0.7823721), (0.9663845, 0.782407), (0.96631634, 0.766692), (0.9668422, 0.7666684), (0.9663845, 0.782407), (0.96585095, 0.78245205), (0.9657914, 0.7667246), (0.96631634, 0.766692), (0.96631634, 0.766692), (0.9657914, 0.7667246), (0.96566975, 0.75020015), (0.9661828, 0.750185), (0.9668422, 0.7666684), (0.96631634, 0.766692), (0.9661828, 0.750185), (0.9666968, 0.7501767), (0.9697166, 0.78272676), (0.96957695, 0.7670221), (0.97018695, 0.76714325), (0.97033626, 0.782861), (0.96957695, 0.7670221), (0.9693271, 0.75049865), (0.9699197, 0.7505947), (0.97018695, 0.76714325), (0.97018695, 0.76714325), (0.9699197, 0.7505947), (0.97048444, 0.75068814), (0.97075874, 0.7672633), (0.97033626, 0.782861), (0.97018695, 0.76714325), (0.97075874, 0.7672633), (0.97091174, 0.7829953), (0.9778979, 0.7837924), (0.9777282, 0.76783246), (0.97836775, 0.76771885), (0.9785444, 0.7836828), (0.9777282, 0.76783246), (0.97749364, 0.7509516), (0.97812366, 0.7508422), (0.97836775, 0.76771885), (0.97836775, 0.76771885), (0.97812366, 0.7508422), (0.978695, 0.75073487), (0.97895426, 0.76759946), (0.9785444, 0.7836828), (0.97836775, 0.76771885), (0.97895426, 0.76759946), (0.9791423, 0.78356105), (0.9778978, 0.7837924), (0.9772391, 0.78387326), (0.97706884, 0.7679242), (0.97772825, 0.76783246), (0.9772391, 0.78387326), (0.9766625, 0.78390044), (0.9764899, 0.7679693), (0.97706884, 0.7679242), (0.97706884, 0.7679242), (0.9764899, 0.7679693), (0.9762394, 0.75111026), (0.97683257, 0.75104874), (0.97772825, 0.76783246), (0.97706884, 0.7679242), (0.97683257, 0.75104874), (0.9774937, 0.7509516), (0.9610937, 0.784452), (0.9611638, 0.7675066), (0.9617753, 0.7672536), (0.9617535, 0.78315526), (0.9611638, 0.7675066), (0.9612337, 0.75056094), (0.9617623, 0.75054175), (0.9617753, 0.7672536), (0.9617753, 0.7672536), (0.9617623, 0.75054175), (0.96233803, 0.7504471), (0.96237344, 0.7671033), (0.9617535, 0.78315526), (0.9617753, 0.7672536), (0.96237344, 0.7671033), (0.9623686, 0.7829146), (0.9757988, 0.78380704), (0.9752382, 0.7837798), (0.9750727, 0.7679215), (0.9756315, 0.7679256), (0.9752382, 0.7837798), (0.9746059, 0.78374803), (0.9744413, 0.767911), (0.9750727, 0.7679215), (0.9750727, 0.7679215), (0.9744413, 0.767911), (0.9741378, 0.75116044), (0.97476804, 0.75114584), (0.9756315, 0.7679256), (0.9750727, 0.7679215), (0.97476804, 0.75114584), (0.9753349, 0.7511237), (0.96236867, 0.7829145), (0.9623735, 0.7671033), (0.9629437, 0.7669879), (0.9629513, 0.7827857), (0.9623735, 0.7671033), (0.962338, 0.7504471), (0.96289253, 0.75035775), (0.9629437, 0.7669879), (0.9629437, 0.7669879), (0.96289253, 0.75035775), (0.9634311, 0.7502827), (0.96349716, 0.7668852), (0.9629513, 0.7827857), (0.9629437, 0.7669879), (0.96349716, 0.7668852), (0.9635158, 0.7826673), (0.9746059, 0.78374803), (0.9739895, 0.7836713), (0.97382605, 0.7678554), (0.9744413, 0.767911), (0.9739895, 0.7836713), (0.973391, 0.7835588), (0.97322947, 0.7677639), (0.97382605, 0.7678554), (0.97382605, 0.7678554), (0.97322947, 0.7677639), (0.9729347, 0.7510744), (0.9735265, 0.7511343), (0.9744413, 0.767911), (0.97382605, 0.7678554), (0.9735265, 0.7511343), (0.9741378, 0.75116044), (0.97914237, 0.78356105), (0.9789542, 0.76759946), (0.9794817, 0.76750976), (0.97969395, 0.7835493), (0.9789542, 0.76759946), (0.97869503, 0.7507349), (0.97919905, 0.750626), (0.9794817, 0.76750976), (0.9794817, 0.76750976), (0.97919905, 0.750626), (0.97960764, 0.7504), (0.97998315, 0.76752216), (0.97969395, 0.7835493), (0.9794817, 0.76750976), (0.97998315, 0.76752216), (0.9803584, 0.78464425), (0.9682063, 0.78246456), (0.96751744, 0.7823898), (0.96743107, 0.7666933), (0.96810555, 0.7667706), (0.96751744, 0.7823898), (0.9669187, 0.7823721), (0.9668422, 0.7666684), (0.96743107, 0.7666933), (0.96743107, 0.7666933), (0.9668422, 0.7666684), (0.9666968, 0.7501767), (0.96727127, 0.7502083), (0.96810555, 0.7667706), (0.96743107, 0.7666933), (0.96727127, 0.7502083), (0.96792245, 0.75028193), (0.9766625, 0.78390044), (0.97622806, 0.78386205), (0.9760571, 0.7679549), (0.9764899, 0.7679693), (0.97622806, 0.78386205), (0.9757988, 0.78380704), (0.9756315, 0.7679256), (0.9760571, 0.7679549), (0.9760571, 0.7679549), (0.9756315, 0.7679256), (0.9753349, 0.7511237), (0.9757824, 0.75112313), (0.9764899, 0.7679693), (0.9760571, 0.7679549), (0.9757824, 0.75112313), (0.9762394, 0.75111026), (0.9682063, 0.7824645), (0.96810555, 0.76677054), (0.96885484, 0.76688963), (0.96897584, 0.7825862), (0.96810555, 0.76677054), (0.9679225, 0.7502819), (0.9686373, 0.7503874), (0.96885484, 0.76688963), (0.96885484, 0.76688963), (0.9686373, 0.7503874), (0.9693271, 0.75049865), (0.96957695, 0.7670221), (0.96897584, 0.7825862), (0.96885484, 0.76688963), (0.96957695, 0.7670221), (0.9697166, 0.78272676), (0.96585095, 0.78245205), (0.96526563, 0.782472), (0.96521586, 0.7667329), (0.9657914, 0.7667246), (0.96526563, 0.782472), (0.9646611, 0.78249764), (0.96462196, 0.76674634), (0.96521586, 0.7667329), (0.96521586, 0.7667329), (0.96462196, 0.76674634), (0.96452814, 0.750192), (0.9651079, 0.75019413), (0.9657914, 0.7667246), (0.96521586, 0.7667329), (0.9651079, 0.75019413), (0.96566975, 0.75020015), (0.97091174, 0.7829953), (0.97075874, 0.7672633), (0.971378, 0.7673948), (0.97153306, 0.7831396), (0.97075874, 0.7672633), (0.97048444, 0.75068814), (0.97109896, 0.7507945), (0.971378, 0.7673948), (0.971378, 0.7673948), (0.97109896, 0.7507945), (0.97173333, 0.7509022), (0.9720171, 0.7675291), (0.97153306, 0.7831396), (0.971378, 0.7673948), (0.9720171, 0.7675291), (0.9721739, 0.7832873), (0.965899, 0.66833806), (0.96548474, 0.6682859), (0.96603745, 0.66040385), (0.96637845, 0.6604594), (0.96548474, 0.6682859), (0.96505755, 0.66823107), (0.96568817, 0.6603332), (0.96603745, 0.66040385), (0.96603745, 0.66040385), (0.96568817, 0.6603332), (0.96640855, 0.65519345), (0.9666534, 0.65530276), (0.96637845, 0.6604594), (0.96603745, 0.66040385), (0.9666534, 0.65530276), (0.96691084, 0.65532196), (0.96754324, 0.66852546), (0.9677203, 0.6606614), (0.9681047, 0.6606918), (0.96801513, 0.6685694), (0.9677203, 0.6606614), (0.9678819, 0.65551394), (0.96816564, 0.6555663), (0.9681047, 0.6606918), (0.9681047, 0.6606918), (0.96816564, 0.6555663), (0.96842736, 0.65550196), (0.96846926, 0.660689), (0.96801513, 0.6685694), (0.9681047, 0.6606918), (0.96846926, 0.660689), (0.9684652, 0.6685987), (0.97356373, 0.66832894), (0.9731568, 0.6683812), (0.9723901, 0.66025865), (0.972723, 0.66020286), (0.9731568, 0.6683812), (0.9727533, 0.66842645), (0.97205746, 0.66029847), (0.9723901, 0.66025865), (0.9723901, 0.66025865), (0.97205746, 0.66029847), (0.97145516, 0.6549549), (0.9717056, 0.654955), (0.972723, 0.66020286), (0.9723901, 0.66025865), (0.9717056, 0.654955), (0.9719475, 0.6548708), (0.9675433, 0.66852546), (0.96708626, 0.6684767), (0.967346, 0.66062915), (0.96772027, 0.6606614), (0.96708626, 0.6684767), (0.9666636, 0.66842884), (0.9670006, 0.66057533), (0.967346, 0.66062915), (0.967346, 0.66062915), (0.9670006, 0.66057533), (0.9673588, 0.6554454), (0.96760756, 0.655534), (0.96772027, 0.6606614), (0.967346, 0.66062915), (0.96760756, 0.655534), (0.967882, 0.655514), (0.97536296, 0.6679156), (0.9741956, 0.65980715), (0.9745104, 0.65962327), (0.9757663, 0.6676301), (0.9741956, 0.65980715), (0.9730257, 0.65453506), (0.9732471, 0.654327), (0.9745104, 0.65962327), (0.9745104, 0.65962327), (0.9732471, 0.654327), (0.9732234, 0.6526581), (0.97480285, 0.6591117), (0.9757663, 0.6676301), (0.9745104, 0.65962327), (0.97480285, 0.6591117), (0.9763821, 0.6655651), (0.97186005, 0.66854596), (0.9714279, 0.66858256), (0.9709531, 0.66042256), (0.97131944, 0.66041225), (0.9714279, 0.66858256), (0.9710099, 0.668605), (0.9705807, 0.6603552), (0.9709531, 0.66042256), (0.9709531, 0.66042256), (0.9705807, 0.6603552), (0.97009176, 0.6535226), (0.9706085, 0.6549862), (0.97131944, 0.66041225), (0.9709531, 0.66042256), (0.9706085, 0.6549862), (0.9709068, 0.65505165), (0.96342105, 0.66801417), (0.96436006, 0.65999365), (0.9646945, 0.6600973), (0.9638367, 0.6680713), (0.96436006, 0.65999365), (0.9654574, 0.65479374), (0.9656788, 0.65495324), (0.9646945, 0.6600973), (0.9646945, 0.6600973), (0.9656788, 0.65495324), (0.96593165, 0.6550188), (0.96502405, 0.66017956), (0.9638367, 0.6680713), (0.9646945, 0.6600973), (0.96502405, 0.66017956), (0.96424055, 0.66812456), (0.9727533, 0.66842645), (0.9723126, 0.66848713), (0.97169393, 0.66036135), (0.97205746, 0.66029847), (0.9723126, 0.66848713), (0.97186005, 0.66854596), (0.97131944, 0.66041225), (0.97169393, 0.66036135), (0.97169393, 0.66036135), (0.97131944, 0.66041225), (0.9709068, 0.65505165), (0.9711853, 0.6550448), (0.97205746, 0.66029847), (0.97169393, 0.66036135), (0.9711853, 0.6550448), (0.97145516, 0.6549549), (0.96215636, 0.6657466), (0.9636123, 0.65927625), (0.96399826, 0.6598043), (0.9629538, 0.66777265), (0.9636123, 0.65927625), (0.96506804, 0.65280575), (0.96519655, 0.65454066), (0.96399826, 0.6598043), (0.96399826, 0.6598043), (0.96519655, 0.65454066), (0.9654574, 0.65479374), (0.96436006, 0.65999365), (0.9629538, 0.66777265), (0.96399826, 0.6598043), (0.96436006, 0.65999365), (0.96342105, 0.66801417), (0.97448623, 0.6681405), (0.97401494, 0.668246), (0.97309196, 0.66012913), (0.9734754, 0.6600249), (0.97401494, 0.668246), (0.97356373, 0.66832894), (0.972723, 0.66020286), (0.97309196, 0.66012913), (0.97309196, 0.66012913), (0.972723, 0.66020286), (0.9719475, 0.6548708), (0.9722261, 0.654843), (0.9734754, 0.6600249), (0.97309196, 0.66012913), (0.9722261, 0.654843), (0.9724987, 0.65472114), (0.97448623, 0.66814053), (0.97347534, 0.660025), (0.97385097, 0.65992194), (0.97494173, 0.6680278), (0.97347534, 0.660025), (0.97249866, 0.6547211), (0.9727871, 0.6546667), (0.97385097, 0.65992194), (0.97385097, 0.65992194), (0.9727871, 0.6546667), (0.9730257, 0.65453506), (0.9741956, 0.65980715), (0.97494173, 0.6680278), (0.97385097, 0.65992194), (0.9741956, 0.65980715), (0.97536296, 0.6679156), (0.9684652, 0.6685987), (0.96846926, 0.660689), (0.9687984, 0.66067183), (0.9688697, 0.66860723), (0.96846926, 0.660689), (0.96842736, 0.65550196), (0.96867394, 0.6555005), (0.9687984, 0.66067183), (0.9687984, 0.66067183), (0.96867394, 0.6555005), (0.96890485, 0.6554004), (0.9691241, 0.6606353), (0.9688697, 0.66860723), (0.9687984, 0.66067183), (0.9691241, 0.6606353), (0.9692698, 0.6686104), (0.9666636, 0.66842884), (0.96628034, 0.66838425), (0.9666883, 0.6605249), (0.9670006, 0.66057533), (0.96628034, 0.66838425), (0.965899, 0.66833806), (0.96637845, 0.6604594), (0.9666883, 0.6605249), (0.9666883, 0.6605249), (0.96637845, 0.6604594), (0.96691084, 0.65532196), (0.9671287, 0.6554305), (0.9670006, 0.66057533), (0.9666883, 0.6605249), (0.9671287, 0.6554305), (0.9673588, 0.6554454), (0.97015774, 0.6686317), (0.9698576, 0.6605841), (0.97022045, 0.6605093), (0.97059083, 0.6686237), (0.9698576, 0.6605841), (0.96944857, 0.65529454), (0.9697388, 0.65511864), (0.97022045, 0.6605093), (0.97022045, 0.6605093), (0.9697388, 0.65511864), (0.97009176, 0.6535226), (0.97058076, 0.6603552), (0.97059083, 0.6686237), (0.97022045, 0.6605093), (0.97058076, 0.6603552), (0.9710099, 0.668605), (0.96505755, 0.66823107), (0.96464384, 0.66817725), (0.96534926, 0.6602651), (0.96568817, 0.6603332), (0.96464384, 0.66817725), (0.96424055, 0.66812456), (0.9650241, 0.66017944), (0.96534926, 0.6602651), (0.96534926, 0.6602651), (0.9650241, 0.66017944), (0.9659317, 0.65501875), (0.96615064, 0.6551536), (0.96568817, 0.6603332), (0.96534926, 0.6602651), (0.96615064, 0.6551536), (0.96640855, 0.65519345), (0.9692698, 0.6686104), (0.9691241, 0.6606353), (0.96948624, 0.66061777), (0.96970695, 0.6686227), (0.9691241, 0.6606353), (0.96890485, 0.6554004), (0.96918434, 0.65539366), (0.96948624, 0.66061777), (0.96948624, 0.66061777), (0.96918434, 0.65539366), (0.96944857, 0.65529454), (0.9698576, 0.6605841), (0.96970695, 0.6686227), (0.96948624, 0.66061777), (0.9698576, 0.6605841), (0.97015774, 0.6686317), (0.9664086, 0.65519345), (0.9661506, 0.6551536), (0.96673894, 0.6525651), (0.96703726, 0.65213585), (0.96593165, 0.65501875), (0.96674937, 0.6520049), (0.96673894, 0.6525651), (0.9661506, 0.6551536), (0.9678801, 0.64921623), (0.9670373, 0.6521358), (0.96673894, 0.6525651), (0.96674937, 0.6520049), (0.9689049, 0.65540034), (0.9685535, 0.65225774), (0.9688344, 0.65272325), (0.96918434, 0.6553937), (0.9678801, 0.64921623), (0.9688801, 0.6521538), (0.9688344, 0.65272325), (0.9685534, 0.65225774), (0.9694486, 0.6552944), (0.96918434, 0.65539366), (0.9688344, 0.65272325), (0.96888006, 0.65215385), (0.96691096, 0.65532196), (0.9666534, 0.6553028), (0.9670847, 0.65268815), (0.96733975, 0.6522302), (0.96640855, 0.6551934), (0.96703726, 0.65213585), (0.9670847, 0.65268815), (0.9666534, 0.6553028), (0.9678801, 0.64921623), (0.9673397, 0.6522302), (0.9670847, 0.65268815), (0.96703726, 0.6521357), (0.967882, 0.65551394), (0.96792966, 0.6523625), (0.96812713, 0.65289056), (0.9681656, 0.6555663), (0.9678801, 0.64921623), (0.9682591, 0.65234184), (0.96812713, 0.65289056), (0.96792966, 0.6523625), (0.96842736, 0.6555019), (0.96816564, 0.6555663), (0.96812713, 0.65289056), (0.96825904, 0.65234184), (0.97194743, 0.65487087), (0.9717055, 0.654955), (0.9713601, 0.652313), (0.971456, 0.6517981), (0.9714553, 0.65495497), (0.9711505, 0.6518572), (0.9713601, 0.652313), (0.9717056, 0.65495497), (0.97099406, 0.6490403), (0.971456, 0.6517981), (0.9713601, 0.652313), (0.97115046, 0.65185714), (0.9678819, 0.65551394), (0.9676075, 0.655534), (0.9677421, 0.6528742), (0.96792966, 0.6523625), (0.9673589, 0.65544534), (0.9676134, 0.6523188), (0.9677421, 0.6528742), (0.9676075, 0.655534), (0.9678801, 0.64921623), (0.9679296, 0.6523625), (0.9677421, 0.6528742), (0.96761346, 0.65231884), (0.9730256, 0.6545352), (0.97210526, 0.6515685), (0.9724073, 0.65184855), (0.9732471, 0.654327), (0.97099406, 0.6490403), (0.97210884, 0.65084934), (0.9724073, 0.65184855), (0.9721053, 0.65156853), (0.9732234, 0.6526581), (0.97324705, 0.654327), (0.9724073, 0.65184855), (0.97210884, 0.65084934), (0.97090685, 0.65505165), (0.9706085, 0.6549862), (0.9706102, 0.6523304), (0.9708165, 0.65190935), (0.97009176, 0.6535226), (0.970543, 0.6512816), (0.9706102, 0.6523304), (0.97060835, 0.6549862), (0.97099406, 0.6490403), (0.97081643, 0.65190935), (0.9706102, 0.6523304), (0.970543, 0.6512816), (0.9654574, 0.6547938), (0.96647084, 0.6518232), (0.9664163, 0.65239495), (0.96567893, 0.65495324), (0.9678801, 0.64921623), (0.9667494, 0.65200496), (0.9664163, 0.65239495), (0.9664708, 0.65182316), (0.9659316, 0.65501875), (0.9656788, 0.65495324), (0.9664163, 0.65239495), (0.9667494, 0.65200496), (0.9714553, 0.65495497), (0.97118527, 0.6550448), (0.9709962, 0.6523809), (0.9711505, 0.6518572), (0.97090673, 0.65505165), (0.9708165, 0.65190935), (0.9709962, 0.6523809), (0.9711853, 0.65504485), (0.97099406, 0.6490403), (0.9711505, 0.65185714), (0.9709962, 0.6523809), (0.9708165, 0.6519093), (0.96506804, 0.65280575), (0.9664742, 0.6510111), (0.96611947, 0.652065), (0.9651965, 0.65454066), (0.9678801, 0.64921623), (0.9664708, 0.6518232), (0.96611947, 0.652065), (0.9664742, 0.65101105), (0.9654574, 0.65479374), (0.96519655, 0.65454066), (0.96611947, 0.652065), (0.96647084, 0.65182316), (0.97249866, 0.65472114), (0.972226, 0.65484303), (0.9717226, 0.6522283), (0.9717908, 0.6517001), (0.97194743, 0.6548709), (0.97145605, 0.6517982), (0.9717226, 0.6522283), (0.9722259, 0.65484303), (0.97099406, 0.6490403), (0.97179073, 0.6517001), (0.9717226, 0.6522283), (0.97145593, 0.6517982), (0.9724987, 0.65472114), (0.97179073, 0.65170014), (0.97211105, 0.65209717), (0.97278714, 0.65466666), (0.97099406, 0.6490403), (0.9721053, 0.6515685), (0.97211105, 0.65209717), (0.97179073, 0.65170014), (0.9730256, 0.6545352), (0.97278714, 0.6546667), (0.97211105, 0.65209717), (0.97210526, 0.6515685), (0.96842736, 0.6555019), (0.96825904, 0.6523419), (0.96847886, 0.65282464), (0.968674, 0.65550053), (0.9678801, 0.64921623), (0.9685535, 0.65225774), (0.96847886, 0.65282464), (0.96825904, 0.6523419), (0.9689049, 0.65540034), (0.96867394, 0.65550053), (0.96847886, 0.65282464), (0.9685534, 0.6522577), (0.9673589, 0.6554454), (0.9671289, 0.65543044), (0.9674123, 0.6527922), (0.96761346, 0.6523188), (0.9669109, 0.65532196), (0.9673398, 0.65223014), (0.9674123, 0.6527922), (0.96712875, 0.65543044), (0.9678801, 0.64921623), (0.96761346, 0.65231884), (0.9674123, 0.6527922), (0.96733975, 0.6522302), (0.96944857, 0.6552945), (0.9688802, 0.6521538), (0.96919036, 0.6524885), (0.9697388, 0.65511864), (0.9678801, 0.64921623), (0.968986, 0.6513696), (0.96919036, 0.6524885), (0.9688802, 0.65215373), (0.97009176, 0.6535226), (0.9697388, 0.6551186), (0.96919036, 0.6524885), (0.968986, 0.6513695), (0.9770259, 0.71862), (0.9763681, 0.718719), (0.9759188, 0.70475304), (0.97654635, 0.70465237), (0.9763681, 0.718719), (0.9757368, 0.71879756), (0.9753102, 0.7048347), (0.9759188, 0.70475304), (0.9759188, 0.70475304), (0.9753102, 0.7048347), (0.97479093, 0.6918526), (0.9753553, 0.69176966), (0.97654635, 0.70465237), (0.9759188, 0.70475304), (0.9753553, 0.69176966), (0.97593844, 0.6916663), (0.9609141, 0.71726805), (0.9612248, 0.7043878), (0.96178806, 0.7044939), (0.9616253, 0.7183673), (0.9612248, 0.7043878), (0.9615353, 0.69150734), (0.96205914, 0.6915075), (0.96178806, 0.7044939), (0.96178806, 0.7044939), (0.96205914, 0.6915075), (0.96256894, 0.6915112), (0.96232355, 0.7045018), (0.9616253, 0.7183673), (0.96178806, 0.7044939), (0.96232355, 0.7045018), (0.9621903, 0.71842843), (0.97465986, 0.7188754), (0.9740645, 0.71892864), (0.9736692, 0.7049814), (0.9742453, 0.7049231), (0.9740645, 0.71892864), (0.97344303, 0.71897876), (0.97307616, 0.705038), (0.9736692, 0.7049814), (0.9736692, 0.7049814), (0.97307616, 0.705038), (0.9727027, 0.6920637), (0.9732558, 0.6920054), (0.9742453, 0.7049231), (0.9736692, 0.7049814), (0.9732558, 0.6920054), (0.97379434, 0.69194543), (0.9621902, 0.7184284), (0.9623236, 0.7045018), (0.9628313, 0.7044948), (0.96271664, 0.71839947), (0.9623236, 0.7045018), (0.9625688, 0.6915114), (0.96305525, 0.6915213), (0.9628313, 0.7044948), (0.9628313, 0.7044948), (0.96305525, 0.6915213), (0.9635279, 0.69153756), (0.96332496, 0.7044975), (0.96271664, 0.71839947), (0.9628313, 0.7044948), (0.96332496, 0.7044975), (0.9632284, 0.7183834), (0.97344303, 0.71897876), (0.9728477, 0.71900034), (0.97250956, 0.7050686), (0.97307616, 0.705038), (0.9728477, 0.71900034), (0.97227293, 0.71899706), (0.97196263, 0.7050768), (0.97250956, 0.7050686), (0.97250956, 0.7050686), (0.97196263, 0.7050768), (0.9716651, 0.69210887), (0.972175, 0.69209707), (0.97307616, 0.705038), (0.97250956, 0.7050686), (0.972175, 0.69209707), (0.9727027, 0.6920637), (0.97817355, 0.7184402), (0.9776463, 0.7044682), (0.97811437, 0.7043713), (0.97867155, 0.71826786), (0.9776463, 0.7044682), (0.9769802, 0.69146645), (0.977424, 0.691383), (0.97811437, 0.7043713), (0.97811437, 0.7043713), (0.977424, 0.691383), (0.9778394, 0.6913068), (0.9785681, 0.7041778), (0.97867155, 0.71826786), (0.97811437, 0.7043713), (0.9785681, 0.7041778), (0.9792966, 0.71704865), (0.9674843, 0.71859884), (0.9668742, 0.718536), (0.9668312, 0.7047121), (0.96741277, 0.70477146), (0.9668742, 0.718536), (0.9663305, 0.71849334), (0.9663092, 0.7046669), (0.9668312, 0.7047121), (0.9668312, 0.7047121), (0.9663092, 0.7046669), (0.9663755, 0.69174296), (0.9668728, 0.6917891), (0.96741277, 0.70477146), (0.9668312, 0.7047121), (0.9668728, 0.6917891), (0.96742123, 0.69184613), (0.9757368, 0.71879756), (0.97519153, 0.71884054), (0.9747715, 0.7048825), (0.9753102, 0.7048347), (0.97519153, 0.71884054), (0.97465986, 0.7188754), (0.9742453, 0.7049231), (0.9747715, 0.7048825), (0.9747715, 0.7048825), (0.9742453, 0.7049231), (0.97379434, 0.69194543), (0.9742881, 0.69190264), (0.9753102, 0.7048347), (0.9747715, 0.7048825), (0.9742881, 0.69190264), (0.97479093, 0.6918526), (0.9674843, 0.7185989), (0.96741277, 0.70477146), (0.9680393, 0.7048369), (0.9681474, 0.718673), (0.96741277, 0.70477146), (0.9674212, 0.6918462), (0.9680035, 0.6919067), (0.9680393, 0.7048369), (0.9680393, 0.7048369), (0.9680035, 0.6919067), (0.9685645, 0.69195664), (0.9686453, 0.7048926), (0.9681474, 0.718673), (0.9680393, 0.7048369), (0.9686453, 0.7048926), (0.9687899, 0.7187398), (0.9653535, 0.7184539), (0.96482027, 0.7184216), (0.9648564, 0.70457214), (0.9653686, 0.70461106), (0.96482027, 0.7184216), (0.9642706, 0.71839046), (0.9643285, 0.70453346), (0.9648564, 0.70457214), (0.9648564, 0.70457214), (0.9643285, 0.70453346), (0.96448696, 0.69159234), (0.9649896, 0.69163555), (0.9653686, 0.70461106), (0.9648564, 0.70457214), (0.9649896, 0.69163555), (0.9654772, 0.69167805), (0.96989864, 0.7188291), (0.9697003, 0.7049591), (0.97026765, 0.7050033), (0.97049415, 0.71888566), (0.9697003, 0.7049591), (0.9695499, 0.69201344), (0.97008085, 0.69205177), (0.97026765, 0.7050033), (0.97026765, 0.7050033), (0.97008085, 0.69205177), (0.9706283, 0.69208825), (0.97085303, 0.7050462), (0.97049415, 0.71888566), (0.97026765, 0.7050033), (0.97085303, 0.7050462), (0.9711085, 0.71894115), (0.9642706, 0.71839046), (0.9637415, 0.71837854), (0.9638193, 0.7045091), (0.9643285, 0.70453346), (0.9637415, 0.71837854), (0.9632284, 0.7183834), (0.9633249, 0.7044975), (0.9638193, 0.7045091), (0.9638193, 0.7045091), (0.9633249, 0.7044975), (0.96352786, 0.69153756), (0.96400094, 0.69156), (0.9643285, 0.70453346), (0.9638193, 0.7045091), (0.96400094, 0.69156), (0.96448696, 0.69159234), (0.9711085, 0.71894115), (0.97085303, 0.7050462), (0.97141623, 0.7050703), (0.97169954, 0.71897817), (0.97085303, 0.7050462), (0.9706283, 0.69208825), (0.97115487, 0.6921069), (0.97141623, 0.7050703), (0.97141623, 0.7050703), (0.97115487, 0.6921069), (0.97166514, 0.69210887), (0.97196263, 0.7050769), (0.97169954, 0.71897817), (0.97141623, 0.7050703), (0.97196263, 0.7050769), (0.97227293, 0.7189972), (0.9663305, 0.71849334), (0.9658416, 0.7184724), (0.96583843, 0.70463836), (0.9663092, 0.7046669), (0.9658416, 0.7184724), (0.9653535, 0.7184539), (0.9653686, 0.70461106), (0.96583843, 0.70463836), (0.96583843, 0.70463836), (0.9653686, 0.70461106), (0.9654772, 0.69167805), (0.9659256, 0.6917101), (0.9663092, 0.7046669), (0.96583843, 0.70463836), (0.9659256, 0.6917101), (0.9663755, 0.69174296), (0.9687899, 0.7187398), (0.9686453, 0.7048926), (0.9691799, 0.7049276), (0.969353, 0.7187861), (0.9686453, 0.7048926), (0.9685645, 0.69195664), (0.96906275, 0.6919869), (0.9691799, 0.7049276), (0.9691799, 0.7049276), (0.96906275, 0.6919869), (0.9695499, 0.69201344), (0.9697003, 0.7049591), (0.969353, 0.7187861), (0.9691799, 0.7049276), (0.9697003, 0.7049591), (0.96989864, 0.7188291), (0.9770259, 0.71861994), (0.9765464, 0.70465237), (0.97712654, 0.7045543), (0.9776325, 0.7185236), (0.9765464, 0.70465237), (0.97593844, 0.6916663), (0.97648513, 0.6915622), (0.97712654, 0.7045543), (0.97712654, 0.7045543), (0.97648513, 0.6915622), (0.97698015, 0.69146633), (0.97764623, 0.70446825), (0.9776325, 0.7185236), (0.97712654, 0.7045543), (0.97764623, 0.70446825), (0.97817343, 0.71844006), (0.9612542, 0.933084), (0.96140206, 0.92149127), (0.9620434, 0.9215932), (0.9618857, 0.93319434), (0.96140206, 0.92149127), (0.96157193, 0.9099154), (0.9622035, 0.909995), (0.9620434, 0.9215932), (0.9620434, 0.9215932), (0.9622035, 0.909995), (0.96281487, 0.91005033), (0.9626654, 0.92167205), (0.9618857, 0.93319434), (0.9620434, 0.9215932), (0.9626654, 0.92167205), (0.96251696, 0.9333044), (0.959832, 0.9327422), (0.96002704, 0.9212134), (0.960724, 0.9213598), (0.96054316, 0.9329131), (0.96002704, 0.9212134), (0.96022207, 0.9096844), (0.960907, 0.9098079), (0.960724, 0.9213598), (0.960724, 0.9213598), (0.960907, 0.9098079), (0.96157193, 0.9099154), (0.96140206, 0.92149127), (0.96054316, 0.9329131), (0.960724, 0.9213598), (0.96140206, 0.92149127), (0.9612542, 0.933084), (0.9742624, 0.9323237), (0.97362536, 0.93237877), (0.9735917, 0.9208448), (0.9742361, 0.92083305), (0.97362536, 0.93237877), (0.97298795, 0.9324336), (0.9729654, 0.9208852), (0.9735917, 0.9208448), (0.9735917, 0.9208448), (0.9729654, 0.9208852), (0.9729423, 0.90932715), (0.97355574, 0.909307), (0.9742361, 0.92083305), (0.9735917, 0.9208448), (0.97355574, 0.909307), (0.97418785, 0.9093135), (0.9782435, 0.932504), (0.97751737, 0.932426), (0.9774048, 0.92095774), (0.97810733, 0.9210399), (0.97751737, 0.932426), (0.9767911, 0.9323477), (0.97674215, 0.92090523), (0.9774048, 0.92095774), (0.9774048, 0.92095774), (0.97674215, 0.92090523), (0.97664356, 0.9094306), (0.97728735, 0.90948534), (0.97810733, 0.9210399), (0.9774048, 0.92095774), (0.97728735, 0.90948534), (0.97797203, 0.90956455), (0.9756947, 0.9324215), (0.9749787, 0.93237275), (0.9749106, 0.9208618), (0.9755648, 0.92089367), (0.9749787, 0.93237275), (0.9742624, 0.9323237), (0.9742361, 0.92083305), (0.9749106, 0.9208618), (0.9749106, 0.9208618), (0.9742361, 0.92083305), (0.97418785, 0.9093135), (0.97484505, 0.9093502), (0.9755648, 0.92089367), (0.9749106, 0.9208618), (0.97484505, 0.9093502), (0.9754814, 0.9093896), (0.97968906, 0.9327404), (0.9794717, 0.9212267), (0.9800591, 0.92129266), (0.98024446, 0.932808), (0.9794717, 0.9212267), (0.97930074, 0.90972686), (0.9798784, 0.9097787), (0.9800591, 0.92129266), (0.9800591, 0.92129266), (0.9798784, 0.9097787), (0.98041624, 0.9098158), (0.98060805, 0.9213457), (0.98024446, 0.932808), (0.9800591, 0.92129266), (0.98060805, 0.9213457), (0.98079973, 0.93287545), (0.9787977, 0.8412073), (0.97886574, 0.8247204), (0.979397, 0.82455903), (0.979323, 0.8408286), (0.97886574, 0.8247204), (0.9790046, 0.81112933), (0.9795412, 0.8110301), (0.979397, 0.82455903), (0.979397, 0.82455903), (0.9795412, 0.8110301), (0.98004097, 0.8109272), (0.97988236, 0.8240688), (0.979323, 0.8408286), (0.979397, 0.82455903), (0.97988236, 0.8240688), (0.9797235, 0.8372102), (0.9681263, 0.8403947), (0.9674874, 0.84039205), (0.9675217, 0.8237213), (0.96816874, 0.8237485), (0.9674874, 0.84039205), (0.9668961, 0.84041363), (0.9669327, 0.82373047), (0.9675217, 0.8237213), (0.9675217, 0.8237213), (0.9669327, 0.82373047), (0.96694267, 0.8100057), (0.96753675, 0.8100061), (0.96816874, 0.8237485), (0.9675217, 0.8237213), (0.96753675, 0.8100061), (0.96820205, 0.8100522), (0.97631156, 0.8412346), (0.9757785, 0.84118265), (0.97587544, 0.8247944), (0.9763853, 0.8248469), (0.9757785, 0.84118265), (0.97524905, 0.841124), (0.9753697, 0.824732), (0.97587544, 0.8247944), (0.97587544, 0.8247944), (0.9753697, 0.824732), (0.9755632, 0.8112196), (0.97604036, 0.8112843), (0.9763853, 0.8248469), (0.97587544, 0.8247944), (0.97604036, 0.8112843), (0.97652185, 0.81133604), (0.96812624, 0.8403947), (0.96816874, 0.82374847), (0.9688466, 0.8238081), (0.9687797, 0.84042144), (0.96816874, 0.82374847), (0.96820205, 0.8100522), (0.96891874, 0.8101374), (0.9688466, 0.8238081), (0.9688466, 0.8238081), (0.96891874, 0.8101374), (0.9696038, 0.8102435), (0.9694913, 0.8238879), (0.9687797, 0.84042144), (0.9688466, 0.8238081), (0.9694913, 0.8238879), (0.969398, 0.840468), (0.965831, 0.8405037), (0.96524346, 0.84054464), (0.9652911, 0.8238593), (0.96587485, 0.82382315), (0.96524346, 0.84054464), (0.96463704, 0.8405883), (0.9646881, 0.8238997), (0.9652911, 0.8238593), (0.9652911, 0.8238593), (0.9646881, 0.8238997), (0.9646885, 0.81016684), (0.9652934, 0.8101299), (0.96587485, 0.82382315), (0.9652911, 0.8238593), (0.9652934, 0.8101299), (0.9658791, 0.810098), (0.9704992, 0.84059405), (0.9706089, 0.8240699), (0.97121346, 0.8241656), (0.9711026, 0.84065783), (0.9706089, 0.8240699), (0.97075325, 0.8104663), (0.97136426, 0.8105845), (0.97121346, 0.8241656), (0.97121346, 0.8241656), (0.97136426, 0.8105845), (0.97199416, 0.8107059), (0.9718366, 0.8242642), (0.9711026, 0.84065783), (0.97121346, 0.8241656), (0.9718366, 0.8242642), (0.9717242, 0.8407241), (0.96463704, 0.8405883), (0.9640571, 0.8406466), (0.9641111, 0.8239655), (0.9646881, 0.8238997), (0.9640571, 0.8406466), (0.96349597, 0.84071493), (0.9635521, 0.8240505), (0.9641111, 0.8239655), (0.9641111, 0.8239655), (0.9635521, 0.8240505), (0.963546, 0.8103317), (0.9641083, 0.8102366), (0.9646881, 0.8238997), (0.9641111, 0.8239655), (0.9641083, 0.8102366), (0.9646885, 0.81016684), (0.9717242, 0.8407241), (0.9718366, 0.8242642), (0.9724318, 0.82436574), (0.9723164, 0.8407983), (0.9718366, 0.8242642), (0.97199416, 0.8107059), (0.9725982, 0.8108272), (0.9724318, 0.82436574), (0.9724318, 0.82436574), (0.9725982, 0.8108272), (0.97318214, 0.81094396), (0.9730059, 0.82446665), (0.9723164, 0.8407983), (0.9724318, 0.82436574), (0.9730059, 0.82446665), (0.9728867, 0.84087664), (0.9668961, 0.84041363), (0.9663637, 0.84045595), (0.966404, 0.8237729), (0.9669327, 0.82373047), (0.9663637, 0.84045595), (0.965831, 0.8405037), (0.96587485, 0.82382315), (0.966404, 0.8237729), (0.966404, 0.8237729), (0.96587485, 0.82382315), (0.9658791, 0.810098), (0.96641105, 0.81004745), (0.9669327, 0.82373047), (0.966404, 0.8237729), (0.96641105, 0.81004745), (0.96694267, 0.8100057), (0.969398, 0.840468), (0.9694913, 0.8238879), (0.9700572, 0.82397664), (0.9699509, 0.84052855), (0.9694913, 0.8238879), (0.9696038, 0.8102435), (0.97019196, 0.81035346), (0.9700572, 0.82397664), (0.9700572, 0.82397664), (0.97019196, 0.81035346), (0.97075325, 0.8104663), (0.9706089, 0.8240699), (0.9699509, 0.84052855), (0.9700572, 0.82397664), (0.9706089, 0.8240699), (0.9704992, 0.84059405), (0.97756004, 0.8412661), (0.9776287, 0.82483834), (0.978269, 0.8247889), (0.9781999, 0.84124666), (0.9776287, 0.82483834), (0.97776157, 0.81129295), (0.9784055, 0.81122), (0.978269, 0.8247889), (0.978269, 0.8247889), (0.9784055, 0.81122), (0.9790045, 0.8111293), (0.97886574, 0.8247204), (0.9781999, 0.84124666), (0.978269, 0.8247889), (0.97886574, 0.8247204), (0.9787976, 0.84120727), (0.97756, 0.841266), (0.9769146, 0.8412629), (0.9769812, 0.8248608), (0.97762865, 0.82483834), (0.9769146, 0.8412629), (0.97631156, 0.8412346), (0.9763853, 0.8248469), (0.9769812, 0.8248608), (0.9769812, 0.8248608), (0.9763853, 0.8248469), (0.97652185, 0.81133604), (0.97710997, 0.8113368), (0.97762865, 0.82483834), (0.9769812, 0.8248608), (0.97710997, 0.8113368), (0.9777616, 0.8112929), (0.9611991, 0.8370755), (0.9611729, 0.8239197), (0.9617966, 0.8242401), (0.9617398, 0.84057945), (0.9611729, 0.8239197), (0.9611464, 0.8107637), (0.96178186, 0.81065625), (0.9617966, 0.8242401), (0.9617966, 0.8242401), (0.96178186, 0.81065625), (0.96239805, 0.81054765), (0.9624094, 0.8242343), (0.9617398, 0.84057945), (0.9617966, 0.8242401), (0.9624094, 0.8242343), (0.96234894, 0.840849), (0.97524905, 0.841124), (0.9746585, 0.84107304), (0.9747875, 0.8246848), (0.9753697, 0.824732), (0.9746585, 0.84107304), (0.97404444, 0.8410201), (0.97417146, 0.8246349), (0.9747875, 0.8246848), (0.9747875, 0.8246848), (0.97417146, 0.8246349), (0.9743667, 0.81112915), (0.97498906, 0.811176), (0.9753697, 0.824732), (0.9747875, 0.8246848), (0.97498906, 0.811176), (0.9755632, 0.8112196), (0.96234894, 0.840849), (0.96240944, 0.82423425), (0.96299124, 0.8241425), (0.96293306, 0.8407849), (0.96240944, 0.82423425), (0.96239805, 0.8105477), (0.9629822, 0.8104379), (0.96299124, 0.8241425), (0.96299124, 0.8241425), (0.9629822, 0.8104379), (0.96354604, 0.8103317), (0.9635522, 0.8240505), (0.96293306, 0.8407849), (0.96299124, 0.8241425), (0.9635522, 0.8240505), (0.96349585, 0.84071493), (0.97404444, 0.8410201), (0.9734559, 0.8409533), (0.97357905, 0.82456017), (0.97417146, 0.8246349), (0.9734559, 0.8409533), (0.9728866, 0.8408767), (0.9730059, 0.8244666), (0.97357905, 0.82456017), (0.97357905, 0.82456017), (0.9730059, 0.8244666), (0.9731821, 0.81094396), (0.9737651, 0.81104946), (0.97417146, 0.8246349), (0.97357905, 0.82456017), (0.9737651, 0.81104946), (0.9743667, 0.81112915), (0.18451701, 0.8523428), (0.1846507, 0.85395825), (0.19678114, 0.8507102), (0.19779485, 0.85129714), (0.1846507, 0.85395825), (0.18273991, 0.85214096), (0.19578564, 0.84981024), (0.19678114, 0.8507102), (0.19678114, 0.8507102), (0.19578564, 0.84981024), (0.21148813, 0.8493714), (0.21168831, 0.8500137), (0.19779485, 0.85129714), (0.19678114, 0.8507102), (0.21168831, 0.8500137), (0.21107265, 0.8502513), (0.17708836, 0.88004583), (0.17107862, 0.87320954), (0.17700885, 0.8619903), (0.18080272, 0.86619437), (0.17107862, 0.87320954), (0.16596895, 0.86517215), (0.17365626, 0.8574058), (0.17700885, 0.8619903), (0.17700885, 0.8619903), (0.17365626, 0.8574058), (0.18273991, 0.85214096), (0.1846507, 0.85395825), (0.18080272, 0.86619437), (0.17700885, 0.8619903), (0.1846507, 0.85395825), (0.18451701, 0.8523428), (0.16596897, 0.8651722), (0.17107862, 0.8732096), (0.16388111, 0.8864792), (0.15657975, 0.8745765), (0.17107862, 0.8732096), (0.17708836, 0.88004583), (0.17311472, 0.89829135), (0.16388111, 0.8864792), (0.16388111, 0.8864792), (0.17311472, 0.89829135), (0.16914102, 0.91653657), (0.152021, 0.9000263), (0.15657975, 0.8745765), (0.16388111, 0.8864792), (0.152021, 0.9000263), (0.1441315, 0.8845072), (0.1013066, 0.9430556), (0.11021689, 0.9189407), (0.13176838, 0.91176224), (0.13522382, 0.9297962), (0.11021689, 0.9189407), (0.11196038, 0.8993708), (0.12840118, 0.89355534), (0.13176838, 0.91176224), (0.13176838, 0.91176224), (0.12840118, 0.89355534), (0.14413151, 0.88450724), (0.15202102, 0.9000263), (0.13522382, 0.9297962), (0.13176838, 0.91176224), (0.15202102, 0.9000263), (0.16914102, 0.91653657), (0.08211472, 0.8966189), (0.0970902, 0.900075), (0.09379965, 0.9179304), (0.078606576, 0.91181064), (0.0970902, 0.900075), (0.11196039, 0.89937073), (0.11021689, 0.9189408), (0.09379965, 0.9179304), (0.09379965, 0.9179304), (0.11021689, 0.9189408), (0.1013066, 0.9430556), (0.088040106, 0.93475497), (0.078606576, 0.91181064), (0.09379965, 0.9179304), (0.088040106, 0.93475497), (0.07477359, 0.9264541), (0.053062875, 0.886059), (0.065729305, 0.8909078), (0.061222415, 0.90283227), (0.04554069, 0.8919217), (0.065729305, 0.8909078), (0.08211472, 0.8966189), (0.078606576, 0.91181064), (0.061222415, 0.90283227), (0.061222415, 0.90283227), (0.078606576, 0.91181064), (0.07477359, 0.9264541), (0.053388912, 0.9139905), (0.04554069, 0.8919217), (0.061222415, 0.90283227), (0.053388912, 0.9139905), (0.03200423, 0.9015267), (0.07840255, 0.85908115), (0.094306976, 0.8571567), (0.09675901, 0.8794887), (0.08154857, 0.8787023), (0.094306976, 0.8571567), (0.10810134, 0.855171), (0.1107461, 0.8779929), (0.09675901, 0.8794887), (0.09675901, 0.8794887), (0.1107461, 0.8779929), (0.11196038, 0.89937073), (0.0970902, 0.9000751), (0.08154857, 0.8787023), (0.09675901, 0.8794887), (0.0970902, 0.9000751), (0.08211471, 0.89661896), (0.042169638, 0.86187553), (0.05992881, 0.8605225), (0.06436624, 0.8765104), (0.048260026, 0.8755469), (0.05992881, 0.8605225), (0.07840256, 0.85908115), (0.08154859, 0.87870234), (0.06436624, 0.8765104), (0.06436624, 0.8765104), (0.08154859, 0.87870234), (0.08211472, 0.8966189), (0.065729305, 0.8909078), (0.048260026, 0.8755469), (0.06436624, 0.8765104), (0.065729305, 0.8909078), (0.053062875, 0.886059), (0.07117534, 0.81393135), (0.08719858, 0.80764395), (0.09080256, 0.83220345), (0.07484846, 0.8360165), (0.08719858, 0.80764395), (0.10322687, 0.80574965), (0.10586778, 0.8307104), (0.09080256, 0.83220345), (0.09080256, 0.83220345), (0.10586778, 0.8307104), (0.10810134, 0.855171), (0.094306976, 0.8571567), (0.07484846, 0.8360165), (0.09080256, 0.83220345), (0.094306976, 0.8571567), (0.07840255, 0.85908115), (0.044801425, 0.8324568), (0.055662606, 0.82380605), (0.058244683, 0.84125817), (0.043210216, 0.84538895), (0.055662606, 0.82380605), (0.07117534, 0.81393135), (0.074848466, 0.8360164), (0.058244683, 0.84125817), (0.058244683, 0.84125817), (0.074848466, 0.8360164), (0.07840256, 0.85908115), (0.05992881, 0.8605225), (0.043210216, 0.84538895), (0.058244683, 0.84125817), (0.05992881, 0.8605225), (0.042169638, 0.86187553), (0.016758045, 0.8655728), (0.019782968, 0.84503967), (0.031003295, 0.8460035), (0.028230272, 0.86359656), (0.019782968, 0.84503967), (0.022807887, 0.8245065), (0.03716844, 0.82811266), (0.031003295, 0.8460035), (0.031003295, 0.8460035), (0.03716844, 0.82811266), (0.044801425, 0.8324568), (0.043210216, 0.84538895), (0.028230272, 0.86359656), (0.031003295, 0.8460035), (0.043210216, 0.84538895), (0.042169638, 0.86187553), (0.042169638, 0.86187553), (0.048260022, 0.87554693), (0.035618976, 0.8784023), (0.028230272, 0.86359656), (0.048260022, 0.87554693), (0.053062875, 0.886059), (0.04554069, 0.8919217), (0.035618976, 0.8784023), (0.035618976, 0.8784023), (0.04554069, 0.8919217), (0.03200423, 0.9015267), (0.02438114, 0.8835498), (0.028230272, 0.86359656), (0.035618976, 0.8784023), (0.02438114, 0.8835498), (0.016758045, 0.8655728), (0.06602608, 0.7671572), (0.067529894, 0.79290825), (0.05074547, 0.8093423), (0.044416986, 0.79583204), (0.067529894, 0.79290825), (0.07117534, 0.8139314), (0.055662613, 0.82380617), (0.05074547, 0.8093423), (0.05074547, 0.8093423), (0.055662613, 0.82380617), (0.044801425, 0.8324568), (0.03716844, 0.82811266), (0.044416986, 0.79583204), (0.05074547, 0.8093423), (0.03716844, 0.82811266), (0.022807887, 0.8245065), (0.092967525, 0.7509016), (0.099639356, 0.7797253), (0.08341828, 0.7835401), (0.07949681, 0.7590295), (0.099639356, 0.7797253), (0.10322686, 0.8057496), (0.08719858, 0.80764395), (0.08341828, 0.7835401), (0.08341828, 0.7835401), (0.08719858, 0.80764395), (0.07117534, 0.8139314), (0.067529894, 0.79290825), (0.07949681, 0.7590295), (0.08341828, 0.7835401), (0.067529894, 0.79290825), (0.06602608, 0.7671572), (0.13918313, 0.75119936), (0.135163, 0.7880115), (0.11777624, 0.7810219), (0.116075344, 0.75105053), (0.135163, 0.7880115), (0.1343747, 0.8138224), (0.11925138, 0.808071), (0.11777624, 0.7810219), (0.11777624, 0.7810219), (0.11925138, 0.808071), (0.10322686, 0.8057496), (0.099639356, 0.7797253), (0.116075344, 0.75105053), (0.11777624, 0.7810219), (0.099639356, 0.7797253), (0.092967525, 0.7509016), (0.1630482, 0.81118816), (0.1606777, 0.81974864), (0.14902414, 0.80289227), (0.15111569, 0.7811938), (0.1606777, 0.81974864), (0.15935905, 0.8308425), (0.14771715, 0.8219383), (0.14902414, 0.80289227), (0.14902414, 0.80289227), (0.14771715, 0.8219383), (0.1343747, 0.8138224), (0.135163, 0.7880115), (0.15111569, 0.7811938), (0.14902414, 0.80289227), (0.135163, 0.7880115), (0.13918313, 0.75119936), (0.10322687, 0.80574965), (0.119251385, 0.8080711), (0.120289765, 0.8317497), (0.10586778, 0.8307104), (0.119251385, 0.8080711), (0.1343747, 0.81382245), (0.13410944, 0.8342864), (0.120289765, 0.8317497), (0.120289765, 0.8317497), (0.13410944, 0.8342864), (0.1339718, 0.8520396), (0.12105968, 0.853565), (0.10586778, 0.8307104), (0.120289765, 0.8317497), (0.12105968, 0.853565), (0.10810134, 0.855171), (0.15935907, 0.8308425), (0.15906292, 0.8404467), (0.14721182, 0.83722126), (0.14771716, 0.82193834), (0.15906292, 0.8404467), (0.15935232, 0.8489383), (0.14713395, 0.8503162), (0.14721182, 0.83722126), (0.14721182, 0.83722126), (0.14713395, 0.8503162), (0.1339718, 0.8520396), (0.13410945, 0.8342864), (0.14771716, 0.82193834), (0.14721182, 0.83722126), (0.13410945, 0.8342864), (0.1343747, 0.81382245), (0.15935908, 0.8308425), (0.16995747, 0.8388569), (0.16959345, 0.8438704), (0.15906294, 0.8404467), (0.16995747, 0.8388569), (0.1815157, 0.8444058), (0.18101132, 0.84647197), (0.16959345, 0.8438704), (0.16959345, 0.8438704), (0.18101132, 0.84647197), (0.18103911, 0.8483341), (0.1698539, 0.84841967), (0.15906294, 0.8404467), (0.16959345, 0.8438704), (0.1698539, 0.84841967), (0.15935232, 0.8489383), (0.1630482, 0.81118816), (0.17330196, 0.8280564), (0.17134728, 0.8332759), (0.1606777, 0.8197486), (0.17330196, 0.8280564), (0.18355566, 0.84492457), (0.18280074, 0.842461), (0.17134728, 0.8332759), (0.17134728, 0.8332759), (0.18280074, 0.842461), (0.1815157, 0.8444058), (0.16995746, 0.8388568), (0.1606777, 0.8197486), (0.17134728, 0.8332759), (0.16995746, 0.8388568), (0.15935905, 0.8308425), (0.1815157, 0.84440583), (0.18280075, 0.842461), (0.19661148, 0.845689), (0.19572996, 0.84656274), (0.18280075, 0.842461), (0.18355566, 0.84492457), (0.19763367, 0.84518814), (0.19661148, 0.845689), (0.19661148, 0.845689), (0.19763367, 0.84518814), (0.21171163, 0.8454515), (0.21201523, 0.8462188), (0.19572996, 0.84656274), (0.19661148, 0.845689), (0.21201523, 0.8462188), (0.21172105, 0.8468941), (0.18103911, 0.8483341), (0.18101132, 0.8464719), (0.1953331, 0.84741426), (0.19525349, 0.8481844), (0.18101132, 0.8464719), (0.1815157, 0.84440583), (0.19572997, 0.8465628), (0.1953331, 0.84741426), (0.1953331, 0.84741426), (0.19572997, 0.8465628), (0.21172106, 0.8468941), (0.21153252, 0.84752315), (0.19525349, 0.8481844), (0.1953331, 0.84741426), (0.21153252, 0.84752315), (0.21144956, 0.8481287), (0.21144956, 0.8481287), (0.21153252, 0.84752315), (0.22814359, 0.8478263), (0.22807112, 0.848428), (0.21153252, 0.84752315), (0.21172106, 0.8468941), (0.22822928, 0.8472217), (0.22814359, 0.8478263), (0.22814359, 0.8478263), (0.22822928, 0.8472217), (0.24504839, 0.847897), (0.24498405, 0.8484989), (0.22807112, 0.848428), (0.22814359, 0.8478263), (0.24498405, 0.8484989), (0.2449197, 0.84910095), (0.21172105, 0.8468941), (0.21201523, 0.8462188), (0.22831427, 0.8466059), (0.22822927, 0.8472217), (0.21201523, 0.8462188), (0.21171163, 0.8454515), (0.2283217, 0.8459619), (0.22831427, 0.8466059), (0.22831427, 0.8466059), (0.2283217, 0.8459619), (0.24493173, 0.8464722), (0.24509229, 0.8472767), (0.22822927, 0.8472217), (0.22831427, 0.8466059), (0.24509229, 0.8472767), (0.24504837, 0.84789693), (0.24504837, 0.84789693), (0.24509229, 0.8472767), (0.26224682, 0.8482709), (0.26219535, 0.84887856), (0.24509229, 0.8472767), (0.24493173, 0.8464722), (0.26227787, 0.8476451), (0.26224682, 0.8482709), (0.26224682, 0.8482709), (0.26227787, 0.8476451), (0.279624, 0.8488179), (0.27957514, 0.8494218), (0.26219535, 0.84887856), (0.26224682, 0.8482709), (0.27957514, 0.8494218), (0.2795263, 0.8500256), (0.24491969, 0.8491009), (0.24498403, 0.8484989), (0.26213872, 0.8494815), (0.26208216, 0.8500844), (0.24498403, 0.8484989), (0.24504837, 0.84789693), (0.26219535, 0.84887856), (0.26213872, 0.8494815), (0.26213872, 0.8494815), (0.26219535, 0.84887856), (0.2795263, 0.8500256), (0.2794775, 0.8506297), (0.26208216, 0.8500844), (0.26213872, 0.8494815), (0.2794775, 0.8506297), (0.27942866, 0.8512336), (0.24479097, 0.8503048), (0.24485533, 0.84970284), (0.26202556, 0.8506873), (0.26196894, 0.8512902), (0.24485533, 0.84970284), (0.24491969, 0.8491009), (0.26208216, 0.8500844), (0.26202556, 0.8506873), (0.26202556, 0.8506873), (0.26208216, 0.8500844), (0.27942866, 0.8512336), (0.2793798, 0.8518375), (0.26196894, 0.8512902), (0.26202556, 0.8506873), (0.2793798, 0.8518375), (0.27933097, 0.8524413), (0.2114881, 0.8493714), (0.21140534, 0.84873515), (0.22800343, 0.8490298), (0.22795168, 0.84963524), (0.21140534, 0.84873515), (0.21144956, 0.8481287), (0.22807112, 0.848428), (0.22800343, 0.8490298), (0.22800343, 0.8490298), (0.22807112, 0.848428), (0.2449197, 0.84910095), (0.24485534, 0.8497029), (0.22795168, 0.84963524), (0.22800343, 0.8490298), (0.24485534, 0.8497029), (0.24479099, 0.8503048), (0.24441695, 0.8512877), (0.24470618, 0.8508883), (0.26190725, 0.85188854), (0.26182514, 0.8524685), (0.24470618, 0.8508883), (0.24479097, 0.8503048), (0.26196894, 0.8512902), (0.26190725, 0.85188854), (0.26190725, 0.85188854), (0.26196894, 0.8512902), (0.27933097, 0.8524413), (0.27928215, 0.8530453), (0.26182514, 0.8524685), (0.26190725, 0.85188854), (0.27928215, 0.8530453), (0.2792333, 0.85364926), (0.21107265, 0.8502513), (0.21168831, 0.8500137), (0.22789767, 0.8502315), (0.22774482, 0.85076964), (0.21168831, 0.8500137), (0.21148813, 0.8493714), (0.22795165, 0.8496353), (0.22789767, 0.8502315), (0.22789767, 0.8502315), (0.22795165, 0.8496353), (0.24479097, 0.8503048), (0.24470618, 0.8508883), (0.22774482, 0.85076964), (0.22789767, 0.8502315), (0.24470618, 0.8508883), (0.24441695, 0.8512877), (0.18273991, 0.85214096), (0.1815835, 0.85017526), (0.19533046, 0.8489543), (0.19578564, 0.8498103), (0.1815835, 0.85017526), (0.18103911, 0.8483341), (0.19525349, 0.8481844), (0.19533046, 0.8489543), (0.19533046, 0.8489543), (0.19525349, 0.8481844), (0.21144956, 0.8481287), (0.21140534, 0.84873515), (0.19578564, 0.8498103), (0.19533046, 0.8489543), (0.21140534, 0.84873515), (0.2114881, 0.8493714), (0.15935232, 0.8489383), (0.1698539, 0.84841967), (0.17140523, 0.8528639), (0.16224661, 0.85704553), (0.1698539, 0.84841967), (0.18103911, 0.8483341), (0.1815835, 0.8501752), (0.17140523, 0.8528639), (0.17140523, 0.8528639), (0.1815835, 0.8501752), (0.1827399, 0.85214084), (0.17365626, 0.8574058), (0.16224661, 0.85704553), (0.17140523, 0.8528639), (0.17365626, 0.8574058), (0.16596898, 0.8651722), (0.1339718, 0.8520396), (0.14713395, 0.8503162), (0.15131022, 0.86249983), (0.13859522, 0.8684703), (0.14713395, 0.8503162), (0.15935232, 0.8489383), (0.16224661, 0.85704553), (0.15131022, 0.86249983), (0.15131022, 0.86249983), (0.16224661, 0.85704553), (0.16596898, 0.8651722), (0.15657975, 0.8745766), (0.13859522, 0.8684703), (0.15131022, 0.86249983), (0.15657975, 0.8745766), (0.14413153, 0.8845072), (0.111960396, 0.89937073), (0.1107461, 0.8779929), (0.12481536, 0.8740154), (0.12840119, 0.89355534), (0.1107461, 0.8779929), (0.10810134, 0.855171), (0.12105968, 0.853565), (0.12481536, 0.8740154), (0.12481536, 0.8740154), (0.12105968, 0.853565), (0.1339718, 0.8520396), (0.13859522, 0.8684703), (0.12840119, 0.89355534), (0.12481536, 0.8740154), (0.13859522, 0.8684703), (0.14413151, 0.8845072), (0.53788215, 0.61176276), (0.53846973, 0.60614574), (0.5383304, 0.6156668), (0.5367105, 0.6171615), (0.53846973, 0.60614574), (0.54150534, 0.604085), (0.539992, 0.61468375), (0.5383304, 0.6156668), (0.5383304, 0.6156668), (0.539992, 0.61468375), (0.5368287, 0.6244832), (0.5359051, 0.62445027), (0.5367105, 0.6171615), (0.5383304, 0.6156668), (0.5359051, 0.62445027), (0.53553873, 0.6225601), (0.52041805, 0.5808313), (0.52899545, 0.5770365), (0.5346014, 0.592728), (0.5291502, 0.5962971), (0.52899545, 0.5770365), (0.5383358, 0.5748415), (0.5404422, 0.590474), (0.5346014, 0.592728), (0.5346014, 0.592728), (0.5404422, 0.590474), (0.54150534, 0.604085), (0.53846973, 0.60614574), (0.5291502, 0.5962971), (0.5346014, 0.592728), (0.53846973, 0.60614574), (0.53788215, 0.61176276), (0.53833574, 0.5748415), (0.52899545, 0.57703656), (0.5236938, 0.560624), (0.53698945, 0.5588013), (0.52899545, 0.57703656), (0.52041805, 0.5808313), (0.5107879, 0.56371576), (0.5236938, 0.560624), (0.5236938, 0.560624), (0.5107879, 0.56371576), (0.5011577, 0.54660004), (0.5198994, 0.5444358), (0.53698945, 0.5588013), (0.5236938, 0.560624), (0.5198994, 0.5444358), (0.53682953, 0.5432563), (0.4987053, 0.5142631), (0.5219949, 0.5128908), (0.5190763, 0.52890694), (0.49993157, 0.5304316), (0.5219949, 0.5128908), (0.54181033, 0.513621), (0.53811455, 0.5285654), (0.5190763, 0.52890694), (0.5190763, 0.52890694), (0.53811455, 0.5285654), (0.5368295, 0.5432563), (0.5198994, 0.54443586), (0.49993157, 0.5304316), (0.5190763, 0.52890694), (0.5198994, 0.54443586), (0.5011577, 0.54660004), (0.5596987, 0.48044443), (0.54889625, 0.49736995), (0.53056145, 0.49516022), (0.54384065, 0.47705522), (0.54889625, 0.49736995), (0.54181033, 0.513621), (0.5219948, 0.5128908), (0.53056145, 0.49516022), (0.53056145, 0.49516022), (0.5219948, 0.5128908), (0.4987053, 0.5142631), (0.51220936, 0.49364382), (0.54384065, 0.47705522), (0.53056145, 0.49516022), (0.51220936, 0.49364382), (0.5257133, 0.47302446), (0.5833689, 0.45363253), (0.5732029, 0.46443546), (0.56150776, 0.4604381), (0.5797961, 0.44735777), (0.5732029, 0.46443546), (0.5596987, 0.48044443), (0.54384065, 0.47705522), (0.56150776, 0.4604381), (0.56150776, 0.4604381), (0.54384065, 0.47705522), (0.5257133, 0.47302446), (0.55008507, 0.45555478), (0.5797961, 0.44735777), (0.56150776, 0.4604381), (0.55008507, 0.45555478), (0.5744567, 0.438085), (0.5940585, 0.48805875), (0.5882168, 0.50465494), (0.5682096, 0.50068384), (0.57650393, 0.4841349), (0.5882168, 0.50465494), (0.58329916, 0.51908207), (0.562246, 0.51591855), (0.5682096, 0.50068384), (0.5682096, 0.50068384), (0.562246, 0.51591855), (0.5418103, 0.51362103), (0.54889625, 0.49737), (0.57650393, 0.4841349), (0.5682096, 0.50068384), (0.54889625, 0.49737), (0.5596987, 0.4804444), (0.60832584, 0.44990462), (0.6014448, 0.46879324), (0.58684015, 0.46682838), (0.59483737, 0.45143166), (0.6014448, 0.46879324), (0.5940586, 0.48805878), (0.5765038, 0.4841349), (0.58684015, 0.46682838), (0.58684015, 0.46682838), (0.5765038, 0.4841349), (0.5596987, 0.48044443), (0.5732029, 0.46443546), (0.59483737, 0.45143166), (0.58684015, 0.46682838), (0.5732029, 0.46443546), (0.5833689, 0.45363253), (0.6189719, 0.4952247), (0.6183943, 0.5153099), (0.6027733, 0.51021624), (0.6060017, 0.49210715), (0.6183943, 0.5153099), (0.61717844, 0.5343129), (0.5996603, 0.5269215), (0.6027733, 0.51021624), (0.6027733, 0.51021624), (0.5996603, 0.5269215), (0.58329916, 0.51908207), (0.5882168, 0.50465494), (0.6060017, 0.49210715), (0.6027733, 0.51021624), (0.5882168, 0.50465494), (0.5940585, 0.48805875), (0.6230362, 0.46134752), (0.6210509, 0.4754706), (0.6108547, 0.47313008), (0.6167499, 0.45598418), (0.6210509, 0.4754706), (0.6189719, 0.49522468), (0.6060016, 0.49210706), (0.6108547, 0.47313008), (0.6108547, 0.47313008), (0.6060016, 0.49210706), (0.5940586, 0.48805878), (0.6014448, 0.46879324), (0.6167499, 0.45598418), (0.6108547, 0.47313008), (0.6014448, 0.46879324), (0.60832584, 0.44990462), (0.61547434, 0.42087233), (0.63092583, 0.42988855), (0.62344646, 0.44235054), (0.6127057, 0.43431103), (0.63092583, 0.42988855), (0.6463773, 0.43890476), (0.6312645, 0.4539333), (0.62344646, 0.44235054), (0.62344646, 0.44235054), (0.6312645, 0.4539333), (0.6230362, 0.46134752), (0.61674976, 0.45598418), (0.6127057, 0.43431103), (0.62344646, 0.44235054), (0.61674976, 0.45598418), (0.60832584, 0.44990462), (0.60832584, 0.44990465), (0.59483737, 0.45143166), (0.596654, 0.4395775), (0.6127057, 0.43431103), (0.59483737, 0.45143166), (0.5833689, 0.45363253), (0.5797961, 0.44735777), (0.596654, 0.4395775), (0.596654, 0.4395775), (0.5797961, 0.44735777), (0.5744567, 0.438085), (0.5949656, 0.4294787), (0.6127057, 0.43431103), (0.596654, 0.4395775), (0.5949656, 0.4294787), (0.61547434, 0.42087233), (0.6468893, 0.49930865), (0.6334478, 0.49694768), (0.6330916, 0.47355905), (0.6466334, 0.46910676), (0.6334478, 0.49694768), (0.6189718, 0.49522465), (0.6210509, 0.47547057), (0.6330916, 0.47355905), (0.6330916, 0.47355905), (0.6210509, 0.47547057), (0.6230362, 0.46134752), (0.63126457, 0.45393333), (0.6466334, 0.46910676), (0.6330916, 0.47355905), (0.63126457, 0.45393333), (0.6463773, 0.43890476), (0.6622448, 0.5484169), (0.63704306, 0.54106283), (0.6358425, 0.5196892), (0.6545671, 0.52386284), (0.63704306, 0.54106283), (0.6171784, 0.5343129), (0.6183943, 0.5153099), (0.6358425, 0.5196892), (0.6358425, 0.5196892), (0.6183943, 0.5153099), (0.6189718, 0.49522465), (0.6334478, 0.49694768), (0.6545671, 0.52386284), (0.6358425, 0.5196892), (0.6334478, 0.49694768), (0.6468893, 0.49930865), (0.64750373, 0.589949), (0.62120676, 0.57693046), (0.6325835, 0.5603599), (0.6548743, 0.56918305), (0.62120676, 0.57693046), (0.6032057, 0.566378), (0.61260116, 0.5515436), (0.6325835, 0.5603599), (0.6325835, 0.5603599), (0.61260116, 0.5515436), (0.6171784, 0.5343129), (0.63704306, 0.54106283), (0.6548743, 0.56918305), (0.6325835, 0.5603599), (0.63704306, 0.54106283), (0.6622448, 0.5484169), (0.57934785, 0.6145709), (0.578763, 0.59918076), (0.600845, 0.58962876), (0.61342585, 0.60226005), (0.578763, 0.59918076), (0.57294947, 0.5888398), (0.58879554, 0.5785104), (0.600845, 0.58962876), (0.600845, 0.58962876), (0.58879554, 0.5785104), (0.6032057, 0.566378), (0.62120676, 0.57693046), (0.61342585, 0.60226005), (0.600845, 0.58962876), (0.62120676, 0.57693046), (0.64750373, 0.589949), (0.61717844, 0.5343129), (0.6126013, 0.55154353), (0.59482294, 0.54225665), (0.5996603, 0.5269215), (0.6126013, 0.55154353), (0.6032057, 0.56637806), (0.5874086, 0.55625635), (0.59482294, 0.54225665), (0.59482294, 0.54225665), (0.5874086, 0.55625635), (0.5724886, 0.5462521), (0.57819325, 0.5326362), (0.5996603, 0.5269215), (0.59482294, 0.54225665), (0.57819325, 0.5326362), (0.58329916, 0.51908207), (0.5729495, 0.5888399), (0.56623954, 0.5814002), (0.5772879, 0.5690818), (0.5887956, 0.5785104), (0.56623954, 0.5814002), (0.559291, 0.57549006), (0.5660688, 0.5605791), (0.5772879, 0.5690818), (0.5772879, 0.5690818), (0.5660688, 0.5605791), (0.5724886, 0.5462521), (0.58740854, 0.55625635), (0.5887956, 0.5785104), (0.5772879, 0.5690818), (0.58740854, 0.55625635), (0.6032057, 0.56637806), (0.5729495, 0.58883995), (0.55952525, 0.59837025), (0.5562681, 0.59368205), (0.56623954, 0.5814002), (0.55952525, 0.59837025), (0.54972094, 0.60731894), (0.5483757, 0.6051079), (0.5562681, 0.59368205), (0.5562681, 0.59368205), (0.5483757, 0.6051079), (0.54681313, 0.6038152), (0.55266184, 0.5904178), (0.56623954, 0.5814002), (0.5562681, 0.59368205), (0.55266184, 0.5904178), (0.55929106, 0.57549006), (0.57934785, 0.6145709), (0.5632346, 0.6142107), (0.56198525, 0.60548043), (0.578763, 0.5991807), (0.5632346, 0.6142107), (0.5471212, 0.6138504), (0.5503418, 0.6109046), (0.56198525, 0.60548043), (0.56198525, 0.60548043), (0.5503418, 0.6109046), (0.54972094, 0.6073189), (0.55952525, 0.5983702), (0.578763, 0.5991807), (0.56198525, 0.60548043), (0.55952525, 0.5983702), (0.5729495, 0.5888399), (0.54972094, 0.6073189), (0.5503418, 0.61090463), (0.54406804, 0.61747676), (0.5436377, 0.61594015), (0.5503418, 0.61090463), (0.5471212, 0.6138504), (0.54405457, 0.6190992), (0.54406804, 0.61747676), (0.54406804, 0.61747676), (0.54405457, 0.6190992), (0.54098785, 0.6243479), (0.54025745, 0.62584764), (0.5436377, 0.61594015), (0.54406804, 0.61747676), (0.54025745, 0.62584764), (0.5396475, 0.62542135), (0.54681313, 0.6038152), (0.54837567, 0.6051079), (0.5429599, 0.6150603), (0.54218584, 0.61462903), (0.54837567, 0.6051079), (0.549721, 0.6073189), (0.54363775, 0.6159402), (0.5429599, 0.6150603), (0.5429599, 0.6150603), (0.54363775, 0.6159402), (0.5396475, 0.6254214), (0.53900397, 0.6250225), (0.54218584, 0.61462903), (0.5429599, 0.6150603), (0.53900397, 0.6250225), (0.53833115, 0.624764), (0.5396475, 0.62542135), (0.54025745, 0.62584764), (0.53674936, 0.6369673), (0.53608865, 0.6367278), (0.54025745, 0.62584764), (0.54098785, 0.6243479), (0.53738296, 0.6370365), (0.53674936, 0.6369673), (0.53674936, 0.6369673), (0.53738296, 0.6370365), (0.53377795, 0.6497249), (0.533528, 0.6492708), (0.53608865, 0.6367278), (0.53674936, 0.6369673), (0.533528, 0.6492708), (0.5328933, 0.64900374), (0.53833115, 0.624764), (0.53900397, 0.6250225), (0.53541595, 0.6364705), (0.5347396, 0.63623077), (0.53900397, 0.6250225), (0.5396475, 0.6254214), (0.5360887, 0.63672775), (0.53541595, 0.6364705), (0.53541595, 0.6364705), (0.5360887, 0.63672775), (0.5328933, 0.64900374), (0.53222, 0.64875543), (0.5347396, 0.63623077), (0.53541595, 0.6364705), (0.53222, 0.64875543), (0.53154683, 0.64850706), (0.5328933, 0.64900374), (0.533528, 0.6492708), (0.5309379, 0.6614531), (0.5302791, 0.66118526), (0.533528, 0.6492708), (0.53377795, 0.6497249), (0.53155816, 0.6617397), (0.5309379, 0.6614531), (0.5309379, 0.6614531), (0.53155816, 0.6617397), (0.5293383, 0.6737546), (0.5286752, 0.6734753), (0.5302791, 0.66118526), (0.5309379, 0.6614531), (0.5286752, 0.6734753), (0.52801204, 0.6731961), (0.5315468, 0.64850706), (0.53222007, 0.64875543), (0.52961075, 0.66092205), (0.52894235, 0.66065884), (0.53222007, 0.64875543), (0.5328933, 0.64900374), (0.5302791, 0.66118526), (0.52961075, 0.66092205), (0.52961075, 0.66092205), (0.5302791, 0.66118526), (0.52801204, 0.6731961), (0.527349, 0.672917), (0.52894235, 0.66065884), (0.52961075, 0.66092205), (0.527349, 0.672917), (0.5266859, 0.6726377), (0.5302003, 0.6480103), (0.53087354, 0.64825875), (0.528274, 0.6603957), (0.52760565, 0.66013235), (0.53087354, 0.64825875), (0.5315468, 0.64850706), (0.52894235, 0.66065884), (0.528274, 0.6603957), (0.528274, 0.6603957), (0.52894235, 0.66065884), (0.5266859, 0.6726377), (0.52602285, 0.6723584), (0.52760565, 0.66013235), (0.528274, 0.6603957), (0.52602285, 0.6723584), (0.52535975, 0.672079), (0.52838767, 0.6477503), (0.5294882, 0.6477818), (0.5269276, 0.6598741), (0.52621067, 0.65963566), (0.5294882, 0.6477818), (0.5302003, 0.6480103), (0.52760565, 0.66013235), (0.5269276, 0.6598741), (0.5269276, 0.6598741), (0.52760565, 0.66013235), (0.52535975, 0.672079), (0.5246967, 0.67179996), (0.52621067, 0.65963566), (0.5269276, 0.6598741), (0.5246967, 0.67179996), (0.5240336, 0.6715208), (0.53682876, 0.62448317), (0.5376352, 0.6245527), (0.5340603, 0.63599694), (0.5333673, 0.6357808), (0.5376352, 0.6245527), (0.53833115, 0.624764), (0.5347396, 0.63623077), (0.5340603, 0.63599694), (0.5340603, 0.63599694), (0.5347396, 0.63623077), (0.53154683, 0.64850706), (0.53087354, 0.64825875), (0.5333673, 0.6357808), (0.5340603, 0.63599694), (0.53087354, 0.64825875), (0.5302003, 0.6480103), (0.53553873, 0.6225601), (0.5359051, 0.62445027), (0.53265816, 0.6355493), (0.5319633, 0.63515526), (0.5359051, 0.62445027), (0.5368287, 0.6244832), (0.5333673, 0.6357808), (0.53265816, 0.6355493), (0.53265816, 0.6355493), (0.5333673, 0.6357808), (0.5302003, 0.6480103), (0.5294882, 0.6477818), (0.5319633, 0.63515526), (0.53265816, 0.6355493), (0.5294882, 0.6477818), (0.52838767, 0.6477503), (0.54150534, 0.60408497), (0.5443108, 0.60357016), (0.54123896, 0.61444044), (0.53999203, 0.6146838), (0.5443108, 0.60357016), (0.54681313, 0.6038152), (0.54218584, 0.61462903), (0.54123896, 0.61444044), (0.54123896, 0.61444044), (0.54218584, 0.61462903), (0.53833115, 0.624764), (0.5376352, 0.6245527), (0.53999203, 0.6146838), (0.54123896, 0.61444044), (0.5376352, 0.6245527), (0.53682876, 0.62448317), (0.55929106, 0.57549006), (0.55266184, 0.5904178), (0.5465073, 0.58995104), (0.5485567, 0.57459503), (0.55266184, 0.5904178), (0.54681313, 0.6038152), (0.54431087, 0.60357016), (0.5465073, 0.58995104), (0.5465073, 0.58995104), (0.54431087, 0.60357016), (0.54150534, 0.60408497), (0.5404422, 0.59047407), (0.5485567, 0.57459503), (0.5465073, 0.58995104), (0.5404422, 0.59047407), (0.53833574, 0.5748415), (0.5724886, 0.5462521), (0.5660688, 0.5605791), (0.55123, 0.5590655), (0.55439764, 0.54413027), (0.5660688, 0.5605791), (0.55929106, 0.57549006), (0.5485567, 0.57459503), (0.55123, 0.5590655), (0.55123, 0.5590655), (0.5485567, 0.57459503), (0.53833574, 0.5748415), (0.5369895, 0.5588013), (0.55439764, 0.54413027), (0.55123, 0.5590655), (0.5369895, 0.5588013), (0.5368295, 0.5432563), (0.54181033, 0.51362103), (0.5622459, 0.5159185), (0.5578858, 0.5300579), (0.53811467, 0.52856547), (0.5622459, 0.5159185), (0.58329916, 0.51908207), (0.57819325, 0.5326362), (0.5578858, 0.5300579), (0.5578858, 0.5300579), (0.57819325, 0.5326362), (0.5724886, 0.5462521), (0.55439764, 0.54413027), (0.53811467, 0.52856547), (0.5578858, 0.5300579), (0.55439764, 0.54413027), (0.53682953, 0.5432563), (0.7766388, 0.44077003), (0.7758252, 0.4411171), (0.7731666, 0.42845848), (0.7740737, 0.42816013), (0.7758252, 0.4411171), (0.7750116, 0.44146413), (0.7723354, 0.42879787), (0.7731666, 0.42845848), (0.7731666, 0.42845848), (0.7723354, 0.42879787), (0.76899207, 0.41579366), (0.76987076, 0.41546687), (0.7740737, 0.42816013), (0.7731666, 0.42845848), (0.76987076, 0.41546687), (0.77150846, 0.41555014), (0.7750116, 0.44146413), (0.7741982, 0.4418113), (0.7715232, 0.42914757), (0.7723354, 0.42879787), (0.7741982, 0.4418113), (0.7733847, 0.44215834), (0.77071106, 0.42949724), (0.7715232, 0.42914757), (0.7715232, 0.42914757), (0.77071106, 0.42949724), (0.7673869, 0.41652945), (0.76818943, 0.4161616), (0.7723354, 0.42879787), (0.7715232, 0.42914757), (0.76818943, 0.4161616), (0.76899207, 0.41579366), (0.7689922, 0.4157937), (0.76818943, 0.41616157), (0.7637748, 0.402869), (0.76456183, 0.4024691), (0.76818943, 0.41616157), (0.7673868, 0.41652942), (0.7629883, 0.40327293), (0.7637748, 0.402869), (0.7637748, 0.402869), (0.7629883, 0.40327293), (0.7579985, 0.39104503), (0.75880283, 0.39063796), (0.76456183, 0.4024691), (0.7637748, 0.402869), (0.75880283, 0.39063796), (0.759611, 0.3902631), (0.77150846, 0.41555014), (0.76987076, 0.41546687), (0.7653618, 0.40203872), (0.7662104, 0.40146384), (0.76987076, 0.41546687), (0.76899207, 0.41579366), (0.7645618, 0.40246907), (0.7653618, 0.40203872), (0.7653618, 0.40203872), (0.7645618, 0.40246907), (0.75961095, 0.39026314), (0.76039827, 0.38975233), (0.7662104, 0.40146384), (0.7653618, 0.40203872), (0.76039827, 0.38975233), (0.7609121, 0.38737747), (0.759611, 0.3902631), (0.75880283, 0.39063796), (0.75394833, 0.3806971), (0.7549255, 0.38041428), (0.75880283, 0.39063796), (0.7579985, 0.39104503), (0.7529988, 0.3810671), (0.75394833, 0.3806971), (0.75394833, 0.3806971), (0.7529988, 0.3810671), (0.7480569, 0.37287757), (0.7495448, 0.37236473), (0.7549255, 0.38041428), (0.75394833, 0.3806971), (0.7495448, 0.37236473), (0.75118005, 0.37193716), (0.7609121, 0.38737747), (0.76039827, 0.38975233), (0.7558843, 0.38025862), (0.7566118, 0.3801176), (0.76039827, 0.38975233), (0.75961095, 0.39026314), (0.7549255, 0.38041428), (0.7558843, 0.38025862), (0.7558843, 0.38025862), (0.7549255, 0.38041428), (0.7511801, 0.37193713), (0.7528295, 0.37176874), (0.7566118, 0.3801176), (0.7558843, 0.38025862), (0.7528295, 0.37176874), (0.7523112, 0.37285766), (0.75118005, 0.37193716), (0.7495448, 0.37236473), (0.74572706, 0.36458197), (0.7487857, 0.36347052), (0.7495448, 0.37236473), (0.7480569, 0.37287757), (0.7430538, 0.36563447), (0.74572706, 0.36458197), (0.74572706, 0.36458197), (0.7430538, 0.36563447), (0.7376413, 0.35865697), (0.74217504, 0.35669222), (0.7487857, 0.36347052), (0.74572706, 0.36458197), (0.74217504, 0.35669222), (0.74720645, 0.35437468), (0.7523112, 0.37285766), (0.7528295, 0.37176874), (0.7524486, 0.362325), (0.7563448, 0.36137837), (0.7528295, 0.37176874), (0.7511801, 0.37193713), (0.7487856, 0.3634705), (0.7524486, 0.362325), (0.7524486, 0.362325), (0.7487856, 0.3634705), (0.74720645, 0.35437465), (0.75314665, 0.35160977), (0.7563448, 0.36137837), (0.7524486, 0.362325), (0.75314665, 0.35160977), (0.7603782, 0.34989902), (0.74720645, 0.35437468), (0.74217504, 0.35669222), (0.73838323, 0.34824383), (0.7457031, 0.34432513), (0.74217504, 0.35669222), (0.7376413, 0.35865697), (0.73130554, 0.35140562), (0.73838323, 0.34824383), (0.73838323, 0.34824383), (0.73130554, 0.35140562), (0.7231051, 0.34374547), (0.7335593, 0.3392043), (0.7457031, 0.34432513), (0.73838323, 0.34824383), (0.7335593, 0.3392043), (0.74366903, 0.33353654), (0.7603782, 0.34989902), (0.75314665, 0.35160977), (0.7534535, 0.3391693), (0.7615535, 0.3333548), (0.75314665, 0.35160977), (0.74720645, 0.35437465), (0.745703, 0.34432507), (0.7534535, 0.3391693), (0.7534535, 0.3391693), (0.745703, 0.34432507), (0.74366915, 0.33353657), (0.7532324, 0.32594866), (0.7615535, 0.3333548), (0.7534535, 0.3391693), (0.7532324, 0.32594866), (0.76272863, 0.3168105), (0.76272863, 0.3168105), (0.7532324, 0.32594866), (0.7518802, 0.3128473), (0.7629052, 0.30179098), (0.7532324, 0.32594866), (0.74366915, 0.33353657), (0.74027425, 0.32238328), (0.7518802, 0.3128473), (0.7518802, 0.3128473), (0.74027425, 0.32238328), (0.73365945, 0.31133834), (0.74671465, 0.30051526), (0.7629052, 0.30179098), (0.7518802, 0.3128473), (0.74671465, 0.30051526), (0.76308155, 0.28677145), (0.74366903, 0.33353654), (0.7335593, 0.3392043), (0.726942, 0.3296886), (0.74027425, 0.3223833), (0.7335593, 0.3392043), (0.7231051, 0.34374547), (0.7124938, 0.3356877), (0.726942, 0.3296886), (0.726942, 0.3296886), (0.7124938, 0.3356877), (0.7009376, 0.32742321), (0.7181784, 0.3199829), (0.74027425, 0.3223833), (0.726942, 0.3296886), (0.7181784, 0.3199829), (0.73365945, 0.3113384), (0.73365945, 0.3113384), (0.7181784, 0.3199829), (0.70719427, 0.31038588), (0.72242904, 0.30086386), (0.7181784, 0.3199829), (0.7009376, 0.32742321), (0.6899448, 0.3191078), (0.70719427, 0.31038588), (0.70719427, 0.31038588), (0.6899448, 0.3191078), (0.679181, 0.31057602), (0.69461924, 0.30107588), (0.72242904, 0.30086386), (0.70719427, 0.31038588), (0.69461924, 0.30107588), (0.70806926, 0.2912785), (0.76308155, 0.28677145), (0.74671465, 0.30051526), (0.7344448, 0.28993782), (0.74500066, 0.2779312), (0.74671465, 0.30051526), (0.73365945, 0.31133834), (0.722429, 0.3008638), (0.7344448, 0.28993782), (0.7344448, 0.28993782), (0.722429, 0.3008638), (0.70806926, 0.29127854), (0.7182523, 0.2808771), (0.74500066, 0.2779312), (0.7344448, 0.28993782), (0.7182523, 0.2808771), (0.72691953, 0.26909086), (0.72691953, 0.26909086), (0.7182523, 0.2808771), (0.7007434, 0.27346975), (0.7071376, 0.2641659), (0.7182523, 0.2808771), (0.70806926, 0.29127854), (0.692419, 0.28271052), (0.7007434, 0.27346975), (0.7007434, 0.27346975), (0.692419, 0.28271052), (0.6758472, 0.2746668), (0.6830513, 0.26699162), (0.7071376, 0.2641659), (0.7007434, 0.27346975), (0.6830513, 0.26699162), (0.6873554, 0.25924093), (0.70806926, 0.2912785), (0.69461924, 0.30107588), (0.6809813, 0.29202884), (0.692419, 0.2827105), (0.69461924, 0.30107588), (0.679181, 0.31057602), (0.6676865, 0.30141318), (0.6809813, 0.29202884), (0.6809813, 0.29202884), (0.6676865, 0.30141318), (0.6538435, 0.29052764), (0.66569406, 0.28253365), (0.692419, 0.2827105), (0.6809813, 0.29202884), (0.66569406, 0.28253365), (0.6758473, 0.2746668), (0.7009376, 0.32742321), (0.68939847, 0.33377707), (0.6779725, 0.3256098), (0.6899448, 0.3191078), (0.68939847, 0.33377707), (0.6778664, 0.34076977), (0.6655409, 0.33245605), (0.6779725, 0.3256098), (0.6779725, 0.3256098), (0.6655409, 0.33245605), (0.6522943, 0.3241902), (0.66603893, 0.31732658), (0.6899448, 0.3191078), (0.6779725, 0.3256098), (0.66603893, 0.31732658), (0.679181, 0.31057602), (0.679181, 0.31057602), (0.66603893, 0.31732658), (0.6529305, 0.3084001), (0.6676865, 0.30141318), (0.66603893, 0.31732658), (0.6522943, 0.3241902), (0.63804203, 0.3152929), (0.6529305, 0.3084001), (0.6529305, 0.3084001), (0.63804203, 0.3152929), (0.62292576, 0.30471817), (0.63797766, 0.29772335), (0.6676865, 0.30141318), (0.6529305, 0.3084001), (0.63797766, 0.29772335), (0.6538435, 0.29052764), (0.6522943, 0.3241902), (0.63741815, 0.33127838), (0.6228455, 0.32205912), (0.63804203, 0.31529287), (0.63741815, 0.33127838), (0.6206698, 0.33883932), (0.6071656, 0.3288529), (0.6228455, 0.32205912), (0.6228455, 0.32205912), (0.6071656, 0.3288529), (0.5936612, 0.3188664), (0.60900664, 0.31146392), (0.63804203, 0.31529287), (0.6228455, 0.32205912), (0.60900664, 0.31146392), (0.62292576, 0.3047182), (0.67786634, 0.34076977), (0.6665115, 0.34871888), (0.652353, 0.33985767), (0.6655408, 0.33245596), (0.6665115, 0.34871888), (0.65681875, 0.35622275), (0.63874424, 0.34753108), (0.652353, 0.33985767), (0.652353, 0.33985767), (0.63874424, 0.34753108), (0.6206698, 0.33883932), (0.63741815, 0.33127838), (0.6655408, 0.33245596), (0.652353, 0.33985767), (0.63741815, 0.33127838), (0.6522943, 0.3241902), (0.7016189, 0.35700306), (0.69183713, 0.36675933), (0.67903584, 0.3584539), (0.6895745, 0.34935814), (0.69183713, 0.36675933), (0.6810495, 0.38141167), (0.66893417, 0.36881727), (0.67903584, 0.3584539), (0.67903584, 0.3584539), (0.66893417, 0.36881727), (0.65681875, 0.35622275), (0.6665115, 0.34871888), (0.6895745, 0.34935814), (0.67903584, 0.3584539), (0.6665115, 0.34871888), (0.67786634, 0.34076977), (0.7271401, 0.36677906), (0.7214837, 0.37296894), (0.7065883, 0.37095517), (0.7146107, 0.36257946), (0.7214837, 0.37296894), (0.71622086, 0.38053823), (0.6986353, 0.380975), (0.7065883, 0.37095517), (0.7065883, 0.37095517), (0.6986353, 0.380975), (0.6810495, 0.38141167), (0.69183713, 0.36675933), (0.7146107, 0.36257946), (0.7065883, 0.37095517), (0.69183713, 0.36675933), (0.7016189, 0.35700306), (0.7231051, 0.34374547), (0.7121051, 0.3497361), (0.7008225, 0.34201586), (0.7124938, 0.3356877), (0.7121051, 0.3497361), (0.7016189, 0.3570031), (0.68957454, 0.3493582), (0.7008225, 0.34201586), (0.7008225, 0.34201586), (0.68957454, 0.3493582), (0.6778664, 0.34076977), (0.68939847, 0.33377707), (0.7124938, 0.3356877), (0.7008225, 0.34201586), (0.68939847, 0.33377707), (0.7009376, 0.32742321), (0.7376413, 0.35865697), (0.73249847, 0.3622364), (0.722878, 0.35637227), (0.73130554, 0.35140562), (0.73249847, 0.3622364), (0.7271401, 0.36677906), (0.71461076, 0.3625795), (0.722878, 0.35637227), (0.722878, 0.35637227), (0.71461076, 0.3625795), (0.7016189, 0.3570031), (0.7121051, 0.3497361), (0.73130554, 0.35140562), (0.722878, 0.35637227), (0.7121051, 0.3497361), (0.7231051, 0.34374547), (0.745743, 0.37564522), (0.7448249, 0.37727588), (0.73453337, 0.37449333), (0.737616, 0.37074944), (0.7448249, 0.37727588), (0.7470067, 0.3766686), (0.7316139, 0.37860346), (0.73453337, 0.37449333), (0.73453337, 0.37449333), (0.7316139, 0.37860346), (0.71622086, 0.38053823), (0.7214837, 0.37296894), (0.737616, 0.37074944), (0.73453337, 0.37449333), (0.7214837, 0.37296894), (0.7271401, 0.36677906), (0.7480569, 0.37287757), (0.7469171, 0.37414747), (0.7404405, 0.36790636), (0.7430538, 0.36563447), (0.7469171, 0.37414747), (0.745743, 0.37564516), (0.7376161, 0.37074953), (0.7404405, 0.36790636), (0.7404405, 0.36790636), (0.7376161, 0.37074953), (0.7271401, 0.36677906), (0.73249847, 0.3622364), (0.7430538, 0.36563447), (0.7404405, 0.36790636), (0.73249847, 0.3622364), (0.7376413, 0.35865697), (0.75673336, 0.3918751), (0.75610673, 0.39213368), (0.7512778, 0.38324216), (0.75175786, 0.3825022), (0.75610673, 0.39213368), (0.75522476, 0.39055192), (0.7511158, 0.3836103), (0.7512778, 0.38324216), (0.7512778, 0.38324216), (0.7511158, 0.3836103), (0.7470067, 0.3766686), (0.7448249, 0.37727588), (0.75175786, 0.3825022), (0.7512778, 0.38324216), (0.7448249, 0.37727588), (0.745743, 0.37564522), (0.7579985, 0.39104503), (0.7573584, 0.3914534), (0.7523625, 0.38175458), (0.7529988, 0.3810671), (0.7573584, 0.3914534), (0.75673336, 0.39187512), (0.7517579, 0.3825022), (0.7523625, 0.38175458), (0.7523625, 0.38175458), (0.7517579, 0.3825022), (0.745743, 0.37564516), (0.7469171, 0.37414747), (0.7529988, 0.3810671), (0.7523625, 0.38175458), (0.7469171, 0.37414747), (0.7480569, 0.37287757), (0.76596856, 0.41698816), (0.7653295, 0.4172454), (0.7609364, 0.4040781), (0.76161057, 0.40383357), (0.7653295, 0.4172454), (0.7653894, 0.41778177), (0.7603072, 0.40416688), (0.7609364, 0.4040781), (0.7609364, 0.4040781), (0.7603072, 0.40416688), (0.75522476, 0.39055192), (0.75610673, 0.39213368), (0.76161057, 0.40383357), (0.7609364, 0.4040781), (0.75610673, 0.39213368), (0.75673336, 0.3918751), (0.7673868, 0.41652942), (0.76667774, 0.4167588), (0.7622985, 0.40355244), (0.7629883, 0.40327293), (0.76667774, 0.4167588), (0.76596856, 0.41698816), (0.7616105, 0.4038336), (0.7622985, 0.40355244), (0.7622985, 0.40355244), (0.7616105, 0.4038336), (0.75673336, 0.39187512), (0.7573584, 0.3914534), (0.7629883, 0.40327293), (0.7622985, 0.40355244), (0.7573584, 0.3914534), (0.7579985, 0.39104503), (0.77195203, 0.44257998), (0.77123576, 0.44279084), (0.76858234, 0.4301437), (0.7692803, 0.42992356), (0.77123576, 0.44279084), (0.77051955, 0.44300166), (0.76795447, 0.43039173), (0.76858234, 0.4301437), (0.76858234, 0.4301437), (0.76795447, 0.43039173), (0.7653894, 0.41778177), (0.7653295, 0.4172454), (0.7692803, 0.42992356), (0.76858234, 0.4301437), (0.7653295, 0.4172454), (0.76596856, 0.41698816), (0.7733847, 0.44215834), (0.7726684, 0.44236916), (0.7699956, 0.42971045), (0.77071106, 0.42949724), (0.7726684, 0.44236916), (0.77195203, 0.44257998), (0.7692803, 0.42992356), (0.7699956, 0.42971045), (0.7699956, 0.42971045), (0.7692803, 0.42992356), (0.76596856, 0.41698816), (0.7666777, 0.4167588), (0.77071106, 0.42949724), (0.7699956, 0.42971045), (0.7666777, 0.4167588), (0.7673869, 0.41652945), (0.62292576, 0.3047182), (0.60900664, 0.31146392), (0.5967068, 0.2987967), (0.60679615, 0.2917491), (0.60900664, 0.31146392), (0.5936612, 0.3188664), (0.5882217, 0.30579248), (0.5967068, 0.2987967), (0.5967068, 0.2987967), (0.5882217, 0.30579248), (0.58278227, 0.29271856), (0.5847091, 0.28502744), (0.60679615, 0.2917491), (0.5967068, 0.2987967), (0.5847091, 0.28502744), (0.5866358, 0.2773363), (0.6538435, 0.29052767), (0.63797766, 0.29772332), (0.62073946, 0.28450215), (0.636511, 0.27711752), (0.63797766, 0.29772332), (0.62292576, 0.3047182), (0.60679615, 0.2917491), (0.62073946, 0.28450215), (0.62073946, 0.28450215), (0.60679615, 0.2917491), (0.5866358, 0.2773363), (0.6018745, 0.26977602), (0.636511, 0.27711752), (0.62073946, 0.28450215), (0.6018745, 0.26977602), (0.61711305, 0.26221567), (0.6758472, 0.2746668), (0.665694, 0.28253365), (0.64828575, 0.27198574), (0.65858877, 0.26669976), (0.665694, 0.28253365), (0.6538435, 0.29052767), (0.636511, 0.27711752), (0.64828575, 0.27198574), (0.64828575, 0.27198574), (0.636511, 0.27711752), (0.61711305, 0.26221567), (0.6297778, 0.2608544), (0.65858877, 0.26669976), (0.64828575, 0.27198574), (0.6297778, 0.2608544), (0.64244246, 0.2594931), (0.6873554, 0.25924093), (0.6830513, 0.26699162), (0.6660418, 0.26095992), (0.67190284, 0.2550456), (0.6830513, 0.26699162), (0.6758472, 0.2746668), (0.65858877, 0.26669976), (0.6660418, 0.26095992), (0.6660418, 0.26095992), (0.65858877, 0.26669976), (0.64244246, 0.2594931), (0.64944637, 0.2551717), (0.67190284, 0.2550456), (0.6660418, 0.26095992), (0.64944637, 0.2551717), (0.6564502, 0.25085023), (0.20745604, 0.3642917), (0.20105012, 0.36717767), (0.19977218, 0.36600325), (0.21105891, 0.36289185), (0.20105012, 0.36717767), (0.19464417, 0.3700635), (0.19308883, 0.3702422), (0.19977218, 0.36600325), (0.19977218, 0.36600325), (0.19308883, 0.3702422), (0.18923697, 0.36814567), (0.19821675, 0.36472914), (0.21105891, 0.36289185), (0.19977218, 0.36600325), (0.19821675, 0.36472914), (0.21079856, 0.36186132), (0.21079855, 0.3618613), (0.22795495, 0.35839534), (0.22819187, 0.35928807), (0.21105891, 0.3628918), (0.22795495, 0.35839534), (0.24605818, 0.35454535), (0.24650434, 0.35538614), (0.22819187, 0.35928807), (0.22819187, 0.35928807), (0.24650434, 0.35538614), (0.24905686, 0.356125), (0.22825648, 0.36020836), (0.21105891, 0.3628918), (0.22819187, 0.35928807), (0.22825648, 0.36020836), (0.20745604, 0.3642917), (0.19464417, 0.3700635), (0.20095247, 0.38218173), (0.19013551, 0.3776386), (0.19308883, 0.3702422), (0.20095247, 0.38218173), (0.20726071, 0.39429986), (0.18703696, 0.3872531), (0.19013551, 0.3776386), (0.19013551, 0.3776386), (0.18703696, 0.3872531), (0.17431144, 0.38002497), (0.18182625, 0.37327948), (0.19308883, 0.3702422), (0.19013551, 0.3776386), (0.18182625, 0.37327948), (0.18923697, 0.36814567), (0.20726071, 0.39429986), (0.19952996, 0.40989497), (0.1796465, 0.398327), (0.18703696, 0.3872531), (0.19952996, 0.40989497), (0.19179916, 0.42548996), (0.16586742, 0.40897176), (0.1796465, 0.398327), (0.1796465, 0.398327), (0.16586742, 0.40897176), (0.15108013, 0.3954515), (0.16491473, 0.3878078), (0.18703696, 0.3872531), (0.1796465, 0.398327), (0.16491473, 0.3878078), (0.17431144, 0.38002497), (0.17431146, 0.38002497), (0.1649147, 0.3878078), (0.15716107, 0.37889254), (0.16797344, 0.37400764), (0.1649147, 0.3878078), (0.15108013, 0.39545146), (0.14319511, 0.38382363), (0.15716107, 0.37889254), (0.15716107, 0.37889254), (0.14319511, 0.38382363), (0.13900442, 0.3732123), (0.15342411, 0.3709245), (0.16797344, 0.37400764), (0.15716107, 0.37889254), (0.15342411, 0.3709245), (0.16523395, 0.36877477), (0.18923695, 0.36814567), (0.18182625, 0.37327945), (0.17764437, 0.36972702), (0.1870907, 0.3662748), (0.18182625, 0.37327945), (0.17431146, 0.38002497), (0.16797344, 0.37400764), (0.17764437, 0.36972702), (0.17764437, 0.36972702), (0.16797344, 0.37400764), (0.16523395, 0.36877477), (0.17593339, 0.3667116), (0.1870907, 0.3662748), (0.17764437, 0.36972702), (0.17593339, 0.3667116), (0.18617964, 0.36469322), (0.16523395, 0.36877477), (0.15342411, 0.3709245), (0.15403669, 0.35832712), (0.1658408, 0.36051145), (0.15342411, 0.3709245), (0.13900442, 0.3732123), (0.13984986, 0.35637733), (0.15403669, 0.35832712), (0.15403669, 0.35832712), (0.13984986, 0.35637733), (0.14232747, 0.33801267), (0.15628971, 0.3434811), (0.1658408, 0.36051145), (0.15403669, 0.35832712), (0.15628971, 0.3434811), (0.1680419, 0.3495963), (0.18617964, 0.36469322), (0.17593339, 0.3667116), (0.1763679, 0.36211672), (0.18634382, 0.3625722), (0.17593339, 0.3667116), (0.16523395, 0.36877477), (0.1658408, 0.36051145), (0.1763679, 0.36211672), (0.1763679, 0.36211672), (0.1658408, 0.36051145), (0.1680419, 0.3495963), (0.17800127, 0.35548627), (0.18634382, 0.3625722), (0.1763679, 0.36211672), (0.17800127, 0.35548627), (0.18717946, 0.3594259), (0.18717945, 0.35942587), (0.17800125, 0.35548633), (0.18168297, 0.34551436), (0.18902837, 0.3551701), (0.17800125, 0.35548633), (0.16804191, 0.3495963), (0.17320737, 0.33386698), (0.18168297, 0.34551436), (0.18168297, 0.34551436), (0.17320737, 0.33386698), (0.18303905, 0.31154093), (0.18676493, 0.33371165), (0.18902837, 0.3551701), (0.18168297, 0.34551436), (0.18676493, 0.33371165), (0.19049074, 0.35588235), (0.16804191, 0.3495963), (0.15628971, 0.3434811), (0.16133502, 0.3248085), (0.17320737, 0.33386698), (0.15628971, 0.3434811), (0.14232747, 0.3380127), (0.14745152, 0.31717765), (0.16133502, 0.3248085), (0.16133502, 0.3248085), (0.14745152, 0.31717765), (0.15346913, 0.29560253), (0.1682541, 0.30357176), (0.17320737, 0.33386698), (0.16133502, 0.3248085), (0.1682541, 0.30357176), (0.18303905, 0.31154093), (0.20979758, 0.35809532), (0.19698235, 0.36002603), (0.19759515, 0.3580828), (0.20948529, 0.3570192), (0.19698235, 0.36002603), (0.18717945, 0.35942587), (0.18902837, 0.3551701), (0.19759515, 0.3580828), (0.19759515, 0.3580828), (0.18902837, 0.3551701), (0.19049074, 0.35588235), (0.19802538, 0.35647735), (0.20948529, 0.3570192), (0.19759515, 0.3580828), (0.19802538, 0.35647735), (0.20555995, 0.35707232), (0.20555995, 0.35707232), (0.22641903, 0.3532121), (0.22679086, 0.35399228), (0.20948529, 0.35701922), (0.22641903, 0.3532121), (0.24727806, 0.34935176), (0.24509999, 0.35028312), (0.22679086, 0.35399228), (0.22679086, 0.35399228), (0.24509999, 0.35028312), (0.24511608, 0.3511414), (0.22702302, 0.35487542), (0.20948529, 0.35701922), (0.22679086, 0.35399228), (0.22702302, 0.35487542), (0.20979756, 0.35809535), (0.2731979, 0.3421575), (0.28615782, 0.33856043), (0.28647673, 0.33936226), (0.27348465, 0.3429743), (0.28615782, 0.33856043), (0.29911774, 0.3349633), (0.29946885, 0.33575022), (0.28647673, 0.33936226), (0.28647673, 0.33936226), (0.29946885, 0.33575022), (0.2998199, 0.33653706), (0.28679565, 0.34016404), (0.27348465, 0.3429743), (0.28647673, 0.33936226), (0.28679565, 0.34016404), (0.27377135, 0.343791), (0.27377135, 0.343791), (0.28679565, 0.34016404), (0.28711447, 0.34096593), (0.27405804, 0.34460786), (0.28679565, 0.34016404), (0.2998199, 0.33653706), (0.3001709, 0.337324), (0.28711447, 0.34096593), (0.28711447, 0.34096593), (0.3001709, 0.337324), (0.3005219, 0.3381109), (0.28743333, 0.34176776), (0.27405804, 0.34460786), (0.28711447, 0.34096593), (0.28743333, 0.34176776), (0.27434474, 0.34542465), (0.27434474, 0.34542465), (0.28743333, 0.34176776), (0.2877522, 0.34256965), (0.27463147, 0.34624147), (0.28743333, 0.34176776), (0.3005219, 0.3381109), (0.30087304, 0.33889788), (0.2877522, 0.34256965), (0.2877522, 0.34256965), (0.30087304, 0.33889788), (0.30122405, 0.3396848), (0.28807113, 0.34337157), (0.27463147, 0.34624147), (0.2877522, 0.34256965), (0.28807113, 0.34337157), (0.27491814, 0.3470583), (0.27491814, 0.3470583), (0.28807113, 0.34337157), (0.28838998, 0.34417343), (0.2752048, 0.34787506), (0.28807113, 0.34337157), (0.30122405, 0.3396848), (0.30157515, 0.3404718), (0.28838998, 0.34417343), (0.28838998, 0.34417343), (0.30157515, 0.3404718), (0.3019262, 0.34125873), (0.28870887, 0.34497532), (0.2752048, 0.34787506), (0.28838998, 0.34417343), (0.28870887, 0.34497532), (0.2754915, 0.34869185), (0.21006396, 0.36002603), (0.22745976, 0.35664132), (0.22769888, 0.35751605), (0.21036364, 0.36092532), (0.22745976, 0.35664132), (0.24558717, 0.3528434), (0.2458227, 0.35369438), (0.22769888, 0.35751605), (0.22769888, 0.35751605), (0.2458227, 0.35369438), (0.24605817, 0.35454535), (0.22795494, 0.35839537), (0.21036364, 0.36092532), (0.22769888, 0.35751605), (0.22795494, 0.35839537), (0.21079853, 0.36186135), (0.20979758, 0.35809535), (0.22702302, 0.35487542), (0.22723587, 0.35576513), (0.20988671, 0.35911483), (0.22702302, 0.35487542), (0.24511611, 0.35114142), (0.24535164, 0.3519924), (0.22723587, 0.35576513), (0.22723587, 0.35576513), (0.24535164, 0.3519924), (0.24558717, 0.3528434), (0.22745976, 0.35664132), (0.20988671, 0.35911483), (0.22723587, 0.35576513), (0.22745976, 0.35664132), (0.21006396, 0.36002603), (0.21006396, 0.36002603), (0.19678997, 0.3626043), (0.19673946, 0.3615078), (0.20988671, 0.35911483), (0.19678997, 0.3626043), (0.18617964, 0.36469322), (0.18634382, 0.3625722), (0.19673946, 0.3615078), (0.19673946, 0.3615078), (0.18634382, 0.3625722), (0.18717946, 0.3594259), (0.19698237, 0.36002603), (0.20988671, 0.35911483), (0.19673946, 0.3615078), (0.19698237, 0.36002603), (0.20979759, 0.35809532), (0.21079853, 0.36186132), (0.19821677, 0.36472923), (0.19726561, 0.363605), (0.21036366, 0.36092532), (0.19821677, 0.36472923), (0.18923695, 0.36814567), (0.1870907, 0.3662748), (0.19726561, 0.363605), (0.19726561, 0.363605), (0.1870907, 0.3662748), (0.18617964, 0.36469322), (0.19678997, 0.3626043), (0.21036366, 0.36092532), (0.19726561, 0.363605), (0.19678997, 0.3626043), (0.21006396, 0.36002603), (0.10876911, 0.33321822), (0.11673167, 0.30699456), (0.13273005, 0.3102978), (0.12614553, 0.3340456), (0.11673167, 0.30699456), (0.12921734, 0.27397937), (0.14134325, 0.28479096), (0.13273005, 0.3102978), (0.13273005, 0.3102978), (0.14134325, 0.28479096), (0.15346913, 0.29560253), (0.14745152, 0.31717762), (0.12614553, 0.3340456), (0.13273005, 0.3102978), (0.14745152, 0.31717762), (0.14232746, 0.33801267), (0.07403757, 0.3443141), (0.07880247, 0.3209828), (0.098557204, 0.3109545), (0.09129083, 0.33686402), (0.07880247, 0.3209828), (0.086988546, 0.29000592), (0.108102955, 0.28199267), (0.098557204, 0.3109545), (0.098557204, 0.3109545), (0.108102955, 0.28199267), (0.12921734, 0.27397937), (0.11673167, 0.30699456), (0.09129083, 0.33686402), (0.098557204, 0.3109545), (0.11673167, 0.30699456), (0.10876911, 0.33321822), (0.046610937, 0.36044455), (0.040588204, 0.3539552), (0.05779763, 0.33695406), (0.05778211, 0.3537184), (0.040588204, 0.3539552), (0.026462734, 0.3459818), (0.056725644, 0.3179939), (0.05779763, 0.33695406), (0.05779763, 0.33695406), (0.056725644, 0.3179939), (0.086988546, 0.29000592), (0.07880247, 0.3209828), (0.05778211, 0.3537184), (0.05779763, 0.33695406), (0.07880247, 0.3209828), (0.07403757, 0.3443141), (0.068828925, 0.3807802), (0.053995833, 0.381502), (0.056120668, 0.36830676), (0.07099329, 0.36359563), (0.053995833, 0.381502), (0.040327616, 0.3821057), (0.043229256, 0.37080678), (0.056120668, 0.36830676), (0.056120668, 0.36830676), (0.043229256, 0.37080678), (0.046610937, 0.36044455), (0.05778211, 0.35371843), (0.07099329, 0.36359563), (0.056120668, 0.36830676), (0.05778211, 0.35371843), (0.07403757, 0.3443141), (0.102124006, 0.3778491), (0.08470423, 0.37958777), (0.08710974, 0.35921323), (0.10443341, 0.35631487), (0.08470423, 0.37958777), (0.068828925, 0.38078016), (0.07099329, 0.36359566), (0.08710974, 0.35921323), (0.08710974, 0.35921323), (0.07099329, 0.36359566), (0.07403756, 0.34431404), (0.09129085, 0.33686405), (0.10443341, 0.35631487), (0.08710974, 0.35921323), (0.09129085, 0.33686405), (0.10876911, 0.33321822), (0.07513772, 0.40525946), (0.059530728, 0.40252545), (0.05715095, 0.39212322), (0.07187198, 0.39290628), (0.059530728, 0.40252545), (0.04866438, 0.40000325), (0.044480897, 0.39221314), (0.05715095, 0.39212322), (0.05715095, 0.39212322), (0.044480897, 0.39221314), (0.040327616, 0.3821057), (0.053995833, 0.381502), (0.07187198, 0.39290628), (0.05715095, 0.39212322), (0.053995833, 0.381502), (0.068828925, 0.3807802), (0.11021338, 0.40562102), (0.09169724, 0.4066159), (0.087681785, 0.39283416), (0.10526529, 0.39131677), (0.09169724, 0.4066159), (0.07513771, 0.40525946), (0.07187199, 0.3929063), (0.087681785, 0.39283416), (0.087681785, 0.39283416), (0.07187199, 0.3929063), (0.068828925, 0.38078016), (0.08470423, 0.37958777), (0.10526529, 0.39131677), (0.087681785, 0.39283416), (0.08470423, 0.37958777), (0.102124006, 0.3778491), (0.08504714, 0.43198398), (0.07897566, 0.41807726), (0.09738355, 0.42140666), (0.103872016, 0.437199), (0.07897566, 0.41807726), (0.07513772, 0.40525946), (0.09169724, 0.40661594), (0.09738355, 0.42140666), (0.09738355, 0.42140666), (0.09169724, 0.40661594), (0.11021337, 0.40562102), (0.11773594, 0.42169964), (0.103872016, 0.437199), (0.09738355, 0.42140666), (0.11773594, 0.42169964), (0.12269688, 0.44241396), (0.032919172, 0.41534814), (0.043625157, 0.40556782), (0.05983519, 0.41282687), (0.058983166, 0.4236661), (0.043625157, 0.40556782), (0.04866438, 0.40000325), (0.05953073, 0.40252545), (0.05983519, 0.41282687), (0.05983519, 0.41282687), (0.05953073, 0.40252545), (0.07513772, 0.40525946), (0.07897566, 0.41807726), (0.058983166, 0.4236661), (0.05983519, 0.41282687), (0.07897566, 0.41807726), (0.08504714, 0.43198398), (0.12269688, 0.44241396), (0.11773594, 0.42169964), (0.14278856, 0.41704303), (0.15724805, 0.433952), (0.11773594, 0.42169964), (0.11021337, 0.40562102), (0.131447, 0.40170506), (0.14278856, 0.41704303), (0.14278856, 0.41704303), (0.131447, 0.40170506), (0.15108012, 0.3954515), (0.16586743, 0.4089718), (0.15724805, 0.433952), (0.14278856, 0.41704303), (0.16586743, 0.4089718), (0.19179916, 0.42548996), (0.04866438, 0.40000325), (0.043625154, 0.40556782), (0.03420844, 0.395035), (0.044480897, 0.39221314), (0.043625154, 0.40556782), (0.032919172, 0.41534814), (0.024593119, 0.39961463), (0.03420844, 0.395035), (0.03420844, 0.395035), (0.024593119, 0.39961463), (0.01626706, 0.38388103), (0.027936395, 0.38291746), (0.044480897, 0.39221314), (0.03420844, 0.395035), (0.027936395, 0.38291746), (0.040327616, 0.3821057), (0.040327616, 0.3821057), (0.027936395, 0.38291746), (0.032230593, 0.36901352), (0.043229256, 0.37080678), (0.027936395, 0.38291746), (0.01626706, 0.38388103), (0.021364897, 0.36493146), (0.032230593, 0.36901352), (0.032230593, 0.36901352), (0.021364897, 0.36493146), (0.026462734, 0.3459818), (0.040588204, 0.3539552), (0.043229256, 0.37080678), (0.032230593, 0.36901352), (0.040588204, 0.3539552), (0.046610937, 0.36044455), (0.15108013, 0.39545146), (0.131447, 0.40170512), (0.12486536, 0.38816652), (0.14319511, 0.38382363), (0.131447, 0.40170512), (0.11021338, 0.40562102), (0.10526529, 0.39131677), (0.12486536, 0.38816652), (0.12486536, 0.38816652), (0.10526529, 0.39131677), (0.102124006, 0.3778491), (0.12109343, 0.3756209), (0.14319511, 0.38382363), (0.12486536, 0.38816652), (0.12109343, 0.3756209), (0.13900442, 0.3732123), (0.13900442, 0.3732123), (0.12109343, 0.3756209), (0.12269304, 0.3554908), (0.13984986, 0.35637733), (0.12109343, 0.3756209), (0.102124006, 0.3778491), (0.10443341, 0.35631487), (0.12269304, 0.3554908), (0.12269304, 0.3554908), (0.10443341, 0.35631487), (0.10876911, 0.33321822), (0.12614553, 0.33404562), (0.13984986, 0.35637733), (0.12269304, 0.3554908), (0.12614553, 0.33404562), (0.14232747, 0.33801267), (0.24605818, 0.35454535), (0.2614459, 0.35075924), (0.26175475, 0.35158893), (0.24650434, 0.35538614), (0.2614459, 0.35075924), (0.27491814, 0.3470583), (0.2752048, 0.34787506), (0.26175475, 0.35158893), (0.26175475, 0.35158893), (0.2752048, 0.34787506), (0.2754915, 0.34869185), (0.2622742, 0.35240847), (0.24650434, 0.35538614), (0.26175475, 0.35158893), (0.2622742, 0.35240847), (0.24905686, 0.356125), (0.24558717, 0.3528434), (0.2609336, 0.34909466), (0.26118976, 0.34992686), (0.2458227, 0.35369438), (0.2609336, 0.34909466), (0.27434474, 0.34542465), (0.27463144, 0.3462415), (0.26118976, 0.34992686), (0.26118976, 0.34992686), (0.27463144, 0.3462415), (0.27491817, 0.3470583), (0.26144594, 0.35075927), (0.2458227, 0.35369438), (0.26118976, 0.34992686), (0.26144594, 0.35075927), (0.24605817, 0.35454535), (0.24511611, 0.35114142), (0.26042122, 0.34743014), (0.26067743, 0.34826234), (0.24535164, 0.3519924), (0.26042122, 0.34743014), (0.27377135, 0.34379107), (0.27405807, 0.34460783), (0.26067743, 0.34826234), (0.26067743, 0.34826234), (0.27405807, 0.34460783), (0.27434474, 0.34542465), (0.2609336, 0.34909466), (0.24535164, 0.3519924), (0.26067743, 0.34826234), (0.2609336, 0.34909466), (0.24558717, 0.3528434), (0.24727806, 0.34935176), (0.26023802, 0.34575468), (0.2602199, 0.346596), (0.24509999, 0.35028312), (0.26023802, 0.34575468), (0.2731979, 0.3421575), (0.27348465, 0.3429743), (0.2602199, 0.346596), (0.2602199, 0.346596), (0.27348465, 0.3429743), (0.27377135, 0.343791), (0.26042125, 0.3474301), (0.24509999, 0.35028312), (0.2602199, 0.346596), (0.26042125, 0.3474301), (0.24511608, 0.3511414), (0.7317002, 0.15852666), (0.73181015, 0.1576491), (0.7523918, 0.15774609), (0.7523381, 0.15862726), (0.73181015, 0.1576491), (0.73191994, 0.1567715), (0.752442, 0.15686333), (0.7523918, 0.15774609), (0.7523918, 0.15774609), (0.752442, 0.15686333), (0.77023077, 0.15683654), (0.7701773, 0.15773636), (0.7523381, 0.15862726), (0.7523918, 0.15774609), (0.7701773, 0.15773636), (0.7700943, 0.1586234), (0.73148054, 0.16028202), (0.73159045, 0.15940435), (0.7523656, 0.15950972), (0.7527394, 0.16040626), (0.73159045, 0.15940435), (0.7317002, 0.15852666), (0.7523381, 0.15862726), (0.7523656, 0.15950972), (0.7523656, 0.15950972), (0.7523381, 0.15862726), (0.7700943, 0.1586234), (0.77031124, 0.15950483), (0.7527394, 0.16040626), (0.7523656, 0.15950972), (0.77031124, 0.15950483), (0.7739981, 0.1605305), (0.77009416, 0.1586234), (0.7701774, 0.15773638), (0.78317136, 0.15770528), (0.7829338, 0.1588168), (0.7701774, 0.15773638), (0.77023077, 0.15683655), (0.7833039, 0.15656297), (0.78317136, 0.15770528), (0.78317136, 0.15770528), (0.7833039, 0.15656297), (0.7926817, 0.15587614), (0.7925821, 0.15850654), (0.7829338, 0.1588168), (0.78317136, 0.15770528), (0.7925821, 0.15850654), (0.7922095, 0.16113353), (0.7739981, 0.1605305), (0.77031124, 0.15950483), (0.7826303, 0.15974087), (0.78265846, 0.16008952), (0.77031124, 0.15950483), (0.7700943, 0.1586234), (0.7829337, 0.1588168), (0.7826303, 0.15974087), (0.7826303, 0.15974087), (0.7829337, 0.1588168), (0.7922095, 0.16113353), (0.7914684, 0.16319449), (0.78265846, 0.16008952), (0.7826303, 0.15974087), (0.7914684, 0.16319449), (0.79131866, 0.15964852), (0.7922095, 0.16113353), (0.7925821, 0.15850654), (0.8003838, 0.16082463), (0.7999901, 0.16704184), (0.7925821, 0.15850654), (0.7926817, 0.15587614), (0.80025, 0.15469858), (0.8003838, 0.16082463), (0.8003838, 0.16082463), (0.80025, 0.15469858), (0.8083545, 0.1533467), (0.80840886, 0.16389847), (0.7999901, 0.16704184), (0.8003838, 0.16082463), (0.80840886, 0.16389847), (0.80781865, 0.17455404), (0.79131866, 0.15964852), (0.7914684, 0.16319449), (0.79870874, 0.17332906), (0.79686713, 0.17938013), (0.7914684, 0.16319449), (0.7922095, 0.16113353), (0.79999, 0.16704181), (0.79870874, 0.17332906), (0.79870874, 0.17332906), (0.79999, 0.16704181), (0.8078186, 0.17455404), (0.8060349, 0.18561567), (0.79686713, 0.17938013), (0.79870874, 0.17332906), (0.8060349, 0.18561567), (0.8024153, 0.1991117), (0.80781865, 0.17455404), (0.80840886, 0.16389847), (0.8180178, 0.16676544), (0.8167795, 0.18130149), (0.80840886, 0.16389847), (0.8083545, 0.1533467), (0.8187959, 0.1521463), (0.8180178, 0.16676544), (0.8180178, 0.16676544), (0.8187959, 0.1521463), (0.8307357, 0.15106624), (0.8288256, 0.1691026), (0.8167795, 0.18130149), (0.8180178, 0.16676544), (0.8288256, 0.1691026), (0.82664526, 0.18684745), (0.8024153, 0.1991117), (0.8060349, 0.18561567), (0.8147647, 0.19577238), (0.81225204, 0.21045327), (0.8060349, 0.18561567), (0.8078186, 0.17455404), (0.81677943, 0.1813015), (0.8147647, 0.19577238), (0.8147647, 0.19577238), (0.81677943, 0.1813015), (0.82664514, 0.18684748), (0.8240958, 0.20416659), (0.81225204, 0.21045327), (0.8147647, 0.19577238), (0.8240958, 0.20416659), (0.8220885, 0.2217948), (0.8220885, 0.2217948), (0.8240958, 0.20416659), (0.83363444, 0.21085289), (0.82899946, 0.23097411), (0.8240958, 0.20416659), (0.82664514, 0.18684748), (0.83730155, 0.19098528), (0.83363444, 0.21085289), (0.83363444, 0.21085289), (0.83730155, 0.19098528), (0.85039663, 0.19249703), (0.84690726, 0.21379435), (0.82899946, 0.23097411), (0.83363444, 0.21085289), (0.84690726, 0.21379435), (0.8359104, 0.24015334), (0.82664526, 0.18684745), (0.8288256, 0.1691026), (0.84029216, 0.17065938), (0.83730155, 0.19098528), (0.8288256, 0.1691026), (0.8307357, 0.15106624), (0.84297585, 0.14996521), (0.84029216, 0.17065938), (0.84029216, 0.17065938), (0.84297585, 0.14996521), (0.85551935, 0.14861776), (0.85300076, 0.17083526), (0.83730155, 0.19098528), (0.84029216, 0.17065938), (0.85300076, 0.17083526), (0.85039663, 0.19249703), (0.85039663, 0.19249703), (0.85300076, 0.17083526), (0.8675789, 0.16906978), (0.8672012, 0.19027208), (0.85300076, 0.17083526), (0.85551935, 0.14861776), (0.8687092, 0.14682078), (0.8675789, 0.16906978), (0.8675789, 0.16906978), (0.8687092, 0.14682078), (0.88304716, 0.14454462), (0.88370395, 0.16531204), (0.8672012, 0.19027208), (0.8675789, 0.16906978), (0.88370395, 0.16531204), (0.8857132, 0.18463986), (0.8359104, 0.24015334), (0.84690726, 0.21379435), (0.8680497, 0.20989136), (0.8695399, 0.22910982), (0.84690726, 0.21379435), (0.85039663, 0.19249703), (0.8672012, 0.19027206), (0.8680497, 0.20989136), (0.8680497, 0.20989136), (0.8672012, 0.19027206), (0.8857133, 0.18463984), (0.8906081, 0.20165236), (0.8695399, 0.22910982), (0.8680497, 0.20989136), (0.8906081, 0.20165236), (0.9031693, 0.21806625), (0.9031693, 0.21806625), (0.8906081, 0.20165236), (0.9082364, 0.19102634), (0.9140681, 0.20399508), (0.8906081, 0.20165236), (0.8857133, 0.18463984), (0.90385956, 0.17661059), (0.9082364, 0.19102634), (0.9082364, 0.19102634), (0.90385956, 0.17661059), (0.9225542, 0.16847745), (0.9241916, 0.18066269), (0.9140681, 0.20399508), (0.9082364, 0.19102634), (0.9241916, 0.18066269), (0.9249668, 0.18992387), (0.8857132, 0.18463986), (0.88370395, 0.16531204), (0.901161, 0.15996127), (0.9038595, 0.17661059), (0.88370395, 0.16531204), (0.88304716, 0.14454462), (0.8993905, 0.14199077), (0.901161, 0.15996127), (0.901161, 0.15996127), (0.8993905, 0.14199077), (0.919862, 0.1401122), (0.92111677, 0.15470733), (0.9038595, 0.17661059), (0.901161, 0.15996127), (0.92111677, 0.15470733), (0.92255425, 0.16847746), (0.85551935, 0.14861776), (0.8568226, 0.13120508), (0.8703057, 0.12984304), (0.8687092, 0.14682078), (0.8568226, 0.13120508), (0.85795456, 0.112010926), (0.87184995, 0.11200305), (0.8703057, 0.12984304), (0.8703057, 0.12984304), (0.87184995, 0.11200305), (0.8863807, 0.11297735), (0.8846327, 0.12883241), (0.8687092, 0.14682078), (0.8703057, 0.12984304), (0.8846327, 0.12883241), (0.88304716, 0.14454462), (0.88304716, 0.14454462), (0.8846327, 0.12883241), (0.9003436, 0.12776573), (0.8993905, 0.14199077), (0.8846327, 0.12883241), (0.8863807, 0.11297735), (0.9017007, 0.1138585), (0.9003436, 0.12776573), (0.9003436, 0.12776573), (0.9017007, 0.1138585), (0.9188025, 0.114556536), (0.9191097, 0.12701567), (0.8993905, 0.14199077), (0.9003436, 0.12776573), (0.9191097, 0.12701567), (0.919862, 0.1401122), (0.8863806, 0.112977356), (0.8884084, 0.09698588), (0.90377647, 0.10053069), (0.9017007, 0.11385849), (0.8884084, 0.09698588), (0.8906946, 0.08186801), (0.906438, 0.0877199), (0.90377647, 0.10053069), (0.90377647, 0.10053069), (0.906438, 0.0877199), (0.9221811, 0.09357178), (0.9194089, 0.10325744), (0.9017007, 0.11385849), (0.90377647, 0.10053069), (0.9194089, 0.10325744), (0.91880256, 0.11455655), (0.85795456, 0.112010926), (0.8587213, 0.08959288), (0.87328905, 0.09268764), (0.8718499, 0.11200304), (0.8587213, 0.08959288), (0.8585161, 0.0628456), (0.8746055, 0.07235681), (0.87328905, 0.09268764), (0.87328905, 0.09268764), (0.8746055, 0.07235681), (0.8906946, 0.08186801), (0.8884084, 0.09698588), (0.8718499, 0.11200304), (0.87328905, 0.09268764), (0.8884084, 0.09698588), (0.8863806, 0.112977356), (0.8318994, 0.119491704), (0.83220017, 0.09600911), (0.8451488, 0.09021285), (0.84470123, 0.114226654), (0.83220017, 0.09600911), (0.8321017, 0.062167138), (0.84530896, 0.06250638), (0.8451488, 0.09021285), (0.8451488, 0.09021285), (0.84530896, 0.06250638), (0.8585161, 0.0628456), (0.8587213, 0.08959288), (0.84470123, 0.114226654), (0.8451488, 0.09021285), (0.8587213, 0.08959288), (0.85795456, 0.112010926), (0.80864596, 0.13767962), (0.808694, 0.12557246), (0.81981725, 0.109491065), (0.8195537, 0.1279925), (0.808694, 0.12557246), (0.8077227, 0.112875655), (0.8199123, 0.087521404), (0.81981725, 0.109491065), (0.81981725, 0.109491065), (0.8199123, 0.087521404), (0.8321017, 0.062167138), (0.83220017, 0.09600911), (0.8195537, 0.1279925), (0.81981725, 0.109491065), (0.83220017, 0.09600911), (0.8318994, 0.119491704), (0.8307357, 0.15106624), (0.83137584, 0.13689011), (0.84392804, 0.13345803), (0.84297585, 0.14996521), (0.83137584, 0.13689011), (0.83189934, 0.119491704), (0.8447012, 0.11422667), (0.84392804, 0.13345803), (0.84392804, 0.13345803), (0.8447012, 0.11422667), (0.85795456, 0.112010926), (0.8568226, 0.13120508), (0.84297585, 0.14996521), (0.84392804, 0.13345803), (0.8568226, 0.13120508), (0.85551935, 0.14861776), (0.8083545, 0.1533467), (0.80849934, 0.14653283), (0.81919396, 0.14151913), (0.8187959, 0.1521463), (0.80849934, 0.14653283), (0.8086461, 0.13767962), (0.8195537, 0.12799248), (0.81919396, 0.14151913), (0.81919396, 0.14151913), (0.8195537, 0.12799248), (0.83189934, 0.119491704), (0.83137584, 0.13689011), (0.8187959, 0.1521463), (0.81919396, 0.14151913), (0.83137584, 0.13689011), (0.8307357, 0.15106624), (0.791903, 0.15209265), (0.7913643, 0.15004559), (0.79961485, 0.13978544), (0.79988414, 0.14618394), (0.7913643, 0.15004559), (0.7906973, 0.15314634), (0.79921, 0.13301101), (0.79961485, 0.13978544), (0.79961485, 0.13978544), (0.79921, 0.13301101), (0.8077227, 0.112875655), (0.808694, 0.12557246), (0.79988414, 0.14618394), (0.79961485, 0.13978544), (0.808694, 0.12557246), (0.80864596, 0.13767962), (0.7926817, 0.15587614), (0.7923254, 0.15414654), (0.80008066, 0.15097529), (0.80025, 0.15469858), (0.7923254, 0.15414654), (0.79190296, 0.15209265), (0.799884, 0.14618394), (0.80008066, 0.15097529), (0.80008066, 0.15097529), (0.799884, 0.14618394), (0.8086461, 0.13767962), (0.80849934, 0.14653283), (0.80025, 0.15469858), (0.80008066, 0.15097529), (0.80849934, 0.14653283), (0.8083545, 0.1533467), (0.77015066, 0.15532547), (0.770415, 0.15459798), (0.7824337, 0.15388282), (0.7827448, 0.15471925), (0.770415, 0.15459798), (0.7741196, 0.15401839), (0.7824086, 0.1535824), (0.7824337, 0.15388282), (0.7824337, 0.15388282), (0.7824086, 0.1535824), (0.7906973, 0.15314634), (0.7913643, 0.15004559), (0.7827448, 0.15471925), (0.7824337, 0.15388282), (0.7913643, 0.15004559), (0.791903, 0.15209265), (0.77023077, 0.15683655), (0.77020025, 0.15607783), (0.78305125, 0.15565376), (0.7833039, 0.15656297), (0.77020025, 0.15607783), (0.77015066, 0.15532547), (0.7827449, 0.15471925), (0.78305125, 0.15565376), (0.78305125, 0.15565376), (0.7827449, 0.15471925), (0.79190296, 0.15209265), (0.7923254, 0.15414654), (0.7833039, 0.15656297), (0.78305125, 0.15565376), (0.7923254, 0.15414654), (0.7926817, 0.15587614), (0.7322768, 0.15532148), (0.7324554, 0.15459658), (0.75284475, 0.15466072), (0.75265634, 0.15539137), (0.7324554, 0.15459658), (0.7326338, 0.15387166), (0.7533768, 0.15394503), (0.75284475, 0.15466072), (0.75284475, 0.15466072), (0.7533768, 0.15394503), (0.7741196, 0.15401839), (0.770415, 0.15459798), (0.75265634, 0.15539137), (0.75284475, 0.15466072), (0.770415, 0.15459798), (0.77015066, 0.15532547), (0.73191994, 0.1567715), (0.73209846, 0.1560465), (0.7525503, 0.15612693), (0.752442, 0.15686333), (0.73209846, 0.1560465), (0.7322768, 0.15532148), (0.75265634, 0.15539137), (0.7525503, 0.15612693), (0.7525503, 0.15612693), (0.75265634, 0.15539137), (0.77015066, 0.15532547), (0.7702003, 0.1560778), (0.752442, 0.15686333), (0.7525503, 0.15612693), (0.7702003, 0.1560778), (0.77023077, 0.15683654), (0.91880256, 0.11455655), (0.9194089, 0.10325744), (0.934961, 0.10499822), (0.9384923, 0.115062796), (0.9194089, 0.10325744), (0.9221811, 0.09357178), (0.93172956, 0.09591003), (0.934961, 0.10499822), (0.934961, 0.10499822), (0.93172956, 0.09591003), (0.9412778, 0.098248266), (0.9507408, 0.10619536), (0.9384923, 0.115062796), (0.934961, 0.10499822), (0.9507408, 0.10619536), (0.96020377, 0.11414243), (0.919862, 0.14011222), (0.9191098, 0.12701565), (0.9421555, 0.12694612), (0.9459464, 0.13970824), (0.9191098, 0.12701565), (0.91880256, 0.11455655), (0.9384923, 0.115062796), (0.9421555, 0.12694612), (0.9421555, 0.12694612), (0.9384923, 0.115062796), (0.96020377, 0.11414243), (0.9677591, 0.12717737), (0.9459464, 0.13970824), (0.9421555, 0.12694612), (0.9677591, 0.12717737), (0.97531426, 0.14021228), (0.9225542, 0.16847745), (0.92111677, 0.15470731), (0.9444943, 0.15103728), (0.94298714, 0.16215305), (0.92111677, 0.15470731), (0.919862, 0.14011222), (0.9459464, 0.13970824), (0.9444943, 0.15103728), (0.9444943, 0.15103728), (0.9459464, 0.13970824), (0.97531426, 0.14021228), (0.9698666, 0.14836535), (0.94298714, 0.16215305), (0.9444943, 0.15103728), (0.9698666, 0.14836535), (0.96441877, 0.15651838), (0.9249668, 0.18992387), (0.9241916, 0.18066269), (0.9413867, 0.17299283), (0.9396268, 0.18340941), (0.9241916, 0.18066269), (0.9225542, 0.16847745), (0.94298714, 0.16215305), (0.9413867, 0.17299283), (0.9413867, 0.17299283), (0.94298714, 0.16215305), (0.96441877, 0.15651838), (0.9593528, 0.16670665), (0.9396268, 0.18340941), (0.9413867, 0.17299283), (0.9593528, 0.16670665), (0.9542867, 0.1768949), (0.7880994, 0.43989733), (0.7872368, 0.43970144), (0.7924492, 0.4276147), (0.7932154, 0.4277755), (0.7872368, 0.43970144), (0.7863742, 0.43950552), (0.79160744, 0.427422), (0.7924492, 0.4276147), (0.7924492, 0.4276147), (0.79160744, 0.427422), (0.79754406, 0.4155678), (0.79831606, 0.41577047), (0.7932154, 0.4277755), (0.7924492, 0.4276147), (0.79831606, 0.41577047), (0.7983314, 0.41565365), (0.7863742, 0.43950552), (0.7855119, 0.43930978), (0.790747, 0.42722133), (0.79160744, 0.427422), (0.7855119, 0.43930978), (0.7846495, 0.439114), (0.78988636, 0.42702067), (0.790747, 0.42722133), (0.790747, 0.42722133), (0.78988636, 0.42702067), (0.79584885, 0.41509855), (0.7966964, 0.41533318), (0.79160744, 0.427422), (0.790747, 0.42722133), (0.7966964, 0.41533318), (0.79754406, 0.4155678), (0.79754406, 0.4155678), (0.7966964, 0.41533315), (0.803767, 0.40399155), (0.8045717, 0.40432033), (0.7966964, 0.41533315), (0.79584885, 0.41509858), (0.8029562, 0.4036704), (0.803767, 0.40399155), (0.803767, 0.40399155), (0.8029562, 0.4036704), (0.81040406, 0.39366558), (0.81113505, 0.3941269), (0.8045717, 0.40432033), (0.803767, 0.40399155), (0.81113505, 0.3941269), (0.8118147, 0.39464906), (0.7983314, 0.41565365), (0.79831606, 0.41577047), (0.80536854, 0.40460697), (0.8061717, 0.4046821), (0.79831606, 0.41577047), (0.79754406, 0.4155678), (0.80457157, 0.40432033), (0.80536854, 0.40460697), (0.80536854, 0.40460697), (0.80457157, 0.40432033), (0.81181484, 0.39464906), (0.8124975, 0.39508536), (0.8061717, 0.4046821), (0.80536854, 0.40460697), (0.8124975, 0.39508536), (0.8140118, 0.39371043), (0.8118147, 0.39464906), (0.81113505, 0.3941269), (0.81799674, 0.38648847), (0.818446, 0.387344), (0.81113505, 0.3941269), (0.81040406, 0.39366558), (0.8173914, 0.38581762), (0.81799674, 0.38648847), (0.81799674, 0.38648847), (0.8173914, 0.38581762), (0.82435775, 0.37947032), (0.8248633, 0.3805173), (0.818446, 0.387344), (0.81799674, 0.38648847), (0.8248633, 0.3805173), (0.8250913, 0.3818852), (0.8140118, 0.39371043), (0.8124975, 0.39508536), (0.81863594, 0.38844424), (0.8186739, 0.3894781), (0.8124975, 0.39508536), (0.81181484, 0.39464906), (0.81844604, 0.38734394), (0.81863594, 0.38844424), (0.81863594, 0.38844424), (0.81844604, 0.38734394), (0.82509136, 0.38188523), (0.8247728, 0.38372427), (0.8186739, 0.3894781), (0.81863594, 0.38844424), (0.8247728, 0.38372427), (0.8233359, 0.38524565), (0.8250913, 0.3818852), (0.8248633, 0.3805173), (0.8328819, 0.37526426), (0.8330566, 0.37745097), (0.8248633, 0.3805173), (0.82435775, 0.37947032), (0.83233106, 0.37350953), (0.8328819, 0.37526426), (0.8328819, 0.37526426), (0.83233106, 0.37350953), (0.8434551, 0.36637977), (0.8444329, 0.369529), (0.8330566, 0.37745097), (0.8328819, 0.37526426), (0.8444329, 0.369529), (0.84491235, 0.37332004), (0.8233359, 0.38524565), (0.8247728, 0.38372427), (0.8324791, 0.3802935), (0.8310249, 0.38331202), (0.8247728, 0.38372427), (0.82509136, 0.38188523), (0.8330567, 0.37745097), (0.8324791, 0.3802935), (0.8324791, 0.3802935), (0.8330567, 0.37745097), (0.8449124, 0.37332004), (0.8441448, 0.37798876), (0.8310249, 0.38331202), (0.8324791, 0.3802935), (0.8441448, 0.37798876), (0.8387137, 0.3813783), (0.84491235, 0.37332004), (0.8444329, 0.369529), (0.8610627, 0.36244655), (0.8622996, 0.36891332), (0.8444329, 0.369529), (0.8434551, 0.36637977), (0.85917354, 0.35704795), (0.8610627, 0.36244655), (0.8610627, 0.36244655), (0.85917354, 0.35704795), (0.87701577, 0.34701306), (0.8797516, 0.35474572), (0.8622996, 0.36891332), (0.8610627, 0.36244655), (0.8797516, 0.35474572), (0.88187677, 0.3641175), (0.8449124, 0.3733201), (0.8622997, 0.36891332), (0.86235774, 0.37714124), (0.84414476, 0.37798882), (0.8622997, 0.36891332), (0.88187677, 0.36411747), (0.8830337, 0.37633598), (0.86235774, 0.37714124), (0.86235774, 0.37714124), (0.8830337, 0.37633598), (0.8840802, 0.39134187), (0.86139697, 0.3863601), (0.84414476, 0.37798882), (0.86235774, 0.37714124), (0.86139697, 0.3863601), (0.8387137, 0.3813783), (0.88187677, 0.3641175), (0.8797516, 0.35474572), (0.8972917, 0.34725142), (0.9000903, 0.35872316), (0.8797516, 0.35474572), (0.87701577, 0.34701306), (0.89430326, 0.3379534), (0.8972917, 0.34725142), (0.8972917, 0.34725142), (0.89430326, 0.3379534), (0.91144246, 0.32973284), (0.914289, 0.33957893), (0.9000903, 0.35872316), (0.8972917, 0.34725142), (0.914289, 0.33957893), (0.9175226, 0.3516703), (0.88187677, 0.36411747), (0.90009034, 0.35872313), (0.9025885, 0.3740016), (0.8830337, 0.37633598), (0.90009034, 0.35872313), (0.9175225, 0.3516703), (0.9214155, 0.3681251), (0.9025885, 0.3740016), (0.9025885, 0.3740016), (0.9214155, 0.3681251), (0.92584264, 0.39303774), (0.9049615, 0.39218986), (0.8830337, 0.37633598), (0.9025885, 0.3740016), (0.9049615, 0.39218986), (0.8840802, 0.39134187), (0.9175225, 0.3516703), (0.93534523, 0.34205517), (0.94018507, 0.35577124), (0.9214155, 0.3681251), (0.93534523, 0.34205517), (0.95295334, 0.33044907), (0.9576106, 0.34070978), (0.94018507, 0.35577124), (0.94018507, 0.35577124), (0.9576106, 0.34070978), (0.9665454, 0.35000345), (0.9461942, 0.37152064), (0.9214155, 0.3681251), (0.94018507, 0.35577124), (0.9461942, 0.37152064), (0.92584264, 0.39303774), (0.95295334, 0.33044907), (0.9696348, 0.31755972), (0.9717202, 0.32611516), (0.9576106, 0.34070978), (0.9696348, 0.31755972), (0.98625654, 0.30251104), (0.9843506, 0.31162968), (0.9717202, 0.32611516), (0.9717202, 0.32611516), (0.9843506, 0.31162968), (0.98244447, 0.32074833), (0.974495, 0.3353759), (0.9576106, 0.34070978), (0.9717202, 0.32611516), (0.974495, 0.3353759), (0.9665454, 0.35000345), (0.9175226, 0.3516703), (0.914289, 0.33957893), (0.9319449, 0.33111903), (0.9353453, 0.34205517), (0.914289, 0.33957893), (0.91144246, 0.32973284), (0.92935455, 0.32178634), (0.9319449, 0.33111903), (0.9319449, 0.33111903), (0.92935455, 0.32178634), (0.9479368, 0.31364757), (0.9500288, 0.32157496), (0.9353453, 0.34205517), (0.9319449, 0.33111903), (0.9500288, 0.32157496), (0.95295334, 0.3304491), (0.95295334, 0.3304491), (0.95002854, 0.32157496), (0.96807694, 0.3108321), (0.96963483, 0.31755972), (0.95002854, 0.32157496), (0.9479368, 0.31364757), (0.9668641, 0.3050012), (0.96807694, 0.3108321), (0.96807694, 0.3108321), (0.9668641, 0.3050012), (0.98594713, 0.29603782), (0.98610187, 0.29927444), (0.96963483, 0.31755972), (0.96807694, 0.3108321), (0.98610187, 0.29927444), (0.98625654, 0.30251104), (0.91144246, 0.32973284), (0.89667916, 0.31865758), (0.91597104, 0.3110974), (0.92935455, 0.32178634), (0.89667916, 0.31865758), (0.8776161, 0.30788264), (0.89781976, 0.30002496), (0.91597104, 0.3110974), (0.91597104, 0.3110974), (0.89781976, 0.30002496), (0.9212194, 0.29398996), (0.9369177, 0.30423784), (0.92935455, 0.32178634), (0.91597104, 0.3110974), (0.9369177, 0.30423784), (0.9479368, 0.31364757), (0.9479368, 0.31364757), (0.93691766, 0.30423784), (0.95867896, 0.29778373), (0.9668641, 0.3050012), (0.93691766, 0.30423784), (0.92121935, 0.29398996), (0.9468238, 0.28961644), (0.95867896, 0.29778373), (0.95867896, 0.29778373), (0.9468238, 0.28961644), (0.97611064, 0.28719306), (0.981029, 0.29161546), (0.9668641, 0.3050012), (0.95867896, 0.29778373), (0.981029, 0.29161546), (0.98594713, 0.29603782), (0.97611064, 0.28719306), (0.9468236, 0.2896164), (0.9280936, 0.27952534), (0.9612872, 0.27873972), (0.9468236, 0.2896164), (0.9212194, 0.29398996), (0.89726, 0.28202724), (0.9280936, 0.27952534), (0.9280936, 0.27952534), (0.89726, 0.28202724), (0.8639986, 0.26604652), (0.9052311, 0.26816645), (0.9612872, 0.27873972), (0.9280936, 0.27952534), (0.9052311, 0.26816645), (0.94646347, 0.27028632), (0.9212194, 0.29398996), (0.89781976, 0.300025), (0.8714804, 0.28817254), (0.89726, 0.28202724), (0.89781976, 0.300025), (0.8776161, 0.3078826), (0.8508834, 0.2973639), (0.8714804, 0.28817254), (0.8714804, 0.28817254), (0.8508834, 0.2973639), (0.814816, 0.2847017), (0.8394074, 0.27537414), (0.89726, 0.28202724), (0.8714804, 0.28817254), (0.8394074, 0.27537414), (0.8639986, 0.26604652), (0.8776161, 0.3078826), (0.8615737, 0.31786498), (0.83721876, 0.31000906), (0.8508834, 0.2973639), (0.8615737, 0.31786498), (0.84918755, 0.33083484), (0.8290276, 0.32582834), (0.83721876, 0.31000906), (0.83721876, 0.31000906), (0.8290276, 0.32582834), (0.8018846, 0.32095256), (0.8083504, 0.30282718), (0.8508834, 0.2973639), (0.83721876, 0.31000906), (0.8083504, 0.30282718), (0.814816, 0.2847017), (0.84918755, 0.33083484), (0.83963776, 0.3467913), (0.8261865, 0.3445591), (0.8290276, 0.32582834), (0.83963776, 0.3467913), (0.83231646, 0.3617173), (0.82518053, 0.3616117), (0.8261865, 0.3445591), (0.8261865, 0.3445591), (0.82518053, 0.3616117), (0.8199041, 0.36695492), (0.8108945, 0.34395376), (0.8290276, 0.32582834), (0.8261865, 0.3445591), (0.8108945, 0.34395376), (0.8018846, 0.32095256), (0.87701577, 0.34701306), (0.86444384, 0.33818135), (0.8797285, 0.32738227), (0.89430326, 0.3379534), (0.86444384, 0.33818135), (0.8491875, 0.33083484), (0.86157376, 0.317865), (0.8797285, 0.32738227), (0.8797285, 0.32738227), (0.86157376, 0.317865), (0.8776161, 0.30788264), (0.89667916, 0.31865758), (0.89430326, 0.3379534), (0.8797285, 0.32738227), (0.89667916, 0.31865758), (0.91144246, 0.32973284), (0.8434551, 0.36637977), (0.8383098, 0.36364192), (0.8502465, 0.35127026), (0.85917354, 0.35704795), (0.8383098, 0.36364192), (0.83231646, 0.36171728), (0.83963776, 0.34679133), (0.8502465, 0.35127026), (0.8502465, 0.35127026), (0.83963776, 0.34679133), (0.8491875, 0.33083484), (0.86444384, 0.33818135), (0.85917354, 0.35704795), (0.8502465, 0.35127026), (0.86444384, 0.33818135), (0.87701577, 0.34701306), (0.8213269, 0.37889457), (0.8194101, 0.37901422), (0.8228809, 0.37213147), (0.8265672, 0.37190434), (0.8194101, 0.37901422), (0.81842905, 0.37958062), (0.81916666, 0.3732678), (0.8228809, 0.37213147), (0.8228809, 0.37213147), (0.81916666, 0.3732678), (0.8199041, 0.36695492), (0.82518053, 0.3616117), (0.8265672, 0.37190434), (0.8228809, 0.37213147), (0.82518053, 0.3616117), (0.83231646, 0.36171734), (0.82435775, 0.37947032), (0.8229621, 0.3790946), (0.82965714, 0.37249765), (0.83233106, 0.37350953), (0.8229621, 0.3790946), (0.8213269, 0.37889454), (0.8265672, 0.3719044), (0.82965714, 0.37249765), (0.82965714, 0.37249765), (0.8265672, 0.3719044), (0.83231646, 0.36171728), (0.8383098, 0.36364192), (0.83233106, 0.37350953), (0.82965714, 0.37249765), (0.8383098, 0.36364192), (0.8434551, 0.36637977), (0.8090093, 0.39299905), (0.80831903, 0.39251807), (0.8144832, 0.38517115), (0.81559277, 0.38532954), (0.80831903, 0.39251807), (0.8084918, 0.39025378), (0.8134605, 0.38491723), (0.8144832, 0.38517115), (0.8144832, 0.38517115), (0.8134605, 0.38491723), (0.81842905, 0.37958062), (0.8194101, 0.37901422), (0.81559277, 0.38532954), (0.8144832, 0.38517115), (0.8194101, 0.37901422), (0.8213269, 0.37889457), (0.81040406, 0.39366558), (0.80972576, 0.39332488), (0.8165525, 0.385545), (0.8173914, 0.38581762), (0.80972576, 0.39332488), (0.80900925, 0.39299905), (0.8155927, 0.38532954), (0.8165525, 0.385545), (0.8165525, 0.385545), (0.8155927, 0.38532954), (0.8213269, 0.37889454), (0.8229621, 0.3790946), (0.8173914, 0.38581762), (0.8165525, 0.385545), (0.8229621, 0.3790946), (0.82435775, 0.37947032), (0.79447335, 0.41453815), (0.79369974, 0.41424924), (0.8009534, 0.402627), (0.80162716, 0.40300348), (0.79369974, 0.41424924), (0.79206574, 0.41387385), (0.8002789, 0.40206385), (0.8009534, 0.402627), (0.8009534, 0.402627), (0.8002789, 0.40206385), (0.8084918, 0.39025378), (0.80831903, 0.39251807), (0.80162716, 0.40300348), (0.8009534, 0.402627), (0.80831903, 0.39251807), (0.8090093, 0.39299905), (0.79584885, 0.41509858), (0.7951611, 0.41481835), (0.8022941, 0.40333596), (0.8029562, 0.4036704), (0.7951611, 0.41481835), (0.7944735, 0.41453815), (0.8016271, 0.40300348), (0.8022941, 0.40333596), (0.8022941, 0.40333596), (0.8016271, 0.40300348), (0.80900925, 0.39299905), (0.80972576, 0.39332488), (0.8029562, 0.4036704), (0.8022941, 0.40333596), (0.80972576, 0.39332488), (0.81040406, 0.39366558), (0.7832416, 0.43861568), (0.7825378, 0.4383666), (0.7877593, 0.4262595), (0.78848267, 0.42651466), (0.7825378, 0.4383666), (0.78183395, 0.43811744), (0.7869499, 0.42599565), (0.7877593, 0.4262595), (0.7877593, 0.4262595), (0.7869499, 0.42599565), (0.79206574, 0.41387385), (0.79369974, 0.41424924), (0.78848267, 0.42651466), (0.7877593, 0.4262595), (0.79369974, 0.41424924), (0.79447335, 0.41453815), (0.7846495, 0.439114), (0.78394556, 0.4388649), (0.7891845, 0.42676768), (0.78988636, 0.42702067), (0.78394556, 0.4388649), (0.7832416, 0.43861568), (0.78848267, 0.42651466), (0.7891845, 0.42676768), (0.7891845, 0.42676768), (0.78848267, 0.42651466), (0.79447335, 0.41453815), (0.7951612, 0.41481832), (0.78988636, 0.42702067), (0.7891845, 0.42676768), (0.7951612, 0.41481832), (0.79584885, 0.41509855), (0.18451701, 0.8523428), (0.1846507, 0.85395825), (0.19678114, 0.85071033), (0.19779485, 0.85129726), (0.1846507, 0.85395825), (0.18273991, 0.85214096), (0.19578566, 0.84981024), (0.19678114, 0.85071033), (0.19678114, 0.85071033), (0.19578566, 0.84981024), (0.21148814, 0.8493714), (0.21168832, 0.85001373), (0.19779485, 0.85129726), (0.19678114, 0.85071033), (0.21168832, 0.85001373), (0.21107265, 0.8502514), (0.17708836, 0.8800458), (0.17107862, 0.87320954), (0.17700885, 0.86199033), (0.18080272, 0.86619437), (0.17107862, 0.87320954), (0.16596895, 0.86517215), (0.17365627, 0.8574058), (0.17700885, 0.86199033), (0.17700885, 0.86199033), (0.17365627, 0.8574058), (0.18273991, 0.85214096), (0.1846507, 0.85395825), (0.18080272, 0.86619437), (0.17700885, 0.86199033), (0.1846507, 0.85395825), (0.18451701, 0.8523428), (0.16596897, 0.86517227), (0.17107862, 0.8732096), (0.16388111, 0.88647914), (0.15657975, 0.8745765), (0.17107862, 0.8732096), (0.17708836, 0.8800458), (0.17311472, 0.8982913), (0.16388111, 0.88647914), (0.16388111, 0.88647914), (0.17311472, 0.8982913), (0.16914102, 0.91653657), (0.152021, 0.9000263), (0.15657975, 0.8745765), (0.16388111, 0.88647914), (0.152021, 0.9000263), (0.1441315, 0.8845072), (0.1013066, 0.9430556), (0.11021689, 0.9189407), (0.13176838, 0.91176224), (0.13522382, 0.9297962), (0.11021689, 0.9189407), (0.11196038, 0.89937073), (0.12840118, 0.89355534), (0.13176838, 0.91176224), (0.13176838, 0.91176224), (0.12840118, 0.89355534), (0.14413151, 0.8845072), (0.15202102, 0.9000263), (0.13522382, 0.9297962), (0.13176838, 0.91176224), (0.15202102, 0.9000263), (0.16914102, 0.91653657), (0.08211471, 0.8966189), (0.0970902, 0.900075), (0.09379965, 0.9179304), (0.078606576, 0.91181064), (0.0970902, 0.900075), (0.11196038, 0.89937073), (0.11021689, 0.9189407), (0.09379965, 0.9179304), (0.09379965, 0.9179304), (0.11021689, 0.9189407), (0.1013066, 0.9430556), (0.088040106, 0.93475497), (0.078606576, 0.91181064), (0.09379965, 0.9179304), (0.088040106, 0.93475497), (0.07477359, 0.9264541), (0.053062875, 0.88605905), (0.0657293, 0.89090776), (0.061222415, 0.9028322), (0.04554069, 0.8919217), (0.0657293, 0.89090776), (0.08211471, 0.8966189), (0.078606576, 0.91181064), (0.061222415, 0.9028322), (0.061222415, 0.9028322), (0.078606576, 0.91181064), (0.07477359, 0.9264541), (0.053388912, 0.9139905), (0.04554069, 0.8919217), (0.061222415, 0.9028322), (0.053388912, 0.9139905), (0.03200423, 0.9015267), (0.07840255, 0.8590812), (0.09430697, 0.85715675), (0.096759, 0.8794887), (0.08154857, 0.8787022), (0.09430697, 0.85715675), (0.10810134, 0.855171), (0.11074609, 0.87799287), (0.096759, 0.8794887), (0.096759, 0.8794887), (0.11074609, 0.87799287), (0.11196038, 0.8993707), (0.0970902, 0.9000751), (0.08154857, 0.8787022), (0.096759, 0.8794887), (0.0970902, 0.9000751), (0.08211471, 0.89661896), (0.042169638, 0.86187553), (0.05992881, 0.8605225), (0.06436623, 0.8765103), (0.048260026, 0.8755469), (0.05992881, 0.8605225), (0.07840256, 0.85908115), (0.08154859, 0.87870234), (0.06436623, 0.8765103), (0.06436623, 0.8765103), (0.08154859, 0.87870234), (0.08211471, 0.8966189), (0.0657293, 0.89090776), (0.048260026, 0.8755469), (0.06436623, 0.8765103), (0.0657293, 0.89090776), (0.053062875, 0.88605905), (0.07117534, 0.8139314), (0.08719858, 0.80764395), (0.09080255, 0.83220345), (0.07484846, 0.83601654), (0.08719858, 0.80764395), (0.10322686, 0.80574965), (0.10586777, 0.8307104), (0.09080255, 0.83220345), (0.09080255, 0.83220345), (0.10586777, 0.8307104), (0.10810134, 0.855171), (0.09430697, 0.85715675), (0.07484846, 0.83601654), (0.09080255, 0.83220345), (0.09430697, 0.85715675), (0.07840255, 0.8590812), (0.044801425, 0.83245695), (0.055662606, 0.8238061), (0.058244683, 0.8412582), (0.043210216, 0.84538895), (0.055662606, 0.8238061), (0.07117534, 0.81393135), (0.074848466, 0.8360165), (0.058244683, 0.8412582), (0.058244683, 0.8412582), (0.074848466, 0.8360165), (0.07840256, 0.85908115), (0.05992881, 0.8605225), (0.043210216, 0.84538895), (0.058244683, 0.8412582), (0.05992881, 0.8605225), (0.042169638, 0.86187553), (0.016758045, 0.8655728), (0.019782968, 0.84503967), (0.031003295, 0.8460036), (0.028230272, 0.86359656), (0.019782968, 0.84503967), (0.022807887, 0.8245065), (0.03716844, 0.82811266), (0.031003295, 0.8460036), (0.031003295, 0.8460036), (0.03716844, 0.82811266), (0.044801425, 0.83245695), (0.043210216, 0.84538895), (0.028230272, 0.86359656), (0.031003295, 0.8460036), (0.043210216, 0.84538895), (0.042169638, 0.86187553), (0.042169638, 0.86187553), (0.048260022, 0.87554693), (0.035618976, 0.8784023), (0.028230272, 0.86359656), (0.048260022, 0.87554693), (0.053062875, 0.88605905), (0.04554069, 0.8919217), (0.035618976, 0.8784023), (0.035618976, 0.8784023), (0.04554069, 0.8919217), (0.03200423, 0.9015267), (0.02438114, 0.8835498), (0.028230272, 0.86359656), (0.035618976, 0.8784023), (0.02438114, 0.8835498), (0.016758045, 0.8655728), (0.06602608, 0.76715714), (0.067529894, 0.79290825), (0.05074547, 0.8093423), (0.044416986, 0.7958319), (0.067529894, 0.79290825), (0.07117534, 0.8139314), (0.055662613, 0.82380617), (0.05074547, 0.8093423), (0.05074547, 0.8093423), (0.055662613, 0.82380617), (0.044801425, 0.83245695), (0.03716844, 0.82811266), (0.044416986, 0.7958319), (0.05074547, 0.8093423), (0.03716844, 0.82811266), (0.022807887, 0.8245065), (0.09296754, 0.7509017), (0.09963936, 0.7797253), (0.08341828, 0.78354025), (0.079496816, 0.7590295), (0.09963936, 0.7797253), (0.10322686, 0.8057496), (0.08719858, 0.80764395), (0.08341828, 0.78354025), (0.08341828, 0.78354025), (0.08719858, 0.80764395), (0.07117534, 0.8139314), (0.067529894, 0.79290825), (0.079496816, 0.7590295), (0.08341828, 0.78354025), (0.067529894, 0.79290825), (0.06602608, 0.76715714), (0.13918313, 0.75119936), (0.135163, 0.7880115), (0.11777624, 0.78102195), (0.11607535, 0.7510506), (0.135163, 0.7880115), (0.1343747, 0.8138224), (0.119251385, 0.8080711), (0.11777624, 0.78102195), (0.11777624, 0.78102195), (0.119251385, 0.8080711), (0.10322686, 0.8057496), (0.09963936, 0.7797253), (0.11607535, 0.7510506), (0.11777624, 0.78102195), (0.09963936, 0.7797253), (0.09296754, 0.7509017), (0.16304821, 0.8111881), (0.16067772, 0.81974864), (0.14902414, 0.80289227), (0.15111569, 0.7811938), (0.16067772, 0.81974864), (0.15935905, 0.8308426), (0.14771715, 0.82193834), (0.14902414, 0.80289227), (0.14902414, 0.80289227), (0.14771715, 0.82193834), (0.1343747, 0.8138224), (0.135163, 0.7880115), (0.15111569, 0.7811938), (0.14902414, 0.80289227), (0.135163, 0.7880115), (0.13918313, 0.75119936), (0.10322686, 0.80574965), (0.119251385, 0.8080711), (0.120289765, 0.8317497), (0.10586777, 0.8307104), (0.119251385, 0.8080711), (0.13437468, 0.81382245), (0.13410944, 0.8342864), (0.120289765, 0.8317497), (0.120289765, 0.8317497), (0.13410944, 0.8342864), (0.13397178, 0.8520396), (0.12105967, 0.853565), (0.10586777, 0.8307104), (0.120289765, 0.8317497), (0.12105967, 0.853565), (0.10810134, 0.855171), (0.15935907, 0.83084255), (0.15906292, 0.8404467), (0.14721182, 0.83722126), (0.14771716, 0.82193834), (0.15906292, 0.8404467), (0.15935232, 0.8489383), (0.14713395, 0.8503162), (0.14721182, 0.83722126), (0.14721182, 0.83722126), (0.14713395, 0.8503162), (0.1339718, 0.8520396), (0.13410945, 0.83428633), (0.14771716, 0.82193834), (0.14721182, 0.83722126), (0.13410945, 0.83428633), (0.1343747, 0.81382245), (0.15935908, 0.8308425), (0.16995747, 0.83885694), (0.16959345, 0.84387046), (0.15906294, 0.8404467), (0.16995747, 0.83885694), (0.1815157, 0.84440583), (0.18101132, 0.84647197), (0.16959345, 0.84387046), (0.16959345, 0.84387046), (0.18101132, 0.84647197), (0.1810391, 0.8483341), (0.1698539, 0.84841967), (0.15906294, 0.8404467), (0.16959345, 0.84387046), (0.1698539, 0.84841967), (0.15935232, 0.8489383), (0.16304821, 0.8111881), (0.17330196, 0.8280564), (0.17134728, 0.8332759), (0.16067772, 0.8197486), (0.17330196, 0.8280564), (0.18355566, 0.8449246), (0.18280074, 0.842461), (0.17134728, 0.8332759), (0.17134728, 0.8332759), (0.18280074, 0.842461), (0.18151571, 0.84440583), (0.16995746, 0.8388569), (0.16067772, 0.8197486), (0.17134728, 0.8332759), (0.16995746, 0.8388569), (0.15935905, 0.83084255), (0.18151571, 0.84440583), (0.18280075, 0.84246105), (0.1966115, 0.845689), (0.19572999, 0.8465628), (0.18280075, 0.84246105), (0.18355566, 0.8449246), (0.19763367, 0.8451882), (0.1966115, 0.845689), (0.1966115, 0.845689), (0.19763367, 0.8451882), (0.21171165, 0.84545153), (0.21201524, 0.8462189), (0.19572999, 0.8465628), (0.1966115, 0.845689), (0.21201524, 0.8462189), (0.21172108, 0.84689415), (0.1810391, 0.8483341), (0.18101132, 0.84647197), (0.1953331, 0.8474144), (0.19525346, 0.8481844), (0.18101132, 0.84647197), (0.1815157, 0.84440583), (0.19572997, 0.84656286), (0.1953331, 0.8474144), (0.1953331, 0.8474144), (0.19572997, 0.84656286), (0.21172109, 0.84689415), (0.21153252, 0.8475232), (0.19525346, 0.8481844), (0.1953331, 0.8474144), (0.21153252, 0.8475232), (0.21144956, 0.8481287), (0.21144956, 0.8481287), (0.21153252, 0.8475232), (0.22814359, 0.8478263), (0.22807112, 0.848428), (0.21153252, 0.8475232), (0.21172109, 0.84689415), (0.22822928, 0.84722173), (0.22814359, 0.8478263), (0.22814359, 0.8478263), (0.22822928, 0.84722173), (0.24504839, 0.847897), (0.24498406, 0.84849894), (0.22807112, 0.848428), (0.22814359, 0.8478263), (0.24498406, 0.84849894), (0.2449197, 0.84910095), (0.21172108, 0.84689415), (0.21201524, 0.8462189), (0.22831428, 0.8466059), (0.22822928, 0.8472216), (0.21201524, 0.8462189), (0.21171165, 0.84545153), (0.2283217, 0.8459619), (0.22831428, 0.8466059), (0.22831428, 0.8466059), (0.2283217, 0.8459619), (0.24493171, 0.84647214), (0.24509232, 0.8472767), (0.22822928, 0.8472216), (0.22831428, 0.8466059), (0.24509232, 0.8472767), (0.2450484, 0.8478969), (0.2450484, 0.8478969), (0.24509232, 0.8472767), (0.2619478, 0.84824586), (0.26183653, 0.8488493), (0.24509232, 0.8472767), (0.24493171, 0.84647214), (0.26227787, 0.847645), (0.2619478, 0.84824586), (0.2619478, 0.84824586), (0.26227787, 0.847645), (0.27962396, 0.8488177), (0.27694413, 0.8491996), (0.26183653, 0.8488493), (0.2619478, 0.84824586), (0.27694413, 0.8491996), (0.27665547, 0.8497919), (0.2449197, 0.84910095), (0.24498406, 0.84849894), (0.26177981, 0.84945345), (0.26172313, 0.85005754), (0.24498406, 0.84849894), (0.24504839, 0.847897), (0.2618365, 0.84884936), (0.26177981, 0.84945345), (0.26177981, 0.84945345), (0.2618365, 0.84884936), (0.2766555, 0.84979194), (0.27660593, 0.8504053), (0.26172313, 0.85005754), (0.26177981, 0.84945345), (0.27660593, 0.8504053), (0.2765564, 0.8510186), (0.24479099, 0.8503047), (0.24485534, 0.8497029), (0.26166645, 0.8506617), (0.26160976, 0.8512657), (0.24485534, 0.8497029), (0.2449197, 0.84910095), (0.26172313, 0.85005754), (0.26166645, 0.8506617), (0.26166645, 0.8506617), (0.26172313, 0.85005754), (0.2765564, 0.8510186), (0.27650687, 0.8516319), (0.26160976, 0.8512657), (0.26166645, 0.8506617), (0.27650687, 0.8516319), (0.2764573, 0.85224503), (0.2114881, 0.8493714), (0.21140534, 0.84873515), (0.22800343, 0.8490297), (0.22795168, 0.84963524), (0.21140534, 0.84873515), (0.21144956, 0.8481287), (0.22807112, 0.848428), (0.22800343, 0.8490297), (0.22800343, 0.8490297), (0.22807112, 0.848428), (0.2449197, 0.84910095), (0.24485534, 0.8497029), (0.22795168, 0.84963524), (0.22800343, 0.8490297), (0.24485534, 0.8497029), (0.24479099, 0.8503047), (0.24441695, 0.8512877), (0.2447062, 0.8508883), (0.2616079, 0.851869), (0.26182517, 0.8524686), (0.2447062, 0.8508883), (0.24479099, 0.8503047), (0.2616098, 0.8512658), (0.2616079, 0.851869), (0.2616079, 0.851869), (0.2616098, 0.8512658), (0.27645728, 0.8522451), (0.27664736, 0.85287315), (0.26182517, 0.8524686), (0.2616079, 0.851869), (0.27664736, 0.85287315), (0.2792333, 0.8536492), (0.21107265, 0.8502514), (0.21168832, 0.85001373), (0.22789767, 0.8502315), (0.22774482, 0.85076964), (0.21168832, 0.85001373), (0.21148814, 0.8493714), (0.22795166, 0.84963524), (0.22789767, 0.8502315), (0.22789767, 0.8502315), (0.22795166, 0.84963524), (0.24479099, 0.8503047), (0.2447062, 0.8508883), (0.22774482, 0.85076964), (0.22789767, 0.8502315), (0.2447062, 0.8508883), (0.24441695, 0.8512877), (0.2792333, 0.8536492), (0.27664736, 0.85287315), (0.28775996, 0.85364455), (0.28801617, 0.8542973), (0.27664736, 0.85287315), (0.27645728, 0.8522451), (0.2877434, 0.8530068), (0.28775996, 0.85364455), (0.28775996, 0.85364455), (0.2877434, 0.8530068), (0.2968741, 0.853621), (0.29683658, 0.85428315), (0.28801617, 0.8542973), (0.28775996, 0.85364455), (0.29683658, 0.85428315), (0.29679903, 0.8549453), (0.27645728, 0.8522451), (0.27650684, 0.8516318), (0.28778666, 0.8523725), (0.2877434, 0.8530068), (0.27650684, 0.8516318), (0.27655637, 0.85101867), (0.28783, 0.85173845), (0.28778666, 0.8523725), (0.28778666, 0.8523725), (0.28783, 0.85173845), (0.29694936, 0.85229707), (0.29691175, 0.8529591), (0.2877434, 0.8530068), (0.28778666, 0.8523725), (0.29691175, 0.8529591), (0.2968741, 0.853621), (0.27655637, 0.85101867), (0.27660593, 0.8504053), (0.28787327, 0.8511042), (0.28783, 0.85173845), (0.27660593, 0.8504053), (0.27665547, 0.8497919), (0.28791657, 0.85047007), (0.28787327, 0.8511042), (0.28787327, 0.8511042), (0.28791657, 0.85047007), (0.2970245, 0.8509727), (0.29698694, 0.851635), (0.28783, 0.85173845), (0.28787327, 0.8511042), (0.29698694, 0.851635), (0.29694936, 0.85229707), (0.27665547, 0.8497919), (0.27694413, 0.8491996), (0.2880196, 0.8498411), (0.28791657, 0.85047007), (0.27694413, 0.8491996), (0.27962396, 0.8488177), (0.28836185, 0.8492332), (0.2880196, 0.8498411), (0.2880196, 0.8498411), (0.28836185, 0.8492332), (0.29709965, 0.8496487), (0.29706207, 0.8503108), (0.28791657, 0.85047007), (0.2880196, 0.8498411), (0.29706207, 0.8503108), (0.2970245, 0.8509727), (0.1827399, 0.8521409), (0.18158348, 0.8501753), (0.19533046, 0.8489543), (0.19578564, 0.84981036), (0.18158348, 0.8501753), (0.1810391, 0.8483341), (0.19525346, 0.8481844), (0.19533046, 0.8489543), (0.19533046, 0.8489543), (0.19525346, 0.8481844), (0.21144956, 0.8481287), (0.21140534, 0.84873515), (0.19578564, 0.84981036), (0.19533046, 0.8489543), (0.21140534, 0.84873515), (0.2114881, 0.8493714), (0.15935232, 0.8489383), (0.1698539, 0.84841967), (0.17140523, 0.85286397), (0.16224661, 0.85704553), (0.1698539, 0.84841967), (0.1810391, 0.8483341), (0.18158348, 0.85017526), (0.17140523, 0.85286397), (0.17140523, 0.85286397), (0.18158348, 0.85017526), (0.18273991, 0.8521409), (0.17365626, 0.85740584), (0.16224661, 0.85704553), (0.17140523, 0.85286397), (0.17365626, 0.85740584), (0.16596898, 0.86517227), (0.13397178, 0.8520396), (0.14713395, 0.8503162), (0.15131022, 0.8624997), (0.13859522, 0.8684703), (0.14713395, 0.8503162), (0.15935232, 0.8489383), (0.16224661, 0.85704553), (0.15131022, 0.8624997), (0.15131022, 0.8624997), (0.16224661, 0.85704553), (0.16596898, 0.86517227), (0.15657975, 0.87457657), (0.13859522, 0.8684703), (0.15131022, 0.8624997), (0.15657975, 0.87457657), (0.14413153, 0.8845072), (0.11196038, 0.89937073), (0.1107461, 0.87799287), (0.12481536, 0.8740154), (0.12840118, 0.8935553), (0.1107461, 0.87799287), (0.10810134, 0.855171), (0.12105967, 0.853565), (0.12481536, 0.8740154), (0.12481536, 0.8740154), (0.12105967, 0.853565), (0.13397178, 0.8520396), (0.13859522, 0.8684703), (0.12840118, 0.8935553), (0.12481536, 0.8740154), (0.13859522, 0.8684703), (0.14413151, 0.8845072), (0.4933965, 0.08928286), (0.49247608, 0.08899078), (0.4949928, 0.07087974), (0.49591836, 0.07104544), (0.49247608, 0.08899078), (0.49155936, 0.08732845), (0.4940676, 0.070577055), (0.4949928, 0.07087974), (0.4949928, 0.07087974), (0.4940676, 0.070577055), (0.4965758, 0.053825643), (0.49750608, 0.0539334), (0.49591836, 0.07104544), (0.4949928, 0.07087974), (0.49750608, 0.0539334), (0.49843633, 0.054041162), (0.49708, 0.08990324), (0.4961591, 0.08974817), (0.49869516, 0.0714398), (0.49962083, 0.07157124), (0.4961591, 0.08974817), (0.49523827, 0.089593105), (0.49776956, 0.07130836), (0.49869516, 0.0714398), (0.49869516, 0.0714398), (0.49776956, 0.07130836), (0.50029683, 0.054256696), (0.50122714, 0.054364502), (0.49962083, 0.07157124), (0.49869516, 0.0714398), (0.50122714, 0.054364502), (0.5021574, 0.054472297), (0.54019666, 0.16854087), (0.52495915, 0.17945999), (0.50850344, 0.1678485), (0.51618576, 0.16012008), (0.52495915, 0.17945999), (0.5109638, 0.18816255), (0.50049067, 0.17394154), (0.50850344, 0.1678485), (0.50850344, 0.1678485), (0.50049067, 0.17394154), (0.49308813, 0.16072044), (0.4959791, 0.15668619), (0.51618576, 0.16012008), (0.50850344, 0.1678485), (0.4959791, 0.15668619), (0.49217474, 0.15169926), (0.48374522, 0.19628328), (0.48524916, 0.17893532), (0.49274614, 0.1772699), (0.4972912, 0.1932924), (0.48524916, 0.17893532), (0.4867957, 0.16320078), (0.4898416, 0.16261354), (0.49274614, 0.1772699), (0.49274614, 0.1772699), (0.4898416, 0.16261354), (0.49308813, 0.16072045), (0.5004907, 0.17394154), (0.4972912, 0.1932924), (0.49274614, 0.1772699), (0.5004907, 0.17394154), (0.5109638, 0.18816255), (0.49892765, 0.08856944), (0.49800143, 0.089921325), (0.50054663, 0.071668416), (0.5014729, 0.0716286), (0.49800143, 0.089921325), (0.49708, 0.08990324), (0.49962083, 0.07157124), (0.50054663, 0.071668416), (0.50054663, 0.071668416), (0.49962083, 0.07157124), (0.5021574, 0.054472297), (0.50308776, 0.054580025), (0.5014729, 0.0716286), (0.50054663, 0.071668416), (0.50308776, 0.054580025), (0.50401807, 0.05468775), (0.45935556, 0.1864266), (0.47165033, 0.17306258), (0.47893807, 0.17644584), (0.47240388, 0.19191675), (0.47165033, 0.17306258), (0.48121792, 0.16047828), (0.4841544, 0.16222912), (0.47893807, 0.17644584), (0.47893807, 0.17644584), (0.4841544, 0.16222912), (0.4867957, 0.16320078), (0.48524916, 0.17893532), (0.47240388, 0.19191675), (0.47893807, 0.17644584), (0.48524916, 0.17893532), (0.48374522, 0.19628328), (0.49523827, 0.089593105), (0.49431735, 0.089437984), (0.49684393, 0.071176894), (0.49776956, 0.07130836), (0.49431735, 0.089437984), (0.4933965, 0.08928286), (0.49591836, 0.07104544), (0.49684393, 0.071176894), (0.49684393, 0.071176894), (0.49591836, 0.07104544), (0.49843633, 0.054041162), (0.4993666, 0.054148935), (0.49776956, 0.07130836), (0.49684393, 0.071176894), (0.4993666, 0.054148935), (0.50029683, 0.054256696), (0.4867957, 0.16320078), (0.48415443, 0.16222914), (0.4873472, 0.1468882), (0.48847923, 0.14720699), (0.48415443, 0.16222914), (0.48121795, 0.1604783), (0.48620012, 0.14608595), (0.4873472, 0.1468882), (0.4873472, 0.1468882), (0.48620012, 0.14608595), (0.48861146, 0.12900199), (0.48951676, 0.12936795), (0.48847923, 0.14720699), (0.4873472, 0.1468882), (0.48951676, 0.12936795), (0.49043134, 0.12957133), (0.49043134, 0.12957133), (0.48951676, 0.12936795), (0.49181804, 0.1095123), (0.49273446, 0.10969115), (0.48951676, 0.12936795), (0.48861146, 0.12900199), (0.4909028, 0.10931314), (0.49181804, 0.1095123), (0.49181804, 0.1095123), (0.4909028, 0.10931314), (0.49339646, 0.08928288), (0.49431732, 0.089437984), (0.49273446, 0.10969115), (0.49181804, 0.1095123), (0.49431732, 0.089437984), (0.49523827, 0.089593105), (0.49217474, 0.15169926), (0.4959791, 0.15668619), (0.49230343, 0.14437973), (0.4929884, 0.1420071), (0.4959791, 0.15668619), (0.49308813, 0.16072044), (0.49099132, 0.14636262), (0.49230343, 0.14437973), (0.49230343, 0.14437973), (0.49099132, 0.14636262), (0.4923116, 0.12958692), (0.49328163, 0.12938553), (0.4929884, 0.1420071), (0.49230343, 0.14437973), (0.49328163, 0.12938553), (0.49380195, 0.13231492), (0.49380195, 0.13231492), (0.49328163, 0.12938553), (0.49549097, 0.11013613), (0.49636486, 0.11044219), (0.49328163, 0.12938553), (0.4923116, 0.12958692), (0.49457362, 0.10999986), (0.49549097, 0.11013613), (0.49549097, 0.11013613), (0.49457362, 0.10999986), (0.49708, 0.08990324), (0.49800143, 0.089921325), (0.49636486, 0.11044219), (0.49549097, 0.11013613), (0.49800143, 0.089921325), (0.49892765, 0.08856944), (0.4930881, 0.16072045), (0.48984164, 0.16261356), (0.48967972, 0.14716652), (0.49099135, 0.14636263), (0.48984164, 0.16261356), (0.4867957, 0.16320078), (0.48847923, 0.14720699), (0.48967972, 0.14716652), (0.48967972, 0.14716652), (0.48847923, 0.14720699), (0.49043134, 0.12957133), (0.4913534, 0.12970549), (0.49099135, 0.14636263), (0.48967972, 0.14716652), (0.4913534, 0.12970549), (0.4923116, 0.12958692), (0.4923116, 0.12958692), (0.4913534, 0.12970549), (0.49365178, 0.10986129), (0.49457362, 0.10999986), (0.4913534, 0.12970549), (0.49043134, 0.12957133), (0.49273446, 0.10969115), (0.49365178, 0.10986129), (0.49365178, 0.10986129), (0.49273446, 0.10969115), (0.49523827, 0.089593105), (0.49615914, 0.08974816), (0.49457362, 0.10999986), (0.49365178, 0.10986129), (0.49615914, 0.08974816), (0.49708003, 0.089903235), (0.48121795, 0.16047828), (0.4785693, 0.15756865), (0.48521614, 0.1445781), (0.48620006, 0.14608593), (0.4785693, 0.15756865), (0.4834248, 0.15527831), (0.48497003, 0.14298762), (0.48521614, 0.1445781), (0.48521614, 0.1445781), (0.48497003, 0.14298762), (0.48651513, 0.1306969), (0.48769435, 0.12862608), (0.48620006, 0.14608593), (0.48521614, 0.1445781), (0.48769435, 0.12862608), (0.48861146, 0.12900198), (0.48861146, 0.12900198), (0.48769435, 0.12862608), (0.48998284, 0.10911111), (0.49090284, 0.10931313), (0.48769435, 0.12862608), (0.48651513, 0.1306969), (0.4890373, 0.10901268), (0.48998284, 0.10911111), (0.48998284, 0.10911111), (0.4890373, 0.10901268), (0.49155936, 0.08732845), (0.49247608, 0.08899078), (0.49090284, 0.10931313), (0.48998284, 0.10911111), (0.49247608, 0.08899078), (0.4933965, 0.08928286), (0.42417878, 0.16979077), (0.45380187, 0.16253456), (0.4628946, 0.16820832), (0.44332194, 0.17899822), (0.45380187, 0.16253456), (0.4834248, 0.15527831), (0.47856933, 0.15756865), (0.4628946, 0.16820832), (0.4628946, 0.16820832), (0.47856933, 0.15756865), (0.48121792, 0.16047828), (0.47165036, 0.17306258), (0.44332194, 0.17899822), (0.4628946, 0.16820832), (0.47165036, 0.17306258), (0.45935553, 0.1864266), (0.51096374, 0.18816254), (0.52495915, 0.17945997), (0.5406848, 0.19294304), (0.5214621, 0.20511444), (0.52495915, 0.17945997), (0.54019666, 0.16854087), (0.56019175, 0.17724098), (0.5406848, 0.19294304), (0.5406848, 0.19294304), (0.56019175, 0.17724098), (0.5801867, 0.18594106), (0.5532824, 0.20959114), (0.5214621, 0.20511444), (0.5406848, 0.19294304), (0.5532824, 0.20959114), (0.52982455, 0.22404996), (0.48102123, 0.23732293), (0.48226067, 0.21643025), (0.5019785, 0.21224125), (0.5057346, 0.23235656), (0.48226067, 0.21643025), (0.48374522, 0.19628328), (0.4972912, 0.1932924), (0.5019785, 0.21224125), (0.5019785, 0.21224125), (0.4972912, 0.1932924), (0.5109638, 0.18816255), (0.5214621, 0.20511441), (0.5057346, 0.23235656), (0.5019785, 0.21224125), (0.5214621, 0.20511441), (0.5298246, 0.22404994), (0.45935556, 0.1864266), (0.47240388, 0.19191675), (0.4657479, 0.21052174), (0.44711915, 0.20294395), (0.47240388, 0.19191675), (0.48374522, 0.19628328), (0.48226067, 0.21643025), (0.4657479, 0.21052174), (0.4657479, 0.21052174), (0.48226067, 0.21643025), (0.48102123, 0.23732293), (0.46042207, 0.23082358), (0.44711915, 0.20294395), (0.4657479, 0.21052174), (0.46042207, 0.23082358), (0.43756303, 0.22242768), (0.42417878, 0.16979077), (0.44332194, 0.17899823), (0.42478254, 0.19239256), (0.39960474, 0.17940672), (0.44332194, 0.17899823), (0.45935556, 0.18642658), (0.44711912, 0.2029439), (0.42478254, 0.19239256), (0.42478254, 0.19239256), (0.44711912, 0.2029439), (0.43756303, 0.22242768), (0.4103523, 0.2101713), (0.39960474, 0.17940672), (0.42478254, 0.19239256), (0.4103523, 0.2101713), (0.3750306, 0.18902262), (0.3750306, 0.18902262), (0.4103523, 0.2101713), (0.40388966, 0.23483169), (0.37152004, 0.2238232), (0.4103523, 0.2101713), (0.43756303, 0.22242768), (0.43282133, 0.2440288), (0.40388966, 0.23483169), (0.40388966, 0.23483169), (0.43282133, 0.2440288), (0.43324062, 0.2668101), (0.404619, 0.2621873), (0.37152004, 0.2238232), (0.40388966, 0.23483169), (0.404619, 0.2621873), (0.36800942, 0.25862375), (0.43324062, 0.26681012), (0.4328214, 0.24402885), (0.45768714, 0.251), (0.4577819, 0.2710064), (0.4328214, 0.24402885), (0.43756306, 0.22242768), (0.4604221, 0.23082358), (0.45768714, 0.251), (0.45768714, 0.251), (0.4604221, 0.23082358), (0.48102123, 0.23732293), (0.48028946, 0.25671953), (0.4577819, 0.2710064), (0.45768714, 0.251), (0.48028946, 0.25671953), (0.4802286, 0.27486292), (0.53399265, 0.26513836), (0.5074578, 0.27085665), (0.50770134, 0.25168967), (0.53431267, 0.24394405), (0.5074578, 0.27085665), (0.4802286, 0.27486292), (0.48028946, 0.25671953), (0.50770134, 0.25168967), (0.50770134, 0.25168967), (0.48028946, 0.25671953), (0.48102123, 0.23732293), (0.5057346, 0.23235658), (0.53431267, 0.24394405), (0.50770134, 0.25168967), (0.5057346, 0.23235658), (0.5298246, 0.22404994), (0.5908712, 0.24546829), (0.5599385, 0.25649858), (0.55983347, 0.23150875), (0.585529, 0.21570471), (0.5599385, 0.25649858), (0.53399265, 0.26513833), (0.53431267, 0.24394405), (0.55983347, 0.23150875), (0.55983347, 0.23150875), (0.53431267, 0.24394405), (0.52982455, 0.22404994), (0.5532823, 0.20959114), (0.585529, 0.21570471), (0.55983347, 0.23150875), (0.5532823, 0.20959114), (0.5801867, 0.18594106), (0.36800942, 0.25862375), (0.404619, 0.2621873), (0.41324162, 0.2887745), (0.38571507, 0.2883874), (0.404619, 0.2621873), (0.43324062, 0.2668101), (0.43834478, 0.28964573), (0.41324162, 0.2887745), (0.41324162, 0.2887745), (0.43834478, 0.28964573), (0.4461561, 0.31074405), (0.42602345, 0.3133763), (0.38571507, 0.2883874), (0.41324162, 0.2887745), (0.42602345, 0.3133763), (0.40342066, 0.31815097), (0.5214169, 0.30878502), (0.5288095, 0.28764418), (0.55214894, 0.28305188), (0.5408075, 0.30792597), (0.5288095, 0.28764418), (0.5339926, 0.26513836), (0.5599385, 0.25649858), (0.55214894, 0.28305188), (0.55214894, 0.28305188), (0.5599385, 0.25649858), (0.5908712, 0.24546829), (0.5757605, 0.27767414), (0.5408075, 0.30792597), (0.55214894, 0.28305188), (0.5757605, 0.27767414), (0.56064963, 0.30987993), (0.5100685, 0.33649862), (0.5146886, 0.32568806), (0.52902836, 0.3275707), (0.51674587, 0.34247947), (0.5146886, 0.32568806), (0.5214169, 0.30878502), (0.5408075, 0.30792597), (0.52902836, 0.3275707), (0.52902836, 0.3275707), (0.5408075, 0.30792597), (0.56064963, 0.30987993), (0.5432494, 0.3309435), (0.51674587, 0.34247947), (0.52902836, 0.3275707), (0.5432494, 0.3309435), (0.5258491, 0.35200697), (0.4819635, 0.30990005), (0.48088807, 0.2924988), (0.50502855, 0.29058504), (0.5017824, 0.30948356), (0.48088807, 0.2924988), (0.4802286, 0.27486292), (0.5074578, 0.2708567), (0.50502855, 0.29058504), (0.50502855, 0.29058504), (0.5074578, 0.2708567), (0.5339927, 0.26513836), (0.5288095, 0.2876442), (0.5017824, 0.30948356), (0.50502855, 0.29058504), (0.5288095, 0.2876442), (0.52141684, 0.30878502), (0.4461561, 0.31074408), (0.43834487, 0.28964576), (0.46045792, 0.290959), (0.46453935, 0.30983916), (0.43834487, 0.28964576), (0.43324062, 0.26681012), (0.4577819, 0.2710064), (0.46045792, 0.290959), (0.46045792, 0.290959), (0.4577819, 0.2710064), (0.4802286, 0.27486292), (0.48088807, 0.2924988), (0.46453935, 0.30983916), (0.46045792, 0.290959), (0.48088807, 0.2924988), (0.4819635, 0.30990005), (0.48485848, 0.3445658), (0.48319542, 0.32721478), (0.49932888, 0.3260145), (0.49912843, 0.34025368), (0.48319542, 0.32721478), (0.48196352, 0.30990005), (0.5017824, 0.30948356), (0.49932888, 0.3260145), (0.49932888, 0.3260145), (0.5017824, 0.30948356), (0.5214169, 0.30878502), (0.5146886, 0.32568806), (0.49912843, 0.34025368), (0.49932888, 0.3260145), (0.5146886, 0.32568806), (0.5100685, 0.33649862), (0.4606582, 0.34020236), (0.45441076, 0.3283318), (0.46864846, 0.32670552), (0.47133875, 0.34217724), (0.45441076, 0.3283318), (0.4461561, 0.31074402), (0.46453932, 0.30983916), (0.46864846, 0.32670552), (0.46864846, 0.32670552), (0.46453932, 0.30983916), (0.48196352, 0.30990005), (0.48319542, 0.32721478), (0.47133875, 0.34217724), (0.46864846, 0.32670552), (0.48319542, 0.32721478), (0.48485848, 0.3445658), (0.4848585, 0.3445658), (0.49912846, 0.34025365), (0.5025783, 0.3531107), (0.48722306, 0.36203736), (0.49912846, 0.34025365), (0.5100685, 0.33649862), (0.51674587, 0.34247947), (0.5025783, 0.3531107), (0.5025783, 0.3531107), (0.51674587, 0.34247947), (0.5258491, 0.35200697), (0.50792825, 0.36579612), (0.48722306, 0.36203736), (0.5025783, 0.3531107), (0.50792825, 0.36579612), (0.49000734, 0.3795852), (0.49000734, 0.3795852), (0.46985966, 0.37439558), (0.4712513, 0.3577158), (0.48722306, 0.36203736), (0.46985966, 0.37439558), (0.4497119, 0.36920598), (0.4557071, 0.35006908), (0.4712513, 0.3577158), (0.4712513, 0.3577158), (0.4557071, 0.35006908), (0.4606582, 0.34020236), (0.47133875, 0.34217724), (0.48722306, 0.36203736), (0.4712513, 0.3577158), (0.47133875, 0.34217724), (0.48485848, 0.3445658), (0.40342066, 0.31815097), (0.42602345, 0.3133763), (0.44060805, 0.33442426), (0.42656633, 0.3436785), (0.42602345, 0.3133763), (0.4461561, 0.31074405), (0.4544108, 0.3283318), (0.44060805, 0.33442426), (0.44060805, 0.33442426), (0.4544108, 0.3283318), (0.4606582, 0.34020236), (0.4557071, 0.35006908), (0.42656633, 0.3436785), (0.44060805, 0.33442426), (0.4557071, 0.35006908), (0.4497119, 0.36920598), (0.53788215, 0.61176276), (0.53846973, 0.60614574), (0.5383304, 0.6156668), (0.5367105, 0.6171615), (0.53846973, 0.60614574), (0.54150534, 0.604085), (0.539992, 0.61468375), (0.5383304, 0.6156668), (0.5383304, 0.6156668), (0.539992, 0.61468375), (0.5368287, 0.6244832), (0.5359051, 0.62445027), (0.5367105, 0.6171615), (0.5383304, 0.6156668), (0.5359051, 0.62445027), (0.53553873, 0.6225601), (0.52041805, 0.5808313), (0.52899545, 0.5770365), (0.5346014, 0.592728), (0.5291502, 0.5962971), (0.52899545, 0.5770365), (0.5383358, 0.5748415), (0.5404422, 0.590474), (0.5346014, 0.592728), (0.5346014, 0.592728), (0.5404422, 0.590474), (0.54150534, 0.604085), (0.53846973, 0.60614574), (0.5291502, 0.5962971), (0.5346014, 0.592728), (0.53846973, 0.60614574), (0.53788215, 0.61176276), (0.53833574, 0.5748415), (0.52899545, 0.57703656), (0.5236938, 0.560624), (0.53698945, 0.5588013), (0.52899545, 0.57703656), (0.52041805, 0.5808313), (0.5107879, 0.56371576), (0.5236938, 0.560624), (0.5236938, 0.560624), (0.5107879, 0.56371576), (0.5011577, 0.54660004), (0.5198994, 0.5444358), (0.53698945, 0.5588013), (0.5236938, 0.560624), (0.5198994, 0.5444358), (0.53682953, 0.5432563), (0.4987053, 0.5142631), (0.5219949, 0.5128908), (0.5190763, 0.52890694), (0.49993157, 0.5304316), (0.5219949, 0.5128908), (0.54181033, 0.513621), (0.53811455, 0.5285654), (0.5190763, 0.52890694), (0.5190763, 0.52890694), (0.53811455, 0.5285654), (0.5368295, 0.5432563), (0.5198994, 0.54443586), (0.49993157, 0.5304316), (0.5190763, 0.52890694), (0.5198994, 0.54443586), (0.5011577, 0.54660004), (0.5596987, 0.48044443), (0.54889625, 0.49736995), (0.53056145, 0.49516022), (0.54384065, 0.47705522), (0.54889625, 0.49736995), (0.54181033, 0.513621), (0.5219948, 0.5128908), (0.53056145, 0.49516022), (0.53056145, 0.49516022), (0.5219948, 0.5128908), (0.4987053, 0.5142631), (0.51220936, 0.49364382), (0.54384065, 0.47705522), (0.53056145, 0.49516022), (0.51220936, 0.49364382), (0.5257133, 0.47302446), (0.5833689, 0.45363253), (0.5732029, 0.46443546), (0.56150776, 0.4604381), (0.5797961, 0.44735777), (0.5732029, 0.46443546), (0.5596987, 0.48044443), (0.54384065, 0.47705522), (0.56150776, 0.4604381), (0.56150776, 0.4604381), (0.54384065, 0.47705522), (0.5257133, 0.47302446), (0.55008507, 0.45555478), (0.5797961, 0.44735777), (0.56150776, 0.4604381), (0.55008507, 0.45555478), (0.5744567, 0.438085), (0.5940585, 0.48805875), (0.5882168, 0.50465494), (0.5682096, 0.50068384), (0.57650393, 0.4841349), (0.5882168, 0.50465494), (0.58329916, 0.51908207), (0.562246, 0.51591855), (0.5682096, 0.50068384), (0.5682096, 0.50068384), (0.562246, 0.51591855), (0.5418103, 0.51362103), (0.54889625, 0.49737), (0.57650393, 0.4841349), (0.5682096, 0.50068384), (0.54889625, 0.49737), (0.5596987, 0.4804444), (0.60832584, 0.44990462), (0.6014448, 0.46879324), (0.58684015, 0.46682838), (0.59483737, 0.45143166), (0.6014448, 0.46879324), (0.5940586, 0.48805878), (0.5765038, 0.4841349), (0.58684015, 0.46682838), (0.58684015, 0.46682838), (0.5765038, 0.4841349), (0.5596987, 0.48044443), (0.5732029, 0.46443546), (0.59483737, 0.45143166), (0.58684015, 0.46682838), (0.5732029, 0.46443546), (0.5833689, 0.45363253), (0.6189719, 0.4952247), (0.6183943, 0.5153099), (0.6027733, 0.51021624), (0.6060017, 0.49210715), (0.6183943, 0.5153099), (0.61717844, 0.5343129), (0.5996603, 0.5269215), (0.6027733, 0.51021624), (0.6027733, 0.51021624), (0.5996603, 0.5269215), (0.58329916, 0.51908207), (0.5882168, 0.50465494), (0.6060017, 0.49210715), (0.6027733, 0.51021624), (0.5882168, 0.50465494), (0.5940585, 0.48805875), (0.6230362, 0.46134752), (0.6210509, 0.4754706), (0.6108547, 0.47313008), (0.6167499, 0.45598418), (0.6210509, 0.4754706), (0.6189719, 0.49522468), (0.6060016, 0.49210706), (0.6108547, 0.47313008), (0.6108547, 0.47313008), (0.6060016, 0.49210706), (0.5940586, 0.48805878), (0.6014448, 0.46879324), (0.6167499, 0.45598418), (0.6108547, 0.47313008), (0.6014448, 0.46879324), (0.60832584, 0.44990462), (0.61547434, 0.42087233), (0.63092583, 0.42988855), (0.62344646, 0.44235054), (0.6127057, 0.43431103), (0.63092583, 0.42988855), (0.6463773, 0.43890476), (0.6312645, 0.4539333), (0.62344646, 0.44235054), (0.62344646, 0.44235054), (0.6312645, 0.4539333), (0.6230362, 0.46134752), (0.61674976, 0.45598418), (0.6127057, 0.43431103), (0.62344646, 0.44235054), (0.61674976, 0.45598418), (0.60832584, 0.44990462), (0.60832584, 0.44990465), (0.59483737, 0.45143166), (0.596654, 0.4395775), (0.6127057, 0.43431103), (0.59483737, 0.45143166), (0.5833689, 0.45363253), (0.5797961, 0.44735777), (0.596654, 0.4395775), (0.596654, 0.4395775), (0.5797961, 0.44735777), (0.5744567, 0.438085), (0.5949656, 0.4294787), (0.6127057, 0.43431103), (0.596654, 0.4395775), (0.5949656, 0.4294787), (0.61547434, 0.42087233), (0.6468893, 0.49930865), (0.6334478, 0.49694768), (0.6330916, 0.47355905), (0.6466334, 0.46910676), (0.6334478, 0.49694768), (0.6189718, 0.49522465), (0.6210509, 0.47547057), (0.6330916, 0.47355905), (0.6330916, 0.47355905), (0.6210509, 0.47547057), (0.6230362, 0.46134752), (0.63126457, 0.45393333), (0.6466334, 0.46910676), (0.6330916, 0.47355905), (0.63126457, 0.45393333), (0.6463773, 0.43890476), (0.6622448, 0.5484169), (0.63704306, 0.54106283), (0.6358425, 0.5196892), (0.6545671, 0.52386284), (0.63704306, 0.54106283), (0.6171784, 0.5343129), (0.6183943, 0.5153099), (0.6358425, 0.5196892), (0.6358425, 0.5196892), (0.6183943, 0.5153099), (0.6189718, 0.49522465), (0.6334478, 0.49694768), (0.6545671, 0.52386284), (0.6358425, 0.5196892), (0.6334478, 0.49694768), (0.6468893, 0.49930865), (0.64750373, 0.589949), (0.62120676, 0.57693046), (0.6325835, 0.5603599), (0.6548743, 0.56918305), (0.62120676, 0.57693046), (0.6032057, 0.566378), (0.61260116, 0.5515436), (0.6325835, 0.5603599), (0.6325835, 0.5603599), (0.61260116, 0.5515436), (0.6171784, 0.5343129), (0.63704306, 0.54106283), (0.6548743, 0.56918305), (0.6325835, 0.5603599), (0.63704306, 0.54106283), (0.6622448, 0.5484169), (0.57934785, 0.6145709), (0.578763, 0.59918076), (0.600845, 0.58962876), (0.61342585, 0.60226005), (0.578763, 0.59918076), (0.57294947, 0.5888398), (0.58879554, 0.5785104), (0.600845, 0.58962876), (0.600845, 0.58962876), (0.58879554, 0.5785104), (0.6032057, 0.566378), (0.62120676, 0.57693046), (0.61342585, 0.60226005), (0.600845, 0.58962876), (0.62120676, 0.57693046), (0.64750373, 0.589949), (0.61717844, 0.5343129), (0.6126013, 0.55154353), (0.59482294, 0.54225665), (0.5996603, 0.5269215), (0.6126013, 0.55154353), (0.6032057, 0.56637806), (0.5874086, 0.55625635), (0.59482294, 0.54225665), (0.59482294, 0.54225665), (0.5874086, 0.55625635), (0.5724886, 0.5462521), (0.57819325, 0.5326362), (0.5996603, 0.5269215), (0.59482294, 0.54225665), (0.57819325, 0.5326362), (0.58329916, 0.51908207), (0.5729495, 0.5888399), (0.56623954, 0.5814002), (0.5772879, 0.5690818), (0.5887956, 0.5785104), (0.56623954, 0.5814002), (0.559291, 0.57549006), (0.5660688, 0.5605791), (0.5772879, 0.5690818), (0.5772879, 0.5690818), (0.5660688, 0.5605791), (0.5724886, 0.5462521), (0.58740854, 0.55625635), (0.5887956, 0.5785104), (0.5772879, 0.5690818), (0.58740854, 0.55625635), (0.6032057, 0.56637806), (0.5729495, 0.58883995), (0.55952525, 0.59837025), (0.5562681, 0.59368205), (0.56623954, 0.5814002), (0.55952525, 0.59837025), (0.54972094, 0.60731894), (0.5483757, 0.6051079), (0.5562681, 0.59368205), (0.5562681, 0.59368205), (0.5483757, 0.6051079), (0.54681313, 0.6038152), (0.55266184, 0.5904178), (0.56623954, 0.5814002), (0.5562681, 0.59368205), (0.55266184, 0.5904178), (0.55929106, 0.57549006), (0.57934785, 0.6145709), (0.5632346, 0.6142107), (0.56198525, 0.60548043), (0.578763, 0.5991807), (0.5632346, 0.6142107), (0.5471212, 0.6138504), (0.5503418, 0.6109046), (0.56198525, 0.60548043), (0.56198525, 0.60548043), (0.5503418, 0.6109046), (0.54972094, 0.6073189), (0.55952525, 0.5983702), (0.578763, 0.5991807), (0.56198525, 0.60548043), (0.55952525, 0.5983702), (0.5729495, 0.5888399), (0.54972094, 0.6073189), (0.5503418, 0.61090463), (0.54406804, 0.61747676), (0.5436377, 0.61594015), (0.5503418, 0.61090463), (0.5471212, 0.6138504), (0.54405457, 0.6190992), (0.54406804, 0.61747676), (0.54406804, 0.61747676), (0.54405457, 0.6190992), (0.54098785, 0.6243479), (0.54025745, 0.62584764), (0.5436377, 0.61594015), (0.54406804, 0.61747676), (0.54025745, 0.62584764), (0.5396475, 0.62542135), (0.54681313, 0.6038152), (0.54837567, 0.6051079), (0.5429599, 0.6150603), (0.54218584, 0.61462903), (0.54837567, 0.6051079), (0.549721, 0.6073189), (0.54363775, 0.6159402), (0.5429599, 0.6150603), (0.5429599, 0.6150603), (0.54363775, 0.6159402), (0.5396475, 0.6254214), (0.53900397, 0.6250225), (0.54218584, 0.61462903), (0.5429599, 0.6150603), (0.53900397, 0.6250225), (0.53833115, 0.624764), (0.5396475, 0.62542135), (0.54025745, 0.62584764), (0.53674936, 0.6369673), (0.53608865, 0.6367278), (0.54025745, 0.62584764), (0.54098785, 0.6243479), (0.53738296, 0.6370365), (0.53674936, 0.6369673), (0.53674936, 0.6369673), (0.53738296, 0.6370365), (0.53377795, 0.6497249), (0.533528, 0.6492708), (0.53608865, 0.6367278), (0.53674936, 0.6369673), (0.533528, 0.6492708), (0.5328933, 0.64900374), (0.53833115, 0.624764), (0.53900397, 0.6250225), (0.53541595, 0.6364705), (0.5347396, 0.63623077), (0.53900397, 0.6250225), (0.5396475, 0.6254214), (0.5360887, 0.63672775), (0.53541595, 0.6364705), (0.53541595, 0.6364705), (0.5360887, 0.63672775), (0.5328933, 0.64900374), (0.53222, 0.64875543), (0.5347396, 0.63623077), (0.53541595, 0.6364705), (0.53222, 0.64875543), (0.53154683, 0.64850706), (0.5328933, 0.64900374), (0.533528, 0.6492708), (0.5309379, 0.6614531), (0.5302791, 0.66118526), (0.533528, 0.6492708), (0.53377795, 0.6497249), (0.53155816, 0.6617397), (0.5309379, 0.6614531), (0.5309379, 0.6614531), (0.53155816, 0.6617397), (0.5293383, 0.6737546), (0.5286752, 0.6734753), (0.5302791, 0.66118526), (0.5309379, 0.6614531), (0.5286752, 0.6734753), (0.52801204, 0.6731961), (0.5315468, 0.64850706), (0.53222007, 0.64875543), (0.52961075, 0.66092205), (0.52894235, 0.66065884), (0.53222007, 0.64875543), (0.5328933, 0.64900374), (0.5302791, 0.66118526), (0.52961075, 0.66092205), (0.52961075, 0.66092205), (0.5302791, 0.66118526), (0.52801204, 0.6731961), (0.527349, 0.672917), (0.52894235, 0.66065884), (0.52961075, 0.66092205), (0.527349, 0.672917), (0.5266859, 0.6726377), (0.5302003, 0.6480103), (0.53087354, 0.64825875), (0.528274, 0.6603957), (0.52760565, 0.66013235), (0.53087354, 0.64825875), (0.5315468, 0.64850706), (0.52894235, 0.66065884), (0.528274, 0.6603957), (0.528274, 0.6603957), (0.52894235, 0.66065884), (0.5266859, 0.6726377), (0.52602285, 0.6723584), (0.52760565, 0.66013235), (0.528274, 0.6603957), (0.52602285, 0.6723584), (0.52535975, 0.672079), (0.52838767, 0.6477503), (0.5294882, 0.6477818), (0.5269276, 0.6598741), (0.52621067, 0.65963566), (0.5294882, 0.6477818), (0.5302003, 0.6480103), (0.52760565, 0.66013235), (0.5269276, 0.6598741), (0.5269276, 0.6598741), (0.52760565, 0.66013235), (0.52535975, 0.672079), (0.5246967, 0.67179996), (0.52621067, 0.65963566), (0.5269276, 0.6598741), (0.5246967, 0.67179996), (0.5240336, 0.6715208), (0.53682876, 0.62448317), (0.5376352, 0.6245527), (0.5340603, 0.63599694), (0.5333673, 0.6357808), (0.5376352, 0.6245527), (0.53833115, 0.624764), (0.5347396, 0.63623077), (0.5340603, 0.63599694), (0.5340603, 0.63599694), (0.5347396, 0.63623077), (0.53154683, 0.64850706), (0.53087354, 0.64825875), (0.5333673, 0.6357808), (0.5340603, 0.63599694), (0.53087354, 0.64825875), (0.5302003, 0.6480103), (0.53553873, 0.6225601), (0.5359051, 0.62445027), (0.53265816, 0.6355493), (0.5319633, 0.63515526), (0.5359051, 0.62445027), (0.5368287, 0.6244832), (0.5333673, 0.6357808), (0.53265816, 0.6355493), (0.53265816, 0.6355493), (0.5333673, 0.6357808), (0.5302003, 0.6480103), (0.5294882, 0.6477818), (0.5319633, 0.63515526), (0.53265816, 0.6355493), (0.5294882, 0.6477818), (0.52838767, 0.6477503), (0.54150534, 0.60408497), (0.5443108, 0.60357016), (0.54123896, 0.61444044), (0.53999203, 0.6146838), (0.5443108, 0.60357016), (0.54681313, 0.6038152), (0.54218584, 0.61462903), (0.54123896, 0.61444044), (0.54123896, 0.61444044), (0.54218584, 0.61462903), (0.53833115, 0.624764), (0.5376352, 0.6245527), (0.53999203, 0.6146838), (0.54123896, 0.61444044), (0.5376352, 0.6245527), (0.53682876, 0.62448317), (0.55929106, 0.57549006), (0.55266184, 0.5904178), (0.5465073, 0.58995104), (0.5485567, 0.57459503), (0.55266184, 0.5904178), (0.54681313, 0.6038152), (0.54431087, 0.60357016), (0.5465073, 0.58995104), (0.5465073, 0.58995104), (0.54431087, 0.60357016), (0.54150534, 0.60408497), (0.5404422, 0.59047407), (0.5485567, 0.57459503), (0.5465073, 0.58995104), (0.5404422, 0.59047407), (0.53833574, 0.5748415), (0.5724886, 0.5462521), (0.5660688, 0.5605791), (0.55123, 0.5590655), (0.55439764, 0.54413027), (0.5660688, 0.5605791), (0.55929106, 0.57549006), (0.5485567, 0.57459503), (0.55123, 0.5590655), (0.55123, 0.5590655), (0.5485567, 0.57459503), (0.53833574, 0.5748415), (0.5369895, 0.5588013), (0.55439764, 0.54413027), (0.55123, 0.5590655), (0.5369895, 0.5588013), (0.5368295, 0.5432563), (0.54181033, 0.51362103), (0.5622459, 0.5159185), (0.5578858, 0.5300579), (0.53811467, 0.52856547), (0.5622459, 0.5159185), (0.58329916, 0.51908207), (0.57819325, 0.5326362), (0.5578858, 0.5300579), (0.5578858, 0.5300579), (0.57819325, 0.5326362), (0.5724886, 0.5462521), (0.55439764, 0.54413027), (0.53811467, 0.52856547), (0.5578858, 0.5300579), (0.55439764, 0.54413027), (0.53682953, 0.5432563), (0.20745604, 0.3642917), (0.20105012, 0.36717767), (0.19977218, 0.36600325), (0.21105891, 0.36289185), (0.20105012, 0.36717767), (0.19464417, 0.3700635), (0.19308883, 0.3702422), (0.19977218, 0.36600325), (0.19977218, 0.36600325), (0.19308883, 0.3702422), (0.18923697, 0.36814567), (0.19821675, 0.36472914), (0.21105891, 0.36289185), (0.19977218, 0.36600325), (0.19821675, 0.36472914), (0.21079856, 0.36186132), (0.21079855, 0.3618613), (0.22850299, 0.35824174), (0.22864945, 0.35915965), (0.21105891, 0.3628918), (0.22850299, 0.35824174), (0.25044248, 0.35331643), (0.2505322, 0.35425547), (0.22864945, 0.35915965), (0.22864945, 0.35915965), (0.2505322, 0.35425547), (0.24905686, 0.356125), (0.22825648, 0.36020836), (0.21105891, 0.3628918), (0.22864945, 0.35915965), (0.22825648, 0.36020836), (0.20745604, 0.3642917), (0.19464417, 0.3700635), (0.20095247, 0.38218173), (0.19013551, 0.3776386), (0.19308883, 0.3702422), (0.20095247, 0.38218173), (0.20726071, 0.39429986), (0.18703696, 0.3872531), (0.19013551, 0.3776386), (0.19013551, 0.3776386), (0.18703696, 0.3872531), (0.17431144, 0.38002497), (0.18182625, 0.37327948), (0.19308883, 0.3702422), (0.19013551, 0.3776386), (0.18182625, 0.37327948), (0.18923697, 0.36814567), (0.20726071, 0.39429986), (0.19952996, 0.40989497), (0.1796465, 0.398327), (0.18703696, 0.3872531), (0.19952996, 0.40989497), (0.19179916, 0.42548996), (0.16586742, 0.40897176), (0.1796465, 0.398327), (0.1796465, 0.398327), (0.16586742, 0.40897176), (0.15108013, 0.3954515), (0.16491473, 0.3878078), (0.18703696, 0.3872531), (0.1796465, 0.398327), (0.16491473, 0.3878078), (0.17431144, 0.38002497), (0.17431146, 0.38002497), (0.1649147, 0.3878078), (0.15716107, 0.37889254), (0.16797344, 0.37400764), (0.1649147, 0.3878078), (0.15108013, 0.39545146), (0.14319511, 0.38382363), (0.15716107, 0.37889254), (0.15716107, 0.37889254), (0.14319511, 0.38382363), (0.13900442, 0.3732123), (0.15342411, 0.3709245), (0.16797344, 0.37400764), (0.15716107, 0.37889254), (0.15342411, 0.3709245), (0.16523395, 0.36877477), (0.18923695, 0.36814567), (0.18182625, 0.37327945), (0.17764437, 0.36972702), (0.1870907, 0.3662748), (0.18182625, 0.37327945), (0.17431146, 0.38002497), (0.16797344, 0.37400764), (0.17764437, 0.36972702), (0.17764437, 0.36972702), (0.16797344, 0.37400764), (0.16523395, 0.36877477), (0.17593339, 0.3667116), (0.1870907, 0.3662748), (0.17764437, 0.36972702), (0.17593339, 0.3667116), (0.18617964, 0.36469322), (0.16523395, 0.36877477), (0.15342411, 0.3709245), (0.15403669, 0.35832712), (0.1658408, 0.36051145), (0.15342411, 0.3709245), (0.13900442, 0.3732123), (0.13984986, 0.35637733), (0.15403669, 0.35832712), (0.15403669, 0.35832712), (0.13984986, 0.35637733), (0.14232747, 0.33801267), (0.15628971, 0.3434811), (0.1658408, 0.36051145), (0.15403669, 0.35832712), (0.15628971, 0.3434811), (0.1680419, 0.3495963), (0.18617964, 0.36469322), (0.17593339, 0.3667116), (0.1763679, 0.36211672), (0.18634382, 0.3625722), (0.17593339, 0.3667116), (0.16523395, 0.36877477), (0.1658408, 0.36051145), (0.1763679, 0.36211672), (0.1763679, 0.36211672), (0.1658408, 0.36051145), (0.1680419, 0.3495963), (0.17800127, 0.35548627), (0.18634382, 0.3625722), (0.1763679, 0.36211672), (0.17800127, 0.35548627), (0.18717946, 0.3594259), (0.18717945, 0.35942587), (0.17800125, 0.35548633), (0.18168297, 0.34551436), (0.18902837, 0.3551701), (0.17800125, 0.35548633), (0.16804191, 0.3495963), (0.17320737, 0.33386698), (0.18168297, 0.34551436), (0.18168297, 0.34551436), (0.17320737, 0.33386698), (0.18303905, 0.31154093), (0.18676493, 0.33371165), (0.18902837, 0.3551701), (0.18168297, 0.34551436), (0.18676493, 0.33371165), (0.19049074, 0.35588235), (0.16804191, 0.3495963), (0.15628971, 0.3434811), (0.16133502, 0.3248085), (0.17320737, 0.33386698), (0.15628971, 0.3434811), (0.14232747, 0.3380127), (0.14745152, 0.31717765), (0.16133502, 0.3248085), (0.16133502, 0.3248085), (0.14745152, 0.31717765), (0.15346913, 0.29560253), (0.1682541, 0.30357176), (0.17320737, 0.33386698), (0.16133502, 0.3248085), (0.1682541, 0.30357176), (0.18303905, 0.31154093), (0.20979758, 0.35809532), (0.19698235, 0.36002603), (0.19759515, 0.3580828), (0.20948529, 0.3570192), (0.19698235, 0.36002603), (0.18717945, 0.35942587), (0.18902837, 0.3551701), (0.19759515, 0.3580828), (0.19759515, 0.3580828), (0.18902837, 0.3551701), (0.19049074, 0.35588235), (0.19802538, 0.35647735), (0.20948529, 0.3570192), (0.19759515, 0.3580828), (0.19802538, 0.35647735), (0.20555995, 0.35707232), (0.20555995, 0.35707232), (0.22641903, 0.3532121), (0.2272422, 0.35386676), (0.20948529, 0.35701922), (0.22641903, 0.3532121), (0.24727806, 0.34935176), (0.24907069, 0.34917903), (0.2272422, 0.35386676), (0.2272422, 0.35386676), (0.24907069, 0.34917903), (0.24945752, 0.3499324), (0.22756572, 0.35472432), (0.20948529, 0.35701922), (0.2272422, 0.35386676), (0.22756572, 0.35472432), (0.20979756, 0.35809535), (0.24727806, 0.34935176), (0.27319792, 0.34215754), (0.2732207, 0.3429156), (0.24907069, 0.34917903), (0.27319792, 0.34215754), (0.2991177, 0.33496326), (0.29557288, 0.33625236), (0.2732207, 0.3429156), (0.2732207, 0.3429156), (0.29557288, 0.33625236), (0.2955738, 0.3370904), (0.2734574, 0.34372115), (0.24907069, 0.34917903), (0.2732207, 0.3429156), (0.2734574, 0.34372115), (0.24945752, 0.3499324), (0.2991177, 0.33496326), (0.3122731, 0.32939303), (0.31225893, 0.3302252), (0.29557288, 0.33625236), (0.3122731, 0.32939303), (0.3254284, 0.3238227), (0.3259344, 0.32458586), (0.31225893, 0.3302252), (0.31225893, 0.3302252), (0.3259344, 0.32458586), (0.3264404, 0.32534897), (0.3125994, 0.33101222), (0.29557288, 0.33625236), (0.31225893, 0.3302252), (0.3125994, 0.33101222), (0.2955738, 0.3370904), (0.24945752, 0.3499324), (0.27345744, 0.3437212), (0.27374765, 0.34453857), (0.24970378, 0.3507784), (0.27345744, 0.3437212), (0.2955738, 0.3370904), (0.2959292, 0.33788332), (0.27374765, 0.34453857), (0.27374765, 0.34453857), (0.2959292, 0.33788332), (0.29628462, 0.33867624), (0.2740379, 0.34535605), (0.24970378, 0.3507784), (0.27374765, 0.34453857), (0.2740379, 0.34535605), (0.24995004, 0.35162443), (0.2955738, 0.3370904), (0.3125994, 0.33101222), (0.31302845, 0.33178797), (0.29592916, 0.3378833), (0.3125994, 0.33101222), (0.3264404, 0.32534897), (0.32694644, 0.3261122), (0.31302845, 0.33178797), (0.31302845, 0.33178797), (0.32694644, 0.3261122), (0.32745245, 0.3268754), (0.31345752, 0.33256382), (0.29592916, 0.3378833), (0.31302845, 0.33178797), (0.31345752, 0.33256382), (0.29628462, 0.3386762), (0.24995004, 0.35162443), (0.2740379, 0.34535605), (0.27432808, 0.34617352), (0.25019625, 0.35247046), (0.2740379, 0.34535605), (0.29628462, 0.33867624), (0.29664007, 0.3394692), (0.27432808, 0.34617352), (0.27432808, 0.34617352), (0.29664007, 0.3394692), (0.29699546, 0.34026214), (0.27461836, 0.34699103), (0.25019625, 0.35247046), (0.27432808, 0.34617352), (0.27461836, 0.34699103), (0.2504425, 0.35331643), (0.29628462, 0.3386762), (0.31345752, 0.33256382), (0.3138866, 0.3333396), (0.29664004, 0.3394692), (0.31345752, 0.33256382), (0.32745245, 0.3268754), (0.32795846, 0.3276386), (0.3138866, 0.3333396), (0.3138866, 0.3333396), (0.32795846, 0.3276386), (0.32846442, 0.32840174), (0.31431568, 0.33411545), (0.29664004, 0.3394692), (0.3138866, 0.3333396), (0.31431568, 0.33411545), (0.29699552, 0.34026212), (0.25044248, 0.35331643), (0.27461833, 0.346991), (0.27495736, 0.34781954), (0.2505322, 0.35425547), (0.27461833, 0.346991), (0.29699552, 0.34026212), (0.29770258, 0.34100598), (0.27495736, 0.34781954), (0.27495736, 0.34781954), (0.29770258, 0.34100598), (0.30192617, 0.3412587), (0.27549154, 0.34869188), (0.2505322, 0.35425547), (0.27495736, 0.34781954), (0.27549154, 0.34869188), (0.24905686, 0.356125), (0.29699552, 0.34026212), (0.31431568, 0.33411545), (0.3148327, 0.33487898), (0.29770258, 0.34100598), (0.31431568, 0.33411545), (0.32846442, 0.32840174), (0.32897046, 0.32916492), (0.3148327, 0.33487898), (0.3148327, 0.33487898), (0.32897046, 0.32916492), (0.32947648, 0.32992807), (0.31570134, 0.3355934), (0.29770258, 0.34100598), (0.3148327, 0.33487898), (0.31570134, 0.3355934), (0.30192617, 0.3412587), (0.21006396, 0.36002603), (0.22800511, 0.35648897), (0.22824557, 0.35736302), (0.21036364, 0.36092532), (0.22800511, 0.35648897), (0.24995004, 0.35162443), (0.25019625, 0.35247046), (0.22824557, 0.35736302), (0.22824557, 0.35736302), (0.25019625, 0.35247046), (0.2504425, 0.35331643), (0.22850299, 0.35824177), (0.21036364, 0.36092532), (0.22824557, 0.35736302), (0.22850299, 0.35824177), (0.21079853, 0.36186135), (0.20979758, 0.35809535), (0.2275657, 0.35472432), (0.22777988, 0.35561338), (0.20988671, 0.35911483), (0.2275657, 0.35472432), (0.24945752, 0.3499324), (0.24970378, 0.3507784), (0.22777988, 0.35561338), (0.22777988, 0.35561338), (0.24970378, 0.3507784), (0.24995004, 0.35162443), (0.22800511, 0.35648897), (0.20988671, 0.35911483), (0.22777988, 0.35561338), (0.22800511, 0.35648897), (0.21006396, 0.36002603), (0.21006396, 0.36002603), (0.19678997, 0.3626043), (0.19673946, 0.3615078), (0.20988671, 0.35911483), (0.19678997, 0.3626043), (0.18617964, 0.36469322), (0.18634382, 0.3625722), (0.19673946, 0.3615078), (0.19673946, 0.3615078), (0.18634382, 0.3625722), (0.18717946, 0.3594259), (0.19698237, 0.36002603), (0.20988671, 0.35911483), (0.19673946, 0.3615078), (0.19698237, 0.36002603), (0.20979759, 0.35809532), (0.21079853, 0.36186132), (0.19821677, 0.36472923), (0.19726561, 0.363605), (0.21036366, 0.36092532), (0.19821677, 0.36472923), (0.18923695, 0.36814567), (0.1870907, 0.3662748), (0.19726561, 0.363605), (0.19726561, 0.363605), (0.1870907, 0.3662748), (0.18617964, 0.36469322), (0.19678997, 0.3626043), (0.21036366, 0.36092532), (0.19726561, 0.363605), (0.19678997, 0.3626043), (0.21006396, 0.36002603), (0.10876911, 0.33321822), (0.11673167, 0.30699456), (0.13273005, 0.3102978), (0.12614553, 0.3340456), (0.11673167, 0.30699456), (0.12921734, 0.27397937), (0.14134325, 0.28479096), (0.13273005, 0.3102978), (0.13273005, 0.3102978), (0.14134325, 0.28479096), (0.15346913, 0.29560253), (0.14745152, 0.31717762), (0.12614553, 0.3340456), (0.13273005, 0.3102978), (0.14745152, 0.31717762), (0.14232746, 0.33801267), (0.07403757, 0.3443141), (0.07880247, 0.3209828), (0.098557204, 0.3109545), (0.09129083, 0.33686402), (0.07880247, 0.3209828), (0.086988546, 0.29000592), (0.108102955, 0.28199267), (0.098557204, 0.3109545), (0.098557204, 0.3109545), (0.108102955, 0.28199267), (0.12921734, 0.27397937), (0.11673167, 0.30699456), (0.09129083, 0.33686402), (0.098557204, 0.3109545), (0.11673167, 0.30699456), (0.10876911, 0.33321822), (0.046610937, 0.36044455), (0.040588204, 0.3539552), (0.05779763, 0.33695406), (0.05778211, 0.3537184), (0.040588204, 0.3539552), (0.026462734, 0.3459818), (0.056725644, 0.3179939), (0.05779763, 0.33695406), (0.05779763, 0.33695406), (0.056725644, 0.3179939), (0.086988546, 0.29000592), (0.07880247, 0.3209828), (0.05778211, 0.3537184), (0.05779763, 0.33695406), (0.07880247, 0.3209828), (0.07403757, 0.3443141), (0.068828925, 0.3807802), (0.053995833, 0.381502), (0.056120668, 0.36830676), (0.07099329, 0.36359563), (0.053995833, 0.381502), (0.040327616, 0.3821057), (0.043229256, 0.37080678), (0.056120668, 0.36830676), (0.056120668, 0.36830676), (0.043229256, 0.37080678), (0.046610937, 0.36044455), (0.05778211, 0.35371843), (0.07099329, 0.36359563), (0.056120668, 0.36830676), (0.05778211, 0.35371843), (0.07403757, 0.3443141), (0.102124006, 0.3778491), (0.08470423, 0.37958777), (0.08710974, 0.35921323), (0.10443341, 0.35631487), (0.08470423, 0.37958777), (0.068828925, 0.38078016), (0.07099329, 0.36359566), (0.08710974, 0.35921323), (0.08710974, 0.35921323), (0.07099329, 0.36359566), (0.07403756, 0.34431404), (0.09129085, 0.33686405), (0.10443341, 0.35631487), (0.08710974, 0.35921323), (0.09129085, 0.33686405), (0.10876911, 0.33321822), (0.07513772, 0.40525946), (0.059530728, 0.40252545), (0.05715095, 0.39212322), (0.07187198, 0.39290628), (0.059530728, 0.40252545), (0.04866438, 0.40000325), (0.044480897, 0.39221314), (0.05715095, 0.39212322), (0.05715095, 0.39212322), (0.044480897, 0.39221314), (0.040327616, 0.3821057), (0.053995833, 0.381502), (0.07187198, 0.39290628), (0.05715095, 0.39212322), (0.053995833, 0.381502), (0.068828925, 0.3807802), (0.11021338, 0.40562102), (0.09169724, 0.4066159), (0.087681785, 0.39283416), (0.10526529, 0.39131677), (0.09169724, 0.4066159), (0.07513771, 0.40525946), (0.07187199, 0.3929063), (0.087681785, 0.39283416), (0.087681785, 0.39283416), (0.07187199, 0.3929063), (0.068828925, 0.38078016), (0.08470423, 0.37958777), (0.10526529, 0.39131677), (0.087681785, 0.39283416), (0.08470423, 0.37958777), (0.102124006, 0.3778491), (0.08504714, 0.43198398), (0.07897566, 0.41807726), (0.09738355, 0.42140666), (0.103872016, 0.437199), (0.07897566, 0.41807726), (0.07513772, 0.40525946), (0.09169724, 0.40661594), (0.09738355, 0.42140666), (0.09738355, 0.42140666), (0.09169724, 0.40661594), (0.11021337, 0.40562102), (0.11773594, 0.42169964), (0.103872016, 0.437199), (0.09738355, 0.42140666), (0.11773594, 0.42169964), (0.12269688, 0.44241396), (0.032919172, 0.41534814), (0.043625157, 0.40556782), (0.05983519, 0.41282687), (0.058983166, 0.4236661), (0.043625157, 0.40556782), (0.04866438, 0.40000325), (0.05953073, 0.40252545), (0.05983519, 0.41282687), (0.05983519, 0.41282687), (0.05953073, 0.40252545), (0.07513772, 0.40525946), (0.07897566, 0.41807726), (0.058983166, 0.4236661), (0.05983519, 0.41282687), (0.07897566, 0.41807726), (0.08504714, 0.43198398), (0.12269688, 0.44241396), (0.11773594, 0.42169964), (0.14278856, 0.41704303), (0.15724805, 0.433952), (0.11773594, 0.42169964), (0.11021337, 0.40562102), (0.131447, 0.40170506), (0.14278856, 0.41704303), (0.14278856, 0.41704303), (0.131447, 0.40170506), (0.15108012, 0.3954515), (0.16586743, 0.4089718), (0.15724805, 0.433952), (0.14278856, 0.41704303), (0.16586743, 0.4089718), (0.19179916, 0.42548996), (0.04866438, 0.40000325), (0.043625154, 0.40556782), (0.03420844, 0.395035), (0.044480897, 0.39221314), (0.043625154, 0.40556782), (0.032919172, 0.41534814), (0.024593119, 0.39961463), (0.03420844, 0.395035), (0.03420844, 0.395035), (0.024593119, 0.39961463), (0.01626706, 0.38388103), (0.027936395, 0.38291746), (0.044480897, 0.39221314), (0.03420844, 0.395035), (0.027936395, 0.38291746), (0.040327616, 0.3821057), (0.040327616, 0.3821057), (0.027936395, 0.38291746), (0.032230593, 0.36901352), (0.043229256, 0.37080678), (0.027936395, 0.38291746), (0.01626706, 0.38388103), (0.021364897, 0.36493146), (0.032230593, 0.36901352), (0.032230593, 0.36901352), (0.021364897, 0.36493146), (0.026462734, 0.3459818), (0.040588204, 0.3539552), (0.043229256, 0.37080678), (0.032230593, 0.36901352), (0.040588204, 0.3539552), (0.046610937, 0.36044455), (0.15108013, 0.39545146), (0.131447, 0.40170512), (0.12486536, 0.38816652), (0.14319511, 0.38382363), (0.131447, 0.40170512), (0.11021338, 0.40562102), (0.10526529, 0.39131677), (0.12486536, 0.38816652), (0.12486536, 0.38816652), (0.10526529, 0.39131677), (0.102124006, 0.3778491), (0.12109343, 0.3756209), (0.14319511, 0.38382363), (0.12486536, 0.38816652), (0.12109343, 0.3756209), (0.13900442, 0.3732123), (0.13900442, 0.3732123), (0.12109343, 0.3756209), (0.12269304, 0.3554908), (0.13984986, 0.35637733), (0.12109343, 0.3756209), (0.102124006, 0.3778491), (0.10443341, 0.35631487), (0.12269304, 0.3554908), (0.12269304, 0.3554908), (0.10443341, 0.35631487), (0.10876911, 0.33321822), (0.12614553, 0.33404562), (0.13984986, 0.35637733), (0.12269304, 0.3554908), (0.12614553, 0.33404562), (0.14232747, 0.33801267), (0.22650632, 0.63291854), (0.22126268, 0.6340172), (0.23144104, 0.6317284), (0.23269272, 0.63282824), (0.22126268, 0.6340172), (0.21872142, 0.63192147), (0.23022655, 0.6304249), (0.23144104, 0.6317284), (0.23144104, 0.6317284), (0.23022655, 0.6304249), (0.24451439, 0.63084835), (0.24439041, 0.63183707), (0.23269272, 0.63282824), (0.23144104, 0.6317284), (0.24439041, 0.63183707), (0.23887904, 0.63273776), (0.19924058, 0.65509224), (0.19416012, 0.6498902), (0.20865776, 0.6409635), (0.21287347, 0.6440055), (0.19416012, 0.6498902), (0.1906354, 0.64293116), (0.20546864, 0.6366793), (0.20865776, 0.6409635), (0.20865776, 0.6409635), (0.20546864, 0.6366793), (0.21872142, 0.63192147), (0.22126268, 0.6340172), (0.21287347, 0.6440055), (0.20865776, 0.6409635), (0.22126268, 0.6340172), (0.22650632, 0.63291854), (0.1906354, 0.64293116), (0.19416013, 0.64989024), (0.17860208, 0.6583931), (0.1753973, 0.64859575), (0.19416013, 0.64989024), (0.19924058, 0.65509224), (0.18266132, 0.6654779), (0.17860208, 0.6583931), (0.17860208, 0.6583931), (0.18266132, 0.6654779), (0.16608201, 0.6758634), (0.162481, 0.66647184), (0.1753973, 0.64859575), (0.17860208, 0.6583931), (0.162481, 0.66647184), (0.16026536, 0.6534462), (0.12560263, 0.7024048), (0.1291612, 0.680027), (0.14578335, 0.67436975), (0.14584234, 0.6891342), (0.1291612, 0.680027), (0.13004698, 0.659796), (0.14537787, 0.65748703), (0.14578335, 0.67436975), (0.14578335, 0.67436975), (0.14537787, 0.65748703), (0.16026536, 0.6534462), (0.16248101, 0.6664718), (0.14584234, 0.6891342), (0.14578335, 0.67436975), (0.16248101, 0.6664718), (0.16608201, 0.6758634), (0.09461217, 0.65416306), (0.113395065, 0.6591643), (0.11309644, 0.6804131), (0.09496192, 0.67415005), (0.113395065, 0.6591643), (0.13004698, 0.659796), (0.12916116, 0.68002695), (0.11309644, 0.6804131), (0.11309644, 0.6804131), (0.12916116, 0.68002695), (0.12560263, 0.7024048), (0.112403296, 0.7016579), (0.09496192, 0.67415005), (0.11309644, 0.6804131), (0.112403296, 0.7016579), (0.09920393, 0.7009108), (0.05964187, 0.63611215), (0.074330255, 0.644622), (0.07261382, 0.6587124), (0.052691825, 0.64037883), (0.074330255, 0.644622), (0.09461217, 0.65416306), (0.09496192, 0.67415005), (0.07261382, 0.6587124), (0.07261382, 0.6587124), (0.09496192, 0.67415005), (0.09920393, 0.7009108), (0.06943377, 0.6725303), (0.052691825, 0.64037883), (0.07261382, 0.6587124), (0.06943377, 0.6725303), (0.03966359, 0.6441496), (0.091753386, 0.61181587), (0.11126764, 0.61221445), (0.112661004, 0.63626975), (0.09353815, 0.63344043), (0.11126764, 0.61221445), (0.12831998, 0.6125432), (0.12954202, 0.63704306), (0.112661004, 0.63626975), (0.112661004, 0.63626975), (0.12954202, 0.63704306), (0.13004696, 0.65979606), (0.113395065, 0.6591643), (0.09353815, 0.63344043), (0.112661004, 0.63626975), (0.113395065, 0.6591643), (0.094612174, 0.654163), (0.04977918, 0.6094151), (0.07014152, 0.61086404), (0.07287433, 0.6283753), (0.05455823, 0.6241092), (0.07014152, 0.61086404), (0.091753386, 0.61181587), (0.093538135, 0.63344043), (0.07287433, 0.6283753), (0.07287433, 0.6283753), (0.093538135, 0.63344043), (0.09461217, 0.65416306), (0.074330255, 0.644622), (0.05455823, 0.6241092), (0.07287433, 0.6283753), (0.074330255, 0.644622), (0.05964187, 0.63611215), (0.08620824, 0.57950354), (0.10453008, 0.5755689), (0.10835528, 0.5944259), (0.089538194, 0.5958658), (0.10453008, 0.5755689), (0.12313858, 0.5746156), (0.1262415, 0.5943231), (0.10835528, 0.5944259), (0.10835528, 0.5944259), (0.1262415, 0.5943231), (0.12831998, 0.6125432), (0.11126764, 0.61221445), (0.089538194, 0.5958658), (0.10835528, 0.5944259), (0.11126764, 0.61221445), (0.091753386, 0.61181587), (0.055414494, 0.5911659), (0.06838242, 0.58584094), (0.07034652, 0.59811294), (0.052792937, 0.5994192), (0.06838242, 0.58584094), (0.08620824, 0.5795036), (0.089538194, 0.5958657), (0.07034652, 0.59811294), (0.07034652, 0.59811294), (0.089538194, 0.5958657), (0.091753386, 0.61181587), (0.07014152, 0.61086404), (0.052792937, 0.5994192), (0.07034652, 0.59811294), (0.07014152, 0.61086404), (0.04977918, 0.6094151), (0.020155713, 0.6057391), (0.023522455, 0.5959832), (0.037872307, 0.5982005), (0.03363186, 0.6076537), (0.023522455, 0.5959832), (0.026889196, 0.5862273), (0.045744114, 0.5875917), (0.037872307, 0.5982005), (0.037872307, 0.5982005), (0.045744114, 0.5875917), (0.055414494, 0.5911659), (0.05279294, 0.5994191), (0.03363186, 0.6076537), (0.037872307, 0.5982005), (0.05279294, 0.5994191), (0.04977918, 0.6094151), (0.04977918, 0.6094151), (0.054558232, 0.6241092), (0.04113653, 0.6236044), (0.033631857, 0.6076537), (0.054558232, 0.6241092), (0.05964187, 0.63611215), (0.052691825, 0.64037883), (0.04113653, 0.6236044), (0.04113653, 0.6236044), (0.052691825, 0.64037883), (0.03966359, 0.6441496), (0.029909655, 0.6249444), (0.033631857, 0.6076537), (0.04113653, 0.6236044), (0.029909655, 0.6249444), (0.020155713, 0.6057391), (0.078674346, 0.53990537), (0.081350066, 0.5620305), (0.061948873, 0.57440233), (0.052781776, 0.5630664), (0.081350066, 0.5620305), (0.08620823, 0.5795036), (0.06838242, 0.5858409), (0.061948873, 0.57440233), (0.061948873, 0.57440233), (0.06838242, 0.5858409), (0.055414494, 0.5911659), (0.045744114, 0.58759177), (0.052781776, 0.5630664), (0.061948873, 0.57440233), (0.045744114, 0.58759177), (0.026889196, 0.5862273), (0.10671938, 0.5241102), (0.117847085, 0.55204225), (0.09914562, 0.5547282), (0.092696875, 0.5320079), (0.117847085, 0.55204225), (0.123138584, 0.5746156), (0.104530066, 0.57556885), (0.09914562, 0.5547282), (0.09914562, 0.5547282), (0.104530066, 0.57556885), (0.08620823, 0.5795036), (0.081350066, 0.5620305), (0.092696875, 0.5320079), (0.09914562, 0.5547282), (0.081350066, 0.5620305), (0.078674346, 0.53990537), (0.16940881, 0.5361893), (0.16360205, 0.5618987), (0.14052376, 0.5546179), (0.13806412, 0.5301498), (0.16360205, 0.5618987), (0.16091841, 0.5820604), (0.14226615, 0.5766736), (0.14052376, 0.5546179), (0.14052376, 0.5546179), (0.14226615, 0.5766736), (0.123138584, 0.5746156), (0.117847085, 0.55204225), (0.13806412, 0.5301498), (0.14052376, 0.5546179), (0.117847085, 0.55204225), (0.10671938, 0.5241102), (0.2121527, 0.57721347), (0.20008089, 0.590338), (0.18352851, 0.57464707), (0.19078079, 0.5567015), (0.20008089, 0.590338), (0.19345854, 0.601807), (0.17802753, 0.5908437), (0.18352851, 0.57464707), (0.18352851, 0.57464707), (0.17802753, 0.5908437), (0.16091841, 0.5820604), (0.16360205, 0.5618987), (0.19078079, 0.5567015), (0.18352851, 0.57464707), (0.16360205, 0.5618987), (0.16940881, 0.5361893), (0.12313858, 0.5746156), (0.14226617, 0.5766736), (0.14310238, 0.595827), (0.1262415, 0.5943231), (0.14226617, 0.5766736), (0.1609184, 0.58206034), (0.15910001, 0.5992741), (0.14310238, 0.595827), (0.14310238, 0.595827), (0.15910001, 0.5992741), (0.15763457, 0.6149602), (0.14342555, 0.61335737), (0.1262415, 0.5943231), (0.14310238, 0.595827), (0.14342555, 0.61335737), (0.12831998, 0.6125432), (0.19345854, 0.601807), (0.18951915, 0.6116626), (0.17447422, 0.6047986), (0.17802753, 0.59084374), (0.18951915, 0.6116626), (0.18694443, 0.62059397), (0.17198673, 0.61747974), (0.17447422, 0.6047986), (0.17447422, 0.6047986), (0.17198673, 0.61747974), (0.15763457, 0.61496025), (0.15910001, 0.5992741), (0.17802753, 0.59084374), (0.17447422, 0.6047986), (0.15910001, 0.5992741), (0.1609184, 0.5820604), (0.19345854, 0.601807), (0.20726076, 0.61314327), (0.20427302, 0.6187568), (0.18951912, 0.6116626), (0.20726076, 0.61314327), (0.21928786, 0.62197), (0.21769644, 0.62436074), (0.20427302, 0.6187568), (0.20427302, 0.6187568), (0.21769644, 0.62436074), (0.2167996, 0.6265128), (0.20243213, 0.62382406), (0.18951912, 0.6116626), (0.20427302, 0.6187568), (0.20243213, 0.62382406), (0.18694443, 0.62059397), (0.2121527, 0.57721347), (0.21881923, 0.6003577), (0.21226211, 0.606754), (0.20008089, 0.59033793), (0.21881923, 0.6003577), (0.2254857, 0.62350184), (0.22203729, 0.61979395), (0.21226211, 0.606754), (0.21226211, 0.606754), (0.22203729, 0.61979395), (0.21928783, 0.62197006), (0.20726074, 0.6131432), (0.20008089, 0.59033793), (0.21226211, 0.606754), (0.20726074, 0.6131432), (0.19345853, 0.60180706), (0.21928783, 0.62197), (0.22203729, 0.61979395), (0.23130223, 0.62508947), (0.23025061, 0.6261214), (0.22203729, 0.61979395), (0.2254857, 0.62350184), (0.23213619, 0.6246054), (0.23130223, 0.62508947), (0.23130223, 0.62508947), (0.23213619, 0.6246054), (0.23878664, 0.6257087), (0.24429432, 0.62648475), (0.23025061, 0.6261214), (0.23130223, 0.62508947), (0.24429432, 0.62648475), (0.24448375, 0.62737215), (0.2167996, 0.6265128), (0.21769644, 0.6243607), (0.22960325, 0.6271802), (0.2292796, 0.6281618), (0.21769644, 0.6243607), (0.21928784, 0.62196994), (0.23025064, 0.6261214), (0.22960325, 0.6271802), (0.22960325, 0.6271802), (0.23025064, 0.6261214), (0.24448375, 0.6273722), (0.2442977, 0.6282393), (0.2292796, 0.6281618), (0.22960325, 0.6271802), (0.2442977, 0.6282393), (0.24421138, 0.6290862), (0.24448375, 0.62737215), (0.24429432, 0.62648475), (0.26526278, 0.62712455), (0.26529068, 0.62796515), (0.24429432, 0.62648475), (0.23878664, 0.6257087), (0.2649418, 0.62633896), (0.26526278, 0.62712455), (0.26526278, 0.62712455), (0.2649418, 0.62633896), (0.29109693, 0.626969), (0.28847998, 0.6272999), (0.26529068, 0.62796515), (0.26526278, 0.62712455), (0.28847998, 0.6272999), (0.28822583, 0.62807393), (0.24421138, 0.6290862), (0.2442977, 0.6282393), (0.26526302, 0.6288159), (0.26524785, 0.62966424), (0.2442977, 0.6282393), (0.24448375, 0.6273722), (0.2652907, 0.62796503), (0.26526302, 0.6288159), (0.26526302, 0.6288159), (0.2652907, 0.62796503), (0.28822586, 0.62807393), (0.288208, 0.6288922), (0.26524785, 0.62966424), (0.26526302, 0.6288159), (0.288208, 0.6288922), (0.28819016, 0.62971056), (0.28822583, 0.62807393), (0.28847998, 0.6272999), (0.3084171, 0.62672055), (0.3083247, 0.62748134), (0.28847998, 0.6272999), (0.29109693, 0.626969), (0.30874577, 0.6260042), (0.3084171, 0.62672055), (0.3084171, 0.62672055), (0.30874577, 0.6260042), (0.3263946, 0.6250393), (0.3263455, 0.62575716), (0.3083247, 0.62748134), (0.3084171, 0.62672055), (0.3263455, 0.62575716), (0.3262963, 0.626475), (0.28819013, 0.6297106), (0.288208, 0.6288923), (0.3082914, 0.62825316), (0.30825806, 0.62902504), (0.288208, 0.6288923), (0.28822583, 0.62807393), (0.3083247, 0.62748134), (0.3082914, 0.62825316), (0.3082914, 0.62825316), (0.3083247, 0.62748134), (0.3262963, 0.626475), (0.3262472, 0.62719285), (0.30825806, 0.62902504), (0.3082914, 0.62825316), (0.3262472, 0.62719285), (0.326198, 0.6279106), (0.28815448, 0.6313472), (0.2881723, 0.63052887), (0.30822477, 0.6297969), (0.30819145, 0.6305686), (0.2881723, 0.63052887), (0.28819013, 0.6297106), (0.30825806, 0.62902504), (0.30822477, 0.6297969), (0.30822477, 0.6297969), (0.30825806, 0.62902504), (0.326198, 0.6279106), (0.3261488, 0.62862843), (0.30819145, 0.6305686), (0.30822477, 0.6297969), (0.3261488, 0.62862843), (0.32609957, 0.62934625), (0.2909581, 0.6335957), (0.28837326, 0.63221645), (0.30821723, 0.6313532), (0.3084797, 0.63218886), (0.28837326, 0.63221645), (0.28815448, 0.6313472), (0.30819145, 0.6305686), (0.30821723, 0.6313532), (0.30821723, 0.6313532), (0.30819145, 0.6305686), (0.32609957, 0.62934625), (0.32605046, 0.6300641), (0.3084797, 0.63218886), (0.30821723, 0.6313532), (0.32605046, 0.6300641), (0.32600126, 0.6307819), (0.24451439, 0.6308484), (0.2442992, 0.6299392), (0.26525444, 0.63051325), (0.26527694, 0.6313693), (0.2442992, 0.6299392), (0.24421138, 0.6290862), (0.26524785, 0.62966424), (0.26525444, 0.63051325), (0.26525444, 0.63051325), (0.26524785, 0.62966424), (0.28819016, 0.62971056), (0.28817233, 0.6305289), (0.26527694, 0.6313693), (0.26525444, 0.63051325), (0.28817233, 0.6305289), (0.28815448, 0.6313472), (0.23887904, 0.63273776), (0.24439041, 0.63183707), (0.26524723, 0.6322462), (0.2649186, 0.6331668), (0.24439041, 0.63183707), (0.24451439, 0.63084835), (0.2652769, 0.6313693), (0.26524723, 0.6322462), (0.26524723, 0.6322462), (0.2652769, 0.6313693), (0.28815448, 0.6313472), (0.28837326, 0.63221645), (0.2649186, 0.6331668), (0.26524723, 0.6322462), (0.28837326, 0.63221645), (0.2909581, 0.6335957), (0.21872143, 0.6319214), (0.21744357, 0.6292871), (0.22956218, 0.62923515), (0.23022653, 0.6304249), (0.21744357, 0.6292871), (0.2167996, 0.6265128), (0.2292796, 0.6281618), (0.22956218, 0.62923515), (0.22956218, 0.62923515), (0.2292796, 0.6281618), (0.24421138, 0.6290862), (0.2442992, 0.6299392), (0.23022653, 0.6304249), (0.22956218, 0.62923515), (0.2442992, 0.6299392), (0.24451439, 0.6308484), (0.18694443, 0.62059397), (0.20243213, 0.62382406), (0.20358144, 0.6307298), (0.18842128, 0.6327385), (0.20243213, 0.62382406), (0.2167996, 0.6265128), (0.21744354, 0.6292871), (0.20358144, 0.6307298), (0.20358144, 0.6307298), (0.21744354, 0.6292871), (0.21872142, 0.6319214), (0.20546864, 0.63667935), (0.18842128, 0.6327385), (0.20358144, 0.6307298), (0.20546864, 0.63667935), (0.19063538, 0.64293104), (0.15763457, 0.6149602), (0.17198671, 0.6174797), (0.17335653, 0.63436365), (0.15876567, 0.6356196), (0.17198671, 0.6174797), (0.18694443, 0.62059397), (0.18842128, 0.6327385), (0.17335653, 0.63436365), (0.17335653, 0.63436365), (0.18842128, 0.6327385), (0.19063538, 0.64293104), (0.1753973, 0.6485958), (0.15876567, 0.6356196), (0.17335653, 0.63436365), (0.1753973, 0.6485958), (0.16026533, 0.6534462), (0.13004698, 0.659796), (0.12954204, 0.63704306), (0.14452799, 0.63663584), (0.14537787, 0.65748703), (0.12954204, 0.63704306), (0.12831998, 0.6125432), (0.14342555, 0.61335737), (0.14452799, 0.63663584), (0.14452799, 0.63663584), (0.14342555, 0.61335737), (0.15763457, 0.6149602), (0.15876567, 0.6356195), (0.14537787, 0.65748703), (0.14452799, 0.63663584), (0.15876567, 0.6356195), (0.16026536, 0.6534462), (0.53788215, 0.61176276), (0.53846973, 0.60614574), (0.5383304, 0.6156668), (0.5367105, 0.6171615), (0.53846973, 0.60614574), (0.54150534, 0.604085), (0.539992, 0.61468375), (0.5383304, 0.6156668), (0.5383304, 0.6156668), (0.539992, 0.61468375), (0.5368287, 0.6244832), (0.5359051, 0.62445027), (0.5367105, 0.6171615), (0.5383304, 0.6156668), (0.5359051, 0.62445027), (0.53553873, 0.6225601), (0.52041805, 0.5808313), (0.52899545, 0.5770365), (0.5346014, 0.592728), (0.5291502, 0.5962971), (0.52899545, 0.5770365), (0.5383358, 0.5748415), (0.5404422, 0.590474), (0.5346014, 0.592728), (0.5346014, 0.592728), (0.5404422, 0.590474), (0.54150534, 0.604085), (0.53846973, 0.60614574), (0.5291502, 0.5962971), (0.5346014, 0.592728), (0.53846973, 0.60614574), (0.53788215, 0.61176276), (0.53833574, 0.5748415), (0.52899545, 0.57703656), (0.5236938, 0.560624), (0.53698945, 0.5588013), (0.52899545, 0.57703656), (0.52041805, 0.5808313), (0.5107879, 0.56371576), (0.5236938, 0.560624), (0.5236938, 0.560624), (0.5107879, 0.56371576), (0.5011577, 0.54660004), (0.5198994, 0.5444358), (0.53698945, 0.5588013), (0.5236938, 0.560624), (0.5198994, 0.5444358), (0.53682953, 0.5432563), (0.4987053, 0.5142631), (0.5219949, 0.5128908), (0.5190763, 0.52890694), (0.49993157, 0.5304316), (0.5219949, 0.5128908), (0.54181033, 0.513621), (0.53811455, 0.5285654), (0.5190763, 0.52890694), (0.5190763, 0.52890694), (0.53811455, 0.5285654), (0.5368295, 0.5432563), (0.5198994, 0.54443586), (0.49993157, 0.5304316), (0.5190763, 0.52890694), (0.5198994, 0.54443586), (0.5011577, 0.54660004), (0.5596987, 0.48044443), (0.54889625, 0.49736995), (0.53056145, 0.49516022), (0.54384065, 0.47705522), (0.54889625, 0.49736995), (0.54181033, 0.513621), (0.5219948, 0.5128908), (0.53056145, 0.49516022), (0.53056145, 0.49516022), (0.5219948, 0.5128908), (0.4987053, 0.5142631), (0.51220936, 0.49364382), (0.54384065, 0.47705522), (0.53056145, 0.49516022), (0.51220936, 0.49364382), (0.5257133, 0.47302446), (0.5833689, 0.45363253), (0.5732029, 0.46443546), (0.56150776, 0.4604381), (0.5797961, 0.44735777), (0.5732029, 0.46443546), (0.5596987, 0.48044443), (0.54384065, 0.47705522), (0.56150776, 0.4604381), (0.56150776, 0.4604381), (0.54384065, 0.47705522), (0.5257133, 0.47302446), (0.55008507, 0.45555478), (0.5797961, 0.44735777), (0.56150776, 0.4604381), (0.55008507, 0.45555478), (0.5744567, 0.438085), (0.5940585, 0.48805875), (0.5882168, 0.50465494), (0.5682096, 0.50068384), (0.57650393, 0.4841349), (0.5882168, 0.50465494), (0.58329916, 0.51908207), (0.562246, 0.51591855), (0.5682096, 0.50068384), (0.5682096, 0.50068384), (0.562246, 0.51591855), (0.5418103, 0.51362103), (0.54889625, 0.49737), (0.57650393, 0.4841349), (0.5682096, 0.50068384), (0.54889625, 0.49737), (0.5596987, 0.4804444), (0.60832584, 0.44990462), (0.6014448, 0.46879324), (0.58684015, 0.46682838), (0.59483737, 0.45143166), (0.6014448, 0.46879324), (0.5940586, 0.48805878), (0.5765038, 0.4841349), (0.58684015, 0.46682838), (0.58684015, 0.46682838), (0.5765038, 0.4841349), (0.5596987, 0.48044443), (0.5732029, 0.46443546), (0.59483737, 0.45143166), (0.58684015, 0.46682838), (0.5732029, 0.46443546), (0.5833689, 0.45363253), (0.6189719, 0.4952247), (0.6183943, 0.5153099), (0.6027733, 0.51021624), (0.6060017, 0.49210715), (0.6183943, 0.5153099), (0.61717844, 0.5343129), (0.5996603, 0.5269215), (0.6027733, 0.51021624), (0.6027733, 0.51021624), (0.5996603, 0.5269215), (0.58329916, 0.51908207), (0.5882168, 0.50465494), (0.6060017, 0.49210715), (0.6027733, 0.51021624), (0.5882168, 0.50465494), (0.5940585, 0.48805875), (0.6230362, 0.46134752), (0.6210509, 0.4754706), (0.6108547, 0.47313008), (0.6167499, 0.45598418), (0.6210509, 0.4754706), (0.6189719, 0.49522468), (0.6060016, 0.49210706), (0.6108547, 0.47313008), (0.6108547, 0.47313008), (0.6060016, 0.49210706), (0.5940586, 0.48805878), (0.6014448, 0.46879324), (0.6167499, 0.45598418), (0.6108547, 0.47313008), (0.6014448, 0.46879324), (0.60832584, 0.44990462), (0.61547434, 0.42087233), (0.63092583, 0.42988855), (0.62344646, 0.44235054), (0.6127057, 0.43431103), (0.63092583, 0.42988855), (0.6463773, 0.43890476), (0.6312645, 0.4539333), (0.62344646, 0.44235054), (0.62344646, 0.44235054), (0.6312645, 0.4539333), (0.6230362, 0.46134752), (0.61674976, 0.45598418), (0.6127057, 0.43431103), (0.62344646, 0.44235054), (0.61674976, 0.45598418), (0.60832584, 0.44990462), (0.60832584, 0.44990465), (0.59483737, 0.45143166), (0.596654, 0.4395775), (0.6127057, 0.43431103), (0.59483737, 0.45143166), (0.5833689, 0.45363253), (0.5797961, 0.44735777), (0.596654, 0.4395775), (0.596654, 0.4395775), (0.5797961, 0.44735777), (0.5744567, 0.438085), (0.5949656, 0.4294787), (0.6127057, 0.43431103), (0.596654, 0.4395775), (0.5949656, 0.4294787), (0.61547434, 0.42087233), (0.6468893, 0.49930865), (0.6334478, 0.49694768), (0.6330916, 0.47355905), (0.6466334, 0.46910676), (0.6334478, 0.49694768), (0.6189718, 0.49522465), (0.6210509, 0.47547057), (0.6330916, 0.47355905), (0.6330916, 0.47355905), (0.6210509, 0.47547057), (0.6230362, 0.46134752), (0.63126457, 0.45393333), (0.6466334, 0.46910676), (0.6330916, 0.47355905), (0.63126457, 0.45393333), (0.6463773, 0.43890476), (0.6622448, 0.5484169), (0.63704306, 0.54106283), (0.6358425, 0.5196892), (0.6545671, 0.52386284), (0.63704306, 0.54106283), (0.6171784, 0.5343129), (0.6183943, 0.5153099), (0.6358425, 0.5196892), (0.6358425, 0.5196892), (0.6183943, 0.5153099), (0.6189718, 0.49522465), (0.6334478, 0.49694768), (0.6545671, 0.52386284), (0.6358425, 0.5196892), (0.6334478, 0.49694768), (0.6468893, 0.49930865), (0.64750373, 0.589949), (0.62120676, 0.57693046), (0.6325835, 0.5603599), (0.6548743, 0.56918305), (0.62120676, 0.57693046), (0.6032057, 0.566378), (0.61260116, 0.5515436), (0.6325835, 0.5603599), (0.6325835, 0.5603599), (0.61260116, 0.5515436), (0.6171784, 0.5343129), (0.63704306, 0.54106283), (0.6548743, 0.56918305), (0.6325835, 0.5603599), (0.63704306, 0.54106283), (0.6622448, 0.5484169), (0.57934785, 0.6145709), (0.578763, 0.59918076), (0.600845, 0.58962876), (0.61342585, 0.60226005), (0.578763, 0.59918076), (0.57294947, 0.5888398), (0.58879554, 0.5785104), (0.600845, 0.58962876), (0.600845, 0.58962876), (0.58879554, 0.5785104), (0.6032057, 0.566378), (0.62120676, 0.57693046), (0.61342585, 0.60226005), (0.600845, 0.58962876), (0.62120676, 0.57693046), (0.64750373, 0.589949), (0.61717844, 0.5343129), (0.6126013, 0.55154353), (0.59482294, 0.54225665), (0.5996603, 0.5269215), (0.6126013, 0.55154353), (0.6032057, 0.56637806), (0.5874086, 0.55625635), (0.59482294, 0.54225665), (0.59482294, 0.54225665), (0.5874086, 0.55625635), (0.5724886, 0.5462521), (0.57819325, 0.5326362), (0.5996603, 0.5269215), (0.59482294, 0.54225665), (0.57819325, 0.5326362), (0.58329916, 0.51908207), (0.5729495, 0.5888399), (0.56623954, 0.5814002), (0.5772879, 0.5690818), (0.5887956, 0.5785104), (0.56623954, 0.5814002), (0.559291, 0.57549006), (0.5660688, 0.5605791), (0.5772879, 0.5690818), (0.5772879, 0.5690818), (0.5660688, 0.5605791), (0.5724886, 0.5462521), (0.58740854, 0.55625635), (0.5887956, 0.5785104), (0.5772879, 0.5690818), (0.58740854, 0.55625635), (0.6032057, 0.56637806), (0.5729495, 0.58883995), (0.55952525, 0.59837025), (0.5562681, 0.59368205), (0.56623954, 0.5814002), (0.55952525, 0.59837025), (0.54972094, 0.60731894), (0.5483757, 0.6051079), (0.5562681, 0.59368205), (0.5562681, 0.59368205), (0.5483757, 0.6051079), (0.54681313, 0.6038152), (0.55266184, 0.5904178), (0.56623954, 0.5814002), (0.5562681, 0.59368205), (0.55266184, 0.5904178), (0.55929106, 0.57549006), (0.57934785, 0.6145709), (0.5632346, 0.6142107), (0.56198525, 0.60548043), (0.578763, 0.5991807), (0.5632346, 0.6142107), (0.5471212, 0.6138504), (0.5503418, 0.6109046), (0.56198525, 0.60548043), (0.56198525, 0.60548043), (0.5503418, 0.6109046), (0.54972094, 0.6073189), (0.55952525, 0.5983702), (0.578763, 0.5991807), (0.56198525, 0.60548043), (0.55952525, 0.5983702), (0.5729495, 0.5888399), (0.54972094, 0.6073189), (0.5503418, 0.61090463), (0.54406804, 0.61747676), (0.5436377, 0.61594015), (0.5503418, 0.61090463), (0.5471212, 0.6138504), (0.54405457, 0.6190992), (0.54406804, 0.61747676), (0.54406804, 0.61747676), (0.54405457, 0.6190992), (0.54098785, 0.6243479), (0.54025745, 0.62584764), (0.5436377, 0.61594015), (0.54406804, 0.61747676), (0.54025745, 0.62584764), (0.5396475, 0.62542135), (0.54681313, 0.6038152), (0.54837567, 0.6051079), (0.5429599, 0.6150603), (0.54218584, 0.61462903), (0.54837567, 0.6051079), (0.549721, 0.6073189), (0.54363775, 0.6159402), (0.5429599, 0.6150603), (0.5429599, 0.6150603), (0.54363775, 0.6159402), (0.5396475, 0.6254214), (0.53900397, 0.6250225), (0.54218584, 0.61462903), (0.5429599, 0.6150603), (0.53900397, 0.6250225), (0.53833115, 0.624764), (0.5396475, 0.62542135), (0.54025745, 0.62584764), (0.53674936, 0.6369673), (0.53608865, 0.6367278), (0.54025745, 0.62584764), (0.54098785, 0.6243479), (0.53738296, 0.6370365), (0.53674936, 0.6369673), (0.53674936, 0.6369673), (0.53738296, 0.6370365), (0.53377795, 0.6497249), (0.533528, 0.6492708), (0.53608865, 0.6367278), (0.53674936, 0.6369673), (0.533528, 0.6492708), (0.5328933, 0.64900374), (0.53833115, 0.624764), (0.53900397, 0.6250225), (0.53541595, 0.6364705), (0.5347396, 0.63623077), (0.53900397, 0.6250225), (0.5396475, 0.6254214), (0.5360887, 0.63672775), (0.53541595, 0.6364705), (0.53541595, 0.6364705), (0.5360887, 0.63672775), (0.5328933, 0.64900374), (0.53222, 0.64875543), (0.5347396, 0.63623077), (0.53541595, 0.6364705), (0.53222, 0.64875543), (0.53154683, 0.64850706), (0.5328933, 0.64900374), (0.533528, 0.6492708), (0.5309379, 0.6614531), (0.5302791, 0.66118526), (0.533528, 0.6492708), (0.53377795, 0.6497249), (0.53155816, 0.6617397), (0.5309379, 0.6614531), (0.5309379, 0.6614531), (0.53155816, 0.6617397), (0.5293383, 0.6737546), (0.5286752, 0.6734753), (0.5302791, 0.66118526), (0.5309379, 0.6614531), (0.5286752, 0.6734753), (0.52801204, 0.6731961), (0.5315468, 0.64850706), (0.53222007, 0.64875543), (0.52961075, 0.66092205), (0.52894235, 0.66065884), (0.53222007, 0.64875543), (0.5328933, 0.64900374), (0.5302791, 0.66118526), (0.52961075, 0.66092205), (0.52961075, 0.66092205), (0.5302791, 0.66118526), (0.52801204, 0.6731961), (0.527349, 0.672917), (0.52894235, 0.66065884), (0.52961075, 0.66092205), (0.527349, 0.672917), (0.5266859, 0.6726377), (0.5302003, 0.6480103), (0.53087354, 0.64825875), (0.528274, 0.6603957), (0.52760565, 0.66013235), (0.53087354, 0.64825875), (0.5315468, 0.64850706), (0.52894235, 0.66065884), (0.528274, 0.6603957), (0.528274, 0.6603957), (0.52894235, 0.66065884), (0.5266859, 0.6726377), (0.52602285, 0.6723584), (0.52760565, 0.66013235), (0.528274, 0.6603957), (0.52602285, 0.6723584), (0.52535975, 0.672079), (0.52838767, 0.6477503), (0.5294882, 0.6477818), (0.5269276, 0.6598741), (0.52621067, 0.65963566), (0.5294882, 0.6477818), (0.5302003, 0.6480103), (0.52760565, 0.66013235), (0.5269276, 0.6598741), (0.5269276, 0.6598741), (0.52760565, 0.66013235), (0.52535975, 0.672079), (0.5246967, 0.67179996), (0.52621067, 0.65963566), (0.5269276, 0.6598741), (0.5246967, 0.67179996), (0.5240336, 0.6715208), (0.53682876, 0.62448317), (0.5376352, 0.6245527), (0.5340603, 0.63599694), (0.5333673, 0.6357808), (0.5376352, 0.6245527), (0.53833115, 0.624764), (0.5347396, 0.63623077), (0.5340603, 0.63599694), (0.5340603, 0.63599694), (0.5347396, 0.63623077), (0.53154683, 0.64850706), (0.53087354, 0.64825875), (0.5333673, 0.6357808), (0.5340603, 0.63599694), (0.53087354, 0.64825875), (0.5302003, 0.6480103), (0.53553873, 0.6225601), (0.5359051, 0.62445027), (0.53265816, 0.6355493), (0.5319633, 0.63515526), (0.5359051, 0.62445027), (0.5368287, 0.6244832), (0.5333673, 0.6357808), (0.53265816, 0.6355493), (0.53265816, 0.6355493), (0.5333673, 0.6357808), (0.5302003, 0.6480103), (0.5294882, 0.6477818), (0.5319633, 0.63515526), (0.53265816, 0.6355493), (0.5294882, 0.6477818), (0.52838767, 0.6477503), (0.54150534, 0.60408497), (0.5443108, 0.60357016), (0.54123896, 0.61444044), (0.53999203, 0.6146838), (0.5443108, 0.60357016), (0.54681313, 0.6038152), (0.54218584, 0.61462903), (0.54123896, 0.61444044), (0.54123896, 0.61444044), (0.54218584, 0.61462903), (0.53833115, 0.624764), (0.5376352, 0.6245527), (0.53999203, 0.6146838), (0.54123896, 0.61444044), (0.5376352, 0.6245527), (0.53682876, 0.62448317), (0.55929106, 0.57549006), (0.55266184, 0.5904178), (0.5465073, 0.58995104), (0.5485567, 0.57459503), (0.55266184, 0.5904178), (0.54681313, 0.6038152), (0.54431087, 0.60357016), (0.5465073, 0.58995104), (0.5465073, 0.58995104), (0.54431087, 0.60357016), (0.54150534, 0.60408497), (0.5404422, 0.59047407), (0.5485567, 0.57459503), (0.5465073, 0.58995104), (0.5404422, 0.59047407), (0.53833574, 0.5748415), (0.5724886, 0.5462521), (0.5660688, 0.5605791), (0.55123, 0.5590655), (0.55439764, 0.54413027), (0.5660688, 0.5605791), (0.55929106, 0.57549006), (0.5485567, 0.57459503), (0.55123, 0.5590655), (0.55123, 0.5590655), (0.5485567, 0.57459503), (0.53833574, 0.5748415), (0.5369895, 0.5588013), (0.55439764, 0.54413027), (0.55123, 0.5590655), (0.5369895, 0.5588013), (0.5368295, 0.5432563), (0.54181033, 0.51362103), (0.5622459, 0.5159185), (0.5578858, 0.5300579), (0.53811467, 0.52856547), (0.5622459, 0.5159185), (0.58329916, 0.51908207), (0.57819325, 0.5326362), (0.5578858, 0.5300579), (0.5578858, 0.5300579), (0.57819325, 0.5326362), (0.5724886, 0.5462521), (0.55439764, 0.54413027), (0.53811467, 0.52856547), (0.5578858, 0.5300579), (0.55439764, 0.54413027), (0.53682953, 0.5432563), (0.529609, 0.78798896), (0.5244459, 0.788844), (0.5364599, 0.7906455), (0.5376505, 0.7921425), (0.5244459, 0.788844), (0.52251035, 0.78556323), (0.5355765, 0.78882766), (0.5364599, 0.7906455), (0.5364599, 0.7906455), (0.5355765, 0.78882766), (0.5495139, 0.79654294), (0.5492371, 0.7974246), (0.5376505, 0.7921425), (0.5364599, 0.7906455), (0.5492371, 0.7974246), (0.54569185, 0.79629594), (0.4957215, 0.8112604), (0.4887065, 0.80346984), (0.50894284, 0.7941947), (0.51266533, 0.7996248), (0.4887065, 0.80346984), (0.48842892, 0.79270864), (0.50709665, 0.7877487), (0.50894284, 0.7941947), (0.50894284, 0.7941947), (0.50709665, 0.7877487), (0.52251035, 0.78556323), (0.5244459, 0.788844), (0.51266533, 0.7996248), (0.50894284, 0.7941947), (0.5244459, 0.788844), (0.529609, 0.78798896), (0.48842892, 0.7927087), (0.4887065, 0.80346996), (0.46242374, 0.8138584), (0.46699315, 0.7971086), (0.4887065, 0.80346996), (0.4957215, 0.8112604), (0.4588301, 0.8305122), (0.46242374, 0.8138584), (0.46242374, 0.8138584), (0.4588301, 0.8305122), (0.42193854, 0.849764), (0.43683964, 0.82064503), (0.46699315, 0.7971086), (0.46242374, 0.8138584), (0.43683964, 0.82064503), (0.4465326, 0.79865074), (0.39010543, 0.8354728), (0.40434706, 0.8107775), (0.41846016, 0.81879646), (0.406022, 0.84261847), (0.40434706, 0.8107775), (0.41670448, 0.7889138), (0.43034673, 0.7957851), (0.41846016, 0.81879646), (0.41846016, 0.81879646), (0.43034673, 0.7957851), (0.4465326, 0.7986506), (0.43683964, 0.8206451), (0.406022, 0.84261847), (0.41846016, 0.81879646), (0.43683964, 0.8206451), (0.42193854, 0.849764), (0.38993204, 0.7658233), (0.40322143, 0.7788158), (0.39211234, 0.7975169), (0.38028547, 0.78041136), (0.40322143, 0.7788158), (0.4167045, 0.7889138), (0.40434703, 0.8107774), (0.39211234, 0.7975169), (0.39211234, 0.7975169), (0.40434703, 0.8107774), (0.39010543, 0.8354728), (0.38096988, 0.8155927), (0.38028547, 0.78041136), (0.39211234, 0.7975169), (0.38096988, 0.8155927), (0.37183428, 0.7957125), (0.36874968, 0.74041235), (0.3776486, 0.7511468), (0.36830765, 0.76015997), (0.35889438, 0.74118257), (0.3776486, 0.7511468), (0.38993204, 0.7658233), (0.38028547, 0.78041136), (0.36830765, 0.76015997), (0.36830765, 0.76015997), (0.38028547, 0.78041136), (0.37183428, 0.7957125), (0.35728243, 0.7674743), (0.35889438, 0.74118257), (0.36830765, 0.76015997), (0.35728243, 0.7674743), (0.34273055, 0.73923594), (0.40818647, 0.73014164), (0.4254402, 0.73645854), (0.41432852, 0.7582428), (0.39921388, 0.74878675), (0.4254402, 0.73645854), (0.44104013, 0.74283683), (0.42887262, 0.7662281), (0.41432852, 0.7582428), (0.41432852, 0.7582428), (0.42887262, 0.7662281), (0.4167045, 0.7889138), (0.4032214, 0.77881587), (0.39921388, 0.74878675), (0.41432852, 0.7582428), (0.4032214, 0.77881587), (0.38993204, 0.76582336), (0.37152663, 0.7189296), (0.3899502, 0.7241399), (0.38436502, 0.73855686), (0.36985928, 0.73051435), (0.3899502, 0.7241399), (0.4081865, 0.73014164), (0.39921385, 0.7487867), (0.38436502, 0.73855686), (0.38436502, 0.73855686), (0.39921385, 0.7487867), (0.38993204, 0.7658233), (0.3776486, 0.7511468), (0.36985928, 0.73051435), (0.38436502, 0.73855686), (0.3776486, 0.7511468), (0.36874968, 0.74041235), (0.4228911, 0.6991074), (0.44191822, 0.7010664), (0.4339923, 0.7197014), (0.41651303, 0.7152608), (0.44191822, 0.7010664), (0.45889357, 0.7058054), (0.4499635, 0.7255006), (0.4339923, 0.7197014), (0.4339923, 0.7197014), (0.4499635, 0.7255006), (0.44104013, 0.74283683), (0.4254402, 0.73645854), (0.41651303, 0.7152608), (0.4339923, 0.7197014), (0.4254402, 0.73645854), (0.40818647, 0.73014164), (0.38772064, 0.70042956), (0.40301162, 0.6994544), (0.3981899, 0.7121306), (0.38064334, 0.7086859), (0.40301162, 0.6994544), (0.42289108, 0.69910735), (0.416513, 0.71526074), (0.3981899, 0.7121306), (0.3981899, 0.7121306), (0.416513, 0.71526074), (0.4081865, 0.73014164), (0.3899502, 0.7241399), (0.38064334, 0.7086859), (0.3981899, 0.7121306), (0.3899502, 0.7241399), (0.37152663, 0.7189296), (0.3358956, 0.7114189), (0.3485967, 0.6956526), (0.36470836, 0.7029494), (0.3535513, 0.71484345), (0.3485967, 0.6956526), (0.3612977, 0.6798861), (0.37912378, 0.69251347), (0.36470836, 0.7029494), (0.36470836, 0.7029494), (0.37912378, 0.69251347), (0.38772064, 0.70042956), (0.3806434, 0.7086858), (0.3535513, 0.71484345), (0.36470836, 0.7029494), (0.3806434, 0.7086858), (0.37152663, 0.7189296), (0.3715266, 0.7189296), (0.3698593, 0.7305143), (0.35499358, 0.72690463), (0.3535513, 0.7148435), (0.3698593, 0.7305143), (0.36874968, 0.74041235), (0.35889438, 0.74118257), (0.35499358, 0.72690463), (0.35499358, 0.72690463), (0.35889438, 0.74118257), (0.34273055, 0.73923594), (0.3393131, 0.7253275), (0.3535513, 0.7148435), (0.35499358, 0.72690463), (0.3393131, 0.7253275), (0.3358956, 0.7114189), (0.4299242, 0.65952295), (0.4262485, 0.6806862), (0.40127528, 0.68532896), (0.395611, 0.6697046), (0.4262485, 0.6806862), (0.42289108, 0.6991074), (0.4030116, 0.6994545), (0.40127528, 0.68532896), (0.40127528, 0.68532896), (0.4030116, 0.6994545), (0.38772064, 0.70042956), (0.3791238, 0.69251347), (0.395611, 0.6697046), (0.40127528, 0.68532896), (0.3791238, 0.69251347), (0.3612977, 0.6798861), (0.4822303, 0.64973897), (0.46828887, 0.68164086), (0.44897056, 0.67913), (0.4560773, 0.654631), (0.46828887, 0.68164086), (0.45889357, 0.7058054), (0.44191825, 0.70106626), (0.44897056, 0.67913), (0.44897056, 0.67913), (0.44191825, 0.70106626), (0.42289108, 0.6991074), (0.4262485, 0.6806862), (0.4560773, 0.654631), (0.44897056, 0.67913), (0.4262485, 0.6806862), (0.4299242, 0.65952295), (0.50185305, 0.6786782), (0.49497274, 0.7041809), (0.48270315, 0.69043744), (0.4920417, 0.66420865), (0.49497274, 0.7041809), (0.48641628, 0.7239826), (0.47353333, 0.71344906), (0.48270315, 0.69043744), (0.48270315, 0.69043744), (0.47353333, 0.71344906), (0.45889357, 0.7058054), (0.46828887, 0.68164086), (0.4920417, 0.66420865), (0.48270315, 0.69043744), (0.46828887, 0.68164086), (0.4822303, 0.64973897), (0.5308678, 0.7360914), (0.5174234, 0.74272007), (0.50710577, 0.7228082), (0.51636046, 0.70738494), (0.5174234, 0.74272007), (0.5085665, 0.75115), (0.49814627, 0.7370603), (0.50710577, 0.7228082), (0.50710577, 0.7228082), (0.49814627, 0.7370603), (0.48641628, 0.7239826), (0.49497274, 0.7041809), (0.51636046, 0.70738494), (0.50710577, 0.7228082), (0.49497274, 0.7041809), (0.50185305, 0.6786782), (0.45889357, 0.7058054), (0.47353336, 0.71344906), (0.4641867, 0.7324208), (0.4499635, 0.7255006), (0.47353336, 0.71344906), (0.48641628, 0.72398263), (0.47711, 0.7404784), (0.4641867, 0.7324208), (0.4641867, 0.7324208), (0.47711, 0.7404784), (0.4674321, 0.75522804), (0.45468548, 0.7491087), (0.4499635, 0.7255006), (0.4641867, 0.7324208), (0.45468548, 0.7491087), (0.44104013, 0.74283683), (0.50856644, 0.75114995), (0.5010767, 0.75926274), (0.48929563, 0.74962044), (0.49814627, 0.73706025), (0.5010767, 0.75926274), (0.49416676, 0.7670579), (0.48046985, 0.76119316), (0.48929563, 0.74962044), (0.48929563, 0.74962044), (0.48046985, 0.76119316), (0.4674321, 0.7552281), (0.47711003, 0.7404784), (0.49814627, 0.73706025), (0.48929563, 0.74962044), (0.47711003, 0.7404784), (0.48641625, 0.7239826), (0.5085665, 0.75115), (0.51765466, 0.7645374), (0.51269656, 0.7687324), (0.50107676, 0.7592626), (0.51765466, 0.7645374), (0.5266868, 0.7759661), (0.52426916, 0.7775361), (0.51269656, 0.7687324), (0.51269656, 0.7687324), (0.52426916, 0.7775361), (0.52240443, 0.7792084), (0.5084625, 0.77294683), (0.50107676, 0.7592626), (0.51269656, 0.7687324), (0.5084625, 0.77294683), (0.49416676, 0.7670579), (0.5308678, 0.7360914), (0.5309473, 0.75717086), (0.52385914, 0.760531), (0.5174234, 0.7427201), (0.5309473, 0.75717086), (0.5310267, 0.77825016), (0.529785, 0.77498186), (0.52385914, 0.760531), (0.52385914, 0.760531), (0.529785, 0.77498186), (0.5266868, 0.77596605), (0.51765466, 0.76453733), (0.5174234, 0.7427201), (0.52385914, 0.760531), (0.51765466, 0.76453733), (0.5085665, 0.75114995), (0.5266868, 0.7759661), (0.529785, 0.774982), (0.538649, 0.7844992), (0.5372556, 0.78494495), (0.529785, 0.774982), (0.5310267, 0.77825016), (0.53977954, 0.7843889), (0.538649, 0.7844992), (0.538649, 0.7844992), (0.53977954, 0.7843889), (0.54853225, 0.79052734), (0.5512972, 0.79283035), (0.5372556, 0.78494495), (0.538649, 0.7844992), (0.5512972, 0.79283035), (0.5509208, 0.7935858), (0.52240443, 0.7792084), (0.52426916, 0.77753603), (0.5362242, 0.7855844), (0.5354947, 0.7863017), (0.52426916, 0.77753603), (0.5266867, 0.7759661), (0.5372556, 0.78494495), (0.5362242, 0.7855844), (0.5362242, 0.7855844), (0.5372556, 0.78494495), (0.5509208, 0.79358584), (0.55038387, 0.7942293), (0.5354947, 0.7863017), (0.5362242, 0.7855844), (0.55038387, 0.7942293), (0.5499449, 0.7949001), (0.5509208, 0.7935858), (0.5512972, 0.79283035), (0.56892335, 0.80323887), (0.568588, 0.8039886), (0.5512972, 0.79283035), (0.54853225, 0.79052734), (0.56894696, 0.8023351), (0.56892335, 0.80323887), (0.56892335, 0.80323887), (0.56894696, 0.8023351), (0.5893616, 0.8141429), (0.5889705, 0.8148732), (0.568588, 0.8039886), (0.56892335, 0.80323887), (0.5889705, 0.8148732), (0.58857924, 0.8156035), (0.5499449, 0.7949002), (0.55038387, 0.79422927), (0.5681922, 0.8047046), (0.5678086, 0.80542403), (0.55038387, 0.79422927), (0.5509208, 0.7935858), (0.568588, 0.8039886), (0.5681922, 0.8047046), (0.5681922, 0.8047046), (0.568588, 0.8039886), (0.58857924, 0.8156035), (0.5881882, 0.8163339), (0.5678086, 0.80542403), (0.5681922, 0.8047046), (0.5881882, 0.8163339), (0.587797, 0.8170642), (0.5495139, 0.79654294), (0.54966515, 0.79565847), (0.567445, 0.8061544), (0.56709737, 0.80690056), (0.54966515, 0.79565847), (0.5499449, 0.7949002), (0.5678086, 0.80542403), (0.567445, 0.8061544), (0.567445, 0.8061544), (0.5678086, 0.80542403), (0.587797, 0.8170642), (0.5874059, 0.8177946), (0.56709737, 0.80690056), (0.567445, 0.8061544), (0.5874059, 0.8177946), (0.5870148, 0.8185249), (0.54569185, 0.79629594), (0.5492371, 0.7974246), (0.5666916, 0.80761963), (0.56596214, 0.8081409), (0.5492371, 0.7974246), (0.5495139, 0.79654294), (0.56709737, 0.80690056), (0.5666916, 0.80761963), (0.5666916, 0.80761963), (0.56709737, 0.80690056), (0.5870148, 0.8185249), (0.5866236, 0.81925535), (0.56596214, 0.8081409), (0.5666916, 0.80761963), (0.5866236, 0.81925535), (0.58623236, 0.81998575), (0.5225104, 0.78556323), (0.52208006, 0.7822608), (0.53533584, 0.78739893), (0.53557664, 0.7888276), (0.52208006, 0.7822608), (0.52240443, 0.7792084), (0.5354947, 0.7863017), (0.53533584, 0.78739893), (0.53533584, 0.78739893), (0.5354947, 0.7863017), (0.5499449, 0.7949001), (0.54966515, 0.79565847), (0.53557664, 0.7888276), (0.53533584, 0.78739893), (0.54966515, 0.79565847), (0.5495139, 0.796543), (0.49416676, 0.7670579), (0.5084625, 0.77294683), (0.5072421, 0.7805306), (0.4906996, 0.7803108), (0.5084625, 0.77294683), (0.52240443, 0.7792084), (0.5220801, 0.7822607), (0.5072421, 0.7805306), (0.5072421, 0.7805306), (0.5220801, 0.7822607), (0.5225104, 0.78556323), (0.50709665, 0.7877487), (0.4906996, 0.7803108), (0.5072421, 0.7805306), (0.50709665, 0.7877487), (0.48842895, 0.79270864), (0.4674321, 0.75522804), (0.48046988, 0.76119316), (0.47322935, 0.7794597), (0.4566733, 0.77704334), (0.48046988, 0.76119316), (0.49416676, 0.7670579), (0.4906996, 0.7803108), (0.47322935, 0.7794597), (0.47322935, 0.7794597), (0.4906996, 0.7803108), (0.48842895, 0.79270864), (0.4669932, 0.7971086), (0.4566733, 0.77704334), (0.47322935, 0.7794597), (0.4669932, 0.7971086), (0.4465326, 0.7986508), (0.41670448, 0.78891385), (0.42887262, 0.7662281), (0.44240636, 0.772585), (0.43034682, 0.7957851), (0.42887262, 0.7662281), (0.44104013, 0.74283683), (0.45468548, 0.7491087), (0.44240636, 0.772585), (0.44240636, 0.772585), (0.45468548, 0.7491087), (0.4674321, 0.75522804), (0.45667323, 0.77704334), (0.43034682, 0.7957851), (0.44240636, 0.772585), (0.45667323, 0.77704334), (0.44653258, 0.79865074), (0.53788215, 0.61176276), (0.53846973, 0.60614574), (0.5383304, 0.6156668), (0.5367105, 0.6171615), (0.53846973, 0.60614574), (0.54150534, 0.604085), (0.539992, 0.61468375), (0.5383304, 0.6156668), (0.5383304, 0.6156668), (0.539992, 0.61468375), (0.5368287, 0.6244832), (0.5359051, 0.62445027), (0.5367105, 0.6171615), (0.5383304, 0.6156668), (0.5359051, 0.62445027), (0.53553873, 0.6225601), (0.52041805, 0.5808313), (0.52899545, 0.5770365), (0.5346014, 0.592728), (0.5291502, 0.5962971), (0.52899545, 0.5770365), (0.5383358, 0.5748415), (0.5404422, 0.590474), (0.5346014, 0.592728), (0.5346014, 0.592728), (0.5404422, 0.590474), (0.54150534, 0.604085), (0.53846973, 0.60614574), (0.5291502, 0.5962971), (0.5346014, 0.592728), (0.53846973, 0.60614574), (0.53788215, 0.61176276), (0.53833574, 0.5748415), (0.52899545, 0.57703656), (0.5236938, 0.560624), (0.53698945, 0.5588013), (0.52899545, 0.57703656), (0.52041805, 0.5808313), (0.5107879, 0.56371576), (0.5236938, 0.560624), (0.5236938, 0.560624), (0.5107879, 0.56371576), (0.5011577, 0.54660004), (0.5198994, 0.5444358), (0.53698945, 0.5588013), (0.5236938, 0.560624), (0.5198994, 0.5444358), (0.53682953, 0.5432563), (0.4987053, 0.5142631), (0.5219949, 0.5128908), (0.5190763, 0.52890694), (0.49993157, 0.5304316), (0.5219949, 0.5128908), (0.54181033, 0.513621), (0.53811455, 0.5285654), (0.5190763, 0.52890694), (0.5190763, 0.52890694), (0.53811455, 0.5285654), (0.5368295, 0.5432563), (0.5198994, 0.54443586), (0.49993157, 0.5304316), (0.5190763, 0.52890694), (0.5198994, 0.54443586), (0.5011577, 0.54660004), (0.5596987, 0.48044443), (0.54889625, 0.49736995), (0.53056145, 0.49516022), (0.54384065, 0.47705522), (0.54889625, 0.49736995), (0.54181033, 0.513621), (0.5219948, 0.5128908), (0.53056145, 0.49516022), (0.53056145, 0.49516022), (0.5219948, 0.5128908), (0.4987053, 0.5142631), (0.51220936, 0.49364382), (0.54384065, 0.47705522), (0.53056145, 0.49516022), (0.51220936, 0.49364382), (0.5257133, 0.47302446), (0.5833689, 0.45363253), (0.5732029, 0.46443546), (0.56150776, 0.4604381), (0.5797961, 0.44735777), (0.5732029, 0.46443546), (0.5596987, 0.48044443), (0.54384065, 0.47705522), (0.56150776, 0.4604381), (0.56150776, 0.4604381), (0.54384065, 0.47705522), (0.5257133, 0.47302446), (0.55008507, 0.45555478), (0.5797961, 0.44735777), (0.56150776, 0.4604381), (0.55008507, 0.45555478), (0.5744567, 0.438085), (0.5940585, 0.48805875), (0.5882168, 0.50465494), (0.5682096, 0.50068384), (0.57650393, 0.4841349), (0.5882168, 0.50465494), (0.58329916, 0.51908207), (0.562246, 0.51591855), (0.5682096, 0.50068384), (0.5682096, 0.50068384), (0.562246, 0.51591855), (0.5418103, 0.51362103), (0.54889625, 0.49737), (0.57650393, 0.4841349), (0.5682096, 0.50068384), (0.54889625, 0.49737), (0.5596987, 0.4804444), (0.60832584, 0.44990462), (0.6014448, 0.46879324), (0.58684015, 0.46682838), (0.59483737, 0.45143166), (0.6014448, 0.46879324), (0.5940586, 0.48805878), (0.5765038, 0.4841349), (0.58684015, 0.46682838), (0.58684015, 0.46682838), (0.5765038, 0.4841349), (0.5596987, 0.48044443), (0.5732029, 0.46443546), (0.59483737, 0.45143166), (0.58684015, 0.46682838), (0.5732029, 0.46443546), (0.5833689, 0.45363253), (0.6189719, 0.4952247), (0.6183943, 0.5153099), (0.6027733, 0.51021624), (0.6060017, 0.49210715), (0.6183943, 0.5153099), (0.61717844, 0.5343129), (0.5996603, 0.5269215), (0.6027733, 0.51021624), (0.6027733, 0.51021624), (0.5996603, 0.5269215), (0.58329916, 0.51908207), (0.5882168, 0.50465494), (0.6060017, 0.49210715), (0.6027733, 0.51021624), (0.5882168, 0.50465494), (0.5940585, 0.48805875), (0.6230362, 0.46134752), (0.6210509, 0.4754706), (0.6108547, 0.47313008), (0.6167499, 0.45598418), (0.6210509, 0.4754706), (0.6189719, 0.49522468), (0.6060016, 0.49210706), (0.6108547, 0.47313008), (0.6108547, 0.47313008), (0.6060016, 0.49210706), (0.5940586, 0.48805878), (0.6014448, 0.46879324), (0.6167499, 0.45598418), (0.6108547, 0.47313008), (0.6014448, 0.46879324), (0.60832584, 0.44990462), (0.61547434, 0.42087233), (0.63092583, 0.42988855), (0.62344646, 0.44235054), (0.6127057, 0.43431103), (0.63092583, 0.42988855), (0.6463773, 0.43890476), (0.6312645, 0.4539333), (0.62344646, 0.44235054), (0.62344646, 0.44235054), (0.6312645, 0.4539333), (0.6230362, 0.46134752), (0.61674976, 0.45598418), (0.6127057, 0.43431103), (0.62344646, 0.44235054), (0.61674976, 0.45598418), (0.60832584, 0.44990462), (0.60832584, 0.44990465), (0.59483737, 0.45143166), (0.596654, 0.4395775), (0.6127057, 0.43431103), (0.59483737, 0.45143166), (0.5833689, 0.45363253), (0.5797961, 0.44735777), (0.596654, 0.4395775), (0.596654, 0.4395775), (0.5797961, 0.44735777), (0.5744567, 0.438085), (0.5949656, 0.4294787), (0.6127057, 0.43431103), (0.596654, 0.4395775), (0.5949656, 0.4294787), (0.61547434, 0.42087233), (0.6468893, 0.49930865), (0.6334478, 0.49694768), (0.6330916, 0.47355905), (0.6466334, 0.46910676), (0.6334478, 0.49694768), (0.6189718, 0.49522465), (0.6210509, 0.47547057), (0.6330916, 0.47355905), (0.6330916, 0.47355905), (0.6210509, 0.47547057), (0.6230362, 0.46134752), (0.63126457, 0.45393333), (0.6466334, 0.46910676), (0.6330916, 0.47355905), (0.63126457, 0.45393333), (0.6463773, 0.43890476), (0.6622448, 0.5484169), (0.63704306, 0.54106283), (0.6358425, 0.5196892), (0.6545671, 0.52386284), (0.63704306, 0.54106283), (0.6171784, 0.5343129), (0.6183943, 0.5153099), (0.6358425, 0.5196892), (0.6358425, 0.5196892), (0.6183943, 0.5153099), (0.6189718, 0.49522465), (0.6334478, 0.49694768), (0.6545671, 0.52386284), (0.6358425, 0.5196892), (0.6334478, 0.49694768), (0.6468893, 0.49930865), (0.64750373, 0.589949), (0.62120676, 0.57693046), (0.6325835, 0.5603599), (0.6548743, 0.56918305), (0.62120676, 0.57693046), (0.6032057, 0.566378), (0.61260116, 0.5515436), (0.6325835, 0.5603599), (0.6325835, 0.5603599), (0.61260116, 0.5515436), (0.6171784, 0.5343129), (0.63704306, 0.54106283), (0.6548743, 0.56918305), (0.6325835, 0.5603599), (0.63704306, 0.54106283), (0.6622448, 0.5484169), (0.57934785, 0.6145709), (0.578763, 0.59918076), (0.600845, 0.58962876), (0.61342585, 0.60226005), (0.578763, 0.59918076), (0.57294947, 0.5888398), (0.58879554, 0.5785104), (0.600845, 0.58962876), (0.600845, 0.58962876), (0.58879554, 0.5785104), (0.6032057, 0.566378), (0.62120676, 0.57693046), (0.61342585, 0.60226005), (0.600845, 0.58962876), (0.62120676, 0.57693046), (0.64750373, 0.589949), (0.61717844, 0.5343129), (0.6126013, 0.55154353), (0.59482294, 0.54225665), (0.5996603, 0.5269215), (0.6126013, 0.55154353), (0.6032057, 0.56637806), (0.5874086, 0.55625635), (0.59482294, 0.54225665), (0.59482294, 0.54225665), (0.5874086, 0.55625635), (0.5724886, 0.5462521), (0.57819325, 0.5326362), (0.5996603, 0.5269215), (0.59482294, 0.54225665), (0.57819325, 0.5326362), (0.58329916, 0.51908207), (0.5729495, 0.5888399), (0.56623954, 0.5814002), (0.5772879, 0.5690818), (0.5887956, 0.5785104), (0.56623954, 0.5814002), (0.559291, 0.57549006), (0.5660688, 0.5605791), (0.5772879, 0.5690818), (0.5772879, 0.5690818), (0.5660688, 0.5605791), (0.5724886, 0.5462521), (0.58740854, 0.55625635), (0.5887956, 0.5785104), (0.5772879, 0.5690818), (0.58740854, 0.55625635), (0.6032057, 0.56637806), (0.5729495, 0.58883995), (0.55952525, 0.59837025), (0.5562681, 0.59368205), (0.56623954, 0.5814002), (0.55952525, 0.59837025), (0.54972094, 0.60731894), (0.5483757, 0.6051079), (0.5562681, 0.59368205), (0.5562681, 0.59368205), (0.5483757, 0.6051079), (0.54681313, 0.6038152), (0.55266184, 0.5904178), (0.56623954, 0.5814002), (0.5562681, 0.59368205), (0.55266184, 0.5904178), (0.55929106, 0.57549006), (0.57934785, 0.6145709), (0.5632346, 0.6142107), (0.56198525, 0.60548043), (0.578763, 0.5991807), (0.5632346, 0.6142107), (0.5471212, 0.6138504), (0.5503418, 0.6109046), (0.56198525, 0.60548043), (0.56198525, 0.60548043), (0.5503418, 0.6109046), (0.54972094, 0.6073189), (0.55952525, 0.5983702), (0.578763, 0.5991807), (0.56198525, 0.60548043), (0.55952525, 0.5983702), (0.5729495, 0.5888399), (0.54972094, 0.6073189), (0.5503418, 0.61090463), (0.54406804, 0.61747676), (0.5436377, 0.61594015), (0.5503418, 0.61090463), (0.5471212, 0.6138504), (0.54405457, 0.6190992), (0.54406804, 0.61747676), (0.54406804, 0.61747676), (0.54405457, 0.6190992), (0.54098785, 0.6243479), (0.54025745, 0.62584764), (0.5436377, 0.61594015), (0.54406804, 0.61747676), (0.54025745, 0.62584764), (0.5396475, 0.62542135), (0.54681313, 0.6038152), (0.54837567, 0.6051079), (0.5429599, 0.6150603), (0.54218584, 0.61462903), (0.54837567, 0.6051079), (0.549721, 0.6073189), (0.54363775, 0.6159402), (0.5429599, 0.6150603), (0.5429599, 0.6150603), (0.54363775, 0.6159402), (0.5396475, 0.6254214), (0.53900397, 0.6250225), (0.54218584, 0.61462903), (0.5429599, 0.6150603), (0.53900397, 0.6250225), (0.53833115, 0.624764), (0.5396475, 0.62542135), (0.54025745, 0.62584764), (0.53674936, 0.6369673), (0.53608865, 0.6367278), (0.54025745, 0.62584764), (0.54098785, 0.6243479), (0.53738296, 0.6370365), (0.53674936, 0.6369673), (0.53674936, 0.6369673), (0.53738296, 0.6370365), (0.53377795, 0.6497249), (0.533528, 0.6492708), (0.53608865, 0.6367278), (0.53674936, 0.6369673), (0.533528, 0.6492708), (0.5328933, 0.64900374), (0.53833115, 0.624764), (0.53900397, 0.6250225), (0.53541595, 0.6364705), (0.5347396, 0.63623077), (0.53900397, 0.6250225), (0.5396475, 0.6254214), (0.5360887, 0.63672775), (0.53541595, 0.6364705), (0.53541595, 0.6364705), (0.5360887, 0.63672775), (0.5328933, 0.64900374), (0.53222, 0.64875543), (0.5347396, 0.63623077), (0.53541595, 0.6364705), (0.53222, 0.64875543), (0.53154683, 0.64850706), (0.5328933, 0.64900374), (0.533528, 0.6492708), (0.5309379, 0.6614531), (0.5302791, 0.66118526), (0.533528, 0.6492708), (0.53377795, 0.6497249), (0.53155816, 0.6617397), (0.5309379, 0.6614531), (0.5309379, 0.6614531), (0.53155816, 0.6617397), (0.5293383, 0.6737546), (0.5286752, 0.6734753), (0.5302791, 0.66118526), (0.5309379, 0.6614531), (0.5286752, 0.6734753), (0.52801204, 0.6731961), (0.5315468, 0.64850706), (0.53222007, 0.64875543), (0.52961075, 0.66092205), (0.52894235, 0.66065884), (0.53222007, 0.64875543), (0.5328933, 0.64900374), (0.5302791, 0.66118526), (0.52961075, 0.66092205), (0.52961075, 0.66092205), (0.5302791, 0.66118526), (0.52801204, 0.6731961), (0.527349, 0.672917), (0.52894235, 0.66065884), (0.52961075, 0.66092205), (0.527349, 0.672917), (0.5266859, 0.6726377), (0.5302003, 0.6480103), (0.53087354, 0.64825875), (0.528274, 0.6603957), (0.52760565, 0.66013235), (0.53087354, 0.64825875), (0.5315468, 0.64850706), (0.52894235, 0.66065884), (0.528274, 0.6603957), (0.528274, 0.6603957), (0.52894235, 0.66065884), (0.5266859, 0.6726377), (0.52602285, 0.6723584), (0.52760565, 0.66013235), (0.528274, 0.6603957), (0.52602285, 0.6723584), (0.52535975, 0.672079), (0.52838767, 0.6477503), (0.5294882, 0.6477818), (0.5269276, 0.6598741), (0.52621067, 0.65963566), (0.5294882, 0.6477818), (0.5302003, 0.6480103), (0.52760565, 0.66013235), (0.5269276, 0.6598741), (0.5269276, 0.6598741), (0.52760565, 0.66013235), (0.52535975, 0.672079), (0.5246967, 0.67179996), (0.52621067, 0.65963566), (0.5269276, 0.6598741), (0.5246967, 0.67179996), (0.5240336, 0.6715208), (0.53682876, 0.62448317), (0.5376352, 0.6245527), (0.5340603, 0.63599694), (0.5333673, 0.6357808), (0.5376352, 0.6245527), (0.53833115, 0.624764), (0.5347396, 0.63623077), (0.5340603, 0.63599694), (0.5340603, 0.63599694), (0.5347396, 0.63623077), (0.53154683, 0.64850706), (0.53087354, 0.64825875), (0.5333673, 0.6357808), (0.5340603, 0.63599694), (0.53087354, 0.64825875), (0.5302003, 0.6480103), (0.53553873, 0.6225601), (0.5359051, 0.62445027), (0.53265816, 0.6355493), (0.5319633, 0.63515526), (0.5359051, 0.62445027), (0.5368287, 0.6244832), (0.5333673, 0.6357808), (0.53265816, 0.6355493), (0.53265816, 0.6355493), (0.5333673, 0.6357808), (0.5302003, 0.6480103), (0.5294882, 0.6477818), (0.5319633, 0.63515526), (0.53265816, 0.6355493), (0.5294882, 0.6477818), (0.52838767, 0.6477503), (0.54150534, 0.60408497), (0.5443108, 0.60357016), (0.54123896, 0.61444044), (0.53999203, 0.6146838), (0.5443108, 0.60357016), (0.54681313, 0.6038152), (0.54218584, 0.61462903), (0.54123896, 0.61444044), (0.54123896, 0.61444044), (0.54218584, 0.61462903), (0.53833115, 0.624764), (0.5376352, 0.6245527), (0.53999203, 0.6146838), (0.54123896, 0.61444044), (0.5376352, 0.6245527), (0.53682876, 0.62448317), (0.55929106, 0.57549006), (0.55266184, 0.5904178), (0.5465073, 0.58995104), (0.5485567, 0.57459503), (0.55266184, 0.5904178), (0.54681313, 0.6038152), (0.54431087, 0.60357016), (0.5465073, 0.58995104), (0.5465073, 0.58995104), (0.54431087, 0.60357016), (0.54150534, 0.60408497), (0.5404422, 0.59047407), (0.5485567, 0.57459503), (0.5465073, 0.58995104), (0.5404422, 0.59047407), (0.53833574, 0.5748415), (0.5724886, 0.5462521), (0.5660688, 0.5605791), (0.55123, 0.5590655), (0.55439764, 0.54413027), (0.5660688, 0.5605791), (0.55929106, 0.57549006), (0.5485567, 0.57459503), (0.55123, 0.5590655), (0.55123, 0.5590655), (0.5485567, 0.57459503), (0.53833574, 0.5748415), (0.5369895, 0.5588013), (0.55439764, 0.54413027), (0.55123, 0.5590655), (0.5369895, 0.5588013), (0.5368295, 0.5432563), (0.54181033, 0.51362103), (0.5622459, 0.5159185), (0.5578858, 0.5300579), (0.53811467, 0.52856547), (0.5622459, 0.5159185), (0.58329916, 0.51908207), (0.57819325, 0.5326362), (0.5578858, 0.5300579), (0.5578858, 0.5300579), (0.57819325, 0.5326362), (0.5724886, 0.5462521), (0.55439764, 0.54413027), (0.53811467, 0.52856547), (0.5578858, 0.5300579), (0.55439764, 0.54413027), (0.53682953, 0.5432563), (0.529609, 0.78798896), (0.5244459, 0.788844), (0.5364599, 0.7906455), (0.5376505, 0.7921425), (0.5244459, 0.788844), (0.52251035, 0.78556323), (0.5355765, 0.78882766), (0.5364599, 0.7906455), (0.5364599, 0.7906455), (0.5355765, 0.78882766), (0.5495139, 0.79654294), (0.5492371, 0.7974246), (0.5376505, 0.7921425), (0.5364599, 0.7906455), (0.5492371, 0.7974246), (0.54569185, 0.79629594), (0.4957215, 0.8112604), (0.4887065, 0.80346984), (0.50894284, 0.7941947), (0.51266533, 0.7996248), (0.4887065, 0.80346984), (0.48842892, 0.79270864), (0.50709665, 0.7877487), (0.50894284, 0.7941947), (0.50894284, 0.7941947), (0.50709665, 0.7877487), (0.52251035, 0.78556323), (0.5244459, 0.788844), (0.51266533, 0.7996248), (0.50894284, 0.7941947), (0.5244459, 0.788844), (0.529609, 0.78798896), (0.48842892, 0.7927087), (0.4887065, 0.80346996), (0.46242374, 0.8138584), (0.46699315, 0.7971086), (0.4887065, 0.80346996), (0.4957215, 0.8112604), (0.4588301, 0.8305122), (0.46242374, 0.8138584), (0.46242374, 0.8138584), (0.4588301, 0.8305122), (0.42193854, 0.849764), (0.43683964, 0.82064503), (0.46699315, 0.7971086), (0.46242374, 0.8138584), (0.43683964, 0.82064503), (0.4465326, 0.79865074), (0.39010543, 0.8354728), (0.40434706, 0.8107775), (0.41846016, 0.81879646), (0.406022, 0.84261847), (0.40434706, 0.8107775), (0.41670448, 0.7889138), (0.43034673, 0.7957851), (0.41846016, 0.81879646), (0.41846016, 0.81879646), (0.43034673, 0.7957851), (0.4465326, 0.7986506), (0.43683964, 0.8206451), (0.406022, 0.84261847), (0.41846016, 0.81879646), (0.43683964, 0.8206451), (0.42193854, 0.849764), (0.38993204, 0.7658233), (0.40322143, 0.7788158), (0.39211234, 0.7975169), (0.38028547, 0.78041136), (0.40322143, 0.7788158), (0.4167045, 0.7889138), (0.40434703, 0.8107774), (0.39211234, 0.7975169), (0.39211234, 0.7975169), (0.40434703, 0.8107774), (0.39010543, 0.8354728), (0.38096988, 0.8155927), (0.38028547, 0.78041136), (0.39211234, 0.7975169), (0.38096988, 0.8155927), (0.37183428, 0.7957125), (0.36874968, 0.74041235), (0.3776486, 0.7511468), (0.36830765, 0.76015997), (0.35889438, 0.74118257), (0.3776486, 0.7511468), (0.38993204, 0.7658233), (0.38028547, 0.78041136), (0.36830765, 0.76015997), (0.36830765, 0.76015997), (0.38028547, 0.78041136), (0.37183428, 0.7957125), (0.35728243, 0.7674743), (0.35889438, 0.74118257), (0.36830765, 0.76015997), (0.35728243, 0.7674743), (0.34273055, 0.73923594), (0.40818647, 0.73014164), (0.4254402, 0.73645854), (0.41432852, 0.7582428), (0.39921388, 0.74878675), (0.4254402, 0.73645854), (0.44104013, 0.74283683), (0.42887262, 0.7662281), (0.41432852, 0.7582428), (0.41432852, 0.7582428), (0.42887262, 0.7662281), (0.4167045, 0.7889138), (0.4032214, 0.77881587), (0.39921388, 0.74878675), (0.41432852, 0.7582428), (0.4032214, 0.77881587), (0.38993204, 0.76582336), (0.37152663, 0.7189296), (0.3899502, 0.7241399), (0.38436502, 0.73855686), (0.36985928, 0.73051435), (0.3899502, 0.7241399), (0.4081865, 0.73014164), (0.39921385, 0.7487867), (0.38436502, 0.73855686), (0.38436502, 0.73855686), (0.39921385, 0.7487867), (0.38993204, 0.7658233), (0.3776486, 0.7511468), (0.36985928, 0.73051435), (0.38436502, 0.73855686), (0.3776486, 0.7511468), (0.36874968, 0.74041235), (0.4228911, 0.6991074), (0.44191822, 0.7010664), (0.4339923, 0.7197014), (0.41651303, 0.7152608), (0.44191822, 0.7010664), (0.45889357, 0.7058054), (0.4499635, 0.7255006), (0.4339923, 0.7197014), (0.4339923, 0.7197014), (0.4499635, 0.7255006), (0.44104013, 0.74283683), (0.4254402, 0.73645854), (0.41651303, 0.7152608), (0.4339923, 0.7197014), (0.4254402, 0.73645854), (0.40818647, 0.73014164), (0.38772064, 0.70042956), (0.40301162, 0.6994544), (0.3981899, 0.7121306), (0.38064334, 0.7086859), (0.40301162, 0.6994544), (0.42289108, 0.69910735), (0.416513, 0.71526074), (0.3981899, 0.7121306), (0.3981899, 0.7121306), (0.416513, 0.71526074), (0.4081865, 0.73014164), (0.3899502, 0.7241399), (0.38064334, 0.7086859), (0.3981899, 0.7121306), (0.3899502, 0.7241399), (0.37152663, 0.7189296), (0.3358956, 0.7114189), (0.3485967, 0.6956526), (0.36470836, 0.7029494), (0.3535513, 0.71484345), (0.3485967, 0.6956526), (0.3612977, 0.6798861), (0.37912378, 0.69251347), (0.36470836, 0.7029494), (0.36470836, 0.7029494), (0.37912378, 0.69251347), (0.38772064, 0.70042956), (0.3806434, 0.7086858), (0.3535513, 0.71484345), (0.36470836, 0.7029494), (0.3806434, 0.7086858), (0.37152663, 0.7189296), (0.3715266, 0.7189296), (0.3698593, 0.7305143), (0.35499358, 0.72690463), (0.3535513, 0.7148435), (0.3698593, 0.7305143), (0.36874968, 0.74041235), (0.35889438, 0.74118257), (0.35499358, 0.72690463), (0.35499358, 0.72690463), (0.35889438, 0.74118257), (0.34273055, 0.73923594), (0.3393131, 0.7253275), (0.3535513, 0.7148435), (0.35499358, 0.72690463), (0.3393131, 0.7253275), (0.3358956, 0.7114189), (0.4299242, 0.65952295), (0.4262485, 0.6806862), (0.40127528, 0.68532896), (0.395611, 0.6697046), (0.4262485, 0.6806862), (0.42289108, 0.6991074), (0.4030116, 0.6994545), (0.40127528, 0.68532896), (0.40127528, 0.68532896), (0.4030116, 0.6994545), (0.38772064, 0.70042956), (0.3791238, 0.69251347), (0.395611, 0.6697046), (0.40127528, 0.68532896), (0.3791238, 0.69251347), (0.3612977, 0.6798861), (0.4822303, 0.64973897), (0.46828887, 0.68164086), (0.44897056, 0.67913), (0.4560773, 0.654631), (0.46828887, 0.68164086), (0.45889357, 0.7058054), (0.44191825, 0.70106626), (0.44897056, 0.67913), (0.44897056, 0.67913), (0.44191825, 0.70106626), (0.42289108, 0.6991074), (0.4262485, 0.6806862), (0.4560773, 0.654631), (0.44897056, 0.67913), (0.4262485, 0.6806862), (0.4299242, 0.65952295), (0.50185305, 0.6786782), (0.49497274, 0.7041809), (0.48270315, 0.69043744), (0.4920417, 0.66420865), (0.49497274, 0.7041809), (0.48641628, 0.7239826), (0.47353333, 0.71344906), (0.48270315, 0.69043744), (0.48270315, 0.69043744), (0.47353333, 0.71344906), (0.45889357, 0.7058054), (0.46828887, 0.68164086), (0.4920417, 0.66420865), (0.48270315, 0.69043744), (0.46828887, 0.68164086), (0.4822303, 0.64973897), (0.5308678, 0.7360914), (0.5174234, 0.74272007), (0.50710577, 0.7228082), (0.51636046, 0.70738494), (0.5174234, 0.74272007), (0.5085665, 0.75115), (0.49814627, 0.7370603), (0.50710577, 0.7228082), (0.50710577, 0.7228082), (0.49814627, 0.7370603), (0.48641628, 0.7239826), (0.49497274, 0.7041809), (0.51636046, 0.70738494), (0.50710577, 0.7228082), (0.49497274, 0.7041809), (0.50185305, 0.6786782), (0.45889357, 0.7058054), (0.47353336, 0.71344906), (0.4641867, 0.7324208), (0.4499635, 0.7255006), (0.47353336, 0.71344906), (0.48641628, 0.72398263), (0.47711, 0.7404784), (0.4641867, 0.7324208), (0.4641867, 0.7324208), (0.47711, 0.7404784), (0.4674321, 0.75522804), (0.45468548, 0.7491087), (0.4499635, 0.7255006), (0.4641867, 0.7324208), (0.45468548, 0.7491087), (0.44104013, 0.74283683), (0.50856644, 0.75114995), (0.5010767, 0.75926274), (0.48929563, 0.74962044), (0.49814627, 0.73706025), (0.5010767, 0.75926274), (0.49416676, 0.7670579), (0.48046985, 0.76119316), (0.48929563, 0.74962044), (0.48929563, 0.74962044), (0.48046985, 0.76119316), (0.4674321, 0.7552281), (0.47711003, 0.7404784), (0.49814627, 0.73706025), (0.48929563, 0.74962044), (0.47711003, 0.7404784), (0.48641625, 0.7239826), (0.5085665, 0.75115), (0.51765466, 0.7645374), (0.51269656, 0.7687324), (0.50107676, 0.7592626), (0.51765466, 0.7645374), (0.5266868, 0.7759661), (0.52426916, 0.7775361), (0.51269656, 0.7687324), (0.51269656, 0.7687324), (0.52426916, 0.7775361), (0.52240443, 0.7792084), (0.5084625, 0.77294683), (0.50107676, 0.7592626), (0.51269656, 0.7687324), (0.5084625, 0.77294683), (0.49416676, 0.7670579), (0.5308678, 0.7360914), (0.5309473, 0.75717086), (0.52385914, 0.760531), (0.5174234, 0.7427201), (0.5309473, 0.75717086), (0.5310267, 0.77825016), (0.529785, 0.77498186), (0.52385914, 0.760531), (0.52385914, 0.760531), (0.529785, 0.77498186), (0.5266868, 0.77596605), (0.51765466, 0.76453733), (0.5174234, 0.7427201), (0.52385914, 0.760531), (0.51765466, 0.76453733), (0.5085665, 0.75114995), (0.5266868, 0.7759661), (0.529785, 0.774982), (0.538649, 0.7844992), (0.5372556, 0.78494495), (0.529785, 0.774982), (0.5310267, 0.77825016), (0.53977954, 0.7843889), (0.538649, 0.7844992), (0.538649, 0.7844992), (0.53977954, 0.7843889), (0.54853225, 0.79052734), (0.5512972, 0.79283035), (0.5372556, 0.78494495), (0.538649, 0.7844992), (0.5512972, 0.79283035), (0.5509208, 0.7935858), (0.52240443, 0.7792084), (0.52426916, 0.77753603), (0.5362242, 0.7855844), (0.5354947, 0.7863017), (0.52426916, 0.77753603), (0.5266867, 0.7759661), (0.5372556, 0.78494495), (0.5362242, 0.7855844), (0.5362242, 0.7855844), (0.5372556, 0.78494495), (0.5509208, 0.79358584), (0.55038387, 0.7942293), (0.5354947, 0.7863017), (0.5362242, 0.7855844), (0.55038387, 0.7942293), (0.5499449, 0.7949001), (0.5509208, 0.7935858), (0.5512972, 0.79283035), (0.56892335, 0.80323887), (0.568588, 0.8039886), (0.5512972, 0.79283035), (0.54853225, 0.79052734), (0.56894696, 0.8023351), (0.56892335, 0.80323887), (0.56892335, 0.80323887), (0.56894696, 0.8023351), (0.5893616, 0.8141429), (0.5889705, 0.8148732), (0.568588, 0.8039886), (0.56892335, 0.80323887), (0.5889705, 0.8148732), (0.58857924, 0.8156035), (0.5499449, 0.7949002), (0.55038387, 0.79422927), (0.5681922, 0.8047046), (0.5678086, 0.80542403), (0.55038387, 0.79422927), (0.5509208, 0.7935858), (0.568588, 0.8039886), (0.5681922, 0.8047046), (0.5681922, 0.8047046), (0.568588, 0.8039886), (0.58857924, 0.8156035), (0.5881882, 0.8163339), (0.5678086, 0.80542403), (0.5681922, 0.8047046), (0.5881882, 0.8163339), (0.587797, 0.8170642), (0.5495139, 0.79654294), (0.54966515, 0.79565847), (0.567445, 0.8061544), (0.56709737, 0.80690056), (0.54966515, 0.79565847), (0.5499449, 0.7949002), (0.5678086, 0.80542403), (0.567445, 0.8061544), (0.567445, 0.8061544), (0.5678086, 0.80542403), (0.587797, 0.8170642), (0.5874059, 0.8177946), (0.56709737, 0.80690056), (0.567445, 0.8061544), (0.5874059, 0.8177946), (0.5870148, 0.8185249), (0.54569185, 0.79629594), (0.5492371, 0.7974246), (0.5666916, 0.80761963), (0.56596214, 0.8081409), (0.5492371, 0.7974246), (0.5495139, 0.79654294), (0.56709737, 0.80690056), (0.5666916, 0.80761963), (0.5666916, 0.80761963), (0.56709737, 0.80690056), (0.5870148, 0.8185249), (0.5866236, 0.81925535), (0.56596214, 0.8081409), (0.5666916, 0.80761963), (0.5866236, 0.81925535), (0.58623236, 0.81998575), (0.5225104, 0.78556323), (0.52208006, 0.7822608), (0.53533584, 0.78739893), (0.53557664, 0.7888276), (0.52208006, 0.7822608), (0.52240443, 0.7792084), (0.5354947, 0.7863017), (0.53533584, 0.78739893), (0.53533584, 0.78739893), (0.5354947, 0.7863017), (0.5499449, 0.7949001), (0.54966515, 0.79565847), (0.53557664, 0.7888276), (0.53533584, 0.78739893), (0.54966515, 0.79565847), (0.5495139, 0.796543), (0.49416676, 0.7670579), (0.5084625, 0.77294683), (0.5072421, 0.7805306), (0.4906996, 0.7803108), (0.5084625, 0.77294683), (0.52240443, 0.7792084), (0.5220801, 0.7822607), (0.5072421, 0.7805306), (0.5072421, 0.7805306), (0.5220801, 0.7822607), (0.5225104, 0.78556323), (0.50709665, 0.7877487), (0.4906996, 0.7803108), (0.5072421, 0.7805306), (0.50709665, 0.7877487), (0.48842895, 0.79270864), (0.4674321, 0.75522804), (0.48046988, 0.76119316), (0.47322935, 0.7794597), (0.4566733, 0.77704334), (0.48046988, 0.76119316), (0.49416676, 0.7670579), (0.4906996, 0.7803108), (0.47322935, 0.7794597), (0.47322935, 0.7794597), (0.4906996, 0.7803108), (0.48842895, 0.79270864), (0.4669932, 0.7971086), (0.4566733, 0.77704334), (0.47322935, 0.7794597), (0.4669932, 0.7971086), (0.4465326, 0.7986508), (0.41670448, 0.78891385), (0.42887262, 0.7662281), (0.44240636, 0.772585), (0.43034682, 0.7957851), (0.42887262, 0.7662281), (0.44104013, 0.74283683), (0.45468548, 0.7491087), (0.44240636, 0.772585), (0.44240636, 0.772585), (0.45468548, 0.7491087), (0.4674321, 0.75522804), (0.45667323, 0.77704334), (0.43034682, 0.7957851), (0.44240636, 0.772585), (0.45667323, 0.77704334), (0.44653258, 0.79865074), (0.4009118, 0.47612578), (0.40063414, 0.47404003), (0.41529435, 0.4687118), (0.4162224, 0.4714149), (0.40063414, 0.47404003), (0.39565986, 0.47126776), (0.41426226, 0.4661172), (0.41529435, 0.4687118), (0.41529435, 0.4687118), (0.41426226, 0.4661172), (0.43202254, 0.46052083), (0.43177778, 0.46361244), (0.4162224, 0.4714149), (0.41529435, 0.4687118), (0.43177778, 0.46361244), (0.43153295, 0.46670395), (0.39565986, 0.47126776), (0.40063414, 0.47404003), (0.3898866, 0.48012298), (0.38718304, 0.47737724), (0.40063414, 0.47404003), (0.4009118, 0.47612578), (0.39275333, 0.4825298), (0.3898866, 0.48012298), (0.3898866, 0.48012298), (0.39275333, 0.4825298), (0.38459474, 0.48893365), (0.37849343, 0.48756787), (0.38718304, 0.47737724), (0.3898866, 0.48012298), (0.37849343, 0.48756787), (0.3787061, 0.48348656), (0.39857927, 0.4639537), (0.41375908, 0.462107), (0.41406476, 0.4639245), (0.39886665, 0.46697915), (0.41375908, 0.462107), (0.43172804, 0.45978487), (0.43187535, 0.46015292), (0.41406476, 0.4639245), (0.41406476, 0.4639245), (0.43187535, 0.46015292), (0.43202254, 0.46052083), (0.41426224, 0.4661172), (0.39886665, 0.46697915), (0.41406476, 0.4639245), (0.41426224, 0.4661172), (0.39565986, 0.47126776), (0.3985793, 0.46395373), (0.39886668, 0.4669792), (0.38884512, 0.46866283), (0.3879748, 0.4650446), (0.39886668, 0.4669792), (0.39565986, 0.47126776), (0.38945344, 0.4723143), (0.38884512, 0.46866283), (0.38884512, 0.46866283), (0.38945344, 0.4723143), (0.383247, 0.4733607), (0.38113996, 0.46985608), (0.3879748, 0.4650446), (0.38884512, 0.46866283), (0.38113996, 0.46985608), (0.37971863, 0.4658787), (0.3923475, 0.45890146), (0.41241378, 0.45896393), (0.4131087, 0.46048352), (0.39735705, 0.46121186), (0.41241378, 0.45896393), (0.43143356, 0.45904863), (0.43158084, 0.4594168), (0.4131087, 0.46048352), (0.4131087, 0.46048352), (0.43158084, 0.4594168), (0.43172804, 0.45978487), (0.41375908, 0.462107), (0.39735705, 0.46121186), (0.4131087, 0.46048352), (0.41375908, 0.462107), (0.39857927, 0.4639537), (0.3923475, 0.45890146), (0.39735705, 0.4612118), (0.3870118, 0.46134502), (0.38582593, 0.457537), (0.39735705, 0.4612118), (0.3985793, 0.46395373), (0.3879748, 0.4650446), (0.3870118, 0.46134502), (0.3870118, 0.46134502), (0.3879748, 0.4650446), (0.37971863, 0.4658787), (0.37882844, 0.4615479), (0.38582593, 0.457537), (0.3870118, 0.46134502), (0.37882844, 0.4615479), (0.37930426, 0.4561724), (0.3949238, 0.45419052), (0.41266346, 0.4558836), (0.41274828, 0.45742512), (0.3980247, 0.45650512), (0.41266346, 0.4558836), (0.43040305, 0.45757657), (0.43091834, 0.45831263), (0.41274828, 0.45742512), (0.41274828, 0.45742512), (0.43091834, 0.45831263), (0.43143356, 0.45904863), (0.41241378, 0.45896393), (0.3980247, 0.45650512), (0.41274828, 0.45742512), (0.41241378, 0.45896393), (0.3923475, 0.45890146), (0.3949238, 0.45419052), (0.3980247, 0.45650512), (0.39119488, 0.45550737), (0.39205313, 0.45316005), (0.3980247, 0.45650512), (0.3923475, 0.45890146), (0.38947687, 0.45787105), (0.39119488, 0.45550737), (0.39119488, 0.45550737), (0.38947687, 0.45787105), (0.3866061, 0.45684052), (0.38781247, 0.45444417), (0.39205313, 0.45316005), (0.39119488, 0.45550737), (0.38781247, 0.45444417), (0.3891824, 0.4521295), (0.3891824, 0.4521295), (0.38781247, 0.45444417), (0.38414022, 0.45312843), (0.38601726, 0.45065737), (0.38781247, 0.45444417), (0.3866061, 0.45684052), (0.38344097, 0.4559573), (0.38414022, 0.45312843), (0.38414022, 0.45312843), (0.38344097, 0.4559573), (0.3802757, 0.45507392), (0.37575698, 0.45038134), (0.38601726, 0.45065737), (0.38414022, 0.45312843), (0.37575698, 0.45038134), (0.382852, 0.44918516), (0.382852, 0.44918516), (0.37575698, 0.45038134), (0.35735697, 0.4444232), (0.36437634, 0.43313858), (0.37575698, 0.45038134), (0.3802757, 0.45507392), (0.3506116, 0.45617807), (0.35735697, 0.4444232), (0.35735697, 0.4444232), (0.3506116, 0.45617807), (0.32094738, 0.4572821), (0.33786094, 0.43658388), (0.36437634, 0.43313858), (0.35735697, 0.4444232), (0.33786094, 0.43658388), (0.3459006, 0.41709197), (0.3459006, 0.41709197), (0.33786094, 0.43658388), (0.3257013, 0.4275094), (0.3393495, 0.40641877), (0.33786094, 0.43658388), (0.32094738, 0.4572821), (0.31130472, 0.44866997), (0.3257013, 0.4275094), (0.3257013, 0.4275094), (0.31130472, 0.44866997), (0.30166197, 0.4400577), (0.31653497, 0.4181552), (0.3393495, 0.40641877), (0.3257013, 0.4275094), (0.31653497, 0.4181552), (0.33279833, 0.39574552), (0.33279833, 0.39574552), (0.31653497, 0.4181552), (0.30663466, 0.40924653), (0.31843168, 0.3903876), (0.31653497, 0.4181552), (0.30166197, 0.4400577), (0.29482946, 0.42795584), (0.30663466, 0.40924653), (0.30663466, 0.40924653), (0.29482946, 0.42795584), (0.28799692, 0.4158539), (0.29676703, 0.4009366), (0.31843168, 0.3903876), (0.30663466, 0.40924653), (0.29676703, 0.4009366), (0.30406496, 0.38502955), (0.30406496, 0.38502955), (0.29676703, 0.4009366), (0.28815484, 0.39354256), (0.2937706, 0.38340703), (0.29676703, 0.4009366), (0.28799692, 0.4158539), (0.28239194, 0.4035792), (0.28815484, 0.39354256), (0.28815484, 0.39354256), (0.28239194, 0.4035792), (0.2767869, 0.3913045), (0.28013155, 0.3865445), (0.2937706, 0.38340703), (0.28815484, 0.39354256), (0.28013155, 0.3865445), (0.28347623, 0.38178453), (0.37930426, 0.4561724), (0.37882844, 0.4615479), (0.36975542, 0.46261108), (0.36866483, 0.4580738), (0.37882844, 0.4615479), (0.37971863, 0.4658787), (0.3711713, 0.46700707), (0.36975542, 0.46261108), (0.36975542, 0.46261108), (0.3711713, 0.46700707), (0.36205617, 0.4684083), (0.3601971, 0.4642043), (0.36866483, 0.4580738), (0.36975542, 0.46261108), (0.3601971, 0.4642043), (0.35802534, 0.459975), (0.37971863, 0.4658787), (0.38113996, 0.46985608), (0.3730666, 0.4713183), (0.3711713, 0.46700707), (0.38113996, 0.46985608), (0.383247, 0.4733607), (0.3753722, 0.47561416), (0.3730666, 0.4713183), (0.3730666, 0.4713183), (0.3753722, 0.47561416), (0.3674973, 0.4778675), (0.36416817, 0.47280663), (0.3711713, 0.46700707), (0.3730666, 0.4713183), (0.36416817, 0.47280663), (0.36205617, 0.4684083), (0.35802534, 0.459975), (0.3601971, 0.4642043), (0.3509576, 0.4660905), (0.3489099, 0.46228817), (0.3601971, 0.4642043), (0.36205617, 0.4684083), (0.3527579, 0.46995223), (0.3509576, 0.4660905), (0.3509576, 0.4660905), (0.3527579, 0.46995223), (0.34394288, 0.47164667), (0.3423594, 0.46816579), (0.3489099, 0.46228817), (0.3509576, 0.4660905), (0.3423594, 0.46816579), (0.33979443, 0.46460122), (0.36205617, 0.4684083), (0.36416817, 0.47280663), (0.35429022, 0.47394618), (0.3527579, 0.46995223), (0.36416817, 0.47280663), (0.3674973, 0.4778675), (0.35563925, 0.47805625), (0.35429022, 0.47394618), (0.35429022, 0.47394618), (0.35563925, 0.47805625), (0.34378114, 0.4782448), (0.344797, 0.4750479), (0.3527579, 0.46995223), (0.35429022, 0.47394618), (0.344797, 0.4750479), (0.34394288, 0.47164667), (0.33979443, 0.46460122), (0.3423594, 0.46816579), (0.3348174, 0.47046387), (0.33312142, 0.46709064), (0.3423594, 0.46816579), (0.34394288, 0.47164667), (0.33616436, 0.47359437), (0.3348174, 0.47046387), (0.3348174, 0.47046387), (0.33616436, 0.47359437), (0.32924017, 0.47614127), (0.32809615, 0.47340143), (0.33312142, 0.46709064), (0.3348174, 0.47046387), (0.32809615, 0.47340143), (0.32644832, 0.46958002), (0.34394288, 0.47164667), (0.344797, 0.4750479), (0.33705187, 0.47643244), (0.33616436, 0.47359437), (0.344797, 0.4750479), (0.34378114, 0.4782448), (0.33756426, 0.47904414), (0.33705187, 0.47643244), (0.33705187, 0.47643244), (0.33756426, 0.47904414), (0.33134732, 0.47984332), (0.33023208, 0.47839108), (0.33616436, 0.47359437), (0.33705187, 0.47643244), (0.33023208, 0.47839108), (0.32924017, 0.47614127), (0.32644832, 0.46958002), (0.32809615, 0.47340143), (0.32207704, 0.47750893), (0.3213088, 0.47522157), (0.32809615, 0.47340143), (0.32924017, 0.47614127), (0.32281795, 0.479549), (0.32207704, 0.47750893), (0.32207704, 0.47750893), (0.32281795, 0.479549), (0.31657174, 0.48352754), (0.3163705, 0.48219535), (0.3213088, 0.47522157), (0.32207704, 0.47750893), (0.3163705, 0.48219535), (0.3161692, 0.4808631), (0.32924017, 0.47614127), (0.33023208, 0.47839108), (0.3235944, 0.48127016), (0.32281795, 0.479549), (0.33023208, 0.47839108), (0.33134732, 0.47984332), (0.32440624, 0.48277244), (0.3235944, 0.48127016), (0.3235944, 0.48127016), (0.32440624, 0.48277244), (0.3174651, 0.4857015), (0.31701845, 0.48461455), (0.32281795, 0.479549), (0.3235944, 0.48127016), (0.31701845, 0.48461455), (0.31657174, 0.48352754), (0.3787061, 0.48348656), (0.37849343, 0.48756787), (0.36192194, 0.4975426), (0.35420924, 0.48928705), (0.37849343, 0.48756787), (0.38459474, 0.48893365), (0.36972585, 0.505422), (0.36192194, 0.4975426), (0.36192194, 0.4975426), (0.36972585, 0.505422), (0.35485688, 0.5219102), (0.34498566, 0.5090223), (0.35420924, 0.48928705), (0.36192194, 0.4975426), (0.34498566, 0.5090223), (0.32971233, 0.49508741), (0.32971233, 0.49508741), (0.34498566, 0.5090223), (0.33263475, 0.52168536), (0.32012853, 0.50908774), (0.34498566, 0.5090223), (0.35485688, 0.5219102), (0.34452233, 0.5339674), (0.33263475, 0.52168536), (0.33263475, 0.52168536), (0.34452233, 0.5339674), (0.33418766, 0.5460244), (0.32275873, 0.5356113), (0.32012853, 0.50908774), (0.33263475, 0.52168536), (0.32275873, 0.5356113), (0.3105447, 0.523088), (0.3105447, 0.523088), (0.32275873, 0.5356113), (0.31399134, 0.55121386), (0.3037874, 0.54415476), (0.32275873, 0.5356113), (0.33418766, 0.5460244), (0.32385305, 0.5586116), (0.31399134, 0.55121386), (0.31399134, 0.55121386), (0.32385305, 0.5586116), (0.3135184, 0.5711986), (0.3065931, 0.56546193), (0.3037874, 0.54415476), (0.31399134, 0.55121386), (0.3065931, 0.56546193), (0.29703006, 0.5652214), (0.29703006, 0.5652214), (0.3065931, 0.56546193), (0.301608, 0.5748691), (0.29641187, 0.57237625), (0.3065931, 0.56546193), (0.3135184, 0.5711986), (0.3065404, 0.57791173), (0.301608, 0.5748691), (0.301608, 0.5748691), (0.3065404, 0.57791173), (0.29956234, 0.5846247), (0.29767796, 0.58207786), (0.29641187, 0.57237625), (0.301608, 0.5748691), (0.29767796, 0.58207786), (0.29579362, 0.579531)] (
                interpolation = "faceVarying"
            )
            uniform token subdivisionScheme = "none"
            custom string userProperties:blender:data_name = "Plane.096"
        }
    }

    def Scope "_materials"
    {
        def Material "nettle_plant"
        {
            token outputs:surface.connect = </root/_materials/nettle_plant/PBRShader.outputs:surface>
            custom string userProperties:blender:data_name = "nettle_plant"

            def Shader "PBRShader"
            {
                uniform token info:id = "UsdPreviewSurface"
                color3f inputs:diffuseColor.connect = </root/_materials/nettle_plant/diffuseTex.outputs:rgb>
                float inputs:metallic = 0
                float inputs:opacity.connect = </root/_materials/nettle_plant/opacityTex.outputs:r>
                float inputs:opacityThreshold = 0.35
                float inputs:roughness = 0.8
                token outputs:surface
            }

            def Shader "stReader"
            {
                uniform token info:id = "UsdPrimvarReader_float2"
                token inputs:varname = "UVMap"
                float2 outputs:result
            }

            def Shader "diffuseTex"
            {
                uniform token info:id = "UsdUVTexture"
                asset inputs:file = @textures/nettle_plant_diff_4k.jpg@
                token inputs:sourceColorSpace = "sRGB"
                float2 inputs:st.connect = </root/_materials/nettle_plant/stReader.outputs:result>
                token inputs:wrapS = "repeat"
                token inputs:wrapT = "repeat"
                float3 outputs:rgb
            }

            def Shader "opacityTex"
            {
                uniform token info:id = "UsdUVTexture"
                asset inputs:file = @textures/nettle_plant_alpha_4k.png@
                token inputs:sourceColorSpace = "raw"
                float2 inputs:st.connect = </root/_materials/nettle_plant/stReader.outputs:result>
                token inputs:wrapS = "repeat"
                token inputs:wrapT = "repeat"
                float outputs:r
            }
        }
    }
}

