#usda 1.0
(
    defaultPrim = "root"
    doc = "Blender v4.2.10 LTS"
    metersPerUnit = 1
    upAxis = "Z"
)

def Xform "root" (
    customData = {
        dictionary Blender = {
            bool generated = 1
        }
    }
)
{
    def Xform "grass_medium_02_d"
    {
        custom string userProperties:blender:object_name = "grass_medium_02_d"

        def Mesh "Plane_004" (
            active = true
            prepend apiSchemas = ["MaterialBindingAPI"]
        )
        {
            uniform bool doubleSided = 1
            float3[] extent = [(-0.18113653, -0.20805848, -0.0051332614), (0.13623956, 0.15386726, 0.25524324)]
            int[] faceVertexCounts = [4, 4, 4, 4, 4, 4, 4, 4, 4, 4, 4, 4, 4, 4, 4, 4, 4, 3, 4, 4, 4, 4, 4, 4, 4, 4, 4, 4, 4, 4, 4, 4, 4, 4, 4, 4, 3, 4, 4, 4, 4, 4, 4, 4, 4, 4, 4, 4, 4, 4, 4, 4, 4, 4, 4, 4, 4, 4, 4, 4, 4, 4, 4, 4, 4, 4, 4, 4, 4, 4, 4, 4, 4, 4, 4, 4, 4, 4, 4, 3, 4, 4, 4, 4, 4, 4, 4, 4, 4, 4, 4, 4, 4, 4, 4, 4, 4, 4, 4, 4, 4, 4, 4, 4, 4, 4, 4, 4, 4, 3, 4, 4, 4, 4, 4, 4, 4, 4, 4, 4, 4, 4, 4, 4, 4, 4, 4, 4, 4, 4, 4, 4, 4, 4, 4, 4, 4, 4, 4, 3, 4, 4, 4, 4, 4, 4, 4, 4, 4, 4, 4, 4, 4, 4, 4, 4, 4, 4, 4, 4, 4, 4, 4, 4, 4, 4, 4, 4, 4, 3, 4, 4, 4, 4, 4, 4, 4, 4, 4, 4, 4, 4, 4, 4, 4, 4, 4, 4, 4, 4, 4, 4, 4, 4, 4, 4, 4, 4, 4, 4, 4, 4, 4, 4, 4, 4, 4, 4, 4, 4, 4, 4, 3, 4, 4, 4, 4, 4, 4, 4, 4, 4, 4, 4, 4, 4, 4, 4, 4, 4, 4, 4, 4, 4, 4, 4, 4, 4, 4, 4, 4, 4, 3, 4, 4, 4, 4, 4, 4, 4, 4, 4, 4, 4, 4, 4, 4, 4, 4, 4, 4, 4, 4, 4, 4, 4, 4, 4, 4, 4, 4, 4, 4, 4, 4, 4, 4, 4, 4, 4, 4, 4, 4, 4, 4, 4, 4, 4, 4, 4, 4, 4, 4, 4, 4, 4, 4, 4, 3, 4, 4, 4, 4, 4, 4, 4, 4, 4, 4, 4, 4, 4, 4, 4, 4, 4, 4, 4, 4, 4, 4, 4, 4, 4, 4, 4, 4, 4, 4, 4, 4, 4, 4, 4, 4, 4, 4, 4, 4, 4, 4, 4, 4, 4, 3, 4, 4, 3, 4, 4, 4, 4, 4, 4, 4, 4, 4, 4, 4, 4, 3, 4, 4, 4, 3, 4, 3, 4, 4, 4, 4, 3, 4, 4, 4, 4, 4, 4, 4, 4, 4, 4, 4, 4, 4, 4, 4, 4, 4, 4, 4, 4, 4, 4, 4, 4, 4, 4, 4, 4, 4, 4, 4, 3, 4, 4, 4, 3, 4, 3, 4, 4, 4, 4, 3, 4, 4, 4, 4, 4, 4, 4, 4, 4, 4, 4, 4, 4, 4, 4, 4, 4, 4, 4, 4, 4, 4, 4, 4, 4, 3, 4, 4, 4, 4, 4, 4, 4, 4, 4, 4, 4, 4, 4, 4, 4, 4, 4, 4, 4, 3, 4, 4, 4, 4, 4, 4, 4, 4, 4, 4, 4, 4, 4, 4, 4, 4, 4, 4, 4, 4, 4, 4, 3, 4, 4, 4, 4, 4, 4, 4, 4, 4, 4, 4, 4, 4, 4, 4, 4, 4, 4, 4, 4, 4, 4, 4, 4, 4, 4, 4, 4, 4, 4, 4, 4, 4, 4, 4, 4, 4, 4, 4, 4, 4, 4, 4, 4, 4, 4, 3, 4, 4, 4, 4, 4, 4, 4, 4, 3, 4, 4, 4, 4, 4, 4, 4, 4, 4, 4, 4, 4, 4, 4, 4, 4, 4, 4, 4, 4, 4, 4, 4, 4, 4, 4, 4, 4, 4, 4, 4, 3, 4, 4, 3, 4, 4, 4, 4, 4, 4, 4, 4, 4, 4, 4, 4, 4, 4, 4, 4, 4, 4, 3, 4, 4, 4, 4, 4, 4, 4, 4, 4, 4, 4, 4, 4, 4, 4, 4, 4, 4, 4, 4, 4, 3, 4, 4, 4, 4, 4, 4, 4, 4, 4, 4, 4, 4, 4, 4, 4, 4, 4, 4, 4, 4, 4, 4, 3, 4, 4, 4, 4, 4, 4, 4, 4, 3, 4, 4, 4, 4, 4, 4, 4, 4, 4, 4, 4, 4, 4, 4, 4, 3, 4, 4, 3, 4, 4, 4, 4, 4, 4, 4, 4, 4, 4, 4, 4, 3, 4, 4, 4, 3, 4, 3, 4, 4, 4, 4, 3, 4, 4, 4, 4, 4, 4, 4, 4, 4, 4, 4, 4, 4, 4, 4, 4, 4, 4, 4, 4, 4, 4, 4, 4, 4, 4, 4, 4, 4, 4, 4, 3, 4, 4, 4, 3, 4, 3, 4, 4, 4, 4, 3, 4, 4, 4, 4, 4, 4, 4, 4, 4, 4, 4, 4, 4, 4, 4, 4, 4, 4, 4, 4, 4, 4, 4, 4, 4, 3, 4, 4, 4, 4, 4, 4, 4, 4, 4, 4, 4, 4, 4, 4, 4, 4, 4, 4, 4, 3, 4, 4, 4, 4, 4, 4, 4, 4, 4, 4, 4, 4, 4, 4, 4, 4, 4, 4, 4, 4, 4, 4, 3, 4, 4, 4, 4, 4, 4, 4, 4, 4, 4, 4, 4, 4, 4, 4, 4, 4, 4, 4, 4, 4, 4, 4, 4, 4, 4, 4, 4, 4, 4, 4, 4, 4, 4, 4, 4, 4, 4, 4, 4, 4, 4, 4, 4, 4, 4, 3, 4, 4, 4, 4, 4, 4, 4, 4, 3, 4, 4, 4, 4, 4, 4, 4, 4, 4, 4, 4, 4, 4, 4, 4, 4, 4, 4, 4, 4, 4, 4, 4, 4, 4, 4, 4, 4, 4, 4, 4, 3, 4, 4, 3, 4, 4, 4, 4, 4, 4, 4, 4, 4, 4, 4, 4, 4, 4, 4, 4, 4, 4, 3, 4, 4, 4, 4, 4, 4, 4, 4, 4, 4, 4, 4, 4, 4, 4, 4, 4, 4, 4, 4, 4, 3, 4, 4, 4, 4, 4, 4, 4, 4, 4, 4, 4, 4, 4, 4, 4, 4, 4, 4, 4, 4, 4, 4, 3, 4, 4, 4, 4, 4, 4, 4, 4, 3, 4, 4, 4, 4, 4, 4, 4, 4, 4, 4, 4, 4, 4, 4, 4, 4, 4, 4, 4, 4, 4, 3, 4, 4, 4, 4, 4, 4, 4, 4, 4, 4, 4, 4, 4, 4, 4, 4, 4, 4, 3, 4, 4, 4, 4, 4, 4, 4, 4, 4, 4, 4, 4, 4, 4, 4, 4, 4, 4, 4, 4, 4, 4, 4, 4, 4, 4, 4, 4, 4, 4, 4, 4, 4, 4, 4, 4, 4, 4, 4, 4, 4, 4, 3, 4, 4, 4, 4, 4, 4, 4, 4, 4, 4, 4, 4, 4, 4, 4, 4, 4, 4, 4, 4, 4, 4, 4, 4, 4, 4, 4, 4, 4, 3, 4, 4, 4, 4, 4, 4, 4, 4, 4, 4, 4, 4, 4, 4, 4, 4, 4, 4, 4, 4, 4, 4, 4, 4, 4, 4, 4, 4, 4, 3, 4, 4, 4, 4, 4, 4, 4, 4, 4, 4, 4, 4, 4, 4, 4, 4, 4, 4, 4, 4, 4, 4, 4, 4, 4, 4, 4, 4, 4, 4, 4, 4, 4, 4, 4, 4, 4, 4, 4, 4, 4, 4, 3, 4, 4, 4, 4, 4, 4, 4, 4, 4, 4, 4, 4, 4, 4, 4, 4, 4, 4, 4, 4, 4, 4, 4, 4, 4, 4, 4, 4, 4, 3, 4, 4, 4, 4, 4, 4, 4, 4, 4, 4, 4, 4, 4, 4, 4, 4, 4, 4, 4, 4, 4, 4, 4, 4, 4, 4, 4, 4, 4, 4, 4, 4, 4, 4, 4, 4, 4, 4, 4, 4, 4, 4, 4, 4, 4, 4, 4, 4, 4, 4, 4, 4, 4, 4, 4, 3, 4, 4, 4, 4, 4, 4, 4, 4, 4, 4, 4, 4, 4, 4, 4, 4, 4, 4, 4, 4, 4, 4, 4, 4, 4, 4, 4, 4, 4, 4, 4, 4, 4, 4]
            int[] faceVertexIndices = [1, 3, 2, 0, 3, 5, 4, 2, 5, 8, 6, 4, 8, 9, 7, 6, 10, 11, 9, 8, 12, 10, 8, 5, 13, 12, 5, 3, 14, 13, 3, 1, 11, 15, 16, 9, 15, 17, 18, 16, 17, 19, 20, 18, 19, 21, 22, 20, 21, 23, 24, 22, 23, 25, 26, 24, 25, 27, 28, 26, 27, 29, 31, 28, 29, 30, 33, 31, 31, 33, 32, 33, 34, 35, 32, 34, 36, 37, 35, 36, 38, 39, 37, 38, 40, 41, 39, 40, 42, 43, 41, 42, 44, 45, 43, 24, 47, 48, 46, 22, 24, 46, 49, 20, 22, 49, 50, 18, 20, 50, 51, 16, 18, 51, 52, 9, 16, 52, 7, 85, 57, 55, 84, 57, 58, 56, 55, 86, 59, 57, 85, 59, 61, 58, 57, 61, 62, 63, 58, 62, 64, 65, 63, 64, 66, 65, 66, 67, 70, 68, 65, 66, 68, 69, 81, 73, 71, 80, 73, 74, 72, 71, 74, 75, 77, 72, 82, 76, 78, 83, 63, 65, 69, 79, 58, 63, 79, 56, 67, 81, 80, 70, 75, 82, 83, 77, 60, 86, 85, 54, 54, 85, 84, 53, 109, 91, 89, 108, 118, 92, 90, 117, 110, 93, 91, 109, 119, 95, 92, 118, 121, 96, 97, 122, 105, 98, 99, 106, 106, 99, 100, 107, 122, 97, 101, 120, 115, 104, 103, 116, 114, 102, 104, 115, 97, 106, 107, 101, 96, 105, 106, 97, 94, 110, 109, 88, 88, 109, 108, 87, 124, 113, 111, 125, 123, 112, 113, 124, 95, 114, 115, 92, 92, 115, 116, 90, 93, 119, 118, 91, 91, 118, 117, 89, 113, 122, 120, 111, 112, 121, 122, 113, 490, 123, 124, 491, 491, 124, 125, 492, 158, 130, 128, 157, 130, 131, 129, 128, 159, 132, 130, 158, 132, 134, 131, 130, 134, 135, 136, 131, 135, 137, 138, 136, 137, 139, 138, 139, 140, 143, 141, 138, 139, 141, 142, 154, 146, 144, 153, 146, 147, 145, 144, 147, 148, 150, 145, 155, 149, 151, 156, 136, 138, 142, 152, 131, 136, 152, 129, 140, 154, 153, 143, 148, 155, 156, 150, 133, 159, 158, 127, 127, 158, 157, 126, 161, 163, 162, 160, 163, 165, 164, 162, 165, 168, 166, 164, 168, 169, 167, 166, 170, 171, 169, 168, 172, 170, 168, 165, 173, 172, 165, 163, 174, 173, 163, 161, 171, 175, 176, 169, 175, 177, 178, 176, 177, 179, 180, 178, 179, 181, 182, 180, 181, 183, 184, 182, 183, 185, 186, 184, 185, 187, 188, 186, 187, 189, 191, 188, 189, 190, 193, 191, 191, 193, 192, 193, 194, 195, 192, 194, 196, 197, 195, 196, 198, 199, 197, 198, 200, 201, 199, 200, 202, 203, 201, 202, 204, 205, 203, 184, 207, 208, 206, 182, 184, 206, 209, 180, 182, 209, 210, 178, 180, 210, 211, 176, 178, 211, 212, 169, 176, 212, 167, 214, 216, 215, 213, 216, 218, 217, 215, 218, 221, 219, 217, 221, 222, 220, 219, 223, 224, 222, 221, 225, 223, 221, 218, 226, 225, 218, 216, 227, 226, 216, 214, 224, 228, 229, 222, 228, 230, 231, 229, 230, 232, 233, 231, 232, 234, 235, 233, 234, 236, 237, 235, 236, 238, 239, 237, 238, 240, 241, 239, 240, 242, 244, 241, 242, 243, 246, 244, 244, 246, 245, 246, 247, 248, 245, 247, 249, 250, 248, 249, 251, 252, 250, 251, 253, 254, 252, 253, 255, 256, 254, 255, 257, 258, 256, 237, 260, 261, 259, 235, 237, 259, 262, 233, 235, 262, 263, 231, 233, 263, 264, 229, 231, 264, 265, 222, 229, 265, 220, 267, 269, 268, 266, 269, 271, 270, 268, 271, 274, 272, 270, 274, 275, 273, 272, 276, 277, 275, 274, 278, 276, 274, 271, 279, 278, 271, 269, 280, 279, 269, 267, 277, 281, 282, 275, 281, 283, 284, 282, 283, 285, 286, 284, 285, 287, 288, 286, 287, 289, 290, 288, 289, 291, 292, 290, 291, 293, 294, 292, 293, 295, 297, 294, 295, 296, 299, 297, 297, 299, 298, 299, 300, 301, 298, 300, 302, 303, 301, 302, 304, 305, 303, 304, 306, 307, 305, 306, 308, 309, 307, 308, 310, 311, 309, 290, 313, 314, 312, 288, 290, 312, 315, 286, 288, 315, 316, 284, 286, 316, 317, 282, 284, 317, 318, 275, 282, 318, 273, 341, 323, 321, 340, 350, 324, 322, 349, 342, 325, 323, 341, 351, 327, 324, 350, 353, 328, 329, 354, 337, 330, 331, 338, 338, 331, 332, 339, 354, 329, 333, 352, 347, 336, 335, 348, 346, 334, 336, 347, 329, 338, 339, 333, 328, 337, 338, 329, 326, 342, 341, 320, 320, 341, 340, 319, 356, 345, 343, 357, 355, 344, 345, 356, 327, 346, 347, 324, 324, 347, 348, 322, 325, 351, 350, 323, 323, 350, 349, 321, 345, 354, 352, 343, 344, 353, 354, 345, 334, 355, 356, 336, 336, 356, 357, 335, 390, 362, 360, 389, 362, 363, 361, 360, 391, 364, 362, 390, 364, 366, 363, 362, 366, 367, 368, 363, 367, 369, 370, 368, 369, 371, 370, 371, 372, 375, 373, 370, 371, 373, 374, 386, 378, 376, 385, 378, 379, 377, 376, 379, 380, 382, 377, 387, 381, 383, 388, 368, 370, 374, 384, 363, 368, 384, 361, 372, 386, 385, 375, 380, 387, 388, 382, 365, 391, 390, 359, 359, 390, 389, 358, 393, 395, 394, 392, 395, 397, 396, 394, 397, 400, 398, 396, 400, 401, 399, 398, 402, 403, 401, 400, 404, 402, 400, 397, 405, 404, 397, 395, 406, 405, 395, 393, 403, 407, 408, 401, 407, 409, 410, 408, 409, 411, 412, 410, 411, 413, 414, 412, 413, 415, 416, 414, 415, 417, 418, 416, 417, 419, 420, 418, 419, 421, 423, 420, 421, 422, 425, 423, 423, 425, 424, 425, 426, 427, 424, 426, 428, 429, 427, 428, 430, 431, 429, 430, 432, 433, 431, 432, 434, 435, 433, 434, 436, 437, 435, 416, 439, 440, 438, 414, 416, 438, 441, 412, 414, 441, 442, 410, 412, 442, 443, 408, 410, 443, 444, 401, 408, 444, 399, 445, 446, 448, 447, 447, 448, 450, 449, 449, 450, 452, 451, 451, 452, 454, 453, 453, 454, 456, 455, 455, 456, 458, 457, 459, 457, 458, 483, 459, 483, 462, 461, 488, 489, 464, 463, 484, 485, 466, 465, 465, 466, 468, 467, 460, 469, 471, 470, 458, 476, 469, 460, 470, 471, 473, 472, 472, 473, 475, 474, 456, 477, 476, 458, 454, 478, 477, 456, 452, 479, 478, 454, 450, 480, 479, 452, 448, 481, 480, 450, 446, 482, 481, 448, 486, 487, 485, 484, 463, 464, 487, 486, 461, 462, 489, 488, 104, 491, 492, 103, 102, 490, 491, 104, 494, 496, 495, 493, 496, 498, 497, 495, 498, 501, 499, 497, 501, 502, 500, 499, 503, 504, 502, 501, 505, 503, 501, 498, 506, 505, 498, 496, 507, 506, 496, 494, 504, 508, 509, 502, 508, 510, 511, 509, 510, 512, 513, 511, 512, 514, 515, 513, 514, 516, 517, 515, 516, 518, 519, 517, 518, 520, 521, 519, 520, 522, 524, 521, 522, 523, 526, 524, 524, 526, 525, 526, 527, 528, 525, 527, 529, 530, 528, 529, 531, 532, 530, 531, 533, 534, 532, 533, 535, 536, 534, 535, 537, 538, 536, 517, 540, 541, 539, 515, 517, 539, 542, 513, 515, 542, 543, 511, 513, 543, 544, 509, 511, 544, 545, 502, 509, 545, 500, 568, 550, 548, 567, 577, 551, 549, 576, 569, 552, 550, 568, 578, 554, 551, 577, 571, 555, 556, 572, 564, 557, 558, 565, 565, 558, 559, 566, 572, 556, 560, 570, 581, 563, 562, 579, 580, 561, 563, 581, 556, 565, 566, 560, 555, 564, 565, 556, 553, 569, 568, 547, 547, 568, 567, 546, 563, 572, 570, 562, 561, 571, 572, 563, 554, 573, 574, 551, 551, 574, 575, 549, 552, 578, 577, 550, 550, 577, 576, 548, 573, 580, 581, 574, 574, 581, 579, 575, 608, 607, 587, 585, 607, 609, 586, 587, 614, 613, 590, 588, 613, 615, 589, 590, 611, 610, 593, 591, 610, 612, 592, 593, 591, 593, 596, 594, 593, 592, 595, 596, 1123, 1122, 599, 597, 1122, 1124, 598, 599, 597, 599, 601, 600, 599, 598, 601, 600, 601, 603, 602, 602, 603, 605, 604, 604, 605, 606, 584, 583, 609, 607, 582, 584, 607, 608, 590, 589, 612, 610, 588, 590, 610, 611, 587, 586, 615, 613, 585, 587, 613, 614, 648, 650, 620, 619, 617, 616, 618, 633, 651, 653, 622, 621, 621, 622, 624, 623, 623, 624, 627, 625, 646, 647, 628, 626, 624, 629, 627, 622, 630, 629, 624, 653, 652, 630, 622, 650, 649, 631, 620, 632, 617, 633, 633, 618, 635, 634, 634, 635, 636, 626, 628, 637, 638, 638, 637, 639, 640, 640, 639, 641, 642, 642, 641, 643, 644, 644, 643, 645, 625, 627, 647, 646, 617, 632, 649, 650, 616, 617, 650, 648, 620, 631, 652, 653, 619, 620, 653, 651, 676, 658, 656, 675, 685, 659, 657, 684, 677, 660, 658, 676, 686, 662, 659, 685, 679, 663, 664, 680, 672, 665, 666, 673, 673, 666, 667, 674, 680, 664, 668, 678, 682, 671, 670, 683, 681, 669, 671, 682, 664, 673, 674, 668, 663, 672, 673, 664, 661, 677, 676, 655, 655, 676, 675, 654, 671, 680, 678, 670, 669, 679, 680, 671, 662, 681, 682, 659, 659, 682, 683, 657, 660, 686, 685, 658, 658, 685, 684, 656, 719, 721, 691, 690, 688, 687, 689, 704, 722, 724, 693, 692, 692, 693, 695, 694, 694, 695, 698, 696, 717, 718, 699, 697, 695, 700, 698, 693, 701, 700, 695, 724, 723, 701, 693, 721, 720, 702, 691, 703, 688, 704, 704, 689, 706, 705, 705, 706, 707, 697, 699, 708, 709, 709, 708, 710, 711, 711, 710, 712, 713, 713, 712, 714, 715, 715, 714, 716, 696, 698, 718, 717, 688, 703, 720, 721, 687, 688, 721, 719, 691, 702, 723, 724, 690, 691, 724, 722, 725, 726, 729, 727, 727, 729, 730, 728, 729, 731, 732, 730, 726, 733, 731, 729, 730, 732, 734, 735, 735, 734, 736, 737, 739, 735, 737, 738, 728, 730, 735, 739, 780, 779, 745, 742, 779, 781, 744, 745, 774, 773, 747, 748, 775, 774, 748, 746, 777, 776, 750, 751, 778, 777, 751, 749, 751, 750, 753, 754, 749, 751, 754, 752, 754, 753, 756, 757, 752, 754, 757, 755, 757, 756, 759, 760, 755, 757, 760, 758, 760, 759, 762, 758, 760, 762, 761, 769, 766, 763, 770, 761, 762, 765, 764, 767, 768, 766, 769, 764, 765, 768, 767, 770, 763, 771, 772, 742, 745, 774, 775, 745, 744, 773, 774, 746, 748, 777, 778, 748, 747, 776, 777, 783, 784, 781, 779, 782, 783, 779, 780, 740, 743, 783, 782, 743, 741, 784, 783, 816, 818, 788, 787, 813, 815, 790, 789, 789, 790, 792, 791, 791, 792, 795, 793, 811, 812, 797, 794, 792, 796, 795, 794, 797, 798, 800, 800, 798, 799, 801, 801, 799, 803, 802, 802, 803, 805, 804, 804, 805, 807, 806, 790, 808, 796, 792, 815, 814, 808, 790, 818, 817, 809, 788, 793, 795, 812, 811, 788, 809, 814, 815, 787, 788, 815, 813, 821, 820, 817, 818, 819, 821, 818, 816, 785, 786, 821, 819, 786, 810, 820, 821, 860, 862, 825, 824, 824, 825, 827, 826, 826, 827, 829, 828, 828, 829, 831, 830, 863, 865, 833, 832, 832, 833, 835, 834, 836, 834, 835, 837, 837, 839, 838, 838, 839, 841, 840, 840, 841, 843, 842, 842, 843, 845, 844, 837, 846, 848, 847, 835, 853, 846, 837, 847, 848, 850, 849, 849, 850, 852, 851, 833, 854, 853, 835, 865, 864, 854, 833, 829, 856, 855, 831, 827, 857, 856, 829, 825, 858, 857, 827, 862, 861, 858, 825, 823, 859, 861, 862, 822, 823, 862, 860, 831, 855, 864, 865, 830, 831, 865, 863, 866, 867, 869, 868, 868, 869, 871, 870, 870, 871, 873, 872, 872, 873, 875, 874, 874, 875, 877, 876, 876, 877, 879, 878, 880, 878, 879, 904, 880, 904, 883, 882, 909, 910, 885, 884, 905, 906, 887, 886, 886, 887, 889, 888, 881, 890, 892, 891, 879, 897, 890, 881, 891, 892, 894, 893, 893, 894, 896, 895, 877, 898, 897, 879, 875, 899, 898, 877, 873, 900, 899, 875, 871, 901, 900, 873, 869, 902, 901, 871, 867, 903, 902, 869, 907, 908, 906, 905, 884, 885, 908, 907, 882, 883, 910, 909, 911, 912, 914, 913, 913, 914, 916, 915, 915, 916, 918, 917, 917, 918, 921, 919, 919, 921, 923, 920, 918, 922, 921, 920, 923, 924, 926, 926, 924, 925, 927, 927, 925, 929, 928, 928, 929, 931, 930, 930, 931, 933, 932, 916, 934, 922, 918, 914, 935, 934, 916, 912, 936, 935, 914, 836, 837, 838, 959, 941, 939, 958, 968, 942, 940, 967, 960, 943, 941, 959, 969, 945, 942, 968, 962, 946, 947, 963, 955, 948, 949, 956, 956, 949, 950, 957, 963, 947, 951, 961, 965, 954, 953, 966, 964, 952, 954, 965, 947, 956, 957, 951, 946, 955, 956, 947, 944, 960, 959, 938, 938, 959, 958, 937, 954, 963, 961, 953, 952, 962, 963, 954, 945, 964, 965, 942, 942, 965, 966, 940, 943, 969, 968, 941, 941, 968, 967, 939, 996, 995, 975, 973, 995, 997, 974, 975, 1002, 1001, 978, 976, 1001, 1003, 977, 978, 999, 998, 981, 979, 998, 1000, 980, 981, 979, 981, 984, 982, 981, 980, 983, 984, 982, 984, 987, 985, 984, 983, 986, 987, 985, 987, 989, 988, 987, 986, 989, 988, 989, 991, 990, 990, 991, 993, 992, 992, 993, 994, 972, 971, 997, 995, 970, 972, 995, 996, 978, 977, 1000, 998, 976, 978, 998, 999, 975, 974, 1003, 1001, 973, 975, 1001, 1002, 1044, 1043, 1009, 1006, 1043, 1045, 1008, 1009, 1038, 1037, 1011, 1012, 1039, 1038, 1012, 1010, 1041, 1040, 1014, 1015, 1042, 1041, 1015, 1013, 1015, 1014, 1017, 1018, 1013, 1015, 1018, 1016, 1018, 1017, 1020, 1021, 1016, 1018, 1021, 1019, 1021, 1020, 1023, 1024, 1019, 1021, 1024, 1022, 1024, 1023, 1026, 1022, 1024, 1026, 1025, 1033, 1030, 1027, 1034, 1025, 1026, 1029, 1028, 1031, 1032, 1030, 1033, 1028, 1029, 1032, 1031, 1034, 1027, 1035, 1036, 1006, 1009, 1038, 1039, 1009, 1008, 1037, 1038, 1010, 1012, 1041, 1042, 1012, 1011, 1040, 1041, 1047, 1048, 1045, 1043, 1046, 1047, 1043, 1044, 1004, 1007, 1047, 1046, 1007, 1005, 1048, 1047, 1087, 1089, 1052, 1051, 1051, 1052, 1054, 1053, 1053, 1054, 1056, 1055, 1055, 1056, 1058, 1057, 1090, 1092, 1060, 1059, 1059, 1060, 1062, 1061, 1063, 1061, 1062, 1064, 1064, 1066, 1065, 1065, 1066, 1068, 1067, 1067, 1068, 1070, 1069, 1069, 1070, 1072, 1071, 1064, 1073, 1075, 1074, 1062, 1080, 1073, 1064, 1074, 1075, 1077, 1076, 1076, 1077, 1079, 1078, 1060, 1081, 1080, 1062, 1092, 1091, 1081, 1060, 1056, 1083, 1082, 1058, 1054, 1084, 1083, 1056, 1052, 1085, 1084, 1054, 1089, 1088, 1085, 1052, 1050, 1086, 1088, 1089, 1049, 1050, 1089, 1087, 1058, 1082, 1091, 1092, 1057, 1058, 1092, 1090, 1119, 1121, 1096, 1095, 1095, 1096, 1098, 1097, 1097, 1098, 1100, 1099, 1099, 1100, 1103, 1101, 1101, 1103, 1105, 1102, 1100, 1104, 1103, 1102, 1105, 1106, 1108, 1108, 1106, 1107, 1109, 1109, 1107, 1111, 1110, 1110, 1111, 1113, 1112, 1112, 1113, 1115, 1114, 1098, 1116, 1104, 1100, 1096, 1117, 1116, 1098, 1121, 1120, 1117, 1096, 1063, 1064, 1065, 1094, 1118, 1120, 1121, 1093, 1094, 1121, 1119, 596, 595, 1124, 1122, 594, 596, 1122, 1123, 1151, 1150, 1130, 1128, 1150, 1152, 1129, 1130, 1157, 1156, 1133, 1131, 1156, 1158, 1132, 1133, 1154, 1153, 1136, 1134, 1153, 1155, 1135, 1136, 1134, 1136, 1139, 1137, 1136, 1135, 1138, 1139, 1666, 1665, 1142, 1140, 1665, 1667, 1141, 1142, 1140, 1142, 1144, 1143, 1142, 1141, 1144, 1143, 1144, 1146, 1145, 1145, 1146, 1148, 1147, 1147, 1148, 1149, 1127, 1126, 1152, 1150, 1125, 1127, 1150, 1151, 1133, 1132, 1155, 1153, 1131, 1133, 1153, 1154, 1130, 1129, 1158, 1156, 1128, 1130, 1156, 1157, 1191, 1193, 1163, 1162, 1160, 1159, 1161, 1176, 1194, 1196, 1165, 1164, 1164, 1165, 1167, 1166, 1166, 1167, 1170, 1168, 1189, 1190, 1171, 1169, 1167, 1172, 1170, 1165, 1173, 1172, 1167, 1196, 1195, 1173, 1165, 1193, 1192, 1174, 1163, 1175, 1160, 1176, 1176, 1161, 1178, 1177, 1177, 1178, 1179, 1169, 1171, 1180, 1181, 1181, 1180, 1182, 1183, 1183, 1182, 1184, 1185, 1185, 1184, 1186, 1187, 1187, 1186, 1188, 1168, 1170, 1190, 1189, 1160, 1175, 1192, 1193, 1159, 1160, 1193, 1191, 1163, 1174, 1195, 1196, 1162, 1163, 1196, 1194, 1219, 1201, 1199, 1218, 1228, 1202, 1200, 1227, 1220, 1203, 1201, 1219, 1229, 1205, 1202, 1228, 1222, 1206, 1207, 1223, 1215, 1208, 1209, 1216, 1216, 1209, 1210, 1217, 1223, 1207, 1211, 1221, 1225, 1214, 1213, 1226, 1224, 1212, 1214, 1225, 1207, 1216, 1217, 1211, 1206, 1215, 1216, 1207, 1204, 1220, 1219, 1198, 1198, 1219, 1218, 1197, 1214, 1223, 1221, 1213, 1212, 1222, 1223, 1214, 1205, 1224, 1225, 1202, 1202, 1225, 1226, 1200, 1203, 1229, 1228, 1201, 1201, 1228, 1227, 1199, 1262, 1264, 1234, 1233, 1231, 1230, 1232, 1247, 1265, 1267, 1236, 1235, 1235, 1236, 1238, 1237, 1237, 1238, 1241, 1239, 1260, 1261, 1242, 1240, 1238, 1243, 1241, 1236, 1244, 1243, 1238, 1267, 1266, 1244, 1236, 1264, 1263, 1245, 1234, 1246, 1231, 1247, 1247, 1232, 1249, 1248, 1248, 1249, 1250, 1240, 1242, 1251, 1252, 1252, 1251, 1253, 1254, 1254, 1253, 1255, 1256, 1256, 1255, 1257, 1258, 1258, 1257, 1259, 1239, 1241, 1261, 1260, 1231, 1246, 1263, 1264, 1230, 1231, 1264, 1262, 1234, 1245, 1266, 1267, 1233, 1234, 1267, 1265, 1268, 1269, 1272, 1270, 1270, 1272, 1273, 1271, 1272, 1274, 1275, 1273, 1269, 1276, 1274, 1272, 1273, 1275, 1277, 1278, 1278, 1277, 1279, 1280, 1282, 1278, 1280, 1281, 1271, 1273, 1278, 1282, 1323, 1322, 1288, 1285, 1322, 1324, 1287, 1288, 1317, 1316, 1290, 1291, 1318, 1317, 1291, 1289, 1320, 1319, 1293, 1294, 1321, 1320, 1294, 1292, 1294, 1293, 1296, 1297, 1292, 1294, 1297, 1295, 1297, 1296, 1299, 1300, 1295, 1297, 1300, 1298, 1300, 1299, 1302, 1303, 1298, 1300, 1303, 1301, 1303, 1302, 1305, 1301, 1303, 1305, 1304, 1312, 1309, 1306, 1313, 1304, 1305, 1308, 1307, 1310, 1311, 1309, 1312, 1307, 1308, 1311, 1310, 1313, 1306, 1314, 1315, 1285, 1288, 1317, 1318, 1288, 1287, 1316, 1317, 1289, 1291, 1320, 1321, 1291, 1290, 1319, 1320, 1326, 1327, 1324, 1322, 1325, 1326, 1322, 1323, 1283, 1286, 1326, 1325, 1286, 1284, 1327, 1326, 1359, 1361, 1331, 1330, 1356, 1358, 1333, 1332, 1332, 1333, 1335, 1334, 1334, 1335, 1338, 1336, 1354, 1355, 1340, 1337, 1335, 1339, 1338, 1337, 1340, 1341, 1343, 1343, 1341, 1342, 1344, 1344, 1342, 1346, 1345, 1345, 1346, 1348, 1347, 1347, 1348, 1350, 1349, 1333, 1351, 1339, 1335, 1358, 1357, 1351, 1333, 1361, 1360, 1352, 1331, 1336, 1338, 1355, 1354, 1331, 1352, 1357, 1358, 1330, 1331, 1358, 1356, 1364, 1363, 1360, 1361, 1362, 1364, 1361, 1359, 1328, 1329, 1364, 1362, 1329, 1353, 1363, 1364, 1403, 1405, 1368, 1367, 1367, 1368, 1370, 1369, 1369, 1370, 1372, 1371, 1371, 1372, 1374, 1373, 1406, 1408, 1376, 1375, 1375, 1376, 1378, 1377, 1379, 1377, 1378, 1380, 1380, 1382, 1381, 1381, 1382, 1384, 1383, 1383, 1384, 1386, 1385, 1385, 1386, 1388, 1387, 1380, 1389, 1391, 1390, 1378, 1396, 1389, 1380, 1390, 1391, 1393, 1392, 1392, 1393, 1395, 1394, 1376, 1397, 1396, 1378, 1408, 1407, 1397, 1376, 1372, 1399, 1398, 1374, 1370, 1400, 1399, 1372, 1368, 1401, 1400, 1370, 1405, 1404, 1401, 1368, 1366, 1402, 1404, 1405, 1365, 1366, 1405, 1403, 1374, 1398, 1407, 1408, 1373, 1374, 1408, 1406, 1409, 1410, 1412, 1411, 1411, 1412, 1414, 1413, 1413, 1414, 1416, 1415, 1415, 1416, 1418, 1417, 1417, 1418, 1420, 1419, 1419, 1420, 1422, 1421, 1423, 1421, 1422, 1447, 1423, 1447, 1426, 1425, 1452, 1453, 1428, 1427, 1448, 1449, 1430, 1429, 1429, 1430, 1432, 1431, 1424, 1433, 1435, 1434, 1422, 1440, 1433, 1424, 1434, 1435, 1437, 1436, 1436, 1437, 1439, 1438, 1420, 1441, 1440, 1422, 1418, 1442, 1441, 1420, 1416, 1443, 1442, 1418, 1414, 1444, 1443, 1416, 1412, 1445, 1444, 1414, 1410, 1446, 1445, 1412, 1450, 1451, 1449, 1448, 1427, 1428, 1451, 1450, 1425, 1426, 1453, 1452, 1454, 1455, 1457, 1456, 1456, 1457, 1459, 1458, 1458, 1459, 1461, 1460, 1460, 1461, 1464, 1462, 1462, 1464, 1466, 1463, 1461, 1465, 1464, 1463, 1466, 1467, 1469, 1469, 1467, 1468, 1470, 1470, 1468, 1472, 1471, 1471, 1472, 1474, 1473, 1473, 1474, 1476, 1475, 1459, 1477, 1465, 1461, 1457, 1478, 1477, 1459, 1455, 1479, 1478, 1457, 1379, 1380, 1381, 1502, 1484, 1482, 1501, 1511, 1485, 1483, 1510, 1503, 1486, 1484, 1502, 1512, 1488, 1485, 1511, 1505, 1489, 1490, 1506, 1498, 1491, 1492, 1499, 1499, 1492, 1493, 1500, 1506, 1490, 1494, 1504, 1508, 1497, 1496, 1509, 1507, 1495, 1497, 1508, 1490, 1499, 1500, 1494, 1489, 1498, 1499, 1490, 1487, 1503, 1502, 1481, 1481, 1502, 1501, 1480, 1497, 1506, 1504, 1496, 1495, 1505, 1506, 1497, 1488, 1507, 1508, 1485, 1485, 1508, 1509, 1483, 1486, 1512, 1511, 1484, 1484, 1511, 1510, 1482, 1539, 1538, 1518, 1516, 1538, 1540, 1517, 1518, 1545, 1544, 1521, 1519, 1544, 1546, 1520, 1521, 1542, 1541, 1524, 1522, 1541, 1543, 1523, 1524, 1522, 1524, 1527, 1525, 1524, 1523, 1526, 1527, 1525, 1527, 1530, 1528, 1527, 1526, 1529, 1530, 1528, 1530, 1532, 1531, 1530, 1529, 1532, 1531, 1532, 1534, 1533, 1533, 1534, 1536, 1535, 1535, 1536, 1537, 1515, 1514, 1540, 1538, 1513, 1515, 1538, 1539, 1521, 1520, 1543, 1541, 1519, 1521, 1541, 1542, 1518, 1517, 1546, 1544, 1516, 1518, 1544, 1545, 1587, 1586, 1552, 1549, 1586, 1588, 1551, 1552, 1581, 1580, 1554, 1555, 1582, 1581, 1555, 1553, 1584, 1583, 1557, 1558, 1585, 1584, 1558, 1556, 1558, 1557, 1560, 1561, 1556, 1558, 1561, 1559, 1561, 1560, 1563, 1564, 1559, 1561, 1564, 1562, 1564, 1563, 1566, 1567, 1562, 1564, 1567, 1565, 1567, 1566, 1569, 1565, 1567, 1569, 1568, 1576, 1573, 1570, 1577, 1568, 1569, 1572, 1571, 1574, 1575, 1573, 1576, 1571, 1572, 1575, 1574, 1577, 1570, 1578, 1579, 1549, 1552, 1581, 1582, 1552, 1551, 1580, 1581, 1553, 1555, 1584, 1585, 1555, 1554, 1583, 1584, 1590, 1591, 1588, 1586, 1589, 1590, 1586, 1587, 1547, 1550, 1590, 1589, 1550, 1548, 1591, 1590, 1630, 1632, 1595, 1594, 1594, 1595, 1597, 1596, 1596, 1597, 1599, 1598, 1598, 1599, 1601, 1600, 1633, 1635, 1603, 1602, 1602, 1603, 1605, 1604, 1606, 1604, 1605, 1607, 1607, 1609, 1608, 1608, 1609, 1611, 1610, 1610, 1611, 1613, 1612, 1612, 1613, 1615, 1614, 1607, 1616, 1618, 1617, 1605, 1623, 1616, 1607, 1617, 1618, 1620, 1619, 1619, 1620, 1622, 1621, 1603, 1624, 1623, 1605, 1635, 1634, 1624, 1603, 1599, 1626, 1625, 1601, 1597, 1627, 1626, 1599, 1595, 1628, 1627, 1597, 1632, 1631, 1628, 1595, 1593, 1629, 1631, 1632, 1592, 1593, 1632, 1630, 1601, 1625, 1634, 1635, 1600, 1601, 1635, 1633, 1662, 1664, 1639, 1638, 1638, 1639, 1641, 1640, 1640, 1641, 1643, 1642, 1642, 1643, 1646, 1644, 1644, 1646, 1648, 1645, 1643, 1647, 1646, 1645, 1648, 1649, 1651, 1651, 1649, 1650, 1652, 1652, 1650, 1654, 1653, 1653, 1654, 1656, 1655, 1655, 1656, 1658, 1657, 1641, 1659, 1647, 1643, 1639, 1660, 1659, 1641, 1664, 1663, 1660, 1639, 1606, 1607, 1608, 1637, 1661, 1663, 1664, 1636, 1637, 1664, 1662, 1139, 1138, 1667, 1665, 1137, 1139, 1665, 1666, 1669, 1671, 1670, 1668, 1671, 1673, 1672, 1670, 1673, 1676, 1674, 1672, 1676, 1677, 1675, 1674, 1678, 1679, 1677, 1676, 1680, 1678, 1676, 1673, 1681, 1680, 1673, 1671, 1682, 1681, 1671, 1669, 1679, 1683, 1684, 1677, 1683, 1685, 1686, 1684, 1685, 1687, 1688, 1686, 1687, 1689, 1690, 1688, 1689, 1691, 1692, 1690, 1691, 1693, 1694, 1692, 1693, 1695, 1696, 1694, 1695, 1697, 1699, 1696, 1697, 1698, 1701, 1699, 1699, 1701, 1700, 1701, 1702, 1703, 1700, 1702, 1704, 1705, 1703, 1704, 1706, 1707, 1705, 1706, 1708, 1709, 1707, 1708, 1710, 1711, 1709, 1710, 1712, 1713, 1711, 1692, 1715, 1716, 1714, 1690, 1692, 1714, 1717, 1688, 1690, 1717, 1718, 1686, 1688, 1718, 1719, 1684, 1686, 1719, 1720, 1677, 1684, 1720, 1675, 1753, 1725, 1723, 1752, 1725, 1726, 1724, 1723, 1754, 1727, 1725, 1753, 1727, 1729, 1726, 1725, 1729, 1730, 1731, 1726, 1730, 1732, 1733, 1731, 1732, 1734, 1733, 1734, 1735, 1738, 1736, 1733, 1734, 1736, 1737, 1749, 1741, 1739, 1748, 1741, 1742, 1740, 1739, 1742, 1743, 1745, 1740, 1750, 1744, 1746, 1751, 1731, 1733, 1737, 1747, 1726, 1731, 1747, 1724, 1735, 1749, 1748, 1738, 1743, 1750, 1751, 1745, 1728, 1754, 1753, 1722, 1722, 1753, 1752, 1721, 1777, 1759, 1757, 1776, 1786, 1760, 1758, 1785, 1778, 1761, 1759, 1777, 1787, 1763, 1760, 1786, 1789, 1764, 1765, 1790, 1773, 1766, 1767, 1774, 1774, 1767, 1768, 1775, 1790, 1765, 1769, 1788, 1783, 1772, 1771, 1784, 1782, 1770, 1772, 1783, 1765, 1774, 1775, 1769, 1764, 1773, 1774, 1765, 1762, 1778, 1777, 1756, 1756, 1777, 1776, 1755, 1792, 1781, 1779, 1793, 1791, 1780, 1781, 1792, 1763, 1782, 1783, 1760, 1760, 1783, 1784, 1758, 1761, 1787, 1786, 1759, 1759, 1786, 1785, 1757, 1781, 1790, 1788, 1779, 1780, 1789, 1790, 1781, 2105, 1791, 1792, 2106, 2106, 1792, 1793, 2107, 1826, 1798, 1796, 1825, 1798, 1799, 1797, 1796, 1827, 1800, 1798, 1826, 1800, 1802, 1799, 1798, 1802, 1803, 1804, 1799, 1803, 1805, 1806, 1804, 1805, 1807, 1806, 1807, 1808, 1811, 1809, 1806, 1807, 1809, 1810, 1822, 1814, 1812, 1821, 1814, 1815, 1813, 1812, 1815, 1816, 1818, 1813, 1823, 1817, 1819, 1824, 1804, 1806, 1810, 1820, 1799, 1804, 1820, 1797, 1808, 1822, 1821, 1811, 1816, 1823, 1824, 1818, 1801, 1827, 1826, 1795, 1795, 1826, 1825, 1794, 1829, 1831, 1830, 1828, 1831, 1833, 1832, 1830, 1833, 1836, 1834, 1832, 1836, 1837, 1835, 1834, 1838, 1839, 1837, 1836, 1840, 1838, 1836, 1833, 1841, 1840, 1833, 1831, 1842, 1841, 1831, 1829, 1839, 1843, 1844, 1837, 1843, 1845, 1846, 1844, 1845, 1847, 1848, 1846, 1847, 1849, 1850, 1848, 1849, 1851, 1852, 1850, 1851, 1853, 1854, 1852, 1853, 1855, 1856, 1854, 1855, 1857, 1859, 1856, 1857, 1858, 1861, 1859, 1859, 1861, 1860, 1861, 1862, 1863, 1860, 1862, 1864, 1865, 1863, 1864, 1866, 1867, 1865, 1866, 1868, 1869, 1867, 1868, 1870, 1871, 1869, 1870, 1872, 1873, 1871, 1852, 1875, 1876, 1874, 1850, 1852, 1874, 1877, 1848, 1850, 1877, 1878, 1846, 1848, 1878, 1879, 1844, 1846, 1879, 1880, 1837, 1844, 1880, 1835, 1882, 1884, 1883, 1881, 1884, 1886, 1885, 1883, 1886, 1889, 1887, 1885, 1889, 1890, 1888, 1887, 1891, 1892, 1890, 1889, 1893, 1891, 1889, 1886, 1894, 1893, 1886, 1884, 1895, 1894, 1884, 1882, 1892, 1896, 1897, 1890, 1896, 1898, 1899, 1897, 1898, 1900, 1901, 1899, 1900, 1902, 1903, 1901, 1902, 1904, 1905, 1903, 1904, 1906, 1907, 1905, 1906, 1908, 1909, 1907, 1908, 1910, 1912, 1909, 1910, 1911, 1914, 1912, 1912, 1914, 1913, 1914, 1915, 1916, 1913, 1915, 1917, 1918, 1916, 1917, 1919, 1920, 1918, 1919, 1921, 1922, 1920, 1921, 1923, 1924, 1922, 1923, 1925, 1926, 1924, 1905, 1928, 1929, 1927, 1903, 1905, 1927, 1930, 1901, 1903, 1930, 1931, 1899, 1901, 1931, 1932, 1897, 1899, 1932, 1933, 1890, 1897, 1933, 1888, 1956, 1938, 1936, 1955, 1965, 1939, 1937, 1964, 1957, 1940, 1938, 1956, 1966, 1942, 1939, 1965, 1968, 1943, 1944, 1969, 1952, 1945, 1946, 1953, 1953, 1946, 1947, 1954, 1969, 1944, 1948, 1967, 1962, 1951, 1950, 1963, 1961, 1949, 1951, 1962, 1944, 1953, 1954, 1948, 1943, 1952, 1953, 1944, 1941, 1957, 1956, 1935, 1935, 1956, 1955, 1934, 1971, 1960, 1958, 1972, 1970, 1959, 1960, 1971, 1942, 1961, 1962, 1939, 1939, 1962, 1963, 1937, 1940, 1966, 1965, 1938, 1938, 1965, 1964, 1936, 1960, 1969, 1967, 1958, 1959, 1968, 1969, 1960, 1949, 1970, 1971, 1951, 1951, 1971, 1972, 1950, 2005, 1977, 1975, 2004, 1977, 1978, 1976, 1975, 2006, 1979, 1977, 2005, 1979, 1981, 1978, 1977, 1981, 1982, 1983, 1978, 1982, 1984, 1985, 1983, 1984, 1986, 1985, 1986, 1987, 1990, 1988, 1985, 1986, 1988, 1989, 2001, 1993, 1991, 2000, 1993, 1994, 1992, 1991, 1994, 1995, 1997, 1992, 2002, 1996, 1998, 2003, 1983, 1985, 1989, 1999, 1978, 1983, 1999, 1976, 1987, 2001, 2000, 1990, 1995, 2002, 2003, 1997, 1980, 2006, 2005, 1974, 1974, 2005, 2004, 1973, 2008, 2010, 2009, 2007, 2010, 2012, 2011, 2009, 2012, 2015, 2013, 2011, 2015, 2016, 2014, 2013, 2017, 2018, 2016, 2015, 2019, 2017, 2015, 2012, 2020, 2019, 2012, 2010, 2021, 2020, 2010, 2008, 2018, 2022, 2023, 2016, 2022, 2024, 2025, 2023, 2024, 2026, 2027, 2025, 2026, 2028, 2029, 2027, 2028, 2030, 2031, 2029, 2030, 2032, 2033, 2031, 2032, 2034, 2035, 2033, 2034, 2036, 2038, 2035, 2036, 2037, 2040, 2038, 2038, 2040, 2039, 2040, 2041, 2042, 2039, 2041, 2043, 2044, 2042, 2043, 2045, 2046, 2044, 2045, 2047, 2048, 2046, 2047, 2049, 2050, 2048, 2049, 2051, 2052, 2050, 2031, 2054, 2055, 2053, 2029, 2031, 2053, 2056, 2027, 2029, 2056, 2057, 2025, 2027, 2057, 2058, 2023, 2025, 2058, 2059, 2016, 2023, 2059, 2014, 2060, 2061, 2063, 2062, 2062, 2063, 2065, 2064, 2064, 2065, 2067, 2066, 2066, 2067, 2069, 2068, 2068, 2069, 2071, 2070, 2070, 2071, 2073, 2072, 2074, 2072, 2073, 2098, 2074, 2098, 2077, 2076, 2103, 2104, 2079, 2078, 2099, 2100, 2081, 2080, 2080, 2081, 2083, 2082, 2075, 2084, 2086, 2085, 2073, 2091, 2084, 2075, 2085, 2086, 2088, 2087, 2087, 2088, 2090, 2089, 2071, 2092, 2091, 2073, 2069, 2093, 2092, 2071, 2067, 2094, 2093, 2069, 2065, 2095, 2094, 2067, 2063, 2096, 2095, 2065, 2061, 2097, 2096, 2063, 2101, 2102, 2100, 2099, 2078, 2079, 2102, 2101, 2076, 2077, 2104, 2103, 1772, 2106, 2107, 1771, 1770, 2105, 2106, 1772, 2109, 2111, 2110, 2108, 2111, 2113, 2112, 2110, 2113, 2116, 2114, 2112, 2116, 2117, 2115, 2114, 2118, 2119, 2117, 2116, 2120, 2118, 2116, 2113, 2121, 2120, 2113, 2111, 2122, 2121, 2111, 2109, 2119, 2123, 2124, 2117, 2123, 2125, 2126, 2124, 2125, 2127, 2128, 2126, 2127, 2129, 2130, 2128, 2129, 2131, 2132, 2130, 2131, 2133, 2134, 2132, 2133, 2135, 2136, 2134, 2135, 2137, 2139, 2136, 2137, 2138, 2141, 2139, 2139, 2141, 2140, 2141, 2142, 2143, 2140, 2142, 2144, 2145, 2143, 2144, 2146, 2147, 2145, 2146, 2148, 2149, 2147, 2148, 2150, 2151, 2149, 2150, 2152, 2153, 2151, 2132, 2155, 2156, 2154, 2130, 2132, 2154, 2157, 2128, 2130, 2157, 2158, 2126, 2128, 2158, 2159, 2124, 2126, 2159, 2160, 2117, 2124, 2160, 2115, 2183, 2165, 2163, 2182, 2192, 2166, 2164, 2191, 2184, 2167, 2165, 2183, 2193, 2169, 2166, 2192, 2186, 2170, 2171, 2187, 2179, 2172, 2173, 2180, 2180, 2173, 2174, 2181, 2187, 2171, 2175, 2185, 2196, 2178, 2177, 2194, 2195, 2176, 2178, 2196, 2171, 2180, 2181, 2175, 2170, 2179, 2180, 2171, 2168, 2184, 2183, 2162, 2162, 2183, 2182, 2161, 2178, 2187, 2185, 2177, 2176, 2186, 2187, 2178, 2169, 2188, 2189, 2166, 2166, 2189, 2190, 2164, 2167, 2193, 2192, 2165, 2165, 2192, 2191, 2163, 2188, 2195, 2196, 2189, 2189, 2196, 2194, 2190]
            rel material:binding = </root/_materials/grass_medium_02>
            normal3f[] normals = [(0.38428205, -0.8270195, 0.4103244), (0.6392679, -0.6244707, 0.4487459), (0.9420132, -0.11150617, 0.3165083), (0.90685683, -0.16805328, 0.38648263), (0.6392679, -0.6244707, 0.4487459), (0.6156763, -0.45756936, 0.6415396), (0.99090785, 0.11456978, 0.070537195), (0.9420132, -0.11150617, 0.3165083), (0.6156763, -0.45756936, 0.6415396), (0.58344656, -0.4042495, 0.7043951), (0.96537584, 0.08282798, 0.24736416), (0.99090785, 0.11456978, 0.070537195), (0.58344656, -0.4042495, 0.7043951), (0.4221185, -0.27362213, 0.8642609), (0.92308, 0.01908209, 0.3841342), (0.96537584, 0.08282798, 0.24736416), (-0.12653492, -0.6459644, 0.7528074), (-0.17907363, -0.5370388, 0.8243312), (0.4221185, -0.27362213, 0.8642609), (0.58344656, -0.4042495, 0.7043951), (-0.25529897, -0.77310026, 0.5806362), (-0.12653492, -0.6459644, 0.7528074), (0.58344656, -0.4042495, 0.7043951), (0.6156763, -0.45756936, 0.6415396), (-0.34590954, -0.9014797, 0.26015553), (-0.25529897, -0.77310026, 0.5806362), (0.6156763, -0.45756936, 0.6415396), (0.6392679, -0.6244707, 0.4487459), (-0.35554433, -0.91910803, 0.16979021), (-0.34590954, -0.9014797, 0.26015553), (0.6392679, -0.6244707, 0.4487459), (0.38428205, -0.8270195, 0.4103244), (-0.17907363, -0.5370388, 0.8243312), (-0.3799603, -0.3413201, 0.85972714), (0.0756041, -0.066990726, 0.9948851), (0.4221185, -0.27362213, 0.8642609), (-0.3799603, -0.3413201, 0.85972714), (-0.53141934, -0.30906856, 0.7887142), (-0.23708762, -0.0734189, 0.96871006), (0.0756041, -0.066990726, 0.9948851), (-0.53141934, -0.30906856, 0.7887142), (-0.52552664, -0.47241703, 0.7075619), (-0.27142212, -0.18667684, 0.9441831), (-0.23708762, -0.0734189, 0.96871006), (-0.52552664, -0.47241703, 0.7075619), (-0.41586107, -0.5784732, 0.7017324), (-0.26177567, -0.15840465, 0.95204073), (-0.27142212, -0.18667684, 0.9441831), (-0.41586107, -0.5784732, 0.7017324), (-0.30314225, -0.4378231, 0.84641343), (-0.09711813, 0.11873576, 0.98816496), (-0.26177567, -0.15840465, 0.95204073), (-0.30314225, -0.4378231, 0.84641343), (-0.1737369, -0.24331684, 0.9542601), (-0.15157059, -0.23360193, 0.96044594), (-0.09711813, 0.11873576, 0.98816496), (-0.1737369, -0.24331684, 0.9542601), (-0.013167977, -0.2191047, 0.97561246), (0.006108704, -0.23291945, 0.97247684), (-0.15157059, -0.23360193, 0.96044594), (-0.013167977, -0.2191047, 0.97561246), (0.010820341, -0.28862187, 0.957382), (-0.011987987, -0.28207365, 0.95931786), (0.006108704, -0.23291945, 0.97247684), (0.010820341, -0.28862187, 0.957382), (-0.026895642, -0.33358157, 0.9423375), (-0.06513396, -0.2539087, 0.96503264), (-0.011987987, -0.28207365, 0.95931786), (-0.011987987, -0.28207365, 0.95931786), (-0.06513396, -0.2539087, 0.96503264), (-0.12657367, -0.17123944, 0.97706515), (-0.06513396, -0.2539087, 0.96503264), (-0.26525357, -0.051266342, 0.96281487), (-0.3478544, 0.029240636, 0.9370925), (-0.12657367, -0.17123944, 0.97706515), (-0.26525357, -0.051266342, 0.96281487), (-0.49455783, 0.18315218, 0.8496281), (-0.53302246, 0.22607052, 0.8153399), (-0.3478544, 0.029240636, 0.9370925), (-0.49455783, 0.18315218, 0.8496281), (-0.58862287, 0.25772193, 0.7662262), (-0.60333866, 0.2392631, 0.7607467), (-0.53302246, 0.22607052, 0.8153399), (-0.58862287, 0.25772193, 0.7662262), (-0.58280855, 0.15143494, 0.7983744), (-0.5870465, 0.16004689, 0.7935751), (-0.60333866, 0.2392631, 0.7607467), (-0.58280855, 0.15143494, 0.7983744), (-0.45549524, -0.0116032995, 0.8901626), (-0.47063842, 0.0035571582, 0.8823191), (-0.5870465, 0.16004689, 0.7935751), (-0.45549524, -0.0116032995, 0.8901626), (-0.36305365, -0.099339135, 0.92645764), (-0.36305365, -0.09933914, 0.92645764), (-0.47063842, 0.0035571582, 0.8823191), (-0.09711813, 0.11873576, 0.98816496), (0.27816537, 0.5083249, 0.81500304), (0.27816534, 0.50832486, 0.815003), (0.058146533, 0.5451177, 0.8363406), (-0.26177567, -0.15840465, 0.95204073), (-0.09711813, 0.11873576, 0.98816496), (0.058146533, 0.5451177, 0.8363406), (-0.04254003, 0.42643347, 0.9035181), (-0.27142212, -0.18667684, 0.9441831), (-0.26177567, -0.15840465, 0.95204073), (-0.04254003, 0.42643347, 0.9035181), (0.06889107, 0.27172235, 0.95990676), (-0.23708762, -0.0734189, 0.96871006), (-0.27142212, -0.18667684, 0.9441831), (0.06889107, 0.27172235, 0.95990676), (0.3561336, 0.2746022, 0.8931755), (0.0756041, -0.066990726, 0.9948851), (-0.23708762, -0.0734189, 0.96871006), (0.3561336, 0.2746022, 0.8931755), (0.74184453, 0.12732412, 0.6583731), (0.4221185, -0.27362213, 0.8642609), (0.0756041, -0.066990726, 0.9948851), (0.74184453, 0.12732412, 0.6583731), (0.92308, 0.01908209, 0.3841342), (0.06457597, -0.9376404, 0.34155607), (0.1732223, -0.9478247, 0.26762363), (0.6900261, -0.7099027, -0.14107475), (0.6825224, -0.6164163, -0.3926755), (0.1732223, -0.9478247, 0.26762363), (0.1500799, -0.94794965, 0.28083363), (0.64020586, -0.74429756, -0.1901515), (0.6900261, -0.7099027, -0.14107475), (-0.5074753, -0.57906455, 0.6380854), (-0.49714503, -0.65565795, 0.56829524), (0.1732223, -0.9478247, 0.26762363), (0.06457597, -0.9376404, 0.34155607), (-0.49714503, -0.65565795, 0.56829524), (-0.40909836, -0.69190145, 0.5949041), (0.1500799, -0.94794965, 0.28083363), (0.1732223, -0.9478247, 0.26762363), (-0.40909836, -0.69190145, 0.5949041), (-0.54366946, -0.7186929, 0.43347898), (0.044658117, -0.9470442, 0.31798273), (0.1500799, -0.94794965, 0.28083363), (-0.54366946, -0.7186929, 0.43347898), (-0.67820007, -0.6396987, 0.36170462), (-0.1373645, -0.9362253, 0.32343978), (0.044658117, -0.9470442, 0.31798273), (-0.67820007, -0.6396987, 0.36170462), (-0.14874427, -0.8102339, 0.56691813), (-0.1373645, -0.9362253, 0.32343978), (-0.14874427, -0.8102339, 0.56691813), (-0.20167512, -0.60774, 0.7681011), (-0.24760434, -0.69565845, 0.6743526), (0.17770687, -0.9291136, 0.32429636), (-0.1373645, -0.9362253, 0.32343978), (-0.14874427, -0.8102339, 0.56691813), (0.17770687, -0.9291136, 0.32429636), (0.59452873, -0.79650843, 0.110044844), (-0.082964145, -0.4987525, 0.86276466), (0.07284421, -0.47198611, 0.87859136), (-0.029781325, -0.47879303, 0.8774225), (-0.1691344, -0.5650085, 0.80756354), (0.07284421, -0.47198611, 0.87859136), (0.18907078, -0.418838, 0.88815933), (0.12512346, -0.4555096, 0.88139385), (-0.029781325, -0.47879303, 0.8774225), (0.18907078, -0.418838, 0.88815933), (0.26664427, -0.3954949, 0.8789111), (0.24890184, -0.3983567, 0.8828136), (0.12512346, -0.4555096, 0.88139385), (0.31446892, -0.3868495, 0.866866), (0.32539573, -0.38460863, 0.86382514), (0.3253957, -0.3846086, 0.86382514), (0.31202668, -0.38734218, 0.8675283), (0.044658117, -0.9470442, 0.31798273), (-0.1373645, -0.9362253, 0.32343978), (0.59452873, -0.79650843, 0.110044844), (0.6849249, -0.72187686, -0.09885124), (0.1500799, -0.94794965, 0.28083363), (0.044658117, -0.9470442, 0.31798273), (0.6849249, -0.72187686, -0.09885124), (0.64020586, -0.74429756, -0.1901515), (-0.20167512, -0.60774, 0.7681011), (-0.082964145, -0.4987525, 0.86276466), (-0.1691344, -0.5650085, 0.80756354), (-0.24760434, -0.69565845, 0.6743526), (0.26664427, -0.3954949, 0.8789111), (0.31446892, -0.3868495, 0.866866), (0.31202668, -0.38734218, 0.8675283), (0.24890184, -0.3983567, 0.8828136), (-0.43209112, -0.50667566, 0.7460409), (-0.5074753, -0.57906455, 0.6380854), (0.06457597, -0.9376404, 0.34155607), (0.3452464, -0.9350891, -0.08008286), (0.3452464, -0.9350891, -0.08008286), (0.06457597, -0.9376404, 0.34155607), (0.6825224, -0.6164163, -0.3926755), (0.6121122, -0.5491982, -0.5689462), (-0.58332175, -0.5265476, 0.6184524), (-0.5862975, -0.6473777, 0.48698807), (-0.019486299, -0.94398475, 0.32941326), (-0.07478132, -0.88831687, 0.45310158), (-0.4901097, -0.84359133, 0.21942243), (-0.40025812, -0.91580135, 0.033185475), (0.35254145, -0.92771405, 0.1227235), (0.17817856, -0.9721953, 0.15194944), (-0.85351557, 0.087463, 0.5136745), (-0.88182056, -0.08352311, 0.46412975), (-0.5862975, -0.6473777, 0.48698807), (-0.58332175, -0.5265476, 0.6184524), (-0.90322834, -0.36585218, 0.22434485), (-0.87853354, -0.47755456, -0.010978788), (-0.40025812, -0.91580135, 0.033185475), (-0.4901097, -0.84359133, 0.21942243), (-0.8329166, -0.18530092, 0.52145326), (-0.9374502, -0.120158106, 0.3267252), (-0.11130397, -0.6794201, 0.7252584), (-0.34315437, -0.7848424, 0.51601124), (-0.8233132, -0.015645275, 0.56737167), (-0.73777306, 0.2707002, 0.618395), (0.19163266, -0.73556906, 0.6497808), (-0.021263853, -0.613611, 0.7893221), (-0.021263853, -0.613611, 0.7893221), (0.19163266, -0.73556906, 0.6497808), (0.6572931, -0.75042963, 0.06943448), (0.6933326, -0.6667689, 0.27332973), (-0.34315437, -0.7848424, 0.51601124), (-0.11130397, -0.6794201, 0.7252584), (0.6824072, -0.6700886, 0.29206452), (0.61313844, -0.7766915, 0.14426206), (-0.30251962, -0.94897014, 0.0890925), (-0.10770531, -0.95464647, 0.2775782), (0.6733112, -0.7321494, 0.10300154), (0.5155165, -0.8491513, 0.11482498), (-0.90874904, -0.41286343, -0.060982715), (-0.8963623, -0.4223166, 0.1348459), (-0.10770531, -0.95464647, 0.2775782), (-0.30251962, -0.94897014, 0.0890925), (-0.11130397, -0.6794201, 0.7252584), (-0.021263853, -0.613611, 0.7893221), (0.6933326, -0.6667689, 0.27332973), (0.6824072, -0.6700886, 0.29206452), (-0.9374502, -0.120158106, 0.3267252), (-0.8233132, -0.015645275, 0.56737167), (-0.021263853, -0.613611, 0.7893221), (-0.11130397, -0.6794201, 0.7252584), (-0.86920285, 0.112127684, 0.48157433), (-0.85351557, 0.087463, 0.5136745), (-0.58332175, -0.5265476, 0.6184524), (-0.6178177, -0.48036367, 0.62253684), (-0.6178177, -0.48036367, 0.62253684), (-0.58332175, -0.5265476, 0.6184524), (-0.07478132, -0.88831687, 0.45310158), (-0.06340809, -0.87624615, 0.47767365), (-0.21469991, -0.847063, 0.4861977), (-0.19502553, -0.82690394, 0.5274418), (0.5563233, -0.82321024, 0.11326582), (0.5743899, -0.81345433, 0.0914785), (-0.8501222, -0.30120832, 0.43193254), (-0.8335601, -0.16531444, 0.52711356), (-0.19502553, -0.82690394, 0.5274418), (-0.21469991, -0.847063, 0.4861977), (-0.87853354, -0.47755456, -0.010978788), (-0.90874904, -0.41286343, -0.060982715), (-0.30251962, -0.94897014, 0.0890925), (-0.40025812, -0.91580135, 0.033185475), (-0.40025812, -0.91580135, 0.033185475), (-0.30251962, -0.94897014, 0.0890925), (0.5155165, -0.8491513, 0.11482498), (0.35254145, -0.92771405, 0.1227235), (-0.88182056, -0.08352311, 0.46412975), (-0.90322834, -0.36585218, 0.22434485), (-0.4901097, -0.84359133, 0.21942243), (-0.5862975, -0.6473777, 0.48698807), (-0.5862975, -0.6473777, 0.48698807), (-0.4901097, -0.84359133, 0.21942243), (0.17817856, -0.9721953, 0.15194944), (-0.019486299, -0.94398475, 0.32941326), (-0.19502553, -0.82690394, 0.5274418), (-0.34315437, -0.7848424, 0.51601124), (0.61313844, -0.7766915, 0.14426206), (0.5563233, -0.82321024, 0.11326582), (-0.8335601, -0.16531444, 0.52711356), (-0.8329166, -0.18530092, 0.52145326), (-0.34315437, -0.7848424, 0.51601124), (-0.19502553, -0.82690394, 0.5274418), (-0.81128603, -0.46195436, 0.3583477), (-0.8501222, -0.30120832, 0.43193254), (-0.21469991, -0.847063, 0.4861977), (-0.09041716, -0.9219395, 0.37663296), (-0.09041716, -0.9219395, 0.37663296), (-0.21469991, -0.847063, 0.4861977), (0.5743899, -0.81345433, 0.0914785), (0.66629374, -0.74169207, 0.077107236), (0.54238635, 0.33070174, 0.772304), (0.42795116, 0.54923314, 0.717775), (0.01951571, 0.93071413, 0.3652264), (0.05966723, 0.9805171, 0.18715248), (0.42795116, 0.54923314, 0.717775), (0.34447902, 0.739852, 0.5778869), (0.00905131, 0.9901245, 0.13989817), (0.01951571, 0.93071413, 0.3652264), (0.60989195, -0.40216878, 0.68285584), (0.65867275, -0.22348519, 0.71847373), (0.42795116, 0.54923314, 0.717775), (0.54238635, 0.33070174, 0.772304), (0.65867275, -0.22348519, 0.71847373), (0.55030054, 0.09279266, 0.82979447), (0.34447902, 0.739852, 0.5778869), (0.42795116, 0.54923314, 0.717775), (0.55030054, 0.09279266, 0.82979447), (0.6399716, 0.24298176, 0.7289692), (0.28229368, 0.7851331, 0.5512498), (0.34447902, 0.739852, 0.5778869), (0.6399716, 0.24298176, 0.7289692), (0.78766584, 0.20391224, 0.58137965), (0.466974, 0.7156589, 0.51939154), (0.28229368, 0.7851331, 0.5512498), (0.78766584, 0.20391224, 0.58137965), (0.41380593, 0.6198204, 0.6667738), (0.466974, 0.7156589, 0.51939154), (0.41380593, 0.6198204, 0.6667738), (0.32168257, 0.6975218, 0.6402997), (0.4290744, 0.55296654, 0.71422917), (0.1770925, 0.8979559, 0.40288162), (0.466974, 0.7156589, 0.51939154), (0.41380593, 0.6198204, 0.6667738), (0.1770925, 0.8979559, 0.40288162), (-0.19628777, 0.97153765, 0.13261071), (0.243798, 0.8591065, 0.44999844), (-0.120821364, 0.80986756, 0.5740355), (0.16769165, 0.8727019, 0.45855314), (0.27314082, 0.76778644, 0.57956713), (-0.120821364, 0.80986756, 0.5740355), (-0.24888118, 0.80248624, 0.54228586), (-0.19550826, 0.7926727, 0.57744825), (0.16769165, 0.8727019, 0.45855314), (-0.24888118, 0.80248624, 0.54228586), (-0.13212225, 0.8776605, 0.46071213), (-0.17900868, 0.8557145, 0.48549834), (-0.19550826, 0.7926727, 0.57744825), (0.020834262, 0.93349445, 0.35798603), (0.07906632, 0.94827473, 0.30744696), (0.079066314, 0.94827473, 0.30744696), (0.016885927, 0.9322855, 0.36132896), (0.28229368, 0.7851331, 0.5512498), (0.466974, 0.7156589, 0.51939154), (-0.19628777, 0.97153765, 0.13261071), (-0.18819998, 0.9807491, -0.052078303), (0.34447902, 0.739852, 0.5778869), (0.28229368, 0.7851331, 0.5512498), (-0.18819998, 0.9807491, -0.052078303), (0.00905131, 0.9901245, 0.13989817), (0.32168257, 0.6975218, 0.6402997), (0.243798, 0.8591065, 0.44999844), (0.27314082, 0.76778644, 0.57956713), (0.4290744, 0.55296654, 0.71422917), (-0.13212225, 0.8776605, 0.46071213), (0.020834262, 0.93349445, 0.35798603), (0.016885927, 0.9322855, 0.36132896), (-0.17900868, 0.8557145, 0.48549834), (0.50323457, -0.45435977, 0.73505926), (0.60989195, -0.40216878, 0.68285584), (0.54238635, 0.33070174, 0.772304), (0.46497315, 0.71338385, 0.52429324), (0.46497315, 0.71338385, 0.52429324), (0.54238635, 0.33070174, 0.772304), (0.05966723, 0.9805171, 0.18715248), (0.10462667, 0.99450356, 0.0039912057), (-0.67539024, -0.14445187, 0.7231747), (-0.5709813, -0.41272095, 0.7096772), (-0.16911653, -0.8128055, 0.55744666), (-0.1894971, -0.76541257, 0.61500776), (-0.5709813, -0.41272095, 0.7096772), (-0.5577131, -0.4222242, 0.7146208), (-0.072432466, -0.9605386, 0.26855), (-0.16911653, -0.8128055, 0.55744666), (-0.5577131, -0.4222242, 0.7146208), (-0.6140797, -0.41706395, 0.67004764), (-0.15770027, -0.930775, 0.32983083), (-0.072432466, -0.9605386, 0.26855), (-0.6140797, -0.41706395, 0.67004764), (-0.65246475, -0.37203264, 0.66021323), (-0.28026834, -0.87866944, 0.38650957), (-0.15770027, -0.930775, 0.32983083), (-0.6948482, 0.3040776, 0.65170765), (-0.7303931, 0.26313308, 0.63030696), (-0.65246475, -0.37203264, 0.66021323), (-0.6140797, -0.41706395, 0.67004764), (-0.6423134, 0.440139, 0.627464), (-0.6948482, 0.3040776, 0.65170765), (-0.6140797, -0.41706395, 0.67004764), (-0.5577131, -0.4222242, 0.7146208), (-0.7225422, 0.52473205, 0.4500989), (-0.6423134, 0.440139, 0.627464), (-0.5577131, -0.4222242, 0.7146208), (-0.5709813, -0.41272095, 0.7096772), (-0.7430877, 0.53608966, 0.40053535), (-0.7225422, 0.52473205, 0.4500989), (-0.5709813, -0.41272095, 0.7096772), (-0.67539024, -0.14445187, 0.7231747), (-0.7303931, 0.26313308, 0.63030696), (-0.64315885, 0.28545398, 0.71053696), (-0.5092105, -0.3253031, 0.7967952), (-0.65246475, -0.37203264, 0.66021323), (-0.64315885, 0.28545398, 0.71053696), (-0.46255976, 0.44601, 0.7662334), (-0.27102572, -0.075832345, 0.95958036), (-0.5092105, -0.3253031, 0.7967952), (-0.46255976, 0.44601, 0.7662334), (-0.5190535, 0.69680697, 0.49501875), (-0.22148149, 0.25449347, 0.9413707), (-0.27102572, -0.075832345, 0.95958036), (-0.5190535, 0.69680697, 0.49501875), (-0.59600854, 0.71039087, 0.37432432), (-0.29708, 0.48451495, 0.8227933), (-0.22148149, 0.25449347, 0.9413707), (-0.59600854, 0.71039087, 0.37432432), (-0.5160139, 0.6846186, 0.5148077), (-0.2752539, 0.6333686, 0.72324234), (-0.29708, 0.48451495, 0.8227933), (-0.5160139, 0.6846186, 0.5148077), (-0.3206668, 0.705925, 0.63153994), (-0.33808964, 0.7012852, 0.62761015), (-0.2752539, 0.6333686, 0.72324234), (-0.3206668, 0.705925, 0.63153994), (-0.15451281, 0.7573675, 0.63444495), (-0.12349776, 0.7714721, 0.6241628), (-0.33808964, 0.7012852, 0.62761015), (-0.15451281, 0.7573675, 0.63444495), (-0.018010348, 0.8066701, 0.59072757), (0.052751396, 0.8337186, 0.54966414), (-0.12349776, 0.7714721, 0.6241628), (-0.018010348, 0.8066701, 0.59072757), (0.08483868, 0.8264547, 0.55657434), (0.21926199, 0.8752877, 0.43104017), (0.052751396, 0.8337186, 0.54966414), (0.052751396, 0.8337186, 0.54966414), (0.21926199, 0.8752877, 0.43104017), (0.40000725, 0.85581416, 0.32798824), (0.21926199, 0.8752877, 0.43104017), (0.6324119, 0.7595615, 0.152058), (0.7133765, 0.69863003, 0.054863025), (0.40000725, 0.85581416, 0.32798824), (0.6324119, 0.7595615, 0.152058), (0.8944959, 0.39330012, -0.21258457), (0.92152315, 0.27599496, -0.27317026), (0.7133765, 0.69863003, 0.054863025), (0.8944959, 0.39330012, -0.21258457), (0.93406266, 0.040259693, -0.3548326), (0.9373156, -0.00080940203, -0.3484808), (0.92152315, 0.27599496, -0.27317026), (0.93406266, 0.040259693, -0.3548326), (0.946947, 0.21034431, -0.24299514), (0.9515665, 0.13758726, -0.27493814), (0.9373156, -0.00080940203, -0.3484808), (0.946947, 0.21034431, -0.24299514), (0.8169347, 0.5682752, -0.09839178), (0.85002846, 0.51347077, -0.11747073), (0.9515665, 0.13758726, -0.27493814), (0.8169347, 0.5682752, -0.09839178), (0.7233999, 0.68852925, -0.05118645), (0.7233999, 0.68852925, -0.051186446), (0.85002846, 0.51347077, -0.11747073), (-0.2752539, 0.6333686, 0.72324234), (-0.09619426, 0.66085243, 0.7443257), (-0.09619426, 0.66085243, 0.7443257), (0.09543769, 0.37648785, 0.9214925), (-0.29708, 0.48451495, 0.8227933), (-0.2752539, 0.6333686, 0.72324234), (0.09543769, 0.37648785, 0.9214925), (0.19339342, 0.09191803, 0.97680604), (-0.22148149, 0.25449347, 0.9413707), (-0.29708, 0.48451495, 0.8227933), (0.19339342, 0.09191803, 0.97680604), (0.16695873, -0.24442866, 0.9551856), (-0.27102572, -0.075832345, 0.95958036), (-0.22148149, 0.25449347, 0.9413707), (0.16695873, -0.24442866, 0.9551856), (0.021913666, -0.6271832, 0.7785634), (-0.5092105, -0.3253031, 0.7967952), (-0.27102572, -0.075832345, 0.95958036), (0.021913666, -0.6271832, 0.7785634), (-0.20223919, -0.81822187, 0.53815645), (-0.65246475, -0.37203264, 0.66021323), (-0.5092105, -0.3253031, 0.7967952), (-0.20223919, -0.81822187, 0.53815645), (-0.28026834, -0.87866944, 0.38650957), (0.7786544, 0.2508146, 0.57514286), (0.75407666, 0.49262968, 0.4343782), (0.3335859, 0.8340421, 0.43942496), (0.2857163, 0.75710046, 0.58750755), (0.75407666, 0.49262968, 0.4343782), (0.760128, 0.40997794, 0.5041066), (0.40984493, 0.8928823, 0.18651633), (0.3335859, 0.8340421, 0.43942496), (0.760128, 0.40997794, 0.5041066), (0.7409168, 0.44286284, 0.50489086), (0.43924102, 0.8368028, 0.3268463), (0.40984493, 0.8928823, 0.18651633), (0.7409168, 0.44286284, 0.50489086), (0.76284593, 0.43816406, 0.47547692), (0.466727, 0.82575715, 0.31668752), (0.43924102, 0.8368028, 0.3268463), (0.8337384, -0.067964785, 0.54796076), (0.86558545, -0.008997524, 0.5006804), (0.76284593, 0.43816406, 0.47547692), (0.7409168, 0.44286284, 0.50489086), (0.8324326, -0.1947269, 0.51878446), (0.8337384, -0.067964785, 0.54796076), (0.7409168, 0.44286284, 0.50489086), (0.760128, 0.40997794, 0.5041066), (0.8850291, -0.2721188, 0.3777234), (0.8324326, -0.1947269, 0.51878446), (0.760128, 0.40997794, 0.5041066), (0.75407666, 0.49262968, 0.4343782), (0.8968784, -0.28712124, 0.33640817), (0.8850291, -0.2721188, 0.3777234), (0.75407666, 0.49262968, 0.4343782), (0.7786544, 0.2508146, 0.57514286), (0.86558545, -0.008997524, 0.5006804), (0.80643845, 0.03525277, 0.5902662), (0.6622228, 0.425501, 0.61677384), (0.76284593, 0.43816406, 0.47547692), (0.80643845, 0.03525277, 0.5902662), (0.7455079, 0.008440844, 0.6664434), (0.53533685, 0.32179, 0.78093904), (0.6622228, 0.425501, 0.61677384), (0.7455079, 0.008440844, 0.6664434), (0.88358575, 0.029080639, 0.4673654), (0.55128706, 0.2530563, 0.7950127), (0.53533685, 0.32179, 0.78093904), (0.88358575, 0.029080639, 0.4673654), (0.9093755, 0.18659234, 0.3717789), (0.65777713, 0.270712, 0.7028828), (0.55128706, 0.2530563, 0.7950127), (0.9093755, 0.18659234, 0.3717789), (0.8789224, 0.18189394, 0.44091952), (0.60394645, 0.032729197, 0.7963527), (0.65777713, 0.270712, 0.7028828), (0.8789224, 0.18189394, 0.44091952), (0.85292643, -0.029130373, 0.52121764), (0.85571593, -0.002914526, 0.51743776), (0.60394645, 0.032729197, 0.7963527), (0.85292643, -0.029130373, 0.52121764), (0.8519564, -0.13049437, 0.50709116), (0.85778826, -0.11785497, 0.5003094), (0.85571593, -0.002914526, 0.51743776), (0.8519564, -0.13049437, 0.50709116), (0.8843374, -0.020153139, 0.46641302), (0.8884661, 0.02212067, 0.45840868), (0.85778826, -0.11785497, 0.5003094), (0.8843374, -0.020153139, 0.46641302), (0.888628, 0.053100787, 0.45554417), (0.86599946, 0.092932016, 0.49133348), (0.8884661, 0.02212067, 0.45840868), (0.8884661, 0.02212067, 0.45840868), (0.86599946, 0.092932016, 0.49133348), (0.8067999, 0.08092415, 0.5852565), (0.86599946, 0.092932016, 0.49133348), (0.6327728, -0.07927892, 0.77026844), (0.5378607, -0.16291672, 0.827142), (0.8067999, 0.08092415, 0.5852565), (0.6327728, -0.07927892, 0.77026844), (0.2285909, -0.36047158, 0.9043265), (0.10680282, -0.41366082, 0.9041448), (0.5378607, -0.16291672, 0.827142), (0.2285909, -0.36047158, 0.9043265), (-0.045491457, -0.4621071, 0.88565654), (-0.083803624, -0.4636009, 0.8820721), (0.10680282, -0.41366082, 0.9041448), (-0.045491457, -0.4621071, 0.88565654), (0.06156698, -0.41631228, 0.9071349), (0.033486724, -0.42524588, 0.9044582), (-0.083803624, -0.4636009, 0.8820721), (0.06156698, -0.41631228, 0.9071349), (0.33276471, -0.33141625, 0.8828538), (0.30611935, -0.33894375, 0.88961124), (0.033486724, -0.42524588, 0.9044582), (0.33276471, -0.33141625, 0.8828538), (0.43434045, -0.2993963, 0.8495353), (0.43434048, -0.29939634, 0.8495353), (0.30611935, -0.33894375, 0.88961124), (0.60394645, 0.032729197, 0.7963527), (-0.0460932, -0.6717839, 0.73931164), (-0.046093203, -0.671784, 0.7393117), (0.07411792, -0.4294258, 0.9000556), (0.65777713, 0.270712, 0.7028828), (0.60394645, 0.032729197, 0.7963527), (0.07411792, -0.4294258, 0.9000556), (0.24415989, 0.25788346, 0.9348166), (0.55128706, 0.2530563, 0.7950127), (0.65777713, 0.270712, 0.7028828), (0.24415989, 0.25788346, 0.9348166), (0.07231918, 0.4484416, 0.8908816), (0.53533685, 0.32179, 0.78093904), (0.55128706, 0.2530563, 0.7950127), (0.07231918, 0.4484416, 0.8908816), (0.13836278, 0.60382855, 0.7850139), (0.6622228, 0.425501, 0.61677384), (0.53533685, 0.32179, 0.78093904), (0.13836278, 0.60382855, 0.7850139), (0.36281815, 0.76903373, 0.52626055), (0.76284593, 0.43816406, 0.47547692), (0.6622228, 0.425501, 0.61677384), (0.36281815, 0.76903373, 0.52626055), (0.466727, 0.82575715, 0.31668752), (0.72875583, 0.35899332, 0.58312833), (0.5250987, 0.59065247, 0.6126998), (-0.025468098, 0.80118215, 0.59787834), (0.014753949, 0.74746764, 0.6641343), (0.5250987, 0.59065247, 0.6126998), (0.5016932, 0.5547713, 0.6637264), (-0.16473258, 0.9371052, 0.3077289), (-0.025468098, 0.80118215, 0.59787834), (0.5016932, 0.5547713, 0.6637264), (0.5174717, 0.5335659, 0.66897726), (-0.07155996, 0.90989953, 0.40860987), (-0.16473258, 0.9371052, 0.3077289), (0.5174717, 0.5335659, 0.66897726), (0.5469157, 0.42389223, 0.7219409), (-0.0018111774, 0.8270796, 0.5620819), (-0.07155996, 0.90989953, 0.40860987), (0.81273454, -0.0815851, 0.57689375), (0.82936805, -0.052625842, 0.5562185), (0.5469157, 0.42389223, 0.7219409), (0.5174717, 0.5335659, 0.66897726), (0.8352056, -0.22236341, 0.5029772), (0.81273454, -0.0815851, 0.57689375), (0.5174717, 0.5335659, 0.66897726), (0.5016932, 0.5547713, 0.6637264), (0.9433363, -0.24229708, 0.2267349), (0.8352056, -0.22236341, 0.5029772), (0.5016932, 0.5547713, 0.6637264), (0.5250987, 0.59065247, 0.6126998), (0.9614321, -0.23238799, 0.14711973), (0.9433363, -0.24229708, 0.2267349), (0.5250987, 0.59065247, 0.6126998), (0.72875583, 0.35899332, 0.58312833), (0.82936805, -0.052625842, 0.5562185), (0.8044913, -0.2050275, 0.55745625), (0.4367106, 0.20645446, 0.8755915), (0.5469157, 0.42389223, 0.7219409), (0.8044913, -0.2050275, 0.55745625), (0.7525454, -0.48027763, 0.45056492), (0.35638872, -0.16551578, 0.91956055), (0.4367106, 0.20645446, 0.8755915), (0.7525454, -0.48027763, 0.45056492), (0.7644119, -0.59453726, 0.24939893), (0.32828596, -0.4880383, 0.80873173), (0.35638872, -0.16551578, 0.91956055), (0.7644119, -0.59453726, 0.24939893), (0.72197944, -0.59331477, 0.3559821), (0.23748304, -0.60404503, 0.760744), (0.32828596, -0.4880383, 0.80873173), (0.72197944, -0.59331477, 0.3559821), (0.4930445, -0.54167205, 0.68080723), (0.22525927, -0.43616027, 0.871219), (0.23748304, -0.60404503, 0.760744), (0.4930445, -0.54167205, 0.68080723), (0.30386928, -0.35339275, 0.8847468), (0.33750227, -0.42721558, 0.8387962), (0.22525927, -0.43616027, 0.871219), (0.30386928, -0.35339275, 0.8847468), (0.3103164, -0.15826452, 0.9373666), (0.3353024, -0.110332645, 0.9356276), (0.33750227, -0.42721558, 0.8387962), (0.3103164, -0.15826452, 0.9373666), (0.44132724, 0.024039324, 0.8970242), (0.4923159, 0.09039509, 0.86570996), (0.3353024, -0.110332645, 0.9356276), (0.44132724, 0.024039324, 0.8970242), (0.5633733, 0.121580705, 0.8172078), (0.4755779, 0.18364961, 0.8602898), (0.4923159, 0.09039509, 0.86570996), (0.4923159, 0.09039509, 0.86570996), (0.4755779, 0.18364961, 0.8602898), (0.4968883, 0.30968788, 0.8106759), (0.4755779, 0.18364961, 0.8602898), (0.5181962, 0.44599527, 0.72976774), (0.5032081, 0.56305206, 0.65555614), (0.4968883, 0.30968788, 0.8106759), (0.5181962, 0.44599527, 0.72976774), (0.47635514, 0.69207567, 0.54232556), (0.47000283, 0.71929026, 0.5115847), (0.5032081, 0.56305206, 0.65555614), (0.47635514, 0.69207567, 0.54232556), (0.4826468, 0.7327051, 0.47978672), (0.49061403, 0.7242952, 0.48445264), (0.47000283, 0.71929026, 0.5115847), (0.4826468, 0.7327051, 0.47978672), (0.5577504, 0.53614044, 0.63361496), (0.5393297, 0.6181295, 0.5718736), (0.49061403, 0.7242952, 0.48445264), (0.5577504, 0.53614044, 0.63361496), (0.55120766, 0.23014955, 0.8019983), (0.5651571, 0.3383709, 0.75239784), (0.5393297, 0.6181295, 0.5718736), (0.55120766, 0.23014955, 0.8019983), (0.52696264, 0.10834902, 0.84295374), (0.5269626, 0.108349, 0.8429537), (0.5651571, 0.3383709, 0.75239784), (0.22525927, -0.43616027, 0.871219), (-0.54458296, 0.5571955, 0.62686723), (-0.54458296, 0.55719554, 0.6268673), (-0.560768, 0.05741192, 0.82598), (0.23748304, -0.60404503, 0.760744), (0.22525927, -0.43616027, 0.871219), (-0.560768, 0.05741192, 0.82598), (-0.42173925, -0.28986406, 0.85913604), (0.32828596, -0.4880383, 0.80873173), (0.23748304, -0.60404503, 0.760744), (-0.42173925, -0.28986406, 0.85913604), (-0.36040267, 0.003796531, 0.93278915), (0.35638872, -0.16551578, 0.91956055), (0.32828596, -0.4880383, 0.80873173), (-0.36040267, 0.003796531, 0.93278915), (-0.2463605, 0.34219092, 0.90675896), (0.4367106, 0.20645446, 0.8755915), (0.35638872, -0.16551578, 0.91956055), (-0.2463605, 0.34219092, 0.90675896), (-0.09828811, 0.6165223, 0.7811784), (0.5469157, 0.42389223, 0.7219409), (0.4367106, 0.20645446, 0.8755915), (-0.09828811, 0.6165223, 0.7811784), (-0.0018111774, 0.8270796, 0.5620819), (-0.701525, 0.07787882, 0.7083767), (-0.8173181, 0.07340563, 0.57149154), (-0.8596285, -0.47357717, 0.19173819), (-0.8304848, -0.44392264, 0.3364932), (-0.9643126, 0.002441046, 0.26475483), (-0.9984151, -0.037217904, 0.042214897), (-0.68350154, -0.71878076, -0.1272002), (-0.8009512, -0.59653974, -0.051162813), (-0.24733208, 0.5822989, 0.77443844), (-0.4201732, 0.56121325, 0.71308786), (-0.8173181, 0.07340563, 0.57149154), (-0.701525, 0.07787882, 0.7083767), (-0.69553435, 0.54731154, 0.4654913), (-0.7963932, 0.5635497, 0.21947601), (-0.9984151, -0.037217904, 0.042214897), (-0.9643126, 0.002441046, 0.26475483), (-0.20707668, 0.06526369, 0.97614545), (-0.089820504, 0.0871477, 0.99213785), (-0.362163, -0.8297139, 0.42475018), (-0.6128444, -0.5937795, 0.5213901), (0.10296803, -0.15700507, 0.98221534), (0.29130334, -0.06731552, 0.95425934), (-0.39683622, -0.91338694, 0.09080403), (-0.2764523, -0.8746773, 0.39813775), (-0.2764523, -0.8746773, 0.39813775), (-0.39683622, -0.91338694, 0.09080403), (-0.49639806, -0.6252656, -0.60218936), (-0.41746688, -0.7486484, -0.5150214), (-0.6128444, -0.5937795, 0.5213901), (-0.362163, -0.8297139, 0.42475018), (-0.44794703, -0.7621489, -0.46741033), (-0.53921217, -0.70857924, -0.45515466), (-0.99081063, -0.12753908, 0.045035623), (-0.88117987, -0.4313956, 0.19344223), (-0.44834217, -0.8452948, -0.2906303), (-0.55311435, -0.8167712, -0.16416226), (-0.7428936, 0.64723754, 0.17085862), (-0.7093712, 0.56847143, 0.41669264), (-0.88117987, -0.4313956, 0.19344223), (-0.99081063, -0.12753908, 0.045035623), (-0.362163, -0.8297139, 0.42475018), (-0.2764523, -0.8746773, 0.39813775), (-0.41746688, -0.7486484, -0.5150214), (-0.44794703, -0.7621489, -0.46741033), (-0.089820504, 0.0871477, 0.99213785), (0.10296803, -0.15700507, 0.98221534), (-0.2764523, -0.8746773, 0.39813775), (-0.362163, -0.8297139, 0.42475018), (-0.2315817, 0.6130093, 0.7553737), (-0.24733208, 0.5822989, 0.77443844), (-0.701525, 0.07787882, 0.7083767), (-0.68102133, 0.10243746, 0.7250631), (-0.68102133, 0.10243746, 0.7250631), (-0.701525, 0.07787882, 0.7083767), (-0.8304848, -0.44392264, 0.3364932), (-0.8145896, -0.45685264, 0.35739252), (-0.78098613, -0.47740963, 0.40266708), (-0.70140845, -0.57347363, 0.4232662), (-0.5396721, -0.7677805, -0.34535062), (-0.46215785, -0.8250004, -0.32524526), (-0.5902206, 0.29627508, 0.75090665), (-0.35381943, 0.26025504, 0.89837587), (-0.70140845, -0.57347363, 0.4232662), (-0.78098613, -0.47740963, 0.40266708), (-0.7963932, 0.5635497, 0.21947601), (-0.7428936, 0.64723754, 0.17085862), (-0.99081063, -0.12753908, 0.045035623), (-0.9984151, -0.037217904, 0.042214897), (-0.9984151, -0.037217904, 0.042214897), (-0.99081063, -0.12753908, 0.045035623), (-0.55311435, -0.8167712, -0.16416226), (-0.68350154, -0.71878076, -0.1272002), (-0.4201732, 0.56121325, 0.71308786), (-0.69553435, 0.54731154, 0.4654913), (-0.9643126, 0.002441046, 0.26475483), (-0.8173181, 0.07340563, 0.57149154), (-0.8173181, 0.07340563, 0.57149154), (-0.9643126, 0.002441046, 0.26475483), (-0.8009512, -0.59653974, -0.051162813), (-0.8596285, -0.47357717, 0.19173819), (-0.70140845, -0.57347363, 0.4232662), (-0.6128444, -0.5937795, 0.5213901), (-0.53921217, -0.70857924, -0.45515466), (-0.5396721, -0.7677805, -0.34535062), (-0.35381943, 0.26025504, 0.89837587), (-0.20707668, 0.06526369, 0.97614545), (-0.6128444, -0.5937795, 0.5213901), (-0.70140845, -0.57347363, 0.4232662), (-0.7093712, 0.56847143, 0.41669264), (-0.5902206, 0.29627508, 0.75090665), (-0.78098613, -0.47740963, 0.40266708), (-0.88117987, -0.4313956, 0.19344223), (-0.88117987, -0.4313956, 0.19344223), (-0.78098613, -0.47740963, 0.40266708), (-0.46215785, -0.8250004, -0.32524526), (-0.44834217, -0.8452948, -0.2906303), (-0.88982725, 0.09253146, 0.44681686), (-0.9351006, 0.04895947, 0.35098413), (-0.89873314, -0.34217617, -0.27421564), (-0.81560475, -0.27375346, -0.50975287), (-0.9351006, 0.04895947, 0.35098413), (-0.933629, 0.07718396, 0.34982777), (-0.9173987, -0.27370068, -0.28890747), (-0.89873314, -0.34217617, -0.27421564), (-0.31466475, 0.37178475, 0.87336254), (-0.39359328, 0.44354331, 0.80520403), (-0.9351006, 0.04895947, 0.35098413), (-0.88982725, 0.09253146, 0.44681686), (-0.39359328, 0.44354331, 0.80520403), (-0.4624831, 0.38907307, 0.79670036), (-0.933629, 0.07718396, 0.34982777), (-0.9351006, 0.04895947, 0.35098413), (-0.4624831, 0.38907307, 0.79670036), (-0.44060835, 0.5314303, 0.7234958), (-0.8998679, 0.12634028, 0.41746378), (-0.933629, 0.07718396, 0.34982777), (-0.44060835, 0.5314303, 0.7234958), (-0.31849232, 0.60203654, 0.73219854), (-0.8007313, 0.25851098, 0.54037154), (-0.8998679, 0.12634028, 0.41746378), (-0.31849232, 0.60203654, 0.73219854), (-0.64265454, 0.1456477, 0.7521847), (-0.8007313, 0.25851098, 0.54037154), (-0.64265454, 0.1456477, 0.7521847), (-0.44003364, 0.061133202, 0.8958979), (-0.5035578, 0.15382856, 0.85015666), (-0.9111743, -0.0066272924, 0.41196784), (-0.8007313, 0.25851098, 0.54037154), (-0.64265454, 0.1456477, 0.7521847), (-0.9111743, -0.0066272924, 0.41196784), (-0.94396406, -0.329877, -0.010634373), (-0.38834447, -0.09775167, 0.916315), (-0.42645353, -0.24500045, 0.8706963), (-0.39215988, -0.15586875, 0.9065956), (-0.41465947, 0.010249486, 0.90991896), (-0.42645353, -0.24500045, 0.8706963), (-0.4261435, -0.36975715, 0.8256399), (-0.43306738, -0.3021244, 0.8492194), (-0.39215988, -0.15586875, 0.9065956), (-0.4261435, -0.36975715, 0.8256399), (-0.43603295, -0.44597608, 0.7816525), (-0.43267384, -0.43474412, 0.78980434), (-0.43306738, -0.3021244, 0.8492194), (-0.44859254, -0.4907581, 0.74694127), (-0.4512849, -0.5014186, 0.7381879), (-0.45128486, -0.50141853, 0.7381879), (-0.44839278, -0.48997685, 0.7475738), (-0.8998679, 0.12634028, 0.41746378), (-0.8007313, 0.25851098, 0.54037154), (-0.94396406, -0.329877, -0.010634373), (-0.90830386, -0.34183043, -0.24111414), (-0.933629, 0.07718396, 0.34982777), (-0.8998679, 0.12634028, 0.41746378), (-0.90830386, -0.34183043, -0.24111414), (-0.9173987, -0.27370068, -0.28890747), (-0.44003364, 0.061133202, 0.8958979), (-0.38834447, -0.09775167, 0.916315), (-0.41465947, 0.010249486, 0.90991896), (-0.5035578, 0.15382856, 0.85015666), (-0.43603295, -0.44597608, 0.7816525), (-0.44859254, -0.4907581, 0.74694127), (-0.44839278, -0.48997685, 0.7475738), (-0.43267384, -0.43474412, 0.78980434), (-0.272199, 0.24250914, 0.9311805), (-0.31466475, 0.37178475, 0.87336254), (-0.88982725, 0.09253146, 0.44681686), (-0.9998192, 0.003442869, -0.018700358), (-0.9998192, 0.003442869, -0.018700358), (-0.88982725, 0.09253146, 0.44681686), (-0.81560475, -0.27375346, -0.50975287), (-0.7372565, -0.16306771, -0.6556384), (-0.4312199, 0.40400168, 0.8067416), (-0.63785964, 0.22547701, 0.736407), (-0.84039396, -0.24351142, 0.4841902), (-0.80795276, -0.21773125, 0.54754496), (-0.63785964, 0.22547701, 0.736407), (-0.63913494, 0.2109865, 0.73958856), (-0.9277179, -0.3421836, 0.14916378), (-0.84039396, -0.24351142, 0.4841902), (-0.63913494, 0.2109865, 0.73958856), (-0.6487935, 0.27457452, 0.7097011), (-0.9359673, -0.26502442, 0.23179132), (-0.9277179, -0.3421836, 0.14916378), (-0.6487935, 0.27457452, 0.7097011), (-0.61905605, 0.3267779, 0.7141329), (-0.9368635, -0.14011177, 0.320399), (-0.9359673, -0.26502442, 0.23179132), (-0.010489285, 0.6131233, 0.7899175), (-0.057988208, 0.63249665, 0.7723893), (-0.61905605, 0.3267779, 0.7141329), (-0.6487935, 0.27457452, 0.7097011), (0.13044159, 0.6194716, 0.77410597), (-0.010489285, 0.6131233, 0.7899175), (-0.6487935, 0.27457452, 0.7097011), (-0.63913494, 0.2109865, 0.73958856), (0.18060939, 0.7490672, 0.6373999), (0.13044159, 0.6194716, 0.77410597), (-0.63913494, 0.2109865, 0.73958856), (-0.63785964, 0.22547701, 0.736407), (0.18467033, 0.7803624, 0.5974374), (0.18060939, 0.7490672, 0.6373999), (-0.63785964, 0.22547701, 0.736407), (-0.4312199, 0.40400168, 0.8067416), (-0.057988208, 0.63249665, 0.7723893), (-0.0065739425, 0.5500549, 0.8351026), (-0.526948, 0.19785321, 0.82654697), (-0.61905605, 0.3267779, 0.7141329), (-0.0065739425, 0.5500549, 0.8351026), (0.20363046, 0.44669932, 0.8712028), (-0.21615514, 0.04857973, 0.9751497), (-0.526948, 0.19785321, 0.82654697), (0.20363046, 0.44669932, 0.8712028), (0.40910247, 0.63083243, 0.6593069), (0.1050291, 0.124119684, 0.9866931), (-0.21615514, 0.04857973, 0.9751497), (0.40910247, 0.63083243, 0.6593069), (0.39622846, 0.72178, 0.5674829), (0.29020992, 0.2959282, 0.9100575), (0.1050291, 0.124119684, 0.9866931), (0.39622846, 0.72178, 0.5674829), (0.39780793, 0.6190984, 0.67710114), (0.4375299, 0.3519026, 0.8274854), (0.29020992, 0.2959282, 0.9100575), (0.39780793, 0.6190984, 0.67710114), (0.48855925, 0.43981695, 0.7535721), (0.47825408, 0.45296362, 0.7523942), (0.4375299, 0.3519026, 0.8274854), (0.48855925, 0.43981695, 0.7535721), (0.6023551, 0.31408122, 0.7338401), (0.62568074, 0.29577756, 0.7218304), (0.47825408, 0.45296362, 0.7523942), (0.6023551, 0.31408122, 0.7338401), (0.70464295, 0.21920854, 0.6748526), (0.7578417, 0.1770842, 0.6279468), (0.62568074, 0.29577756, 0.7218304), (0.70464295, 0.21920854, 0.6748526), (0.7646789, 0.14375563, 0.6281723), (0.86971813, 0.05929623, 0.48997384), (0.7578417, 0.1770842, 0.6279468), (0.7578417, 0.1770842, 0.6279468), (0.86971813, 0.05929623, 0.48997384), (0.93109465, -0.08773851, 0.35406885), (0.86971813, 0.05929623, 0.48997384), (0.94270104, -0.3126768, 0.11639573), (0.9213322, -0.38876835, 0.0024739634), (0.93109465, -0.08773851, 0.35406885), (0.94270104, -0.3126768, 0.11639573), (0.70751816, -0.62007004, -0.33901507), (0.616152, -0.6714127, -0.41177866), (0.9213322, -0.38876835, 0.0024739634), (0.70751816, -0.62007004, -0.33901507), (0.39897546, -0.75297284, -0.5233072), (0.36555177, -0.7699978, -0.52294874), (0.616152, -0.6714127, -0.41177866), (0.39897546, -0.75297284, -0.5233072), (0.56498677, -0.7232009, -0.3972033), (0.4910891, -0.7501796, -0.44278902), (0.36555177, -0.7699978, -0.52294874), (0.56498677, -0.7232009, -0.3972033), (0.8451376, -0.5011438, -0.18600352), (0.79720736, -0.5594612, -0.22685595), (0.4910891, -0.7501796, -0.44278902), (0.8451376, -0.5011438, -0.18600352), (0.915789, -0.38662565, -0.10886308), (0.915789, -0.38662562, -0.10886308), (0.79720736, -0.5594612, -0.22685595), (0.4375299, 0.3519026, 0.8274854), (0.5356798, 0.21237442, 0.81727856), (0.5356798, 0.21237442, 0.8172786), (0.3576846, -0.08871329, 0.92961913), (0.29020992, 0.2959282, 0.9100575), (0.4375299, 0.3519026, 0.8274854), (0.3576846, -0.08871329, 0.92961913), (0.13593976, -0.29995722, 0.94421715), (0.1050291, 0.124119684, 0.9866931), (0.29020992, 0.2959282, 0.9100575), (0.13593976, -0.29995722, 0.94421715), (-0.19016759, -0.40579844, 0.89395976), (-0.21615514, 0.04857973, 0.9751497), (0.1050291, 0.124119684, 0.9866931), (-0.19016759, -0.40579844, 0.89395976), (-0.60364825, -0.39145085, 0.6945322), (-0.526948, 0.19785321, 0.82654697), (-0.21615514, 0.04857973, 0.9751497), (-0.60364825, -0.39145085, 0.6945322), (-0.85870445, -0.21362513, 0.46582273), (-0.61905605, 0.3267779, 0.7141329), (-0.526948, 0.19785321, 0.82654697), (-0.85870445, -0.21362513, 0.46582273), (-0.9368635, -0.14011177, 0.320399), (0.8001181, 0.52663755, -0.2871652), (0.78886265, 0.25642052, -0.55851966), (0.75813, 0.5159261, -0.39882216), (0.64637876, 0.7628394, 0.016451571), (0.64637876, 0.7628394, 0.016451571), (0.75813, 0.5159261, -0.39882216), (0.48128513, 0.86739504, 0.12645328), (0.09143878, 0.8237213, 0.55957335), (0.09143878, 0.8237213, 0.55957335), (0.48128513, 0.86739504, 0.12645328), (0.22749195, 0.8171757, 0.5295955), (-0.15855193, 0.62107676, 0.76754475), (-0.15855193, 0.62107676, 0.76754475), (0.22749195, 0.8171757, 0.5295955), (0.17946836, 0.7098612, 0.6810934), (-0.14372225, 0.53626746, 0.8317218), (-0.14372225, 0.53626746, 0.8317218), (0.17946836, 0.7098612, 0.6810934), (0.23871662, 0.763431, 0.6001562), (-0.076953314, 0.6304178, 0.7724322), (-0.076953314, 0.6304178, 0.7724322), (0.23871662, 0.763431, 0.6001562), (0.3748643, 0.76993185, 0.5164124), (0.054997556, 0.62823224, 0.7760796), (0.22963762, 0.6322013, 0.73999196), (0.054997556, 0.62823224, 0.7760796), (0.3748643, 0.76993185, 0.5164124), (0.16471453, 0.60603434, 0.77819765), (0.22963762, 0.6322013, 0.73999196), (0.16471453, 0.60603434, 0.77819765), (0.46930194, 0.59377986, 0.65359104), (0.52424365, 0.5694645, 0.6331499), (0.76800364, 0.32432246, 0.55225486), (0.7160259, 0.4222073, 0.55592084), (0.7192245, 0.46010727, 0.5205934), (0.22255932, 0.93813235, 0.26528284), (-0.03498366, 0.7526, 0.65754795), (-0.18908322, 0.82027113, 0.5398174), (0.1411512, 0.6380262, 0.756967), (0.15916364, 0.62407124, 0.76498497), (0.15916364, 0.62407124, 0.76498497), (0.1411512, 0.6380262, 0.756967), (0.23748347, 0.5581812, 0.79500645), (0.23748346, 0.5581812, 0.79500645), (0.67137766, 0.7137434, 0.19955541), (0.6689625, 0.7154149, 0.2016699), (0.23523071, 0.8223348, 0.51810414), (0.3266495, 0.8240174, 0.46292052), (0.3748643, 0.76993185, 0.5164124), (0.6770751, 0.7121347, 0.18556283), (0.6689625, 0.7154149, 0.2016699), (0.67137766, 0.7137434, 0.19955541), (0.3266495, 0.8240174, 0.46292052), (0.23523071, 0.8223348, 0.51810414), (0.0938404, 0.8443217, 0.5275555), (0.096597664, 0.8460952, 0.524206), (0.096597664, 0.8460952, 0.524206), (0.0938404, 0.8443217, 0.5275555), (0.18663567, 0.8942344, 0.40683153), (0.18663567, 0.8942344, 0.40683153), (0.23871662, 0.763431, 0.6001562), (0.5151843, 0.76283574, 0.3907259), (0.6770751, 0.7121347, 0.18556283), (0.3748643, 0.76993185, 0.5164124), (0.17946836, 0.7098612, 0.6810934), (0.49385193, 0.7894633, 0.3644968), (0.5151843, 0.76283574, 0.3907259), (0.23871662, 0.763431, 0.6001562), (0.22749195, 0.8171757, 0.5295955), (0.6010436, 0.79778653, 0.04778296), (0.49385193, 0.7894633, 0.3644968), (0.17946836, 0.7098612, 0.6810934), (0.48128513, 0.86739504, 0.12645328), (0.719588, 0.51002413, -0.47124138), (0.6010436, 0.79778653, 0.04778296), (0.22749195, 0.8171757, 0.5295955), (0.75813, 0.5159261, -0.39882216), (0.6789181, 0.089679755, -0.7287165), (0.719588, 0.51002413, -0.47124138), (0.48128513, 0.86739504, 0.12645328), (0.78886265, 0.25642052, -0.55851966), (0.6494047, -0.072523, -0.7569769), (0.6789181, 0.089679755, -0.7287165), (0.75813, 0.5159261, -0.39882216), (-0.20246775, 0.89390844, 0.39991814), (-0.024099726, 0.9777348, 0.20845594), (-0.18908322, 0.82027113, 0.5398174), (-0.03498366, 0.7526, 0.65754795), (0.22255932, 0.93813235, 0.26528284), (0.7192245, 0.46010727, 0.5205934), (-0.024099726, 0.9777348, 0.20845594), (-0.20246775, 0.89390844, 0.39991814), (0.52424365, 0.5694645, 0.6331499), (0.46930194, 0.59377986, 0.65359104), (0.7160259, 0.4222073, 0.55592084), (0.76800364, 0.32432246, 0.55225486), (-0.10770531, -0.95464647, 0.2775782), (-0.09041716, -0.9219395, 0.37663296), (0.66629374, -0.74169207, 0.077107236), (0.6733112, -0.7321494, 0.10300154), (-0.8963623, -0.4223166, 0.1348459), (-0.81128603, -0.46195436, 0.3583477), (-0.09041716, -0.9219395, 0.37663296), (-0.10770531, -0.95464647, 0.2775782), (0.45330998, -0.49119228, 0.7438012), (0.7019522, -0.33415538, 0.6289699), (0.8033314, 0.12487092, 0.58229357), (0.6971973, 0.13536619, 0.7039829), (0.7019522, -0.33415538, 0.6289699), (0.5680133, -0.34118742, 0.74896735), (0.944911, 0.08601296, 0.31582415), (0.8033314, 0.12487092, 0.58229357), (0.5680133, -0.34118742, 0.74896735), (0.56086636, -0.26320732, 0.7849527), (0.8403836, 0.076553866, 0.5365585), (0.944911, 0.08601296, 0.31582415), (0.56086636, -0.26320732, 0.7849527), (0.41053474, -0.21858656, 0.88525766), (0.81343544, 0.07731327, 0.57649404), (0.8403836, 0.076553866, 0.5365585), (0.07993195, -0.5328956, 0.8423972), (-0.011397965, -0.47826034, 0.8781442), (0.41053474, -0.21858656, 0.88525766), (0.56086636, -0.26320732, 0.7849527), (0.07514419, -0.66334534, 0.7445309), (0.07993195, -0.5328956, 0.8423972), (0.56086636, -0.26320732, 0.7849527), (0.5680133, -0.34118742, 0.74896735), (0.07449167, -0.8182203, 0.57005835), (0.07514419, -0.66334534, 0.7445309), (0.5680133, -0.34118742, 0.74896735), (0.7019522, -0.33415538, 0.6289699), (0.07568919, -0.8582647, 0.50759524), (0.07449167, -0.8182203, 0.57005835), (0.7019522, -0.33415538, 0.6289699), (0.45330998, -0.49119228, 0.7438012), (-0.011397965, -0.47826034, 0.8781442), (-0.31510234, -0.38628143, 0.86688936), (-0.035989046, -0.06892964, 0.99697214), (0.41053474, -0.21858656, 0.88525766), (-0.31510234, -0.38628143, 0.86688936), (-0.57875335, -0.38392216, 0.7194779), (-0.47248396, -0.08731643, 0.8770033), (-0.035989046, -0.06892964, 0.99697214), (-0.57875335, -0.38392216, 0.7194779), (-0.5206114, -0.7093788, 0.47512674), (-0.4917468, -0.3401787, 0.8015382), (-0.47248396, -0.08731643, 0.8770033), (-0.5206114, -0.7093788, 0.47512674), (-0.16119643, -0.9323483, 0.32363942), (-0.26957425, -0.56847054, 0.7772844), (-0.4917468, -0.3401787, 0.8015382), (-0.16119643, -0.9323483, 0.32363942), (0.0081058135, -0.88395125, 0.46750873), (0.07405763, -0.51835626, 0.85195196), (-0.26957425, -0.56847054, 0.7772844), (0.0081058135, -0.88395125, 0.46750873), (0.18370266, -0.7697638, 0.61132395), (0.17160423, -0.77453405, 0.6088094), (0.07405763, -0.51835626, 0.85195196), (0.18370266, -0.7697638, 0.61132395), (0.3216984, -0.78451306, 0.53014094), (0.33328396, -0.8126313, 0.47807136), (0.17160423, -0.77453405, 0.6088094), (0.3216984, -0.78451306, 0.53014094), (0.31492475, -0.87662435, 0.36380228), (0.28038812, -0.8887447, 0.3626504), (0.33328396, -0.8126313, 0.47807136), (0.31492475, -0.87662435, 0.36380228), (0.26509154, -0.90576017, 0.33064333), (0.15656741, -0.87997496, 0.44847593), (0.28038812, -0.8887447, 0.3626504), (0.28038812, -0.8887447, 0.3626504), (0.15656741, -0.87997496, 0.44847593), (0.0727289, -0.8372907, 0.5418992), (0.15656741, -0.87997496, 0.44847593), (-0.102704525, -0.64966476, 0.7532512), (-0.11396976, -0.6347298, 0.76428336), (0.0727289, -0.8372907, 0.5418992), (-0.102704525, -0.64966476, 0.7532512), (-0.15480915, -0.41534123, 0.896396), (-0.112454936, -0.38660094, 0.9153653), (-0.11396976, -0.6347298, 0.76428336), (-0.15480915, -0.41534123, 0.896396), (-0.014946643, -0.35358912, 0.9352814), (0.011935305, -0.3738718, 0.9274036), (-0.112454936, -0.38660094, 0.9153653), (-0.014946643, -0.35358912, 0.9352814), (0.12189973, -0.57619935, 0.8081675), (0.09981893, -0.5308442, 0.8415704), (0.011935305, -0.3738718, 0.9274036), (0.12189973, -0.57619935, 0.8081675), (0.2223439, -0.7495868, 0.6234444), (0.21195483, -0.7359136, 0.6430446), (0.09981893, -0.5308442, 0.8415704), (0.2223439, -0.7495868, 0.6234444), (0.24927402, -0.78351516, 0.5691805), (0.24927405, -0.78351516, 0.56918055), (0.21195483, -0.7359136, 0.6430446), (0.07405763, -0.51835626, 0.85195196), (0.3878809, 0.0048458497, 0.9216968), (0.3878809, 0.0048458497, 0.9216968), (0.13231948, 0.017128464, 0.9910591), (-0.26957425, -0.56847054, 0.7772844), (0.07405763, -0.51835626, 0.85195196), (0.13231948, 0.017128464, 0.9910591), (-0.17778882, 0.03166333, 0.98355913), (-0.4917468, -0.3401787, 0.8015382), (-0.26957425, -0.56847054, 0.7772844), (-0.17778882, 0.03166333, 0.98355913), (-0.32287565, 0.1436288, 0.9354796), (-0.47248396, -0.08731643, 0.8770033), (-0.4917468, -0.3401787, 0.8015382), (-0.32287565, 0.1436288, 0.9354796), (-0.07345582, 0.33521846, 0.9392725), (-0.035989046, -0.06892964, 0.99697214), (-0.47248396, -0.08731643, 0.8770033), (-0.07345582, 0.33521846, 0.9392725), (0.5343959, 0.21010706, 0.81870395), (0.41053474, -0.21858656, 0.88525766), (-0.035989046, -0.06892964, 0.99697214), (0.5343959, 0.21010706, 0.81870395), (0.81343544, 0.07731327, 0.57649404), (-0.29850566, 0.5127235, 0.80499005), (-0.45116132, 0.30064335, 0.8402779), (-0.8491046, 0.21603212, 0.48202857), (-0.82130903, 0.28966007, 0.49147576), (-0.7864386, 0.29095265, 0.5448494), (-0.83283013, 0.32135123, 0.45069644), (-0.9076197, 0.33216995, -0.25669003), (-0.93881035, 0.17713323, 0.29539612), (0.41643178, 0.5288522, 0.7395268), (0.20700663, 0.33517724, 0.9191325), (-0.45116132, 0.30064335, 0.8402779), (-0.29850566, 0.5127235, 0.80499005), (-0.1531319, 0.14921902, 0.97687477), (-0.27933535, 0.00803422, 0.96016), (-0.83283013, 0.32135123, 0.45069644), (-0.7864386, 0.29095265, 0.5448494), (-0.1559773, -0.28391677, 0.94607735), (-0.35710582, 0.08323095, 0.9303484), (-0.8927738, -0.25546488, 0.37106967), (-0.7833788, -0.28087366, 0.5544616), (-0.40609565, 0.20730506, 0.8900061), (-0.33922377, 0.2881893, 0.89547426), (-0.88809174, -0.4551244, 0.064457566), (-0.901829, -0.31343773, 0.2974246), (-0.901829, -0.31343773, 0.2974246), (-0.88809174, -0.4551244, 0.064457566), (-0.46531358, -0.6011, -0.64974), (-0.5651249, -0.56368166, -0.60240924), (-0.7833788, -0.28087366, 0.5544616), (-0.8927738, -0.25546488, 0.37106967), (-0.75873023, -0.41347277, -0.50335747), (-0.9395412, -0.10571765, -0.3257085), (-0.642504, 0.16407704, 0.74851), (-0.7537344, -0.13003697, 0.6441853), (-0.9849224, 0.15783785, -0.07081788), (-0.9775495, 0.21065332, 0.004697914), (0.08383352, 0.004573706, 0.9964693), (0.13237952, -0.16121444, 0.9780008), (-0.7537344, -0.13003697, 0.6441853), (-0.642504, 0.16407704, 0.74851), (-0.8927738, -0.25546488, 0.37106967), (-0.901829, -0.31343773, 0.2974246), (-0.5651249, -0.56368166, -0.60240924), (-0.75873023, -0.41347277, -0.50335747), (-0.35710582, 0.08323095, 0.9303484), (-0.40609565, 0.20730506, 0.8900061), (-0.901829, -0.31343773, 0.2974246), (-0.8927738, -0.25546488, 0.37106967), (0.45819312, 0.624228, 0.6327704), (0.41643178, 0.5288522, 0.7395268), (-0.29850566, 0.5127235, 0.80499005), (-0.21738431, 0.6341925, 0.7419864), (-0.21738431, 0.6341925, 0.7419864), (-0.29850566, 0.5127235, 0.80499005), (-0.82130903, 0.28966007, 0.49147576), (-0.82312685, 0.31507918, 0.47242692), (-0.7537344, -0.13003697, 0.6441853), (-0.7833788, -0.28087366, 0.5544616), (-0.9395412, -0.10571765, -0.3257085), (-0.9849224, 0.15783785, -0.07081788), (0.13237952, -0.16121444, 0.9780008), (-0.1559773, -0.28391677, 0.94607735), (-0.7833788, -0.28087366, 0.5544616), (-0.7537344, -0.13003697, 0.6441853), (-0.27933535, 0.00803422, 0.96016), (-0.15583853, -0.02070387, 0.9875656), (-0.73495835, 0.17581692, 0.65492326), (-0.83283013, 0.32135123, 0.45069644), (-0.83283013, 0.32135123, 0.45069644), (-0.73495835, 0.17581692, 0.65492326), (-0.91678405, 0.3587497, -0.17551549), (-0.9076197, 0.33216995, -0.25669003), (0.20700663, 0.33517724, 0.9191325), (-0.1531319, 0.14921902, 0.97687477), (-0.7864386, 0.29095265, 0.5448494), (-0.45116132, 0.30064335, 0.8402779), (-0.45116132, 0.30064335, 0.8402779), (-0.7864386, 0.29095265, 0.5448494), (-0.93881035, 0.17713323, 0.29539612), (-0.8491046, 0.21603212, 0.48202857), (-0.15583853, -0.02070387, 0.9875656), (0.08383352, 0.004573706, 0.9964693), (-0.642504, 0.16407704, 0.74851), (-0.73495835, 0.17581692, 0.65492326), (-0.73495835, 0.17581692, 0.65492326), (-0.642504, 0.16407704, 0.74851), (-0.9775495, 0.21065332, 0.004697914), (-0.91678405, 0.3587497, -0.17551549), (0.56584525, -0.8236221, -0.038285214), (-0.02149924, -0.98501635, -0.17111544), (0.032017194, -0.9952601, -0.091827445), (0.5648831, -0.82456094, -0.031722825), (-0.02149924, -0.98501635, -0.17111544), (-0.55057335, -0.80760735, -0.21128039), (-0.5815064, -0.7947017, -0.17406759), (0.032017194, -0.9952601, -0.091827445), (0.52490246, -0.85097396, -0.017908446), (0.039577518, -0.9981775, 0.045554463), (0.0028669543, -0.98995817, 0.14133129), (0.45693922, -0.8893236, -0.017606473), (0.039577518, -0.9981775, 0.045554463), (-0.54378927, -0.8352931, 0.08110884), (-0.49537387, -0.8218441, 0.28138396), (0.0028669543, -0.98995817, 0.14133129), (0.32200417, -0.9466679, -0.011537238), (-0.17961551, -0.9739275, 0.1385763), (-0.42590636, -0.9044301, -0.024700345), (0.010910038, -0.9980462, -0.061519187), (-0.17961551, -0.9739275, 0.1385763), (-0.59489506, -0.7702068, 0.22995965), (-0.7725512, -0.63495046, -0.0016224296), (-0.42590636, -0.9044301, -0.024700345), (0.010910038, -0.9980462, -0.061519187), (-0.42590636, -0.9044301, -0.024700345), (-0.63047767, -0.76405877, -0.13679272), (-0.29780173, -0.9443885, -0.1394436), (-0.42590636, -0.9044301, -0.024700345), (-0.7725512, -0.63495046, -0.0016224296), (-0.8947505, -0.43200567, -0.113104776), (-0.63047767, -0.76405877, -0.13679272), (-0.4731921, -0.8543225, -0.21499385), (-0.7445136, -0.6535525, -0.13626713), (-0.8604871, -0.50846064, -0.032088805), (-0.64103657, -0.733117, -0.22718212), (-0.7445136, -0.6535525, -0.13626713), (-0.9582533, -0.28533947, 0.018220738), (-0.9487801, -0.21878123, 0.22792783), (-0.8604871, -0.50846064, -0.032088805), (-0.64103657, -0.733117, -0.22718212), (-0.8604871, -0.50846064, -0.032088805), (-0.8563466, -0.5156167, -0.02845835), (-0.8094533, -0.578919, -0.098174304), (-0.8604871, -0.50846064, -0.032088805), (-0.9487801, -0.21878123, 0.22792783), (-0.8563466, -0.5156167, -0.02845835), (-0.8094533, -0.578919, -0.098174304), (-0.8563466, -0.5156167, -0.02845835), (-0.8806748, -0.4731277, 0.023709713), (-0.8850725, -0.4617836, 0.058332063), (-0.8850725, -0.4617836, 0.058332063), (-0.8806748, -0.4731277, 0.023709713), (-0.88752764, -0.45427722, 0.07698628), (-0.8882141, -0.4529496, 0.07689057), (-0.8882141, -0.4529496, 0.07689057), (-0.88752764, -0.45427722, 0.07698628), (-0.8890603, -0.45130682, 0.07677201), (-0.10558308, -0.98164624, -0.15881707), (-0.53028, -0.828566, -0.17967057), (-0.55057335, -0.80760735, -0.21128039), (-0.02149924, -0.98501635, -0.17111544), (0.5354895, -0.8415172, -0.0714124), (-0.10558308, -0.98164624, -0.15881707), (-0.02149924, -0.98501635, -0.17111544), (0.56584525, -0.8236221, -0.038285214), (0.0028669543, -0.98995817, 0.14133129), (-0.49537387, -0.8218441, 0.28138396), (-0.59489506, -0.7702068, 0.22995965), (-0.17961551, -0.9739275, 0.1385763), (0.45693922, -0.8893236, -0.017606473), (0.0028669543, -0.98995817, 0.14133129), (-0.17961551, -0.9739275, 0.1385763), (0.32200417, -0.9466679, -0.011537238), (0.032017194, -0.9952601, -0.091827445), (-0.5815064, -0.7947017, -0.17406759), (-0.54378927, -0.8352931, 0.08110884), (0.039577518, -0.9981775, 0.045554463), (0.5648831, -0.82456094, -0.031722825), (0.032017194, -0.9952601, -0.091827445), (0.039577518, -0.9981775, 0.045554463), (0.52490246, -0.85097396, -0.017908446), (-0.316835, -0.9273854, -0.1989269), (-0.5320983, -0.8438782, -0.06885476), (-0.5555268, -0.83133036, 0.01673051), (-0.304118, -0.9515623, -0.04518292), (-0.5063218, -0.861987, 0.024833323), (-0.33179834, -0.939793, -0.0818483), (-0.42693263, -0.90261775, 0.054862175), (-0.48557192, -0.8713822, 0.07009307), (-0.2780227, -0.9197478, 0.27706924), (-0.51016676, -0.79595125, 0.3258705), (-0.44929308, -0.6255646, 0.63781244), (-0.22317651, -0.7829613, 0.5806581), (-0.22317651, -0.7829613, 0.5806581), (-0.44929308, -0.6255646, 0.63781244), (-0.41840792, -0.3797401, 0.8250651), (-0.2521745, -0.57705283, 0.77679986), (-0.2521745, -0.57705283, 0.77679986), (-0.41840792, -0.3797401, 0.8250651), (-0.34389657, -0.32981998, 0.87917805), (-0.33414015, -0.38631174, 0.85971713), (-0.2904169, -0.25909585, 0.9211554), (-0.27181262, -0.25464436, 0.9280486), (-0.15294264, -0.24496984, 0.95739144), (-0.14234525, -0.24530092, 0.9589397), (-0.41840792, -0.3797401, 0.8250651), (-0.5647641, -0.11873589, 0.81666595), (-0.34389657, -0.32981998, 0.87917805), (-0.44929308, -0.6255646, 0.63781244), (-0.62749064, -0.38707227, 0.6755965), (-0.5647641, -0.11873589, 0.81666595), (-0.41840792, -0.3797401, 0.8250651), (-0.51016676, -0.79595125, 0.3258705), (-0.6965091, -0.5929737, 0.404051), (-0.62749064, -0.38707227, 0.6755965), (-0.44929308, -0.6255646, 0.63781244), (-0.5320983, -0.8438782, -0.06885476), (-0.71566534, -0.6965721, 0.05109259), (-0.73279864, -0.6661892, 0.13855729), (-0.5555268, -0.83133036, 0.01673051), (-0.6804742, -0.7241983, 0.11176563), (-0.5063218, -0.861987, 0.024833323), (-0.48557192, -0.8713822, 0.07009307), (-0.48557192, -0.8713822, 0.07009307), (-0.42693263, -0.90261775, 0.054862175), (-0.39468613, -0.9142128, 0.09185726), (-0.39811558, -0.912866, 0.09044155), (-0.39811558, -0.912866, 0.09044155), (-0.39468613, -0.9142128, 0.09185726), (-0.34600967, -0.9315779, 0.1115341), (-0.14234525, -0.24530092, 0.9589397), (-0.15294264, -0.24496984, 0.95739144), (-0.031497434, -0.2634712, 0.96415293), (-0.015129519, -0.26993683, 0.96275914), (-0.015129519, -0.26993683, 0.96275914), (-0.031497434, -0.2634712, 0.96415293), (0.023500528, -0.27903405, 0.95999366), (0.02276941, -0.2764566, 0.9607566), (0.02276941, -0.2764566, 0.9607566), (0.023500528, -0.27903405, 0.95999366), (0.014603789, -0.24951535, 0.9682607), (0.011657647, -0.23994741, 0.9707159), (0.011657647, -0.23994741, 0.9707159), (0.014603789, -0.24951535, 0.9682607), (-0.017418545, -0.20870516, 0.97782356), (-0.017669205, -0.20860879, 0.9778396), (-0.017669205, -0.20860879, 0.9778396), (-0.017418545, -0.20870516, 0.97782356), (-0.041890856, -0.19922411, 0.97905815), (-0.33414015, -0.38631174, 0.85971713), (-0.34389657, -0.32981998, 0.87917805), (-0.27181262, -0.25464436, 0.9280486), (-0.2904169, -0.25909585, 0.9211554), (-0.5063218, -0.861987, 0.024833323), (-0.6804742, -0.7241983, 0.11176563), (-0.71566534, -0.6965721, 0.05109259), (-0.5320983, -0.8438782, -0.06885476), (-0.33179834, -0.939793, -0.0818483), (-0.5063218, -0.861987, 0.024833323), (-0.5320983, -0.8438782, -0.06885476), (-0.316835, -0.9273854, -0.1989269), (-0.5555268, -0.83133036, 0.01673051), (-0.73279864, -0.6661892, 0.13855729), (-0.6965091, -0.5929737, 0.404051), (-0.51016676, -0.79595125, 0.3258705), (-0.304118, -0.9515623, -0.04518292), (-0.5555268, -0.83133036, 0.01673051), (-0.51016676, -0.79595125, 0.3258705), (-0.2780227, -0.9197478, 0.27706924), (-0.6948708, -0.053532816, 0.71713936), (-0.77791566, -0.14322074, 0.6118291), (-0.6522304, -0.6970077, 0.29795265), (-0.6310119, -0.63883543, 0.4401288), (-0.89574426, -0.3477612, 0.27695534), (-0.9178, -0.39661595, 0.0184109), (-0.49005666, -0.7982419, -0.35022044), (-0.6018251, -0.79537034, -0.07205998), (-0.4404056, 0.5920513, 0.67492086), (-0.55583763, 0.4772213, 0.68066466), (-0.77791566, -0.14322074, 0.6118291), (-0.6948708, -0.053532816, 0.71713936), (-0.8004601, 0.28524658, 0.52716035), (-0.9146067, 0.18186526, 0.3611365), (-0.9178, -0.39661595, 0.0184109), (-0.89574426, -0.3477612, 0.27695534), (-0.34395134, -0.13652366, 0.9290096), (-0.6615638, -0.2341065, 0.7124097), (-0.24250624, -0.89004946, 0.38600874), (-0.2911242, -0.78790075, 0.5426409), (-0.75509715, -0.24898776, 0.60649264), (-0.804137, -0.16484216, 0.57113105), (0.034405205, -0.9632465, 0.26640654), (-0.16158843, -0.9202733, 0.35635135), (-0.16158843, -0.9202733, 0.35635135), (0.034405205, -0.9632465, 0.26640654), (0.6947043, -0.67505145, -0.24837755), (0.6066137, -0.75787115, -0.24010666), (-0.2911242, -0.78790075, 0.5426409), (-0.24250624, -0.89004946, 0.38600874), (0.37623277, -0.8866792, -0.26879165), (-0.007131274, -0.9495659, -0.31348643), (-0.86564434, -0.48205942, 0.13519832), (-0.4928945, -0.71807796, 0.49134418), (-0.34168997, -0.9042704, -0.25601345), (-0.44701758, -0.84121674, -0.30418685), (-0.80350804, 0.23041245, 0.5488943), (-0.4621383, 0.13284568, 0.87680113), (-0.4928945, -0.71807796, 0.49134418), (-0.86564434, -0.48205942, 0.13519832), (-0.24250624, -0.89004946, 0.38600874), (-0.16158843, -0.9202733, 0.35635135), (0.6066137, -0.75787115, -0.24010666), (0.37623277, -0.8866792, -0.26879165), (-0.6615638, -0.2341065, 0.7124097), (-0.75509715, -0.24898776, 0.60649264), (-0.16158843, -0.9202733, 0.35635135), (-0.24250624, -0.89004946, 0.38600874), (-0.4516974, 0.6315893, 0.63013047), (-0.4404056, 0.5920513, 0.67492086), (-0.6948708, -0.053532816, 0.71713936), (-0.69618887, 0.011048377, 0.7177737), (-0.69618887, 0.011048377, 0.7177737), (-0.6948708, -0.053532816, 0.71713936), (-0.6310119, -0.63883543, 0.4401288), (-0.6128373, -0.6424459, 0.4601018), (-0.4928945, -0.71807796, 0.49134418), (-0.2911242, -0.78790075, 0.5426409), (-0.007131274, -0.9495659, -0.31348643), (-0.34168997, -0.9042704, -0.25601345), (-0.4621383, 0.13284568, 0.87680113), (-0.34395134, -0.13652366, 0.9290096), (-0.2911242, -0.78790075, 0.5426409), (-0.4928945, -0.71807796, 0.49134418), (-0.9146067, 0.18186526, 0.3611365), (-0.80350804, 0.23041245, 0.5488943), (-0.86564434, -0.48205942, 0.13519832), (-0.9178, -0.39661595, 0.0184109), (-0.9178, -0.39661595, 0.0184109), (-0.86564434, -0.48205942, 0.13519832), (-0.44701758, -0.84121674, -0.30418685), (-0.49005666, -0.7982419, -0.35022044), (-0.55583763, 0.4772213, 0.68066466), (-0.8004601, 0.28524658, 0.52716035), (-0.89574426, -0.3477612, 0.27695534), (-0.77791566, -0.14322074, 0.6118291), (-0.77791566, -0.14322074, 0.6118291), (-0.89574426, -0.3477612, 0.27695534), (-0.6018251, -0.79537034, -0.07205998), (-0.6522304, -0.6970077, 0.29795265), (-0.37124655, -0.9270653, -0.052210473), (-0.5847971, -0.80693215, 0.08290303), (-0.5857521, -0.8020678, 0.11653997), (-0.36744234, -0.93004364, 0.0022277737), (-0.62020653, -0.77911466, 0.09123708), (-0.43323544, -0.9011209, -0.01697705), (-0.6013761, -0.79895324, -0.004530656), (-0.64668936, -0.76205945, 0.032530975), (-0.35114634, -0.9260002, 0.13863586), (-0.5491409, -0.7910741, 0.26952943), (-0.4946411, -0.71617144, 0.49237046), (-0.33297512, -0.88668144, 0.32081705), (-0.33297512, -0.88668144, 0.32081705), (-0.4946411, -0.71617144, 0.49237046), (-0.4855234, -0.4814944, 0.7296782), (-0.37996265, -0.7516029, 0.5391859), (-0.37996265, -0.7516029, 0.5391859), (-0.4855234, -0.4814944, 0.7296782), (-0.45313382, -0.43812174, 0.7763499), (-0.47567648, -0.5174892, 0.7112924), (-0.41254255, -0.41756335, 0.8095983), (-0.39759675, -0.4278189, 0.811719), (-0.35982075, -0.47571293, 0.8026371), (-0.35667297, -0.48226443, 0.80012834), (-0.4855234, -0.4814944, 0.7296782), (-0.48089632, -0.13466184, 0.8663746), (-0.45313382, -0.43812174, 0.7763499), (-0.4946411, -0.71617144, 0.49237046), (-0.6053086, -0.3871419, 0.69550174), (-0.48089632, -0.13466184, 0.8663746), (-0.4855234, -0.4814944, 0.7296782), (-0.5491409, -0.7910741, 0.26952943), (-0.7001387, -0.5784205, 0.4186116), (-0.6053086, -0.3871419, 0.69550174), (-0.4946411, -0.71617144, 0.49237046), (-0.5847971, -0.80693215, 0.08290303), (-0.74614865, -0.6322036, 0.20876013), (-0.7575384, -0.60500574, 0.24516052), (-0.5857521, -0.8020678, 0.11653997), (-0.7578578, -0.62464297, 0.18834159), (-0.62020653, -0.77911466, 0.09123708), (-0.64668936, -0.76205945, 0.032530975), (-0.64668936, -0.76205945, 0.032530975), (-0.6013761, -0.79895324, -0.004530656), (-0.58052266, -0.81420916, -0.0075493865), (-0.5859078, -0.8103336, -0.008461035), (-0.5859078, -0.8103336, -0.008461035), (-0.58052266, -0.81420916, -0.0075493865), (-0.53945166, -0.8420162, -0.0007254745), (-0.35667297, -0.48226443, 0.80012834), (-0.35982075, -0.47571293, 0.8026371), (-0.3280116, -0.5475354, 0.76981384), (-0.31788486, -0.57248706, 0.7557829), (-0.31788486, -0.57248706, 0.7557829), (-0.3280116, -0.5475354, 0.76981384), (-0.2965076, -0.6093762, 0.73535293), (-0.2899718, -0.6146342, 0.733581), (-0.2899718, -0.6146342, 0.733581), (-0.2965076, -0.6093762, 0.73535293), (-0.27808255, -0.60551775, 0.7456664), (-0.2721715, -0.58312315, 0.76543456), (-0.2721715, -0.58312315, 0.76543456), (-0.27808255, -0.60551775, 0.7456664), (-0.28412473, -0.54290324, 0.7902715), (-0.2977851, -0.5266402, 0.79622495), (-0.2977851, -0.5266402, 0.79622495), (-0.28412473, -0.54290324, 0.7902715), (-0.3189047, -0.5006339, 0.80477667), (-0.47567648, -0.5174892, 0.7112924), (-0.45313382, -0.43812174, 0.7763499), (-0.39759675, -0.4278189, 0.811719), (-0.41254255, -0.41756335, 0.8095983), (-0.62020653, -0.77911466, 0.09123708), (-0.7578578, -0.62464297, 0.18834159), (-0.74614865, -0.6322036, 0.20876013), (-0.5847971, -0.80693215, 0.08290303), (-0.43323544, -0.9011209, -0.01697705), (-0.62020653, -0.77911466, 0.09123708), (-0.5847971, -0.80693215, 0.08290303), (-0.37124655, -0.9270653, -0.052210473), (-0.5857521, -0.8020678, 0.11653997), (-0.7575384, -0.60500574, 0.24516052), (-0.7001387, -0.5784205, 0.4186116), (-0.5491409, -0.7910741, 0.26952943), (-0.36744234, -0.93004364, 0.0022277737), (-0.5857521, -0.8020678, 0.11653997), (-0.5491409, -0.7910741, 0.26952943), (-0.35114634, -0.9260002, 0.13863586), (-0.7404616, -0.6586038, 0.13400657), (-0.31746823, -0.86833245, 0.381068), (-0.3482391, -0.8731249, 0.3411487), (-0.7447338, -0.6552359, 0.12663896), (-0.7447338, -0.6552359, 0.12663896), (-0.3482391, -0.8731249, 0.3411487), (-0.37927404, -0.9056854, 0.18943334), (-0.7519595, -0.6529887, 0.09034708), (-0.3482391, -0.8731249, 0.3411487), (0.16079573, -0.86591816, 0.47363532), (0.18208541, -0.95256966, 0.24383573), (-0.37927404, -0.9056854, 0.18943334), (-0.31746823, -0.86833245, 0.381068), (0.15710331, -0.8430677, 0.5143496), (0.16079573, -0.86591816, 0.47363532), (-0.3482391, -0.8731249, 0.3411487), (-0.37927404, -0.9056854, 0.18943334), (0.18208541, -0.95256966, 0.24383573), (0.18206869, -0.9831614, 0.015642066), (-0.30174714, -0.9516252, 0.057949167), (-0.30174714, -0.9516252, 0.057949167), (0.18206869, -0.9831614, 0.015642066), (0.17379525, -0.9845636, -0.020730654), (-0.15527426, -0.98756903, 0.024436127), (-0.7026495, -0.7080754, 0.07009217), (-0.30174714, -0.9516252, 0.057949167), (-0.15527426, -0.98756903, 0.024436127), (-0.6266086, -0.7742997, 0.08844042), (-0.7519595, -0.6529887, 0.09034708), (-0.37927404, -0.9056854, 0.18943334), (-0.30174714, -0.9516252, 0.057949167), (-0.7026495, -0.7080754, 0.07009217), (0.034150515, -0.94120604, -0.33610266), (-0.2358518, -0.9198399, -0.31347796), (-0.262808, -0.90707564, -0.3288551), (0.005590855, -0.93521196, -0.35404423), (-0.2358518, -0.9198399, -0.31347796), (-0.4998531, -0.83752215, -0.22068869), (-0.4829097, -0.8252392, -0.2928796), (-0.262808, -0.90707564, -0.3288551), (-0.24928835, -0.8254605, -0.50642896), (-0.44863203, -0.7431912, -0.4963831), (-0.41576582, -0.6113503, -0.67334217), (-0.21494891, -0.72821176, -0.6507722), (0.00938598, -0.8837797, -0.46780893), (-0.24928835, -0.8254605, -0.50642896), (-0.21494891, -0.72821176, -0.6507722), (0.036885306, -0.84106815, -0.53967017), (-0.19033088, -0.72385055, -0.66318524), (-0.4151758, -0.51641023, -0.7489656), (-0.5097372, -0.52429944, -0.68211293), (-0.26032877, -0.7389647, -0.62141794), (0.07418757, -0.8566256, -0.5105769), (-0.19033088, -0.72385055, -0.66318524), (-0.26032877, -0.7389647, -0.62141794), (-0.042707324, -0.84134233, -0.53881276), (-0.26032877, -0.7389647, -0.62141794), (-0.5097372, -0.52429944, -0.68211293), (-0.76997185, -0.41208988, -0.48716038), (-0.5051235, -0.69193834, -0.51582116), (-0.042707324, -0.84134233, -0.53881276), (-0.26032877, -0.7389647, -0.62141794), (-0.5051235, -0.69193834, -0.51582116), (-0.16774555, -0.88480383, -0.4347225), (-0.5051235, -0.69193834, -0.51582116), (-0.76997185, -0.41208988, -0.48716038), (-0.9654778, -0.26021346, -0.011896991), (-0.6115165, -0.6273414, -0.4821725), (-0.16774555, -0.88480383, -0.4347225), (-0.5051235, -0.69193834, -0.51582116), (-0.6115165, -0.6273414, -0.4821725), (0.26332283, -0.8116935, -0.5213585), (-0.6115165, -0.6273414, -0.4821725), (-0.9654778, -0.26021346, -0.011896991), (-0.93544775, -0.19925408, 0.29195076), (-0.92884713, -0.16963898, 0.32934123), (0.26332283, -0.8116935, -0.5213585), (-0.6115165, -0.6273414, -0.4821725), (-0.92884713, -0.16963898, 0.32934123), (0.92436004, 0.34897125, -0.15419976), (-0.92884713, -0.16963898, 0.32934123), (-0.93544775, -0.19925408, 0.29195076), (-0.9067539, -0.18762383, 0.37761715), (0.92436004, 0.34897125, -0.15419976), (-0.92884713, -0.16963898, 0.32934123), (-0.9067539, -0.18762383, 0.37761715), (-0.9132047, -0.18116698, 0.36501452), (-0.8760473, -0.19663908, 0.4403115), (-0.87604386, -0.19663924, 0.44031832), (-0.873618, -0.19065702, 0.44770694), (-0.8738909, -0.19297513, 0.4461786), (-0.9132047, -0.18116698, 0.36501452), (-0.9067539, -0.18762383, 0.37761715), (-0.8883442, -0.1920913, 0.41706783), (-0.8914908, -0.19212876, 0.41028118), (-0.8808445, -0.19394056, 0.43185654), (-0.8800829, -0.19459154, 0.43311438), (-0.87604386, -0.19663924, 0.44031832), (-0.8760473, -0.19663908, 0.4403115), (-0.8914908, -0.19212876, 0.41028118), (-0.8883442, -0.1920913, 0.41706783), (-0.8800829, -0.19459154, 0.43311438), (-0.8808445, -0.19394056, 0.43185654), (-0.8738909, -0.19297513, 0.4461786), (-0.873618, -0.19065702, 0.44770694), (-0.87316567, -0.1869328, 0.45015302), (-0.8731657, -0.18693282, 0.45015305), (0.005590855, -0.93521196, -0.35404423), (-0.262808, -0.90707564, -0.3288551), (-0.24928835, -0.8254605, -0.50642896), (0.00938598, -0.8837797, -0.46780893), (-0.262808, -0.90707564, -0.3288551), (-0.4829097, -0.8252392, -0.2928796), (-0.44863203, -0.7431912, -0.4963831), (-0.24928835, -0.8254605, -0.50642896), (0.036885306, -0.84106815, -0.53967017), (-0.21494891, -0.72821176, -0.6507722), (-0.19033088, -0.72385055, -0.66318524), (0.07418757, -0.8566256, -0.5105769), (-0.21494891, -0.72821176, -0.6507722), (-0.41576582, -0.6113503, -0.67334217), (-0.4151758, -0.51641023, -0.7489656), (-0.19033088, -0.72385055, -0.66318524), (-0.21803263, -0.8504537, -0.47873837), (-0.4738097, -0.80038023, -0.36728182), (-0.4998531, -0.83752215, -0.22068869), (-0.2358518, -0.9198399, -0.31347796), (0.03231459, -0.89453655, -0.44582528), (-0.21803263, -0.8504537, -0.47873837), (-0.2358518, -0.9198399, -0.31347796), (0.034150515, -0.94120604, -0.33610266), (-0.014197948, -0.8360771, -0.5484282), (-0.21594465, -0.81577265, -0.5365471), (-0.21803263, -0.8504537, -0.47873837), (0.03231459, -0.89453655, -0.44582528), (-0.21594465, -0.81577265, -0.5365471), (-0.4053957, -0.76308674, -0.50334185), (-0.4738097, -0.80038023, -0.36728182), (-0.21803263, -0.8504537, -0.47873837), (0.46306333, -0.8781159, 0.12035256), (0.1095596, -0.9925585, 0.05314394), (-0.066722415, -0.99318475, 0.09556296), (0.3189231, -0.94545627, 0.06633607), (0.25282457, -0.9565688, 0.14510664), (-0.08720347, -0.9914917, 0.09664291), (-0.022210808, -0.99951833, -0.021672213), (0.35409373, -0.9351431, 0.011176602), (0.35409373, -0.9351431, 0.011176602), (-0.022210808, -0.99951833, -0.021672213), (-0.17269765, -0.983084, 0.061002176), (0.27674416, -0.9609433, -0.0008563447), (0.27674416, -0.9609433, -0.0008563447), (-0.17269765, -0.983084, 0.061002176), (-0.0022962359, -0.96121556, 0.27578846), (0.0039068772, -0.9582648, 0.28585523), (0.047680262, -0.9054964, 0.42166677), (0.015171042, -0.9036881, 0.42792255), (0.16670549, -0.89790994, 0.40739048), (0.3370241, -0.85464513, 0.39496377), (-0.17269765, -0.983084, 0.061002176), (-0.5132127, -0.85235953, 0.10047799), (-0.0022962359, -0.96121556, 0.27578846), (0.3370241, -0.85464513, 0.39496377), (0.16670549, -0.89790994, 0.40739048), (0.4314925, -0.81549335, 0.38572648), (0.6960293, -0.6263746, 0.35099587), (0.6960293, -0.6263746, 0.35099587), (0.4314925, -0.81549335, 0.38572648), (0.6933057, -0.6320396, 0.3461981), (0.60182583, -0.72720045, 0.33012924), (0.60182583, -0.72720045, 0.33012924), (0.6933057, -0.6320396, 0.3461981), (0.59554595, -0.74988467, 0.28809378), (0.6028085, -0.78225315, 0.15716842), (0.6028085, -0.78225315, 0.15716842), (0.59554595, -0.74988467, 0.28809378), (0.62193507, -0.7752256, 0.110553674), (0.6667118, -0.7402674, 0.08659995), (0.6667118, -0.7402674, 0.08659995), (0.62193507, -0.7752256, 0.110553674), (0.6810847, -0.72798055, 0.078536406), (0.6810847, -0.72798055, 0.078536406), (-0.022210808, -0.99951833, -0.021672213), (-0.48395735, -0.87508714, 0.0028006), (-0.5132127, -0.85235953, 0.10047799), (-0.17269765, -0.983084, 0.061002176), (-0.08720347, -0.9914917, 0.09664291), (-0.4466516, -0.8940067, 0.03541699), (-0.48395735, -0.87508714, 0.0028006), (-0.022210808, -0.99951833, -0.021672213), (0.1095596, -0.9925585, 0.05314394), (-0.2850738, -0.95822006, 0.023393087), (-0.409532, -0.90764636, 0.091987036), (-0.066722415, -0.99318475, 0.09556296), (0.0039068772, -0.9582648, 0.28585523), (-0.0022962359, -0.96121556, 0.27578846), (0.015171042, -0.9036881, 0.42792255), (0.047680262, -0.9054964, 0.42166677), (-0.066722415, -0.99318475, 0.09556296), (-0.409532, -0.90764636, 0.091987036), (-0.4466516, -0.8940067, 0.03541699), (-0.08720347, -0.9914917, 0.09664291), (0.3189231, -0.94545627, 0.06633607), (-0.066722415, -0.99318475, 0.09556296), (-0.08720347, -0.9914917, 0.09664291), (0.25282457, -0.9565688, 0.14510664), (0.20800138, -0.9356867, 0.2850015), (-0.17345266, -0.97497296, 0.13907512), (-0.2850738, -0.95822006, 0.023393087), (0.1095596, -0.9925585, 0.05314394), (0.49337777, -0.76582855, 0.41241366), (0.20800138, -0.9356867, 0.2850015), (0.1095596, -0.9925585, 0.05314394), (0.46306333, -0.8781159, 0.12035256), (0.47347233, -0.70055133, 0.5339024), (0.25847965, -0.84156144, 0.4743021), (0.20800138, -0.9356867, 0.2850015), (0.49337777, -0.76582855, 0.41241366), (0.25847965, -0.84156144, 0.4743021), (-0.14305615, -0.9435555, 0.2987276), (-0.17345266, -0.97497296, 0.13907512), (0.20800138, -0.9356867, 0.2850015), (0.039312918, -0.86082244, 0.50738466), (-0.71177465, -0.5767113, 0.40097496), (-0.8720984, -0.37025777, 0.31992748), (-0.06203734, -0.74291295, 0.6665071), (-0.06203734, -0.74291295, 0.6665071), (-0.8720984, -0.37025777, 0.31992748), (-0.44434685, -0.48775473, 0.75143284), (0.3591368, -0.4933816, 0.79220915), (0.3591368, -0.4933816, 0.79220915), (-0.44434685, -0.48775473, 0.75143284), (0.13746849, -0.6069967, 0.78272444), (0.716408, -0.4209515, 0.5563806), (0.716408, -0.4209515, 0.5563806), (0.13746849, -0.6069967, 0.78272444), (0.22341695, -0.7450272, 0.6285057), (0.75820374, -0.39945468, 0.51532805), (0.7204535, -0.25125176, 0.6463895), (0.31025818, -0.7512513, 0.58254725), (0.39312384, -0.7804299, 0.4861922), (0.7485818, -0.2249412, 0.62372005), (0.7485818, -0.2249412, 0.62372005), (0.39312384, -0.7804299, 0.4861922), (0.18535863, -0.80346024, 0.5657683), (0.54080695, -0.3249044, 0.775864), (0.38336843, -0.4438219, 0.8099696), (0.54080695, -0.3249044, 0.775864), (0.18535863, -0.80346024, 0.5657683), (-0.078802444, -0.8044881, 0.5887181), (-0.078802444, -0.8044881, 0.5887181), (0.05965926, -0.9217624, 0.38313818), (0.08525893, -0.9072139, 0.4119389), (0.08525893, -0.9072139, 0.4119389), (0.05965926, -0.9217624, 0.38313818), (-0.08051678, -0.9264353, 0.36774278), (-0.09054078, -0.92464876, 0.36990145), (-0.09054078, -0.92464876, 0.36990145), (-0.08051678, -0.9264353, 0.36774278), (-0.23561013, -0.860392, 0.4518998), (-0.22842133, -0.86723286, 0.44241476), (-0.22842133, -0.86723286, 0.44241476), (-0.23561013, -0.860392, 0.4518998), (-0.27442318, -0.8197876, 0.50263315), (-0.27442318, -0.8197876, 0.50263315), (-0.078802444, -0.8044881, 0.5887181), (-0.52351594, -0.82553, 0.21078691), (-0.10570807, -0.8779125, 0.46700692), (-0.19465594, -0.89057475, 0.4110786), (0.18535863, -0.80346024, 0.5657683), (-0.42753685, -0.8938532, 0.13505091), (-0.52351594, -0.82553, 0.21078691), (-0.078802444, -0.8044881, 0.5887181), (-0.19465594, -0.89057475, 0.4110786), (-0.10570807, -0.8779125, 0.46700692), (0.0506141, -0.8725349, 0.4859229), (0.041940372, -0.8818768, 0.46961084), (0.041940372, -0.8818768, 0.46961084), (0.0506141, -0.8725349, 0.4859229), (-0.009716285, -0.9293666, 0.3690302), (-0.009716285, -0.9293666, 0.3690302), (0.39312384, -0.7804299, 0.4861922), (-0.1186525, -0.9631445, 0.24140081), (-0.42753685, -0.8938532, 0.13505091), (0.18535863, -0.80346024, 0.5657683), (0.31025818, -0.7512513, 0.58254725), (-0.18511823, -0.9025582, 0.38874143), (-0.1186525, -0.9631445, 0.24140081), (0.39312384, -0.7804299, 0.4861922), (0.13746849, -0.6069967, 0.78272444), (-0.5655834, -0.4881117, 0.6647273), (-0.23377924, -0.766077, 0.59872645), (0.22341695, -0.7450272, 0.6285057), (-0.44434685, -0.48775473, 0.75143284), (-0.97587323, -0.13067333, 0.17491677), (-0.5655834, -0.4881117, 0.6647273), (0.13746849, -0.6069967, 0.78272444), (-0.8720984, -0.37025777, 0.31992748), (-0.96595854, 0.16151439, -0.20208201), (-0.97587323, -0.13067333, 0.17491677), (-0.44434685, -0.48775473, 0.75143284), (-0.71177465, -0.5767113, 0.40097496), (-0.9936148, -0.017798536, 0.11141339), (-0.96595854, 0.16151439, -0.20208201), (-0.8720984, -0.37025777, 0.31992748), (-0.5169763, -0.6912265, 0.50491726), (-0.9181405, -0.26043662, 0.29864827), (-0.9936148, -0.017798536, 0.11141339), (-0.71177465, -0.5767113, 0.40097496), (0.21353747, -0.84489566, 0.49046203), (-0.5169763, -0.6912265, 0.50491726), (-0.71177465, -0.5767113, 0.40097496), (0.039312918, -0.86082244, 0.50738466), (0.22341695, -0.7450272, 0.6285057), (-0.23377924, -0.766077, 0.59872645), (-0.18511823, -0.9025582, 0.38874143), (0.31025818, -0.7512513, 0.58254725), (0.75820374, -0.39945468, 0.51532805), (0.22341695, -0.7450272, 0.6285057), (0.31025818, -0.7512513, 0.58254725), (0.7204535, -0.25125176, 0.6463895), (-0.978311, -0.17823245, -0.10555018), (-0.9352716, 0.12328603, -0.33176434), (-0.9611679, -0.15664932, -0.22719459), (-0.87369776, -0.47915974, 0.08401196), (-0.87369776, -0.47915974, 0.08401196), (-0.9611679, -0.15664932, -0.22719459), (-0.73829967, -0.66177124, 0.13027792), (-0.32704166, -0.8439769, 0.42514306), (-0.32704166, -0.8439769, 0.42514306), (-0.73829967, -0.66177124, 0.13027792), (-0.43610048, -0.784356, 0.4411373), (0.023027064, -0.8023993, 0.5963432), (0.023027064, -0.8023993, 0.5963432), (-0.43610048, -0.784356, 0.4411373), (-0.3346743, -0.7361027, 0.5883416), (0.054196015, -0.73010063, 0.6811871), (0.054196015, -0.73010063, 0.6811871), (-0.3346743, -0.7361027, 0.5883416), (-0.41617665, -0.74627626, 0.5194889), (-0.05625341, -0.7776605, 0.62616265), (-0.05625341, -0.7776605, 0.62616265), (-0.41617665, -0.74627626, 0.5194889), (-0.55170774, -0.68535775, 0.4752929), (-0.18619467, -0.7299002, 0.65770614), (-0.35590175, -0.65355265, 0.66798425), (-0.18619467, -0.7299002, 0.65770614), (-0.55170774, -0.68535775, 0.4752929), (-0.28732973, -0.6620657, 0.69217825), (-0.35590175, -0.65355265, 0.66798425), (-0.28732973, -0.6620657, 0.69217825), (-0.57047534, -0.50737166, 0.6458575), (-0.6094198, -0.463118, 0.64352876), (-0.77304155, -0.09384251, 0.6273758), (-0.74700564, -0.22200702, 0.6266541), (-0.8244278, -0.11270806, 0.5546312), (-0.84897995, -0.40317228, 0.34159216), (-0.90619177, -0.14695446, 0.39651096), (-0.8954459, -0.21263239, 0.39110628), (-0.8366672, -0.046001893, 0.5457764), (-0.82501304, -0.040946405, 0.5636283), (-0.82501304, -0.040946405, 0.5636283), (-0.8366672, -0.046001893, 0.5457764), (-0.72169894, -0.001276918, 0.69220597), (-0.72169894, -0.001276918, 0.69220597), (-0.85306424, -0.45243952, 0.25996113), (-0.8367624, -0.47683534, 0.26917776), (-0.43915975, -0.78820664, 0.43112528), (-0.557418, -0.7305105, 0.39451188), (-0.55170774, -0.68535775, 0.4752929), (-0.85771877, -0.44884303, 0.250716), (-0.8367624, -0.47683534, 0.26917776), (-0.85306424, -0.45243952, 0.25996113), (-0.557418, -0.7305105, 0.39451188), (-0.43915975, -0.78820664, 0.43112528), (-0.33429694, -0.8557546, 0.39487907), (-0.33449948, -0.8557452, 0.394728), (-0.33449948, -0.8557452, 0.394728), (-0.33429694, -0.8557546, 0.39487907), (-0.45127872, -0.8403325, 0.3003145), (-0.45127872, -0.8403325, 0.3003145), (-0.41617665, -0.74627626, 0.5194889), (-0.706852, -0.59465057, 0.383081), (-0.85771877, -0.44884303, 0.250716), (-0.55170774, -0.68535775, 0.4752929), (-0.3346743, -0.7361027, 0.5883416), (-0.69485927, -0.6225607, 0.35998434), (-0.706852, -0.59465057, 0.383081), (-0.41617665, -0.74627626, 0.5194889), (-0.43610048, -0.784356, 0.4411373), (-0.8285958, -0.54805386, 0.114306696), (-0.69485927, -0.6225607, 0.35998434), (-0.3346743, -0.7361027, 0.5883416), (-0.73829967, -0.66177124, 0.13027792), (-0.94155, -0.1713549, -0.29003623), (-0.8285958, -0.54805386, 0.114306696), (-0.43610048, -0.784356, 0.4411373), (-0.9611679, -0.15664932, -0.22719459), (-0.81588936, 0.27587622, -0.5081504), (-0.94155, -0.1713549, -0.29003623), (-0.73829967, -0.66177124, 0.13027792), (-0.9352716, 0.12328603, -0.33176434), (-0.7320085, 0.43412378, -0.52507156), (-0.81588936, 0.27587622, -0.5081504), (-0.9611679, -0.15664932, -0.22719459), (-0.8746152, -0.33788985, 0.34767628), (-0.8490455, -0.4450648, 0.2846735), (-0.8954459, -0.21263239, 0.39110628), (-0.90619177, -0.14695446, 0.39651096), (-0.84897995, -0.40317228, 0.34159216), (-0.8244278, -0.11270806, 0.5546312), (-0.8490455, -0.4450648, 0.2846735), (-0.8746152, -0.33788985, 0.34767628), (-0.6094198, -0.463118, 0.64352876), (-0.57047534, -0.50737166, 0.6458575), (-0.74700564, -0.22200702, 0.6266541), (-0.77304155, -0.09384251, 0.6273758), (-0.81354254, 0.475677, -0.33448458), (-0.683345, 0.6994471, -0.20931636), (-0.56798273, 0.78512067, -0.24694373), (-0.78212744, 0.46965858, -0.40950885), (-0.78212744, 0.46965858, -0.40950885), (-0.56798273, 0.78512067, -0.24694373), (-0.48696983, 0.8125137, -0.32044035), (-0.71895564, 0.43164068, -0.54478353), (-0.71895564, 0.43164068, -0.54478353), (-0.48696983, 0.8125137, -0.32044035), (-0.3687966, 0.8997948, -0.23314887), (-0.67438567, 0.5903716, -0.44346964), (-0.67438567, 0.5903716, -0.44346964), (-0.3687966, 0.8997948, -0.23314887), (-0.47367522, 0.8657027, -0.1618356), (-0.49971616, 0.8446488, -0.19196956), (-0.49971616, 0.8446488, -0.19196956), (-0.47367522, 0.8657027, -0.1618356), (-0.44848523, 0.89377695, 0.0048721684), (-0.44554618, 0.8952571, -0.0018006471), (-0.3687966, 0.8997948, -0.23314887), (-0.015311951, 0.9997727, 0.014832254), (-0.47367522, 0.8657027, -0.1618356), (-0.44554618, 0.8952571, -0.0018006471), (-0.44848523, 0.89377695, 0.0048721684), (-0.531474, 0.8459484, 0.043665003), (-0.5933839, 0.8048494, 0.01063131), (-0.5933839, 0.8048494, 0.01063131), (-0.531474, 0.8459484, 0.043665003), (-0.6402997, 0.7622538, -0.09479083), (-0.63554263, 0.7502483, -0.18224454), (-0.63554263, 0.7502483, -0.18224454), (-0.6402997, 0.7622538, -0.09479083), (-0.6315487, 0.7140594, -0.30210155), (-0.6318059, 0.6684951, -0.39234632), (-0.6318059, 0.6684951, -0.39234632), (-0.6315487, 0.7140594, -0.30210155), (-0.6454634, 0.63548267, -0.42372018), (-0.65767294, 0.6297976, -0.4133053), (-0.65767294, 0.6297976, -0.4133053), (-0.6454634, 0.63548267, -0.42372018), (-0.67324686, 0.62214094, -0.399599), (-0.67324686, 0.62214094, -0.399599), (-0.48696983, 0.8125137, -0.32044035), (-0.08438045, 0.99550956, -0.04290288), (-0.015311951, 0.9997727, 0.014832254), (-0.3687966, 0.8997948, -0.23314887), (-0.56798273, 0.78512067, -0.24694373), (-0.22512096, 0.97432303, 0.0039008507), (-0.08438045, 0.99550956, -0.04290288), (-0.48696983, 0.8125137, -0.32044035), (-0.683345, 0.6994471, -0.20931636), (-0.28095233, 0.95687836, 0.07382222), (-0.22512096, 0.97432303, 0.0039008507), (-0.56798273, 0.78512067, -0.24694373), (0.38336843, -0.4438219, 0.8099696), (-0.078802444, -0.8044881, 0.5887181), (0.08525893, -0.9072139, 0.4119389), (-0.4022501, 0.40685788, 0.8201595), (-0.5114722, 0.46627113, 0.7217946), (-0.9294877, 0.21535717, 0.299456), (-0.87715834, 0.18679151, 0.44238243), (-0.72364163, 0.5673648, 0.39298856), (-0.7625447, 0.6308629, 0.14330976), (-0.9063034, 0.18637784, -0.379312), (-0.97191054, 0.21926574, -0.08551313), (0.28318313, 0.4550103, 0.84425884), (0.13272999, 0.506474, 0.8519781), (-0.5114722, 0.46627113, 0.7217946), (-0.4022501, 0.40685788, 0.8201595), (-0.1293279, 0.67437494, 0.72697514), (-0.2586339, 0.77238184, 0.5801161), (-0.7625447, 0.6308629, 0.14330976), (-0.72364163, 0.5673648, 0.39298856), (-0.33284542, 0.022419224, 0.9427148), (-0.5417223, 0.3106305, 0.7810541), (-0.9357804, -0.24460676, 0.25393406), (-0.8781001, -0.19612014, 0.43643677), (-0.58709604, 0.41018188, 0.6979034), (-0.5306856, 0.49261662, 0.6897112), (-0.87250257, -0.48404267, 0.0666487), (-0.9253984, -0.32041857, 0.20240963), (-0.9253984, -0.32041857, 0.20240963), (-0.87250257, -0.48404267, 0.0666487), (-0.27582988, -0.8086081, -0.51968336), (-0.38702226, -0.76915115, -0.5085471), (-0.8781001, -0.19612014, 0.43643677), (-0.9357804, -0.24460676, 0.25393406), (-0.59925604, -0.61762214, -0.5093478), (-0.8223901, -0.30512062, -0.48018327), (-0.8208576, 0.5233889, 0.2285977), (-0.8943415, 0.020296918, 0.44692436), (-0.9386931, -0.011501008, -0.34456208), (-0.92790645, 0.11981108, -0.35303688), (-0.18047564, 0.6519205, 0.7364972), (-0.14174211, 0.24264173, 0.95970523), (-0.8943415, 0.020296918, 0.44692436), (-0.8208576, 0.5233889, 0.2285977), (-0.9357804, -0.24460676, 0.25393406), (-0.9253984, -0.32041857, 0.20240963), (-0.38702226, -0.76915115, -0.5085471), (-0.59925604, -0.61762214, -0.5093478), (-0.5417223, 0.3106305, 0.7810541), (-0.58709604, 0.41018188, 0.6979034), (-0.9253984, -0.32041857, 0.20240963), (-0.9357804, -0.24460676, 0.25393406), (0.31598377, 0.49100545, 0.81183), (0.28318313, 0.4550103, 0.84425884), (-0.4022501, 0.40685788, 0.8201595), (-0.34903294, 0.4316554, 0.83177507), (-0.34903294, 0.4316554, 0.83177507), (-0.4022501, 0.40685788, 0.8201595), (-0.87715834, 0.18679151, 0.44238243), (-0.8741164, 0.16470075, 0.45694), (-0.8943415, 0.020296918, 0.44692436), (-0.8781001, -0.19612014, 0.43643677), (-0.8223901, -0.30512062, -0.48018327), (-0.9386931, -0.011501008, -0.34456208), (-0.14174211, 0.24264173, 0.95970523), (-0.33284542, 0.022419224, 0.9427148), (-0.8781001, -0.19612014, 0.43643677), (-0.8943415, 0.020296918, 0.44692436), (-0.2586339, 0.77238184, 0.5801161), (-0.18047564, 0.6519205, 0.7364972), (-0.8208576, 0.5233889, 0.2285977), (-0.7625447, 0.6308629, 0.14330976), (-0.7625447, 0.6308629, 0.14330976), (-0.8208576, 0.5233889, 0.2285977), (-0.92790645, 0.11981108, -0.35303688), (-0.9063034, 0.18637784, -0.379312), (0.13272999, 0.506474, 0.8519781), (-0.1293279, 0.67437494, 0.72697514), (-0.72364163, 0.5673648, 0.39298856), (-0.5114722, 0.46627113, 0.7217946), (-0.5114722, 0.46627113, 0.7217946), (-0.72364163, 0.5673648, 0.39298856), (-0.97191054, 0.21926574, -0.08551313), (-0.9294877, 0.21535717, 0.299456), (0.91384065, 0.057035457, 0.40204757), (0.83212966, -0.53309864, 0.1528596), (0.83224005, -0.4916731, 0.25619122), (0.9119186, 0.054421533, 0.4067467), (0.83212966, -0.53309864, 0.1528596), (0.45924723, -0.8834247, -0.09302078), (0.42253032, -0.90177387, -0.09095029), (0.83224005, -0.4916731, 0.25619122), (0.9092793, 0.006998633, 0.41612765), (0.7917246, -0.47214592, 0.38762137), (0.7434171, -0.4952386, 0.4495217), (0.91289896, -0.06897749, 0.40231544), (0.7917246, -0.47214592, 0.38762137), (0.40799657, -0.89687014, 0.17077085), (0.3735306, -0.8456088, 0.38134065), (0.7434171, -0.4952386, 0.4495217), (0.9075398, -0.19388153, 0.37253386), (0.6684148, -0.6394831, 0.3798462), (0.48858503, -0.8090602, 0.32665905), (0.7133626, -0.3646014, 0.59848106), (0.6684148, -0.6394831, 0.3798462), (0.30268893, -0.90075165, 0.3114897), (0.2013133, -0.9700949, 0.13560562), (0.48858503, -0.8090602, 0.32665905), (0.7133626, -0.3646014, 0.59848106), (0.48858503, -0.8090602, 0.32665905), (0.15080458, -0.88145566, 0.44754216), (0.23922275, -0.51408726, 0.82370317), (0.48858503, -0.8090602, 0.32665905), (0.2013133, -0.9700949, 0.13560562), (0.015563937, -0.9984063, 0.054245368), (0.15080458, -0.88145566, 0.44754216), (0.23922275, -0.51408726, 0.82370317), (0.15080458, -0.88145566, 0.44754216), (-0.028443048, -0.9097454, 0.41419113), (0.04914298, -0.67657876, 0.73472863), (0.15080458, -0.88145566, 0.44754216), (0.015563937, -0.9984063, 0.054245368), (-0.1179521, -0.99297523, 0.0093527), (-0.028443048, -0.9097454, 0.41419113), (0.04914298, -0.67657876, 0.73472863), (-0.028443048, -0.9097454, 0.41419113), (0.08217057, -0.8780906, 0.47138602), (0.096018545, -0.8469109, 0.5229936), (-0.028443048, -0.9097454, 0.41419113), (-0.1179521, -0.99297523, 0.0093527), (0.08217057, -0.8780906, 0.47138602), (0.096018545, -0.8469109, 0.5229936), (0.08217057, -0.8780906, 0.47138602), (0.067433044, -0.91141015, 0.40593633), (0.057702556, -0.92114484, 0.38491893), (0.057702556, -0.92114484, 0.38491893), (0.067433044, -0.91141015, 0.40593633), (0.053812876, -0.9257284, 0.37434086), (0.056106947, -0.9252978, 0.37506804), (0.056106947, -0.9252978, 0.37506804), (0.053812876, -0.9257284, 0.37434086), (0.058317892, -0.92487746, 0.37576684), (0.7614644, -0.63648355, 0.12272206), (0.47501817, -0.87818694, -0.05608404), (0.45924723, -0.8834247, -0.09302078), (0.83212966, -0.53309864, 0.1528596), (0.928681, 0.023451334, 0.3701372), (0.7614644, -0.63648355, 0.12272206), (0.83212966, -0.53309864, 0.1528596), (0.91384065, 0.057035457, 0.40204757), (0.7434171, -0.4952386, 0.4495217), (0.3735306, -0.8456088, 0.38134065), (0.30268893, -0.90075165, 0.3114897), (0.6684148, -0.6394831, 0.3798462), (0.91289896, -0.06897749, 0.40231544), (0.7434171, -0.4952386, 0.4495217), (0.6684148, -0.6394831, 0.3798462), (0.9075398, -0.19388153, 0.37253386), (0.83224005, -0.4916731, 0.25619122), (0.42253032, -0.90177387, -0.09095029), (0.40799657, -0.89687014, 0.17077085), (0.7917246, -0.47214592, 0.38762137), (0.9119186, 0.054421533, 0.4067467), (0.83224005, -0.4916731, 0.25619122), (0.7917246, -0.47214592, 0.38762137), (0.9092793, 0.006998633, 0.41612765), (0.8729635, -0.48526052, -0.04956635), (0.7097271, -0.69732875, -0.10010069), (0.69055897, -0.7120041, -0.12719473), (0.8595386, -0.5048641, -0.07940853), (0.7097271, -0.69732875, -0.10010069), (0.4782437, -0.8722776, -0.1020527), (0.49769267, -0.8520686, -0.16211411), (0.69055897, -0.7120041, -0.12719473), (0.6874814, -0.6529303, -0.3178857), (0.5114051, -0.77491045, -0.37145483), (0.47554418, -0.6685897, -0.571704), (0.672071, -0.5675667, -0.475593), (0.8584686, -0.47135052, -0.20213945), (0.6874814, -0.6529303, -0.3178857), (0.672071, -0.5675667, -0.475593), (0.8624052, -0.42365783, -0.27707648), (0.68513405, -0.5456811, -0.48251787), (0.41958973, -0.6090942, -0.67301464), (0.3601847, -0.6908768, -0.62686217), (0.6477222, -0.6125496, -0.4530331), (0.8854979, -0.40167984, -0.23355255), (0.68513405, -0.5456811, -0.48251787), (0.6477222, -0.6125496, -0.4530331), (0.81838423, -0.49266288, -0.29585576), (0.6477222, -0.6125496, -0.4530331), (0.3601847, -0.6908768, -0.62686217), (0.08618061, -0.84108126, -0.5339992), (0.44742346, -0.7888379, -0.4213633), (0.81838423, -0.49266288, -0.29585576), (0.6477222, -0.6125496, -0.4530331), (0.44742346, -0.7888379, -0.4213633), (0.75365406, -0.62326014, -0.20869191), (0.44742346, -0.7888379, -0.4213633), (0.08618061, -0.84108126, -0.5339992), (-0.27360693, -0.9448575, -0.17995432), (0.33278343, -0.8380104, -0.4324278), (0.75365406, -0.62326014, -0.20869191), (0.44742346, -0.7888379, -0.4213633), (0.33278343, -0.8380104, -0.4324278), (0.94605327, -0.24705663, -0.2096335), (0.33278343, -0.8380104, -0.4324278), (-0.27360693, -0.9448575, -0.17995432), (-0.40401074, -0.9087089, 0.104993075), (-0.43535686, -0.8897392, 0.13721733), (0.94605327, -0.24705663, -0.2096335), (0.33278343, -0.8380104, -0.4324278), (-0.43535686, -0.8897392, 0.13721733), (0.24591108, 0.9689629, -0.025271825), (-0.43535686, -0.8897392, 0.13721733), (-0.40401074, -0.9087089, 0.104993075), (-0.42570433, -0.8842145, 0.19219917), (0.24591108, 0.9689629, -0.025271825), (-0.43535686, -0.8897392, 0.13721733), (-0.42570433, -0.8842145, 0.19219917), (-0.43001264, -0.8849299, 0.17885217), (-0.42190188, -0.8671928, 0.26452884), (-0.4218964, -0.867249, 0.26435333), (-0.42793447, -0.8623511, 0.27059674), (-0.42558977, -0.8638085, 0.26964462), (-0.43001264, -0.8849299, 0.17885217), (-0.42570433, -0.8842145, 0.19219917), (-0.4246987, -0.873759, 0.23701544), (-0.42424852, -0.87569535, 0.23058823), (-0.42388806, -0.86924255, 0.2544332), (-0.42345995, -0.8690776, 0.2557065), (-0.4218964, -0.867249, 0.26435333), (-0.42190188, -0.8671928, 0.26452884), (-0.42424852, -0.87569535, 0.23058823), (-0.4246987, -0.873759, 0.23701544), (-0.42345995, -0.8690776, 0.2557065), (-0.42388806, -0.86924255, 0.2544332), (-0.42558977, -0.8638085, 0.26964462), (-0.42793447, -0.8623511, 0.27059674), (-0.43145785, -0.86014307, 0.27202597), (-0.43145782, -0.86014307, 0.27202594), (0.8595386, -0.5048641, -0.07940853), (0.69055897, -0.7120041, -0.12719473), (0.6874814, -0.6529303, -0.3178857), (0.8584686, -0.47135052, -0.20213945), (0.69055897, -0.7120041, -0.12719473), (0.49769267, -0.8520686, -0.16211411), (0.5114051, -0.77491045, -0.37145483), (0.6874814, -0.6529303, -0.3178857), (0.8624052, -0.42365783, -0.27707648), (0.672071, -0.5675667, -0.475593), (0.68513405, -0.5456811, -0.48251787), (0.8854979, -0.40167984, -0.23355255), (0.672071, -0.5675667, -0.475593), (0.47554418, -0.6685897, -0.571704), (0.41958973, -0.6090942, -0.67301464), (0.68513405, -0.5456811, -0.48251787), (0.7141259, -0.64376795, -0.27493075), (0.5071001, -0.8257705, -0.24688573), (0.4782437, -0.8722776, -0.1020527), (0.7097271, -0.69732875, -0.10010069), (0.8723302, -0.45895362, -0.16852795), (0.7141259, -0.64376795, -0.27493075), (0.7097271, -0.69732875, -0.10010069), (0.8729635, -0.48526052, -0.04956635), (0.8338436, -0.46421513, -0.2986791), (0.70025915, -0.62656885, -0.3421237), (0.7141259, -0.64376795, -0.27493075), (0.8723302, -0.45895362, -0.16852795), (0.70025915, -0.62656885, -0.3421237), (0.55207336, -0.74828887, -0.36780238), (0.5071001, -0.8257705, -0.24688573), (0.7141259, -0.64376795, -0.27493075), (-0.26662022, 0.66813886, 0.69462514), (0.51542467, 0.6853989, 0.5143596), (0.58900464, 0.80569273, 0.06271199), (-0.19964702, 0.8886754, 0.41279182), (-0.19964702, 0.8886754, 0.41279182), (0.58900464, 0.80569273, 0.06271199), (0.33519816, 0.9406009, -0.053964812), (-0.35720882, 0.9160628, 0.18229343), (-0.35720882, 0.9160628, 0.18229343), (0.33519816, 0.9406009, -0.053964812), (0.24422243, 0.9470496, 0.20845228), (-0.28122792, 0.9142105, 0.2917705), (-0.28122792, 0.9142105, 0.2917705), (0.24422243, 0.9470496, 0.20845228), (0.26653463, 0.7539483, 0.6004342), (-0.23396552, 0.8696745, 0.43465662), (-0.31464392, 0.8109806, 0.4932642), (0.1637221, 0.50534374, 0.84724414), (0.1839112, 0.37399063, 0.90901464), (-0.375008, 0.7285222, 0.57325774), (-0.375008, 0.7285222, 0.57325774), (0.1839112, 0.37399063, 0.90901464), (0.24653758, 0.1801476, 0.95224273), (-0.33857876, 0.59653795, 0.72767216), (-0.26977122, 0.3412826, 0.9004164), (-0.33857876, 0.59653795, 0.72767216), (0.24653758, 0.1801476, 0.95224273), (0.25317994, -0.16505945, 0.95323414), (0.25317994, -0.16505945, 0.95323414), (0.2354413, -0.06733642, 0.9695531), (0.20503525, -0.040331338, 0.9779233), (0.20503525, -0.040331338, 0.9779233), (0.2354413, -0.06733642, 0.9695531), (0.27446395, -0.23984052, 0.9312067), (0.2746624, -0.24516976, 0.9297593), (0.2746624, -0.24516976, 0.9297593), (0.27446395, -0.23984052, 0.9312067), (0.22071077, -0.40537903, 0.88710463), (0.23215868, -0.39265564, 0.8899011), (0.23215868, -0.39265564, 0.8899011), (0.22071077, -0.40537903, 0.88710463), (0.17471215, -0.4545781, 0.8734039), (0.17471215, -0.45457807, 0.87340397), (0.25317994, -0.16505945, 0.95323414), (0.56192625, -0.47608274, 0.67644966), (0.20725903, -0.25545624, 0.94434416), (0.30499658, -0.30921257, 0.9007578), (0.24653758, 0.1801476, 0.95224273), (0.65699404, -0.47011045, 0.5893684), (0.56192625, -0.47608274, 0.67644966), (0.25317994, -0.16505945, 0.95323414), (0.30499658, -0.30921257, 0.9007578), (0.20725903, -0.25545624, 0.94434416), (0.12149689, -0.1583141, 0.9798853), (0.14355491, -0.16114905, 0.9764338), (0.14355491, -0.16114905, 0.9764338), (0.12149689, -0.1583141, 0.9798853), (0.25448856, -0.17428738, 0.951241), (0.25448856, -0.17428738, 0.9512411), (0.1839112, 0.37399063, 0.90901464), (0.6061945, -0.16799118, 0.777372), (0.65699404, -0.47011045, 0.5893684), (0.24653758, 0.1801476, 0.95224273), (0.1637221, 0.50534374, 0.84724414), (0.6926893, 0.07988386, 0.7167985), (0.6061945, -0.16799118, 0.777372), (0.1839112, 0.37399063, 0.90901464), (0.24422243, 0.9470496, 0.20845228), (0.7884525, 0.59932655, 0.13838427), (0.7711176, 0.4117962, 0.48559394), (0.26653463, 0.7539483, 0.6004342), (0.33519816, 0.9406009, -0.053964812), (0.87241626, 0.41598994, -0.25659728), (0.7884525, 0.59932655, 0.13838427), (0.24422243, 0.9470496, 0.20845228), (0.58900464, 0.80569273, 0.06271199), (0.94591117, 0.04909112, -0.32068998), (0.87241626, 0.41598994, -0.25659728), (0.33519816, 0.9406009, -0.053964812), (0.51542467, 0.6853989, 0.5143596), (0.95532155, 0.27153474, 0.116746455), (0.94591117, 0.04909112, -0.32068998), (0.58900464, 0.80569273, 0.06271199), (0.33353758, 0.5834687, 0.7404843), (0.8299368, 0.43023053, 0.3551149), (0.95532155, 0.27153474, 0.116746455), (0.51542467, 0.6853989, 0.5143596), (-0.40215626, 0.4552915, 0.7943425), (0.33353758, 0.5834687, 0.7404843), (0.51542467, 0.6853989, 0.5143596), (-0.26662022, 0.66813886, 0.69462514), (0.26653463, 0.7539483, 0.6004342), (0.7711176, 0.4117962, 0.48559394), (0.6926893, 0.07988386, 0.7167985), (0.1637221, 0.50534374, 0.84724414), (-0.23396552, 0.8696745, 0.43465662), (0.26653463, 0.7539483, 0.6004342), (0.1637221, 0.50534374, 0.84724414), (-0.31464392, 0.8109806, 0.4932642), (0.7423496, -0.49334162, -0.4533553), (0.54415655, -0.78707725, -0.290522), (0.7501783, -0.56656843, -0.34092912), (0.8519316, -0.19507435, -0.48596153), (0.8519316, -0.19507435, -0.48596153), (0.7501783, -0.56656843, -0.34092912), (0.8170912, -0.47177795, -0.3313421), (0.8977869, -0.010619252, -0.4403019), (0.8977869, -0.010619252, -0.4403019), (0.8170912, -0.47177795, -0.3313421), (0.8021085, -0.5565523, -0.21649799), (0.9354232, -0.12458255, -0.33085164), (0.9354232, -0.12458255, -0.33085164), (0.8021085, -0.5565523, -0.21649799), (0.8735515, -0.43622962, -0.21589704), (0.8687795, -0.4465788, -0.2139852), (0.8687795, -0.4465788, -0.2139852), (0.8735515, -0.43622962, -0.21589704), (0.7867495, -0.57426435, -0.22637518), (0.78459483, -0.5761269, -0.2291044), (0.8021085, -0.5565523, -0.21649799), (0.5078584, -0.85922253, -0.06177807), (0.8735515, -0.43622962, -0.21589704), (0.78459483, -0.5761269, -0.2291044), (0.7867495, -0.57426435, -0.22637518), (0.7360964, -0.59098715, -0.32999438), (0.71439034, -0.5742093, -0.39991274), (0.71439034, -0.5742093, -0.39991274), (0.7360964, -0.59098715, -0.32999438), (0.6375083, -0.5752361, -0.51252973), (0.5879766, -0.5857523, -0.557833), (0.5879766, -0.5857523, -0.557833), (0.6375083, -0.5752361, -0.51252973), (0.50129855, -0.5643711, -0.6558849), (0.4929988, -0.5543179, -0.6705846), (0.4929988, -0.5543179, -0.6705846), (0.50129855, -0.5643711, -0.6558849), (0.48425364, -0.446523, -0.7524066), (0.49014458, -0.4176421, -0.7650709), (0.49014458, -0.4176421, -0.7650709), (0.48425364, -0.446523, -0.7524066), (0.5033226, -0.33895892, -0.7948416), (0.50332266, -0.33895895, -0.79484165), (0.8170912, -0.47177795, -0.3313421), (0.5294296, -0.8361872, -0.14316162), (0.5078584, -0.85922253, -0.06177807), (0.8021085, -0.5565523, -0.21649799), (0.7501783, -0.56656843, -0.34092912), (0.5222717, -0.8379523, -0.15832914), (0.5294296, -0.8361872, -0.14316162), (0.8170912, -0.47177795, -0.3313421), (0.54415655, -0.78707725, -0.290522), (0.2967881, -0.9528679, -0.06292474), (0.5222717, -0.8379523, -0.15832914), (0.7501783, -0.56656843, -0.34092912), (-0.26977122, 0.3412826, 0.9004164), (0.25317994, -0.16505945, 0.95323414), (0.20503525, -0.040331338, 0.9779233), (0.48057753, -0.8267758, -0.2923817), (0.0157015, -0.9998469, 0.0077248), (0.2967881, -0.9528679, -0.06292474), (0.54415655, -0.78707725, -0.290522), (0.6654082, -0.62106854, -0.4141327), (0.48057753, -0.8267758, -0.2923817), (0.54415655, -0.78707725, -0.290522), (0.7423496, -0.49334162, -0.4533553), (-0.63047767, -0.76405877, -0.13679272), (-0.8947505, -0.43200567, -0.113104776), (-0.9582533, -0.28533947, 0.018220738), (-0.7445136, -0.6535525, -0.13626713), (-0.29780173, -0.9443885, -0.1394436), (-0.63047767, -0.76405877, -0.13679272), (-0.7445136, -0.6535525, -0.13626713), (-0.4731921, -0.8543225, -0.21499385), (0.990496, -0.09886079, -0.09562556), (0.7244693, -0.6495335, -0.23076072), (0.7646094, -0.6213401, -0.17119865), (0.9900472, -0.10390127, -0.094926044), (0.7244693, -0.6495335, -0.23076072), (0.24419452, -0.93660927, -0.2512611), (0.2118717, -0.94892544, -0.23377554), (0.7646094, -0.6213401, -0.17119865), (0.9807317, -0.16866338, -0.0985806), (0.7708816, -0.63236165, -0.07655269), (0.7801369, -0.6179566, 0.097550206), (0.97046787, -0.23681124, -0.045963917), (0.7708816, -0.63236165, -0.07655269), (0.27294084, -0.9607257, -0.050093807), (0.31960985, -0.9112417, 0.2597848), (0.7801369, -0.6179566, 0.097550206), (0.95073265, -0.2859835, 0.11966963), (0.6573533, -0.65432316, 0.3738287), (0.52160126, -0.61345065, 0.59296745), (0.8661138, -0.31073105, 0.39152673), (0.6573533, -0.65432316, 0.3738287), (0.21624294, -0.8375236, 0.50179), (0.09097865, -0.77693546, 0.622972), (0.52160126, -0.61345065, 0.59296745), (0.8661138, -0.31073105, 0.39152673), (0.52160126, -0.61345065, 0.59296745), (0.4107998, -0.59383774, 0.69180936), (0.7321193, -0.31119487, 0.60593647), (0.52160126, -0.61345065, 0.59296745), (0.09097865, -0.77693546, 0.622972), (0.055843208, -0.7282732, 0.68300784), (0.4107998, -0.59383774, 0.69180936), (0.7083847, -0.4911055, 0.5069581), (0.4149617, -0.6968699, 0.58496076), (0.2768841, -0.69929487, 0.65903103), (0.58985955, -0.60814077, 0.53125393), (0.4149617, -0.6968699, 0.58496076), (0.018516831, -0.80454606, 0.5936015), (-0.08391367, -0.7844814, 0.6144488), (0.2768841, -0.69929487, 0.65903103), (0.58985955, -0.60814077, 0.53125393), (0.2768841, -0.69929487, 0.65903103), (0.26292086, -0.6352158, 0.7262049), (0.35129514, -0.59626704, 0.721843), (0.2768841, -0.69929487, 0.65903103), (-0.08391367, -0.7844814, 0.6144488), (0.26292086, -0.6352158, 0.7262049), (0.35129514, -0.59626704, 0.721843), (0.26292086, -0.6352158, 0.7262049), (0.1623608, -0.6948759, 0.7005616), (0.106062956, -0.7317803, 0.67323714), (0.106062956, -0.7317803, 0.67323714), (0.1623608, -0.6948759, 0.7005616), (0.06720237, -0.74932295, 0.6587859), (0.061631367, -0.74611133, 0.66296256), (0.061631367, -0.74611133, 0.66296256), (0.06720237, -0.74932295, 0.6587859), (0.053823896, -0.7415403, 0.66874593), (0.660413, -0.7187557, -0.21735886), (0.27504084, -0.9354238, -0.22211443), (0.24419452, -0.93660927, -0.2512611), (0.7244693, -0.6495335, -0.23076072), (0.9824485, -0.13391578, -0.12985168), (0.660413, -0.7187557, -0.21735886), (0.7244693, -0.6495335, -0.23076072), (0.990496, -0.09886079, -0.09562556), (0.7801369, -0.6179566, 0.097550206), (0.31960985, -0.9112417, 0.2597848), (0.21624294, -0.8375236, 0.50179), (0.6573533, -0.65432316, 0.3738287), (0.97046787, -0.23681124, -0.045963917), (0.7801369, -0.6179566, 0.097550206), (0.6573533, -0.65432316, 0.3738287), (0.95073265, -0.2859835, 0.11966963), (0.7646094, -0.6213401, -0.17119865), (0.2118717, -0.94892544, -0.23377554), (0.27294084, -0.9607257, -0.050093807), (0.7708816, -0.63236165, -0.07655269), (0.9900472, -0.10390127, -0.094926044), (0.7646094, -0.6213401, -0.17119865), (0.7708816, -0.63236165, -0.07655269), (0.9807317, -0.16866338, -0.0985806), (0.490066, -0.83529305, -0.24924049), (0.2977568, -0.9488378, -0.10510826), (0.29359004, -0.9557991, -0.015905049), (0.53482926, -0.83740187, -0.1127646), (0.33196154, -0.9432055, -0.012847133), (0.4967518, -0.8581405, -0.12974021), (0.41606146, -0.90925735, 0.011995553), (0.35567343, -0.93409896, 0.030914018), (0.56546825, -0.8108697, 0.15078479), (0.31335223, -0.9177365, 0.24407013), (0.24454744, -0.91036826, 0.33380565), (0.50520205, -0.82752436, 0.24489647), (0.50520205, -0.82752436, 0.24489647), (0.24454744, -0.91036826, 0.33380565), (0.038870275, -0.96575695, 0.25651997), (0.33012238, -0.9276479, 0.17460944), (0.33012238, -0.9276479, 0.17460944), (0.038870275, -0.96575695, 0.25651997), (-0.008279208, -0.9968202, 0.07925223), (0.08866344, -0.99227506, 0.08676957), (-0.04197113, -0.9955672, 0.084169134), (-0.04588568, -0.9936056, 0.10316196), (-0.06374725, -0.9769024, 0.20395572), (-0.063019045, -0.9778258, 0.19971296), (0.038870275, -0.96575695, 0.25651997), (-0.28576258, -0.9102206, 0.29972997), (-0.008279208, -0.9968202, 0.07925223), (0.24454744, -0.91036826, 0.33380565), (-0.07822185, -0.91553974, 0.3945484), (-0.28576258, -0.9102206, 0.29972997), (0.038870275, -0.96575695, 0.25651997), (0.31335223, -0.9177365, 0.24407013), (0.056065354, -0.9393627, 0.3383111), (-0.07822185, -0.91553974, 0.3945484), (0.24454744, -0.91036826, 0.33380565), (0.2977568, -0.9488378, -0.10510826), (0.07404886, -0.9967241, 0.032523002), (0.061398305, -0.987913, 0.14233087), (0.29359004, -0.9557991, -0.015905049), (0.12039219, -0.9888066, 0.088132165), (0.33196154, -0.9432055, -0.012847133), (0.35567343, -0.93409896, 0.030914018), (0.35567343, -0.93409896, 0.030914018), (0.41606146, -0.90925735, 0.011995553), (0.44825873, -0.89266044, 0.04713172), (0.44469813, -0.8945073, 0.045829773), (0.44469813, -0.8945073, 0.045829773), (0.44825873, -0.89266044, 0.04713172), (0.49403298, -0.86708003, 0.0640599), (-0.063019045, -0.9778258, 0.19971296), (-0.06374725, -0.9769024, 0.20395572), (-0.1610211, -0.89282244, 0.4206427), (-0.17094558, -0.8833989, 0.4363303), (-0.17094558, -0.8833989, 0.4363303), (-0.1610211, -0.89282244, 0.4206427), (-0.28980282, -0.69536024, 0.6576386), (-0.28485852, -0.7087064, 0.6454386), (-0.28485852, -0.7087064, 0.6454386), (-0.28980282, -0.69536024, 0.6576386), (-0.2898167, -0.6283622, 0.7219191), (-0.27596685, -0.64170617, 0.71558046), (-0.27596685, -0.64170617, 0.71558046), (-0.2898167, -0.6283622, 0.7219191), (-0.21563911, -0.7057928, 0.67480093), (-0.19852722, -0.7261574, 0.6582418), (-0.19852722, -0.7261574, 0.6582418), (-0.21563911, -0.7057928, 0.67480093), (-0.16940689, -0.75869334, 0.6290356), (0.08866344, -0.99227506, 0.08676957), (-0.008279208, -0.9968202, 0.07925223), (-0.04588568, -0.9936056, 0.10316196), (-0.04197113, -0.9955672, 0.084169134), (0.33196154, -0.9432055, -0.012847133), (0.12039219, -0.9888066, 0.088132165), (0.07404886, -0.9967241, 0.032523002), (0.2977568, -0.9488378, -0.10510826), (0.4967518, -0.8581405, -0.12974021), (0.33196154, -0.9432055, -0.012847133), (0.2977568, -0.9488378, -0.10510826), (0.490066, -0.83529305, -0.24924049), (0.29359004, -0.9557991, -0.015905049), (0.061398305, -0.987913, 0.14233087), (0.056065354, -0.9393627, 0.3383111), (0.31335223, -0.9177365, 0.24407013), (0.53482926, -0.83740187, -0.1127646), (0.29359004, -0.9557991, -0.015905049), (0.31335223, -0.9177365, 0.24407013), (0.56546825, -0.8108697, 0.15078479), (-0.36020198, -0.57628304, 0.73358864), (-0.35212687, -0.6959799, 0.62579435), (0.12973948, -0.9526593, 0.2749689), (0.108219154, -0.90114796, 0.41978684), (-0.29421505, -0.91280437, 0.28324133), (-0.287933, -0.95737016, 0.023175886), (0.26979643, -0.8833747, -0.3832218), (0.21348087, -0.971614, -0.10194145), (-0.6899842, 0.035373036, 0.7229596), (-0.6767684, -0.12675418, 0.72520196), (-0.35212687, -0.6959799, 0.62579435), (-0.36020198, -0.57628304, 0.73358864), (-0.6982882, -0.43478888, 0.5686407), (-0.70410866, -0.5861405, 0.40083703), (-0.287933, -0.95737016, 0.023175886), (-0.29421505, -0.91280437, 0.28324133), (-0.058477767, -0.36443022, 0.9293928), (-0.20250535, -0.66677976, 0.7172143), (0.5467439, -0.7660822, 0.3379188), (0.4478142, -0.7397322, 0.50225353), (-0.2582947, -0.7460951, 0.6136986), (-0.35596675, -0.72860163, 0.5851729), (0.7726995, -0.6005849, 0.20550734), (0.62006366, -0.7233676, 0.30374402), (0.62006366, -0.7233676, 0.30374402), (0.7726995, -0.6005849, 0.20550734), (0.9448337, 0.09892591, -0.31225464), (0.95167154, -0.021641912, -0.30635417), (0.4478142, -0.7397322, 0.50225353), (0.5467439, -0.7660822, 0.3379188), (0.89950424, -0.27992082, -0.33546466), (0.6979202, -0.61225873, -0.37154633), (-0.1819901, -0.97432053, 0.13258605), (0.2608595, -0.8476216, 0.46204978), (0.4521108, -0.8396968, -0.3008405), (0.3331715, -0.87887317, -0.34143615), (-0.65721923, -0.47253335, 0.58717555), (-0.34225112, -0.27973568, 0.8970017), (0.2608595, -0.8476216, 0.46204978), (-0.1819901, -0.97432053, 0.13258605), (0.5467439, -0.7660822, 0.3379188), (0.62006366, -0.7233676, 0.30374402), (0.95167154, -0.021641912, -0.30635417), (0.89950424, -0.27992082, -0.33546466), (-0.20250535, -0.66677976, 0.7172143), (-0.2582947, -0.7460951, 0.6136986), (0.62006366, -0.7233676, 0.30374402), (0.5467439, -0.7660822, 0.3379188), (-0.7302025, 0.05287358, 0.68118185), (-0.6899842, 0.035373036, 0.7229596), (-0.36020198, -0.57628304, 0.73358864), (-0.40927866, -0.53637975, 0.7380974), (-0.40927866, -0.53637975, 0.7380974), (-0.36020198, -0.57628304, 0.73358864), (0.108219154, -0.90114796, 0.41978684), (0.12395168, -0.88993716, 0.4389165), (0.2608595, -0.8476216, 0.46204978), (0.4478142, -0.7397322, 0.50225353), (0.6979202, -0.61225873, -0.37154633), (0.4521108, -0.8396968, -0.3008405), (-0.34225112, -0.27973568, 0.8970017), (-0.058477767, -0.36443022, 0.9293928), (0.4478142, -0.7397322, 0.50225353), (0.2608595, -0.8476216, 0.46204978), (-0.70410866, -0.5861405, 0.40083703), (-0.65721923, -0.47253335, 0.58717555), (-0.1819901, -0.97432053, 0.13258605), (-0.287933, -0.95737016, 0.023175886), (-0.287933, -0.95737016, 0.023175886), (-0.1819901, -0.97432053, 0.13258605), (0.3331715, -0.87887317, -0.34143615), (0.26979643, -0.8833747, -0.3832218), (-0.6767684, -0.12675418, 0.72520196), (-0.6982882, -0.43478888, 0.5686407), (-0.29421505, -0.91280437, 0.28324133), (-0.35212687, -0.6959799, 0.62579435), (-0.35212687, -0.6959799, 0.62579435), (-0.29421505, -0.91280437, 0.28324133), (0.21348087, -0.971614, -0.10194145), (0.12973948, -0.9526593, 0.2749689), (0.4636413, -0.8805648, -0.09819542), (0.24324368, -0.96861917, 0.051081054), (0.24103367, -0.9667923, 0.084943816), (0.4718981, -0.8805427, -0.04423487), (0.19969837, -0.9778755, 0.06229062), (0.40624312, -0.91183007, -0.059434585), (0.22083665, -0.9746762, -0.03517845), (0.16621375, -0.98607445, 0.005491285), (0.48824397, -0.8678888, 0.091579214), (0.26612714, -0.9343039, 0.23717651), (0.25858262, -0.8479637, 0.4627014), (0.4818927, -0.8318121, 0.27544156), (0.4818927, -0.8318121, 0.27544156), (0.25858262, -0.8479637, 0.4627014), (0.100574836, -0.69281995, 0.71406245), (0.36275145, -0.7840205, 0.50370955), (0.36275145, -0.7840205, 0.50370955), (0.100574836, -0.69281995, 0.71406245), (0.09133209, -0.64061636, 0.76241004), (0.13319735, -0.708295, 0.6932365), (0.1039527, -0.59682155, 0.7956117), (0.12154741, -0.5920853, 0.79665625), (0.18185207, -0.5941073, 0.7835601), (0.18883832, -0.5959381, 0.78051126), (0.100574836, -0.69281995, 0.71406245), (-0.15210178, -0.46661898, 0.8712817), (0.09133209, -0.64061636, 0.76241004), (0.25858262, -0.8479637, 0.4627014), (-0.050919734, -0.72227854, 0.68972516), (-0.15210178, -0.46661898, 0.8712817), (0.100574836, -0.69281995, 0.71406245), (0.26612714, -0.9343039, 0.23717651), (0.016221035, -0.9144158, 0.4044511), (-0.050919734, -0.72227854, 0.68972516), (0.25858262, -0.8479637, 0.4627014), (0.24324368, -0.96861917, 0.051081054), (0.0141165955, -0.98113304, 0.19281784), (-0.011558846, -0.97279364, 0.23138495), (0.24103367, -0.9667923, 0.084943816), (-0.00044689563, -0.9848647, 0.17332426), (0.19969837, -0.9778755, 0.06229062), (0.16621375, -0.98607445, 0.005491285), (0.16621375, -0.98607445, 0.005491285), (0.22083665, -0.9746762, -0.03517845), (0.24586624, -0.96848667, -0.03979162), (0.23917513, -0.9701398, -0.040299468), (0.23917513, -0.9701398, -0.040299468), (0.24586624, -0.96848667, -0.03979162), (0.29383302, -0.9551761, -0.03606809), (0.18883832, -0.5959381, 0.78051126), (0.18185207, -0.5941073, 0.7835601), (0.2551099, -0.61581826, 0.745444), (0.2799623, -0.62407774, 0.7294848), (0.2799623, -0.62407774, 0.7294848), (0.2551099, -0.61581826, 0.745444), (0.32054156, -0.631294, 0.70620185), (0.3286992, -0.6296723, 0.703896), (0.3286992, -0.6296723, 0.703896), (0.32054156, -0.631294, 0.70620185), (0.33018768, -0.6149017, 0.71615076), (0.318138, -0.5961588, 0.7371451), (0.318138, -0.5961588, 0.7371451), (0.33018768, -0.6149017, 0.71615076), (0.28136945, -0.5796503, 0.7647461), (0.2603871, -0.57965195, 0.7721413), (0.2603871, -0.57965195, 0.7721413), (0.28136945, -0.5796503, 0.7647461), (0.2274974, -0.5790843, 0.7828833), (0.13319735, -0.708295, 0.6932365), (0.09133209, -0.64061636, 0.76241004), (0.12154741, -0.5920853, 0.79665625), (0.1039527, -0.59682155, 0.7956117), (0.19969837, -0.9778755, 0.06229062), (-0.00044689563, -0.9848647, 0.17332426), (0.0141165955, -0.98113304, 0.19281784), (0.24324368, -0.96861917, 0.051081054), (0.40624312, -0.91183007, -0.059434585), (0.19969837, -0.9778755, 0.06229062), (0.24324368, -0.96861917, 0.051081054), (0.4636413, -0.8805648, -0.09819542), (0.24103367, -0.9667923, 0.084943816), (-0.011558846, -0.97279364, 0.23138495), (0.016221035, -0.9144158, 0.4044511), (0.26612714, -0.9343039, 0.23717651), (0.4718981, -0.8805427, -0.04423487), (0.24103367, -0.9667923, 0.084943816), (0.26612714, -0.9343039, 0.23717651), (0.48824397, -0.8678888, 0.091579214), (0.0331769, -0.9926489, 0.11639342), (0.4817663, -0.80916905, 0.33637273), (0.46337694, -0.83479, 0.29733407), (0.02739963, -0.9936196, 0.10940448), (0.02739963, -0.9936196, 0.10940448), (0.46337694, -0.83479, 0.29733407), (0.45804128, -0.87707764, 0.1446822), (0.01871983, -0.9971086, 0.07364771), (0.46337694, -0.83479, 0.29733407), (0.7950842, -0.4433921, 0.4138171), (0.8594681, -0.4792652, 0.17781873), (0.45804128, -0.87707764, 0.1446822), (0.4817663, -0.80916905, 0.33637273), (0.7779548, -0.43210143, 0.45615208), (0.7950842, -0.4433921, 0.4138171), (0.46337694, -0.83479, 0.29733407), (0.45804128, -0.87707764, 0.1446822), (0.8594681, -0.4792652, 0.17781873), (0.86725247, -0.49514434, -0.052011505), (0.53442883, -0.8451762, 0.007933572), (0.53442883, -0.8451762, 0.007933572), (0.86725247, -0.49514434, -0.052011505), (0.86052275, -0.5017412, -0.08807116), (0.6544781, -0.7553738, -0.032695238), (0.09089422, -0.9946909, 0.048251294), (0.53442883, -0.8451762, 0.007933572), (0.6544781, -0.7553738, -0.032695238), (0.19180714, -0.97959846, 0.059974026), (0.01871983, -0.9971086, 0.07364771), (0.45804128, -0.87707764, 0.1446822), (0.53442883, -0.8451762, 0.007933572), (0.09089422, -0.9946909, 0.048251294), (0.7164962, -0.57506704, -0.39488092), (0.52806073, -0.7679998, -0.3623923), (0.50007504, -0.78014666, -0.37589383), (0.69244385, -0.59274274, -0.4113119), (0.52806073, -0.7679998, -0.3623923), (0.30178705, -0.91830385, -0.25620836), (0.29860872, -0.89613634, -0.32828715), (0.50007504, -0.78014666, -0.37589383), (0.4352221, -0.7143648, -0.547964), (0.24513604, -0.8137866, -0.5269342), (0.15467829, -0.7012113, -0.69597226), (0.37400904, -0.6233301, -0.6867145), (0.6482682, -0.5549064, -0.5213705), (0.4352221, -0.7143648, -0.547964), (0.37400904, -0.6233301, -0.6867145), (0.6287666, -0.5052914, -0.5910441), (0.3856951, -0.60148144, -0.6996138), (0.07815011, -0.6388064, -0.76538813), (0.027359402, -0.7172393, -0.6962896), (0.35479817, -0.66535026, -0.65683126), (0.66639817, -0.48727265, -0.56433934), (0.3856951, -0.60148144, -0.6996138), (0.35479817, -0.66535026, -0.65683126), (0.5780056, -0.5661375, -0.5877056), (0.35479817, -0.66535026, -0.65683126), (0.027359402, -0.7172393, -0.6962896), (-0.21358657, -0.8471819, -0.4864807), (0.16845915, -0.8238923, -0.5411312), (0.5780056, -0.5661375, -0.5877056), (0.35479817, -0.66535026, -0.65683126), (0.16845915, -0.8238923, -0.5411312), (0.537417, -0.691244, -0.48307824), (0.16845915, -0.8238923, -0.5411312), (-0.21358657, -0.8471819, -0.4864807), (-0.42473605, -0.90530884, 0.0038872878), (0.052901402, -0.86414605, -0.50045294), (0.537417, -0.691244, -0.48307824), (0.16845915, -0.8238923, -0.5411312), (0.052901402, -0.86414605, -0.50045294), (0.7536921, -0.31161654, -0.5786565), (0.052901402, -0.86414605, -0.50045294), (-0.42473605, -0.90530884, 0.0038872878), (-0.43214223, -0.84717727, 0.3091017), (-0.44815892, -0.8235098, 0.3478292), (0.7536921, -0.31161654, -0.5786565), (0.052901402, -0.86414605, -0.50045294), (-0.44815892, -0.8235098, 0.3478292), (0.31947586, 0.933771, -0.1612664), (-0.44815892, -0.8235098, 0.3478292), (-0.43214223, -0.84717727, 0.3091017), (-0.41704887, -0.81892115, 0.39425662), (0.31947586, 0.933771, -0.1612664), (-0.44815892, -0.8235098, 0.3478292), (-0.41704887, -0.81892115, 0.39425662), (-0.42701277, -0.8195255, 0.3821493), (-0.3864182, -0.80221486, 0.45511782), (-0.3864093, -0.8022071, 0.45513907), (-0.38896364, -0.79659146, 0.4627629), (-0.3874674, -0.7982749, 0.4611142), (-0.42701277, -0.8195255, 0.3821493), (-0.41704887, -0.81892115, 0.39425662), (-0.39930254, -0.8083036, 0.43266943), (-0.4017647, -0.8106597, 0.42592952), (-0.39211947, -0.80400395, 0.44701216), (-0.3910291, -0.80386114, 0.44822264), (-0.3864093, -0.8022071, 0.45513907), (-0.3864182, -0.80221486, 0.45511782), (-0.4017647, -0.8106597, 0.42592952), (-0.39930254, -0.8083036, 0.43266943), (-0.3910291, -0.80386114, 0.44822264), (-0.39211947, -0.80400395, 0.44701216), (-0.3874674, -0.7982749, 0.4611142), (-0.38896364, -0.79659146, 0.4627629), (-0.3913663, -0.7938678, 0.46540982), (-0.3913663, -0.7938678, 0.46540982), (0.69244385, -0.59274274, -0.4113119), (0.50007504, -0.78014666, -0.37589383), (0.4352221, -0.7143648, -0.547964), (0.6482682, -0.5549064, -0.5213705), (0.50007504, -0.78014666, -0.37589383), (0.29860872, -0.89613634, -0.32828715), (0.24513604, -0.8137866, -0.5269342), (0.4352221, -0.7143648, -0.547964), (0.6287666, -0.5052914, -0.5910441), (0.37400904, -0.6233301, -0.6867145), (0.3856951, -0.60148144, -0.6996138), (0.66639817, -0.48727265, -0.56433934), (0.37400904, -0.6233301, -0.6867145), (0.15467829, -0.7012113, -0.69597226), (0.07815011, -0.6388064, -0.76538813), (0.3856951, -0.60148144, -0.6996138), (0.47608468, -0.70690084, -0.5231009), (0.28078502, -0.87214, -0.40066406), (0.30178705, -0.91830385, -0.25620836), (0.52806073, -0.7679998, -0.3623923), (0.6725812, -0.54464155, -0.50099915), (0.47608468, -0.70690084, -0.5231009), (0.52806073, -0.7679998, -0.3623923), (0.7164962, -0.57506704, -0.39488092), (0.5916075, -0.54089385, -0.5978582), (0.44757682, -0.6819226, -0.578495), (0.47608468, -0.70690084, -0.5231009), (0.6725812, -0.54464155, -0.50099915), (0.44757682, -0.6819226, -0.578495), (0.28770757, -0.79353493, -0.53621507), (0.28078502, -0.87214, -0.40066406), (0.47608468, -0.70690084, -0.5231009), (0.97586566, -0.2121478, 0.051763996), (0.83271545, -0.55362314, -0.009289097), (0.72911876, -0.66966176, 0.14120501), (0.9352326, -0.35242024, 0.033765424), (0.8765334, -0.4022184, 0.26440427), (0.6997489, -0.62328464, 0.34909552), (0.75067437, -0.500741, 0.43098307), (0.9239196, -0.2888858, 0.25083387), (0.9239196, -0.2888858, 0.25083387), (0.75067437, -0.500741, 0.43098307), (0.58531165, -0.3726423, 0.7201028), (0.9176405, -0.2192388, 0.33146673), (0.9176405, -0.2192388, 0.33146673), (0.58531165, -0.3726423, 0.7201028), (0.53795844, -0.4913428, 0.6849693), (0.5999427, -0.40992892, 0.68704224), (0.40687215, -0.69003785, 0.59858394), (0.39166397, -0.7241781, 0.5675963), (0.36125275, -0.7801916, 0.5106835), (0.3603733, -0.7825048, 0.50775725), (0.58531165, -0.3726423, 0.7201028), (0.29051203, -0.36049938, 0.88636506), (0.53795844, -0.4913428, 0.6849693), (0.3603733, -0.7825048, 0.50775725), (0.36125275, -0.7801916, 0.5106835), (0.38931188, -0.7300518, 0.56165886), (0.41295487, -0.68278056, 0.6027263), (0.41295487, -0.68278056, 0.6027263), (0.38931188, -0.7300518, 0.56165886), (0.44751674, -0.6287113, 0.63596445), (0.4829805, -0.6137116, 0.62457025), (0.4829805, -0.6137116, 0.62457025), (0.44751674, -0.6287113, 0.63596445), (0.5336809, -0.58796525, 0.60785), (0.5923628, -0.55306077, 0.58585835), (0.5923628, -0.55306077, 0.58585835), (0.5336809, -0.58796525, 0.60785), (0.6339617, -0.49216866, 0.59654224), (0.6379854, -0.4088295, 0.65255886), (0.6379854, -0.4088295, 0.65255886), (0.6339617, -0.49216866, 0.59654224), (0.63781124, -0.3753119, 0.6725606), (0.63781124, -0.37531185, 0.6725606), (0.75067437, -0.500741, 0.43098307), (0.32330647, -0.6354999, 0.70115113), (0.29051203, -0.36049938, 0.88636506), (0.58531165, -0.3726423, 0.7201028), (0.6997489, -0.62328464, 0.34909552), (0.368643, -0.81501746, 0.44704464), (0.32330647, -0.6354999, 0.70115113), (0.75067437, -0.500741, 0.43098307), (0.83271545, -0.55362314, -0.009289097), (0.55305177, -0.83292526, -0.019217879), (0.42108628, -0.8769416, 0.23164536), (0.72911876, -0.66966176, 0.14120501), (0.5999427, -0.40992892, 0.68704224), (0.53795844, -0.4913428, 0.6849693), (0.39166397, -0.7241781, 0.5675963), (0.40687215, -0.69003785, 0.59858394), (0.72911876, -0.66966176, 0.14120501), (0.42108628, -0.8769416, 0.23164536), (0.368643, -0.81501746, 0.44704464), (0.6997489, -0.62328464, 0.34909552), (0.9352326, -0.35242024, 0.033765424), (0.72911876, -0.66966176, 0.14120501), (0.6997489, -0.62328464, 0.34909552), (0.8765334, -0.4022184, 0.26440427), (0.86615396, -0.44902804, 0.21943372), (0.64017767, -0.7637039, 0.08323965), (0.55305177, -0.83292526, -0.019217879), (0.83271545, -0.55362314, -0.009289097), (0.9293716, -0.123167954, 0.34799162), (0.86615396, -0.44902804, 0.21943372), (0.83271545, -0.55362314, -0.009289097), (0.97586566, -0.2121478, 0.051763996), (0.87480694, -0.098031715, 0.4744498), (0.8396327, -0.352932, 0.41286308), (0.86615396, -0.44902804, 0.21943372), (0.9293716, -0.123167954, 0.34799162), (0.8396327, -0.352932, 0.41286308), (0.6464247, -0.72299623, 0.2437451), (0.64017767, -0.7637039, 0.08323965), (0.86615396, -0.44902804, 0.21943372), (0.43949568, -0.3551159, 0.82506746), (-0.20365067, -0.78613025, 0.58354574), (-0.1280644, -0.9721614, 0.1962187), (0.5181927, -0.61601204, 0.5933004), (0.5181927, -0.61601204, 0.5933004), (-0.1280644, -0.9721614, 0.1962187), (0.1595443, -0.9154617, 0.36942598), (0.7423027, -0.3268045, 0.58496624), (0.7423027, -0.3268045, 0.58496624), (0.1595443, -0.9154617, 0.36942598), (0.35261062, -0.44134596, 0.82515424), (0.6877613, 0.058286984, 0.72359306), (0.6877613, 0.058286984, 0.72359306), (0.35261062, -0.44134596, 0.82515424), (0.17653802, -0.1973862, 0.96429926), (0.5835055, 0.21709275, 0.7825548), (0.46782953, 0.35406166, 0.80979997), (-0.13244922, 0.097883515, 0.98634475), (-0.2876374, 0.08745562, 0.95373803), (0.33812454, 0.48908064, 0.80403477), (0.33812454, 0.48908064, 0.80403477), (-0.2876374, 0.08745562, 0.95373803), (-0.39509958, -0.08338816, 0.9148458), (0.2587615, 0.33760542, 0.90502214), (0.11581179, 0.15521663, 0.9810685), (0.2587615, 0.33760542, 0.90502214), (-0.39509958, -0.08338816, 0.9148458), (-0.40632775, -0.28688097, 0.86752355), (-0.40632775, -0.28688097, 0.86752355), (-0.28794143, -0.44765085, 0.8465805), (-0.2467437, -0.42245534, 0.8721519), (-0.2467437, -0.42245534, 0.8721519), (-0.28794143, -0.44765085, 0.8465805), (-0.4803044, -0.4140729, 0.77320844), (-0.48283026, -0.41321802, 0.7720918), (-0.48283026, -0.41321802, 0.7720918), (-0.4803044, -0.4140729, 0.77320844), (-0.63111365, -0.30680647, 0.7124362), (-0.6216735, -0.32013446, 0.7148678), (-0.6216735, -0.32013446, 0.7148678), (-0.63111365, -0.30680647, 0.7124362), (-0.6701244, -0.24793403, 0.6996156), (-0.6701244, -0.24793406, 0.6996156), (-0.40632775, -0.28688097, 0.86752355), (-0.714915, -0.54990727, 0.43185472), (-0.4565035, -0.3742165, 0.8071968), (-0.52227783, -0.44525954, 0.72730315), (-0.39509958, -0.08338816, 0.9148458), (-0.8159765, -0.4797632, 0.3225053), (-0.714915, -0.54990727, 0.43185472), (-0.40632775, -0.28688097, 0.86752355), (-0.52227783, -0.44525954, 0.72730315), (-0.4565035, -0.3742165, 0.8071968), (-0.378978, -0.32185513, 0.86763185), (-0.3840643, -0.3311748, 0.8618688), (-0.3840643, -0.3311748, 0.8618688), (-0.378978, -0.32185513, 0.86763185), (-0.42163295, -0.40186396, 0.81285363), (-0.42163295, -0.40186393, 0.8128537), (-0.2876374, 0.08745562, 0.95373803), (-0.756863, -0.27021798, 0.59509724), (-0.8159765, -0.4797632, 0.3225053), (-0.39509958, -0.08338816, 0.9148458), (-0.13244922, 0.097883515, 0.98634475), (-0.5287561, -0.4162148, 0.73971766), (-0.756863, -0.27021798, 0.59509724), (-0.2876374, 0.08745562, 0.95373803), (0.35261062, -0.44134596, 0.82515424), (-0.22862099, -0.8673684, 0.44204578), (-0.24022527, -0.6186016, 0.7480801), (0.17653802, -0.1973862, 0.96429926), (0.1595443, -0.9154617, 0.36942598), (-0.5598017, -0.8155557, -0.1465981), (-0.22862099, -0.8673684, 0.44204578), (0.35261062, -0.44134596, 0.82515424), (-0.1280644, -0.9721614, 0.1962187), (-0.74781823, -0.56409156, -0.3500981), (-0.5598017, -0.8155557, -0.1465981), (0.1595443, -0.9154617, 0.36942598), (-0.20365067, -0.78613025, 0.58354574), (-0.6593042, -0.7334603, 0.16539025), (-0.74781823, -0.56409156, -0.3500981), (-0.1280644, -0.9721614, 0.1962187), (-0.06333447, -0.57816344, 0.81345916), (-0.50721616, -0.7551343, 0.41533595), (-0.6593042, -0.7334603, 0.16539025), (-0.20365067, -0.78613025, 0.58354574), (0.47771963, -0.09237186, 0.8736427), (-0.06333447, -0.57816344, 0.81345916), (-0.20365067, -0.78613025, 0.58354574), (0.43949568, -0.3551159, 0.82506746), (0.17653802, -0.1973862, 0.96429926), (-0.24022527, -0.6186016, 0.7480801), (-0.5287561, -0.4162148, 0.73971766), (-0.13244922, 0.097883515, 0.98634475), (0.5835055, 0.21709275, 0.7825548), (0.17653802, -0.1973862, 0.96429926), (-0.13244922, 0.097883515, 0.98634475), (0.46782953, 0.35406166, 0.80979997), (-0.5013822, -0.861062, -0.08478377), (-0.7185476, -0.6305455, -0.2934311), (-0.5149047, -0.83221924, -0.20563121), (-0.19236878, -0.97787553, 0.08218062), (-0.19236878, -0.97787553, 0.08218062), (-0.5149047, -0.83221924, -0.20563121), (0.036974713, -0.99296385, 0.11249803), (0.4600155, -0.8013726, 0.3823449), (0.4600155, -0.8013726, 0.3823449), (0.036974713, -0.99296385, 0.11249803), (0.3453851, -0.84626, 0.40565163), (0.6656229, -0.509702, 0.54511464), (0.6656229, -0.509702, 0.54511464), (0.3453851, -0.84626, 0.40565163), (0.38352907, -0.73994964, 0.5526118), (0.6360867, -0.4404212, 0.6335793), (0.6360867, -0.4404212, 0.6335793), (0.38352907, -0.73994964, 0.5526118), (0.33430487, -0.8076332, 0.4857662), (0.59740597, -0.55477697, 0.57907563), (0.59740597, -0.55477697, 0.57907563), (0.33430487, -0.8076332, 0.4857662), (0.1975205, -0.8710557, 0.44971934), (0.47905305, -0.6238533, 0.6175073), (0.3116891, -0.7041527, 0.6379803), (0.47905305, -0.6238533, 0.6175073), (0.1975205, -0.8710557, 0.44971934), (0.3638973, -0.6577932, 0.65945953), (0.3116891, -0.7041527, 0.6379803), (0.3638973, -0.6577932, 0.65945953), (0.060525157, -0.77304703, 0.63145465), (0.0010663364, -0.77409595, 0.63306737), (-0.3864522, -0.65969515, 0.64455956), (-0.27188405, -0.7229188, 0.63519084), (-0.4098728, -0.7099067, 0.5727449), (-0.21776955, -0.9138994, 0.34258485), (-0.44660518, -0.7923838, 0.41553795), (-0.38971382, -0.826769, 0.4056798), (-0.46889487, -0.67634, 0.5680685), (-0.4640315, -0.66427875, 0.58601063), (-0.4640315, -0.66427875, 0.58601063), (-0.46889487, -0.67634, 0.5680685), (-0.419489, -0.56169516, 0.7131112), (-0.419489, -0.5616951, 0.71311116), (-0.18880717, -0.94736964, 0.2585393), (-0.15836765, -0.95091105, 0.2658719), (0.3459813, -0.85081565, 0.3954865), (0.22231361, -0.9036543, 0.36604038), (0.1975205, -0.8710557, 0.44971934), (-0.19499718, -0.94847655, 0.24973653), (-0.15836765, -0.95091105, 0.2658719), (-0.18880717, -0.94736964, 0.2585393), (0.22231361, -0.9036543, 0.36604038), (0.3459813, -0.85081565, 0.3954865), (0.46215925, -0.81418556, 0.35144088), (0.46233067, -0.8140162, 0.3516078), (0.46233067, -0.8140162, 0.3516078), (0.46215925, -0.81418556, 0.35144088), (0.36885452, -0.89187276, 0.26174286), (0.3688545, -0.89187276, 0.26174286), (0.33430487, -0.8076332, 0.4857662), (0.021886611, -0.92963624, 0.36782795), (-0.19499718, -0.94847655, 0.24973653), (0.1975205, -0.8710557, 0.44971934), (0.38352907, -0.73994964, 0.5526118), (0.04953462, -0.9380729, 0.342878), (0.021886611, -0.92963624, 0.36782795), (0.33430487, -0.8076332, 0.4857662), (0.3453851, -0.84626, 0.40565163), (-0.10888401, -0.9883015, 0.10679112), (0.04953462, -0.9380729, 0.342878), (0.38352907, -0.73994964, 0.5526118), (0.036974713, -0.99296385, 0.11249803), (-0.4946594, -0.82622576, -0.26956117), (-0.10888401, -0.9883015, 0.10679112), (0.3453851, -0.84626, 0.40565163), (-0.5149047, -0.83221924, -0.20563121), (-0.76953554, -0.43879062, -0.46398038), (-0.4946594, -0.82622576, -0.26956117), (0.036974713, -0.99296385, 0.11249803), (-0.7185476, -0.6305455, -0.2934311), (-0.83748674, -0.27224028, -0.47381556), (-0.76953554, -0.43879062, -0.46398038), (-0.5149047, -0.83221924, -0.20563121), (-0.28413397, -0.8909976, 0.35410625), (-0.18964121, -0.9400531, 0.28343686), (-0.38971382, -0.826769, 0.4056798), (-0.44660518, -0.7923838, 0.41553795), (-0.21776955, -0.9138994, 0.34258485), (-0.4098728, -0.7099067, 0.5727449), (-0.18964121, -0.9400531, 0.28343686), (-0.28413397, -0.8909976, 0.35410625), (0.0010663364, -0.77409595, 0.63306737), (0.060525157, -0.77304703, 0.63145465), (-0.27188405, -0.7229188, 0.63519084), (-0.3864522, -0.65969515, 0.64455956), (-0.9090954, -0.3103877, -0.27785775), (-0.98732924, -0.068469614, -0.14315349), (-0.98420143, 0.057071894, -0.16760193), (-0.8909725, -0.29551184, -0.34473267), (-0.8909725, -0.29551184, -0.34473267), (-0.98420143, 0.057071894, -0.16760193), (-0.97894484, 0.090498045, -0.18296745), (-0.8379912, -0.2879821, -0.4635052), (-0.8379912, -0.2879821, -0.4635052), (-0.97894484, 0.090498045, -0.18296745), (-0.9786347, 0.20545676, 0.007843352), (-0.92213786, -0.22402135, -0.31539837), (-0.92213786, -0.22402135, -0.31539837), (-0.9786347, 0.20545676, 0.007843352), (-0.99337864, 0.113913424, 0.014922915), (-0.997644, 0.06558972, -0.0201117), (-0.997644, 0.06558972, -0.0201117), (-0.99337864, 0.113913424, 0.014922915), (-0.97382736, 0.19838116, 0.11092881), (-0.9743375, 0.19815056, 0.10678392), (-0.9786347, 0.20545676, 0.007843352), (-0.81184155, 0.5170622, 0.27121934), (-0.99337864, 0.113913424, 0.014922915), (-0.9743375, 0.19815056, 0.10678392), (-0.97382736, 0.19838116, 0.11092881), (-0.9826916, 0.15561324, 0.10050758), (-0.9938315, 0.099545, 0.04888558), (-0.9938315, 0.099545, 0.04888558), (-0.9826916, 0.15561324, 0.10050758), (-0.99349016, 0.082280084, -0.078786224), (-0.9772669, 0.112167105, -0.17991103), (-0.9772669, 0.112167105, -0.17991103), (-0.99349016, 0.082280084, -0.078786224), (-0.94916135, 0.1115134, -0.29437625), (-0.93143415, 0.07528421, -0.35603747), (-0.93143415, 0.07528421, -0.35603747), (-0.94916135, 0.1115134, -0.29437625), (-0.9253465, 0.003840373, -0.37910306), (-0.928248, -0.03817545, -0.3699978), (-0.928248, -0.03817545, -0.3699978), (-0.9253465, 0.003840373, -0.37910306), (-0.9294545, -0.08858763, -0.3581434), (-0.92945445, -0.08858762, -0.35814336), (-0.97894484, 0.090498045, -0.18296745), (-0.85188776, 0.49374634, 0.17464745), (-0.81184155, 0.5170622, 0.27121934), (-0.9786347, 0.20545676, 0.007843352), (-0.98420143, 0.057071894, -0.16760193), (-0.8968581, 0.42789707, 0.11202518), (-0.85188776, 0.49374634, 0.17464745), (-0.97894484, 0.090498045, -0.18296745), (-0.98732924, -0.068469614, -0.14315349), (-0.9048252, 0.4011499, 0.14272395), (-0.8968581, 0.42789707, 0.11202518), (-0.98420143, 0.057071894, -0.16760193), (0.11581179, 0.15521663, 0.9810685), (-0.40632775, -0.28688097, 0.86752355), (-0.2467437, -0.42245534, 0.8721519), (-0.51566356, -0.05669372, 0.85491335), (-0.63732326, -0.10056707, 0.76400614), (-0.743217, -0.5751463, 0.34181163), (-0.6784513, -0.55541945, 0.4808462), (-0.8721811, -0.19324887, 0.44939405), (-0.96211916, -0.17876086, 0.20584306), (-0.7509805, -0.56742376, -0.33772546), (-0.7989141, -0.60009104, -0.040337015), (-0.11029979, 0.4969816, 0.8607225), (-0.24550927, 0.4150067, 0.87606776), (-0.63732326, -0.10056707, 0.76400614), (-0.51566356, -0.05669372, 0.85491335), (-0.54920506, 0.32479668, 0.76998764), (-0.7162931, 0.29130074, 0.63408834), (-0.96211916, -0.17876086, 0.20584306), (-0.8721811, -0.19324887, 0.44939405), (-0.17086855, -0.2534515, 0.9521377), (-0.5347409, -0.22445555, 0.81466055), (-0.39993465, -0.87671864, 0.26723894), (-0.388582, -0.80368656, 0.45065728), (-0.644833, -0.19381538, 0.7393416), (-0.6716588, -0.0975852, 0.7344056), (-0.18833871, -0.9800543, 0.06342108), (-0.33869365, -0.91691417, 0.21108067), (-0.33869365, -0.91691417, 0.21108067), (-0.18833871, -0.9800543, 0.06342108), (0.40454566, -0.7235052, -0.55935955), (0.3037664, -0.7833205, -0.5423421), (-0.388582, -0.80368656, 0.45065728), (-0.39993465, -0.87671864, 0.26723894), (0.051870186, -0.84820074, -0.527129), (-0.32803264, -0.8184576, -0.47172207), (-0.9120443, -0.2935859, 0.28632596), (-0.56275624, -0.67649084, 0.47504276), (-0.61823004, -0.72032464, -0.31452197), (-0.7123363, -0.6272198, -0.31491658), (-0.5649158, 0.271215, 0.77930254), (-0.2146661, 0.033986922, 0.976096), (-0.56275624, -0.67649084, 0.47504276), (-0.9120443, -0.2935859, 0.28632596), (-0.39993465, -0.87671864, 0.26723894), (-0.33869365, -0.91691417, 0.21108067), (0.3037664, -0.7833205, -0.5423421), (0.051870186, -0.84820074, -0.527129), (-0.5347409, -0.22445555, 0.81466055), (-0.644833, -0.19381538, 0.7393416), (-0.33869365, -0.91691417, 0.21108067), (-0.39993465, -0.87671864, 0.26723894), (-0.11863839, 0.54565436, 0.82956994), (-0.11029979, 0.4969816, 0.8607225), (-0.51566356, -0.05669372, 0.85491335), (-0.49928215, 0.00028404486, 0.86643946), (-0.49928215, 0.00028404486, 0.86643946), (-0.51566356, -0.05669372, 0.85491335), (-0.6784513, -0.55541945, 0.4808462), (-0.65873265, -0.5675673, 0.4939015), (-0.56275624, -0.67649084, 0.47504276), (-0.388582, -0.80368656, 0.45065728), (-0.32803264, -0.8184576, -0.47172207), (-0.61823004, -0.72032464, -0.31452197), (-0.2146661, 0.033986922, 0.976096), (-0.17086855, -0.2534515, 0.9521377), (-0.388582, -0.80368656, 0.45065728), (-0.56275624, -0.67649084, 0.47504276), (-0.7162931, 0.29130074, 0.63408834), (-0.5649158, 0.271215, 0.77930254), (-0.9120443, -0.2935859, 0.28632596), (-0.96211916, -0.17876086, 0.20584306), (-0.96211916, -0.17876086, 0.20584306), (-0.9120443, -0.2935859, 0.28632596), (-0.7123363, -0.6272198, -0.31491658), (-0.7509805, -0.56742376, -0.33772546), (-0.24550927, 0.4150067, 0.87606776), (-0.54920506, 0.32479668, 0.76998764), (-0.8721811, -0.19324887, 0.44939405), (-0.63732326, -0.10056707, 0.76400614), (-0.63732326, -0.10056707, 0.76400614), (-0.8721811, -0.19324887, 0.44939405), (-0.7989141, -0.60009104, -0.040337015), (-0.743217, -0.5751463, 0.34181163), (0.6137054, 0.72645813, 0.30923173), (0.96335715, 0.2598642, 0.06643502), (0.94624454, 0.28575996, 0.15153416), (0.6153364, 0.72342575, 0.3130756), (0.96335715, 0.2598642, 0.06643502), (0.95342714, -0.26060638, -0.15185827), (0.94298995, -0.29954037, -0.1450708), (0.94624454, 0.28575996, 0.15153416), (0.65118754, 0.68854576, 0.31915432), (0.9263491, 0.2661397, 0.26654643), (0.9203898, 0.2112592, 0.329017), (0.7095794, 0.63499445, 0.30541635), (0.9263491, 0.2661397, 0.26654643), (0.9479483, -0.30895728, 0.07706775), (0.9145063, -0.30932456, 0.2607614), (0.9203898, 0.2112592, 0.329017), (0.7970083, 0.5497914, 0.25001457), (0.96566504, 0.07293921, 0.24934074), (0.9938274, -0.10001763, 0.047995694), (0.9226341, 0.34808114, 0.16608973), (0.96566504, 0.07293921, 0.24934074), (0.89872277, -0.39717257, 0.18588033), (0.8588856, -0.5072848, -0.07055324), (0.9938274, -0.10001763, 0.047995694), (0.9226341, 0.34808114, 0.16608973), (0.9938274, -0.10001763, 0.047995694), (0.9500251, -0.29943445, -0.08826905), (0.98513275, 0.071662255, 0.15613429), (0.9938274, -0.10001763, 0.047995694), (0.8588856, -0.5072848, -0.07055324), (0.76467186, -0.5818893, -0.27691463), (0.9500251, -0.29943445, -0.08826905), (0.98513275, 0.071662255, 0.15613429), (0.9500251, -0.29943445, -0.08826905), (0.88831747, -0.43983898, -0.13203721), (0.97454184, -0.20150487, 0.09830601), (0.9500251, -0.29943445, -0.08826905), (0.76467186, -0.5818893, -0.27691463), (0.6916191, -0.6323469, -0.34899926), (0.88831747, -0.43983898, -0.13203721), (0.97454184, -0.20150487, 0.09830601), (0.88831747, -0.43983898, -0.13203721), (0.91866237, -0.39035964, -0.060653664), (0.9281399, -0.37021104, -0.038728964), (0.88831747, -0.43983898, -0.13203721), (0.6916191, -0.6323469, -0.34899926), (0.91866237, -0.39035964, -0.060653664), (0.9281399, -0.37021104, -0.038728964), (0.91866237, -0.39035964, -0.060653664), (0.88891435, -0.4431957, -0.11579651), (0.8779953, -0.46455845, -0.11536745), (0.8779953, -0.46455845, -0.11536745), (0.88891435, -0.4431957, -0.11579651), (0.872469, -0.47491223, -0.11513507), (0.8724689, -0.4749118, -0.11513832), (0.8724689, -0.4749118, -0.11513832), (0.872469, -0.47491223, -0.11513507), (0.87246877, -0.4749113, -0.11514144), (0.988281, 0.14720906, 0.040375825), (0.96228623, -0.2445149, -0.11923751), (0.95342714, -0.26060638, -0.15185827), (0.96335715, 0.2598642, 0.06643502), (0.6450584, 0.71175534, 0.27803585), (0.988281, 0.14720906, 0.040375825), (0.96335715, 0.2598642, 0.06643502), (0.6137054, 0.72645813, 0.30923173), (0.9203898, 0.2112592, 0.329017), (0.9145063, -0.30932456, 0.2607614), (0.89872277, -0.39717257, 0.18588033), (0.96566504, 0.07293921, 0.24934074), (0.7095794, 0.63499445, 0.30541635), (0.9203898, 0.2112592, 0.329017), (0.96566504, 0.07293921, 0.24934074), (0.7970083, 0.5497914, 0.25001457), (0.94624454, 0.28575996, 0.15153416), (0.94298995, -0.29954037, -0.1450708), (0.9479483, -0.30895728, 0.07706775), (0.9263491, 0.2661397, 0.26654643), (0.6153364, 0.72342575, 0.3130756), (0.94624454, 0.28575996, 0.15153416), (0.9263491, 0.2661397, 0.26654643), (0.65118754, 0.68854576, 0.31915432), (0.9287479, 0.3546097, -0.10807098), (0.98153836, 0.09404208, -0.1665491), (0.9785356, 0.070346475, -0.19369946), (0.93295974, 0.33215868, -0.13876882), (0.98153836, 0.09404208, -0.1665491), (0.96551853, -0.19551145, -0.17189856), (0.95855176, -0.1667281, -0.23104179), (0.9785356, 0.070346475, -0.19369946), (0.91872156, 0.10884003, -0.37961113), (0.89450175, -0.10339198, -0.43494457), (0.7773812, -0.059359077, -0.62622285), (0.8334947, 0.15428162, -0.5305504), (0.8984838, 0.3545706, -0.25885612), (0.91872156, 0.10884003, -0.37961113), (0.8334947, 0.15428162, -0.5305504), (0.85975, 0.38929793, -0.33057082), (0.82476294, 0.17839865, -0.5366005), (0.6897494, -0.062273767, -0.72136515), (0.7166241, -0.16085956, -0.67865604), (0.8534379, 0.106507055, -0.5101961), (0.8608257, 0.4205262, -0.2865951), (0.82476294, 0.17839865, -0.5366005), (0.8534379, 0.106507055, -0.5101961), (0.8826081, 0.3114324, -0.3521544), (0.8534379, 0.106507055, -0.5101961), (0.7166241, -0.16085956, -0.67865604), (0.66070914, -0.46810246, -0.58680785), (0.86065227, -0.16016865, -0.48334637), (0.8826081, 0.3114324, -0.3521544), (0.8534379, 0.106507055, -0.5101961), (0.86065227, -0.16016865, -0.48334637), (0.9461025, 0.17673475, -0.2713942), (0.86065227, -0.16016865, -0.48334637), (0.66070914, -0.46810246, -0.58680785), (0.5314372, -0.8155677, -0.22896247), (0.82375675, -0.27879778, -0.4936564), (0.9461025, 0.17673475, -0.2713942), (0.86065227, -0.16016865, -0.48334637), (0.82375675, -0.27879778, -0.4936564), (0.7820126, 0.56865174, -0.25513044), (0.82375675, -0.27879778, -0.4936564), (0.5314372, -0.8155677, -0.22896247), (0.438771, -0.8965282, 0.06096858), (0.40615988, -0.9088343, 0.09515482), (0.7820126, 0.56865174, -0.25513044), (0.82375675, -0.27879778, -0.4936564), (0.40615988, -0.9088343, 0.09515482), (-0.5819363, 0.8127488, 0.028099328), (0.40615988, -0.9088343, 0.09515482), (0.438771, -0.8965282, 0.06096858), (0.4118186, -0.89880055, 0.15020989), (-0.5819363, 0.8127488, 0.028099328), (0.40615988, -0.9088343, 0.09515482), (0.4118186, -0.89880055, 0.15020989), (0.40871388, -0.9023403, 0.13687573), (0.40601212, -0.88614506, 0.22338566), (0.4060475, -0.8861741, 0.22320566), (0.39881405, -0.8877429, 0.22991294), (0.40136, -0.88687885, 0.2288147), (0.40871388, -0.9023403, 0.13687573), (0.4118186, -0.89880055, 0.15020989), (0.4073898, -0.8920709, 0.19555806), (0.4087458, -0.8928687, 0.18897761), (0.40561718, -0.888827, 0.21321617), (0.40585595, -0.88841075, 0.2144931), (0.4060475, -0.8861741, 0.22320566), (0.40601212, -0.88614506, 0.22338566), (0.4087458, -0.8928687, 0.18897761), (0.4073898, -0.8920709, 0.19555806), (0.40585595, -0.88841075, 0.2144931), (0.40561718, -0.888827, 0.21321617), (0.40136, -0.88687885, 0.2288147), (0.39881405, -0.8877429, 0.22991294), (0.39492574, -0.88904595, 0.23158363), (0.3949257, -0.88904595, 0.23158365), (0.93295974, 0.33215868, -0.13876882), (0.9785356, 0.070346475, -0.19369946), (0.91872156, 0.10884003, -0.37961113), (0.8984838, 0.3545706, -0.25885612), (0.9785356, 0.070346475, -0.19369946), (0.95855176, -0.1667281, -0.23104179), (0.89450175, -0.10339198, -0.43494457), (0.91872156, 0.10884003, -0.37961113), (0.85975, 0.38929793, -0.33057082), (0.8334947, 0.15428162, -0.5305504), (0.82476294, 0.17839865, -0.5366005), (0.8608257, 0.4205262, -0.2865951), (0.8334947, 0.15428162, -0.5305504), (0.7773812, -0.059359077, -0.62622285), (0.6897494, -0.062273767, -0.72136515), (0.82476294, 0.17839865, -0.5366005), (0.93172777, 0.13431196, -0.3374073), (0.9388231, -0.14133835, -0.31406164), (0.96551853, -0.19551145, -0.17189856), (0.98153836, 0.09404208, -0.1665491), (0.9002895, 0.37273046, -0.2248355), (0.93172777, 0.13431196, -0.3374073), (0.98153836, 0.09404208, -0.1665491), (0.9287479, 0.3546097, -0.10807098), (0.87075055, 0.34163055, -0.35366935), (0.90524095, 0.13557844, -0.40268752), (0.93172777, 0.13431196, -0.3374073), (0.9002895, 0.37273046, -0.2248355), (0.90524095, 0.13557844, -0.40268752), (0.90066737, -0.055297073, -0.430976), (0.9388231, -0.14133835, -0.31406164), (0.93172777, 0.13431196, -0.3374073), (-0.63492185, 0.21655384, 0.74160546), (-0.15588965, 0.8283318, 0.5381123), (-0.22954075, 0.968806, 0.09341251), (-0.7778541, 0.41370758, 0.47306344), (-0.7778541, 0.41370758, 0.47306344), (-0.22954075, 0.968806, 0.09341251), (-0.50392157, 0.86373055, -0.005697989), (-0.9154403, 0.3148529, 0.25067252), (-0.9154403, 0.3148529, 0.25067252), (-0.50392157, 0.86373055, -0.005697989), (-0.5501176, 0.79381853, 0.25927347), (-0.8577057, 0.36990333, 0.35708886), (-0.8577057, 0.36990333, 0.35708886), (-0.5501176, 0.79381853, 0.25927347), (-0.36282143, 0.68017876, 0.63695955), (-0.7839847, 0.37492877, 0.4947691), (-0.787305, 0.27467015, 0.5520029), (-0.22382134, 0.4381865, 0.87057257), (-0.10609514, 0.36827007, 0.9236454), (-0.75823516, 0.17457919, 0.62817323), (-0.75823516, 0.17457919, 0.62817323), (-0.10609514, 0.36827007, 0.9236454), (0.08447447, 0.29087123, 0.95302564), (-0.6245673, 0.11504935, 0.7724502), (-0.37555504, 0.0008104712, 0.9267997), (-0.6245673, 0.11504935, 0.7724502), (0.08447447, 0.29087123, 0.95302564), (0.35131574, 0.07337982, 0.933377), (0.35131574, 0.07337982, 0.933377), (0.26510784, 0.1224695, 0.95640945), (0.2253322, 0.11653793, 0.96728706), (0.2253322, 0.11653793, 0.96728706), (0.26510784, 0.1224695, 0.95640945), (0.41976073, 0.041450325, 0.9066878), (0.42366722, 0.038343582, 0.905006), (0.42366722, 0.038343582, 0.905006), (0.41976073, 0.041450325, 0.9066878), (0.5086989, -0.106058, 0.854387), (0.506523, -0.08892908, 0.8576281), (0.506523, -0.08892908, 0.8576281), (0.5086989, -0.106058, 0.854387), (0.5157054, -0.17280068, 0.83915913), (0.5157054, -0.17280066, 0.839159), (0.35131574, 0.07337982, 0.933377), (0.76960546, 0.11273902, 0.62848806), (0.38911566, -0.02011177, 0.92096937), (0.49068478, 0.020643579, 0.87109256), (0.08447447, 0.29087123, 0.95302564), (0.8208936, 0.1905997, 0.53833574), (0.76960546, 0.11273902, 0.62848806), (0.35131574, 0.07337982, 0.933377), (0.49068478, 0.020643579, 0.87109256), (0.38911566, -0.02011177, 0.92096937), (0.26160458, -0.023562923, 0.9648875), (0.27787083, -0.00839875, 0.9605818), (0.27787083, -0.00839875, 0.9605818), (0.26160458, -0.023562923, 0.9648875), (0.3578928, 0.06830633, 0.931261), (0.3578928, 0.06830632, 0.93126094), (-0.10609514, 0.36827007, 0.9236454), (0.5690293, 0.34419745, 0.74681574), (0.8208936, 0.1905997, 0.53833574), (0.08447447, 0.29087123, 0.95302564), (-0.22382134, 0.4381865, 0.87057257), (0.4314994, 0.5711239, 0.6983021), (0.5690293, 0.34419745, 0.74681574), (-0.10609514, 0.36827007, 0.9236454), (-0.5501176, 0.79381853, 0.25927347), (0.060156435, 0.98692805, 0.14951342), (0.2137674, 0.8479649, 0.48503503), (-0.36282143, 0.68017876, 0.63695955), (-0.50392157, 0.86373055, -0.005697989), (0.22933401, 0.93841124, -0.25843823), (0.060156435, 0.98692805, 0.14951342), (-0.5501176, 0.79381853, 0.25927347), (-0.22954075, 0.968806, 0.09341251), (0.55140257, 0.7585536, -0.34720543), (0.22933401, 0.93841124, -0.25843823), (-0.50392157, 0.86373055, -0.005697989), (-0.15588965, 0.8283318, 0.5381123), (0.41582015, 0.90358347, 0.103103966), (0.55140257, 0.7585536, -0.34720543), (-0.22954075, 0.968806, 0.09341251), (-0.18127517, 0.62056226, 0.7629166), (0.22961582, 0.9064672, 0.35439223), (0.41582015, 0.90358347, 0.103103966), (-0.15588965, 0.8283318, 0.5381123), (-0.5540639, -0.025148913, 0.83209413), (-0.18127517, 0.62056226, 0.7629166), (-0.15588965, 0.8283318, 0.5381123), (-0.63492185, 0.21655384, 0.74160546), (-0.36282143, 0.68017876, 0.63695955), (0.2137674, 0.8479649, 0.48503503), (0.4314994, 0.5711239, 0.6983021), (-0.22382134, 0.4381865, 0.87057257), (-0.7839847, 0.37492877, 0.4947691), (-0.36282143, 0.68017876, 0.63695955), (-0.22382134, 0.4381865, 0.87057257), (-0.787305, 0.27467015, 0.5520029), (0.82356876, 0.25550014, -0.506413), (0.93030274, -0.088002004, -0.35607937), (0.8919099, 0.21222404, -0.39932153), (0.665465, 0.531693, -0.52388823), (0.665465, 0.531693, -0.52388823), (0.8919099, 0.21222404, -0.39932153), (0.8635488, 0.32433033, -0.38612598), (0.55792135, 0.685013, -0.46848792), (0.55792135, 0.685013, -0.46848792), (0.8635488, 0.32433033, -0.38612598), (0.9259514, 0.25697812, -0.2767241), (0.6763545, 0.6382433, -0.36768216), (0.6763545, 0.6382433, -0.36768216), (0.9259514, 0.25697812, -0.2767241), (0.8805127, 0.38902488, -0.27084503), (0.88559246, 0.37837422, -0.2693676), (0.88559246, 0.37837422, -0.2693676), (0.8805127, 0.38902488, -0.27084503), (0.9289435, 0.23384655, -0.28701892), (0.92878443, 0.23097469, -0.2898453), (0.9259514, 0.25697812, -0.2767241), (0.9774101, -0.16510412, -0.13194805), (0.8805127, 0.38902488, -0.27084503), (0.92878443, 0.23097469, -0.2898453), (0.9289435, 0.23384655, -0.28701892), (0.90205246, 0.1858021, -0.38958815), (0.87071764, 0.18102726, -0.45725253), (0.87071764, 0.18102726, -0.45725253), (0.90205246, 0.1858021, -0.38958815), (0.81451374, 0.12326634, -0.5668976), (0.7877542, 0.079511516, -0.6108367), (0.7877542, 0.079511516, -0.6108367), (0.81451374, 0.12326634, -0.5668976), (0.70932436, 0.028533474, -0.7043045), (0.6955325, 0.028886104, -0.71791375), (0.6955325, 0.028886104, -0.71791375), (0.70932436, 0.028533474, -0.7043045), (0.60272825, 0.09287204, -0.79252344), (0.5839538, 0.11593851, -0.8034651), (0.5839538, 0.11593851, -0.8034651), (0.60272825, 0.09287204, -0.79252344), (0.53076565, 0.17715687, -0.8287962), (0.5307657, 0.17715688, -0.82879627), (0.8635488, 0.32433033, -0.38612598), (0.9681807, -0.13252741, -0.21227945), (0.9774101, -0.16510412, -0.13194805), (0.9259514, 0.25697812, -0.2767241), (0.8919099, 0.21222404, -0.39932153), (0.96387804, -0.13899204, -0.22720097), (0.9681807, -0.13252741, -0.21227945), (0.8635488, 0.32433033, -0.38612598), (0.93030274, -0.088002004, -0.35607937), (0.9127282, -0.38661098, -0.13213369), (0.96387804, -0.13899204, -0.22720097), (0.8919099, 0.21222404, -0.39932153), (-0.37555504, 0.0008104712, 0.9267997), (0.35131574, 0.07337982, 0.933377), (0.2253322, 0.11653793, 0.96728706), (0.91942525, -0.16145515, -0.3585938), (0.7722605, -0.6328742, -0.05553372), (0.9127282, -0.38661098, -0.13213369), (0.93030274, -0.088002004, -0.35607937), (0.8738158, 0.113691136, -0.47277927), (0.91942525, -0.16145515, -0.3585938), (0.93030274, -0.088002004, -0.35607937), (0.82356876, 0.25550014, -0.506413), (0.4107998, -0.59383774, 0.69180936), (0.055843208, -0.7282732, 0.68300784), (0.018516831, -0.80454606, 0.5936015), (0.4149617, -0.6968699, 0.58496076), (0.7321193, -0.31119487, 0.60593647), (0.4107998, -0.59383774, 0.69180936), (0.4149617, -0.6968699, 0.58496076), (0.7083847, -0.4911055, 0.5069581), (0.4684996, 0.80799687, 0.35728025), (0.19223657, 0.8966771, 0.39876723), (-0.44068027, 0.855602, 0.2715624), (-0.3763258, 0.8643726, 0.33352494), (0.19223657, 0.8966771, 0.39876723), (0.071655415, 0.8056261, 0.5880748), (-0.6497529, 0.75744444, 0.06402335), (-0.44068027, 0.855602, 0.2715624), (0.071655415, 0.8056261, 0.5880748), (0.041561477, 0.75411355, 0.65542763), (-0.61095023, 0.76237327, 0.21337), (-0.6497529, 0.75744444, 0.06402335), (0.041561477, 0.75411355, 0.65542763), (0.014580091, 0.55830234, 0.82950944), (-0.544585, 0.7661712, 0.3411876), (-0.61095023, 0.76237327, 0.21337), (0.66189075, 0.28035584, 0.6951988), (0.6066479, 0.16486244, 0.777688), (0.014580091, 0.55830234, 0.82950944), (0.041561477, 0.75411355, 0.65542763), (0.8227179, 0.23338363, 0.5183314), (0.66189075, 0.28035584, 0.6951988), (0.041561477, 0.75411355, 0.65542763), (0.071655415, 0.8056261, 0.5880748), (0.9499837, 0.21989186, 0.22176227), (0.8227179, 0.23338363, 0.5183314), (0.071655415, 0.8056261, 0.5880748), (0.19223657, 0.8966771, 0.39876723), (0.96469843, 0.22053845, 0.14394388), (0.9499837, 0.21989186, 0.22176227), (0.19223657, 0.8966771, 0.39876723), (0.4684996, 0.80799687, 0.35728025), (0.6066479, 0.16486244, 0.777688), (0.5583821, -0.14290662, 0.81718236), (0.019361839, 0.122166194, 0.9923208), (0.014580091, 0.55830234, 0.82950944), (0.5583821, -0.14290662, 0.81718236), (0.61092895, -0.29508388, 0.73463684), (0.20840272, -0.17815582, 0.96168023), (0.019361839, 0.122166194, 0.9923208), (0.61092895, -0.29508388, 0.73463684), (0.74138635, -0.18429212, 0.64527726), (0.3263129, -0.14099002, 0.934688), (0.20840272, -0.17815582, 0.96168023), (0.74138635, -0.18429212, 0.64527726), (0.76770145, -0.02215784, 0.64042455), (0.30412617, -0.15359616, 0.9401678), (0.3263129, -0.14099002, 0.934688), (0.76770145, -0.02215784, 0.64042455), (0.5975079, -0.0070148082, 0.8018324), (-0.038632516, -0.17139705, 0.9844443), (0.30412617, -0.15359616, 0.9401678), (0.5975079, -0.0070148082, 0.8018324), (0.34700206, -0.008602024, 0.9378249), (0.32364222, 0.0066580563, 0.94615614), (-0.038632516, -0.17139705, 0.9844443), (0.34700206, -0.008602024, 0.9378249), (0.22168247, 0.13112004, 0.9662631), (0.22218254, 0.15816268, 0.9620912), (0.32364222, 0.0066580563, 0.94615614), (0.22168247, 0.13112004, 0.9662631), (0.27186012, 0.19858009, 0.94162524), (0.27992585, 0.17243926, 0.9444078), (0.22218254, 0.15816268, 0.9620912), (0.27186012, 0.19858009, 0.94162524), (0.33775118, 0.19043568, 0.92176914), (0.2884931, 0.10280386, 0.951947), (0.27992585, 0.17243926, 0.9444078), (0.27992585, 0.17243926, 0.9444078), (0.2884931, 0.10280386, 0.951947), (0.24972168, -0.010423231, 0.96826154), (0.2884931, 0.10280386, 0.951947), (0.22390696, -0.21746059, 0.95004034), (0.19734707, -0.35105988, 0.91532016), (0.24972168, -0.010423231, 0.96826154), (0.22390696, -0.21746059, 0.95004034), (0.14168864, -0.570812, 0.80876327), (0.12275267, -0.6334731, 0.7639658), (0.19734707, -0.35105988, 0.91532016), (0.14168864, -0.570812, 0.80876327), (0.1255604, -0.6931273, 0.7097952), (0.15399335, -0.694288, 0.7030293), (0.12275267, -0.6334731, 0.7639658), (0.1255604, -0.6931273, 0.7097952), (0.2203383, -0.63059837, 0.7441752), (0.21877623, -0.6329491, 0.74263877), (0.15399335, -0.694288, 0.7030293), (0.2203383, -0.63059837, 0.7441752), (0.30065155, -0.42340076, 0.8545996), (0.29682967, -0.43954158, 0.847759), (0.21877623, -0.6329491, 0.74263877), (0.30065155, -0.42340076, 0.8545996), (0.3288824, -0.28259936, 0.9010959), (0.32888243, -0.28259936, 0.901096), (0.29682967, -0.43954158, 0.847759), (-0.038632516, -0.17139705, 0.9844443), (-0.6413538, -0.059911914, 0.7649025), (-0.64135385, -0.059911918, 0.7649025), (-0.54242384, -0.2861311, 0.7898768), (0.30412617, -0.15359616, 0.9401678), (-0.038632516, -0.17139705, 0.9844443), (-0.54242384, -0.2861311, 0.7898768), (-0.37422204, -0.30762577, 0.87482816), (0.3263129, -0.14099002, 0.934688), (0.30412617, -0.15359616, 0.9401678), (-0.37422204, -0.30762577, 0.87482816), (-0.30765712, -0.11065306, 0.94504124), (0.20840272, -0.17815582, 0.96168023), (0.3263129, -0.14099002, 0.934688), (-0.30765712, -0.11065306, 0.94504124), (-0.48457792, 0.15829015, 0.8603072), (0.019361839, 0.122166194, 0.9923208), (0.20840272, -0.17815582, 0.96168023), (-0.48457792, 0.15829015, 0.8603072), (-0.5572781, 0.5706201, 0.6031865), (0.014580091, 0.55830234, 0.82950944), (0.019361839, 0.122166194, 0.9923208), (-0.5572781, 0.5706201, 0.6031865), (-0.544585, 0.7661712, 0.3411876), (0.7681221, 0.56937534, 0.29291686), (0.7032268, 0.6677975, 0.24396397), (0.20952149, 0.9699353, -0.12379932), (0.13260107, 0.9350476, -0.32878995), (0.7032268, 0.6677975, 0.24396397), (0.7198983, 0.6476076, 0.24970146), (0.2587255, 0.95243186, -0.16104233), (0.20952149, 0.9699353, -0.12379932), (0.8082895, -0.10162895, 0.57994795), (0.8631572, -0.04918601, 0.502534), (0.7032268, 0.6677975, 0.24396397), (0.7681221, 0.56937534, 0.29291686), (0.8631572, -0.04918601, 0.502534), (0.8457674, 0.050098542, 0.53119457), (0.7198983, 0.6476076, 0.24970146), (0.7032268, 0.6677975, 0.24396397), (0.8457674, 0.050098542, 0.53119457), (0.9237034, -0.04651193, 0.38027456), (0.77460945, 0.57112145, 0.27166253), (0.7198983, 0.6476076, 0.24970146), (0.9237034, -0.04651193, 0.38027456), (0.92645943, -0.21000645, 0.3123624), (0.8680957, 0.4115029, 0.2776244), (0.77460945, 0.57112145, 0.27166253), (0.92645943, -0.21000645, 0.3123624), (0.79172224, 0.3394207, 0.507907), (0.8680957, 0.4115029, 0.2776244), (0.79172224, 0.3394207, 0.507907), (0.6763737, 0.18973327, 0.71170217), (0.7658687, 0.1973208, 0.6119719), (0.682512, 0.6749079, 0.28049365), (0.8680957, 0.4115029, 0.2776244), (0.79172224, 0.3394207, 0.507907), (0.682512, 0.6749079, 0.28049365), (0.3333365, 0.9380237, 0.09485912), (0.5192228, 0.23696391, 0.8211308), (0.39832896, 0.36645287, 0.8408605), (0.46782658, 0.27656847, 0.8394332), (0.62340635, 0.19565614, 0.75702256), (0.39832896, 0.36645287, 0.8408605), (0.27562946, 0.4440864, 0.85253483), (0.34790966, 0.40736467, 0.84440094), (0.46782658, 0.27656847, 0.8394332), (0.27562946, 0.4440864, 0.85253483), (0.20265831, 0.5011936, 0.84126955), (0.21671855, 0.4871129, 0.8460224), (0.34790966, 0.40736467, 0.84440094), (0.16335538, 0.5387654, 0.82646656), (0.15420221, 0.54705083, 0.822774), (0.15420221, 0.54705083, 0.822774), (0.16541648, 0.5368839, 0.8272805), (0.77460945, 0.57112145, 0.27166253), (0.8680957, 0.4115029, 0.2776244), (0.3333365, 0.9380237, 0.09485912), (0.21439894, 0.9734186, -0.08055627), (0.7198983, 0.6476076, 0.24970146), (0.77460945, 0.57112145, 0.27166253), (0.21439894, 0.9734186, -0.08055627), (0.2587255, 0.95243186, -0.16104233), (0.6763737, 0.18973327, 0.71170217), (0.5192228, 0.23696391, 0.8211308), (0.62340635, 0.19565614, 0.75702256), (0.7658687, 0.1973208, 0.6119719), (0.20265831, 0.5011936, 0.84126955), (0.16335538, 0.5387654, 0.82646656), (0.16541648, 0.5368839, 0.8272805), (0.21671855, 0.4871129, 0.8460224), (0.7219251, -0.08137953, 0.6871693), (0.8082895, -0.10162895, 0.57994795), (0.7681221, 0.56937534, 0.29291686), (0.62065893, 0.78392416, -0.015662465), (0.62065893, 0.78392416, -0.015662465), (0.7681221, 0.56937534, 0.29291686), (0.13260107, 0.9350476, -0.32878995), (0.11828493, 0.85535324, -0.50436056), (0.80621624, -0.20694517, 0.5542464), (0.8910185, -0.13535531, 0.43331856), (0.80509263, 0.5238102, 0.27829587), (0.8029775, 0.44821638, 0.3928475), (0.9798104, 0.066971056, 0.1883783), (0.98247343, 0.1843964, 0.027271485), (0.57123923, 0.8141056, 0.104488544), (0.7051014, 0.6977995, 0.12612624), (0.42226487, -0.78515995, 0.4530079), (0.5839564, -0.70493585, 0.40256715), (0.8910185, -0.13535531, 0.43331856), (0.80621624, -0.20694517, 0.5542464), (0.8133932, -0.5490071, 0.192309), (0.88767344, -0.46039963, -0.008250159), (0.98247343, 0.1843964, 0.027271485), (0.9798104, 0.066971056, 0.1883783), (0.6451917, -0.6093774, 0.4608545), (0.63387394, -0.7207664, 0.28053442), (0.6851375, 0.2932228, 0.6667885), (0.8797376, 0.16157982, 0.44716173), (0.48910838, -0.7111245, 0.50504947), (0.19975291, -0.8086382, 0.55335605), (0.54959595, 0.5584742, 0.6213298), (0.5784662, 0.3013514, 0.75800014), (0.5784662, 0.3013514, 0.75800014), (0.54959595, 0.5584742, 0.6213298), (0.2543493, 0.9653303, 0.058683537), (0.17182305, 0.95950556, 0.22321735), (0.8797376, 0.16157982, 0.44716173), (0.6851375, 0.2932228, 0.6667885), (0.17406529, 0.9520753, 0.25150344), (0.2965176, 0.94649607, 0.12736721), (0.9584254, 0.2748809, 0.076558955), (0.86643404, 0.43774801, 0.24014318), (0.22259875, 0.97099036, 0.08733581), (0.4125545, 0.90582323, 0.096348986), (0.851316, -0.5219496, -0.053196147), (0.85311586, -0.50976646, 0.11104769), (0.86643404, 0.43774801, 0.24014318), (0.9584254, 0.2748809, 0.076558955), (0.6851375, 0.2932228, 0.6667885), (0.5784662, 0.3013514, 0.75800014), (0.17182305, 0.95950556, 0.22321735), (0.17406529, 0.9520753, 0.25150344), (0.63387394, -0.7207664, 0.28053442), (0.48910838, -0.7111245, 0.50504947), (0.5784662, 0.3013514, 0.75800014), (0.6851375, 0.2932228, 0.6667885), (0.40723836, -0.81059015, 0.42083317), (0.42226487, -0.78515995, 0.4530079), (0.80621624, -0.20694517, 0.5542464), (0.78707707, -0.26409572, 0.5574614), (0.78707707, -0.26409572, 0.5574614), (0.80621624, -0.20694517, 0.5542464), (0.8029775, 0.44821638, 0.3928475), (0.7879633, 0.45284796, 0.4171841), (0.85659635, 0.28392282, 0.4308485), (0.833459, 0.28427482, 0.47385007), (0.37101114, 0.9238955, 0.09363605), (0.3553978, 0.93121225, 0.080847256), (0.74653774, -0.5502157, 0.37409097), (0.6289408, -0.62408864, 0.4636235), (0.833459, 0.28427482, 0.47385007), (0.85659635, 0.28392282, 0.4308485), (0.88767344, -0.46039963, -0.008250159), (0.851316, -0.5219496, -0.053196147), (0.9584254, 0.2748809, 0.076558955), (0.98247343, 0.1843964, 0.027271485), (0.98247343, 0.1843964, 0.027271485), (0.9584254, 0.2748809, 0.076558955), (0.4125545, 0.90582323, 0.096348986), (0.57123923, 0.8141056, 0.104488544), (0.5839564, -0.70493585, 0.40256715), (0.8133932, -0.5490071, 0.192309), (0.9798104, 0.066971056, 0.1883783), (0.8910185, -0.13535531, 0.43331856), (0.8910185, -0.13535531, 0.43331856), (0.9798104, 0.066971056, 0.1883783), (0.7051014, 0.6977995, 0.12612624), (0.80509263, 0.5238102, 0.27829587), (0.833459, 0.28427482, 0.47385007), (0.8797376, 0.16157982, 0.44716173), (0.2965176, 0.94649607, 0.12736721), (0.37101114, 0.9238955, 0.09363605), (0.6289408, -0.62408864, 0.4636235), (0.6451917, -0.6093774, 0.4608545), (0.8797376, 0.16157982, 0.44716173), (0.833459, 0.28427482, 0.47385007), (0.8540578, -0.41963205, 0.30739912), (0.74653774, -0.5502157, 0.37409097), (0.85659635, 0.28392282, 0.4308485), (0.8368854, 0.43440545, 0.3330387), (0.8368854, 0.43440545, 0.3330387), (0.85659635, 0.28392282, 0.4308485), (0.3553978, 0.93121225, 0.080847256), (0.25058427, 0.9660355, 0.06311044), (-0.6249625, 0.30925202, 0.716788), (-0.734571, 0.08513636, 0.67316955), (-0.8015535, -0.5133287, 0.3066034), (-0.84433854, -0.5049889, 0.17910507), (-0.734571, 0.08513636, 0.67316955), (-0.83185965, -0.092385925, 0.54724246), (-0.82531995, -0.55481833, 0.104993634), (-0.8015535, -0.5133287, 0.3066034), (-0.014267122, 0.787366, 0.6163208), (-0.20389907, 0.7184297, 0.6650443), (-0.734571, 0.08513636, 0.67316955), (-0.6249625, 0.30925202, 0.716788), (-0.20389907, 0.7184297, 0.6650443), (-0.4291502, 0.45170122, 0.78217405), (-0.83185965, -0.092385925, 0.54724246), (-0.734571, 0.08513636, 0.67316955), (-0.4291502, 0.45170122, 0.78217405), (-0.6059187, 0.42558104, 0.6721186), (-0.84628123, -0.17457186, 0.5033217), (-0.83185965, -0.092385925, 0.54724246), (-0.6059187, 0.42558104, 0.6721186), (-0.641578, 0.5684063, 0.51506495), (-0.8878232, -0.009926783, 0.46007758), (-0.84628123, -0.17457186, 0.5033217), (-0.641578, 0.5684063, 0.51506495), (-0.792767, 0.004479553, 0.6095084), (-0.8878232, -0.009926783, 0.46007758), (-0.792767, 0.004479553, 0.6095084), (-0.80555063, -0.12373657, 0.5794631), (-0.7578453, 0.04487828, 0.6508889), (-0.8636596, -0.36483997, 0.34782735), (-0.8878232, -0.009926783, 0.46007758), (-0.792767, 0.004479553, 0.6095084), (-0.8636596, -0.36483997, 0.34782735), (-0.7103779, -0.69282806, 0.123904966), (-0.87328833, -0.2851907, 0.3950111), (-0.6410365, -0.5761951, 0.507022), (-0.83847517, -0.36690006, 0.40291902), (-0.83118075, -0.21516283, 0.51268274), (-0.6410365, -0.5761951, 0.507022), (-0.5508339, -0.6826728, 0.48014566), (-0.5748319, -0.63878727, 0.5113894), (-0.83847517, -0.36690006, 0.40291902), (-0.5508339, -0.6826728, 0.48014566), (-0.66719294, -0.6249282, 0.4053618), (-0.63610464, -0.6460992, 0.42181358), (-0.5748319, -0.63878727, 0.5113894), (-0.7956861, -0.5188948, 0.31246087), (-0.8416678, -0.4715222, 0.26317695), (-0.8416678, -0.4715222, 0.26317695), (-0.8004251, -0.51441365, 0.30773076), (-0.84628123, -0.17457186, 0.5033217), (-0.8878232, -0.009926783, 0.46007758), (-0.7103779, -0.69282806, 0.123904966), (-0.70028734, -0.7127017, -0.04066837), (-0.83185965, -0.092385925, 0.54724246), (-0.84628123, -0.17457186, 0.5033217), (-0.70028734, -0.7127017, -0.04066837), (-0.82531995, -0.55481833, 0.104993634), (-0.80555063, -0.12373657, 0.5794631), (-0.87328833, -0.2851907, 0.3950111), (-0.83118075, -0.21516283, 0.51268274), (-0.7578453, 0.04487828, 0.6508889), (-0.66719294, -0.6249282, 0.4053618), (-0.7956861, -0.5188948, 0.31246087), (-0.8004251, -0.51441365, 0.30773076), (-0.63610464, -0.6460992, 0.42181358), (0.10334175, 0.7303812, 0.67517686), (-0.014267122, 0.787366, 0.6163208), (-0.6249625, 0.30925202, 0.716788), (-0.8653758, 0.035890717, 0.4998366), (-0.8653758, 0.035890717, 0.4998366), (-0.6249625, 0.30925202, 0.716788), (-0.84433854, -0.5049889, 0.17910507), (-0.8827815, -0.46977177, 0.0033682375), (-0.6853029, 0.51556146, 0.51435035), (-0.84325683, 0.37488696, 0.38519838), (-0.9031472, -0.19573984, 0.38211396), (-0.8295459, -0.1968596, 0.52258956), (-0.84325683, 0.37488696, 0.38519838), (-0.79109883, 0.4223597, 0.4424647), (-0.97338116, -0.15936069, 0.16472203), (-0.9031472, -0.19573984, 0.38211396), (-0.79109883, 0.4223597, 0.4424647), (-0.8047548, 0.3893514, 0.4480796), (-0.95477146, -0.104738645, 0.27828264), (-0.97338116, -0.15936069, 0.16472203), (-0.8047548, 0.3893514, 0.4480796), (-0.81627715, 0.40255585, 0.41429505), (-0.9586718, -0.07633583, 0.27408236), (-0.95477146, -0.104738645, 0.27828264), (-0.42982072, 0.76262367, 0.48338315), (-0.4952898, 0.74980235, 0.43873048), (-0.81627715, 0.40255585, 0.41429505), (-0.8047548, 0.3893514, 0.4480796), (-0.31693974, 0.83160955, 0.4560424), (-0.42982072, 0.76262367, 0.48338315), (-0.8047548, 0.3893514, 0.4480796), (-0.79109883, 0.4223597, 0.4424647), (-0.2753114, 0.9046959, 0.32515982), (-0.31693974, 0.83160955, 0.4560424), (-0.79109883, 0.4223597, 0.4424647), (-0.84325683, 0.37488696, 0.38519838), (-0.268292, 0.91904503, 0.2887483), (-0.2753114, 0.9046959, 0.32515982), (-0.84325683, 0.37488696, 0.38519838), (-0.6853029, 0.51556146, 0.51435035), (-0.4952898, 0.74980235, 0.43873048), (-0.5058611, 0.68025607, 0.5304303), (-0.7680997, 0.33067164, 0.5483421), (-0.81627715, 0.40255585, 0.41429505), (-0.5058611, 0.68025607, 0.5304303), (-0.45202705, 0.6583845, 0.6018316), (-0.62752825, 0.2811792, 0.7260485), (-0.7680997, 0.33067164, 0.5483421), (-0.45202705, 0.6583845, 0.6018316), (-0.538481, 0.74053377, 0.40205464), (-0.5683537, 0.3208833, 0.7576331), (-0.62752825, 0.2811792, 0.7260485), (-0.538481, 0.74053377, 0.40205464), (-0.677675, 0.6618559, 0.32047373), (-0.63555664, 0.39884079, 0.6610551), (-0.5683537, 0.3208833, 0.7576331), (-0.677675, 0.6618559, 0.32047373), (-0.6595122, 0.6453755, 0.38540116), (-0.40683174, 0.5239334, 0.7483193), (-0.63555664, 0.39884079, 0.6610551), (-0.6595122, 0.6453755, 0.38540116), (-0.46420524, 0.7572986, 0.4593608), (-0.5041871, 0.735038, 0.4533371), (-0.40683174, 0.5239334, 0.7483193), (-0.46420524, 0.7572986, 0.4593608), (-0.3872597, 0.80862284, 0.4428984), (-0.39025593, 0.807939, 0.44151416), (-0.5041871, 0.735038, 0.4533371), (-0.3872597, 0.80862284, 0.4428984), (-0.49528906, 0.7677621, 0.40648508), (-0.52827084, 0.7489225, 0.40005624), (-0.39025593, 0.807939, 0.44151416), (-0.49528906, 0.7677621, 0.40648508), (-0.5581384, 0.7288276, 0.39660048), (-0.58226544, 0.6886649, 0.4320967), (-0.52827084, 0.7489225, 0.40005624), (-0.52827084, 0.7489225, 0.40005624), (-0.58226544, 0.6886649, 0.4320967), (-0.5454345, 0.65623456, 0.5213995), (-0.58226544, 0.6886649, 0.4320967), (-0.29763463, 0.6216008, 0.72458684), (-0.18817858, 0.59973854, 0.7777547), (-0.5454345, 0.65623456, 0.5213995), (-0.29763463, 0.6216008, 0.72458684), (0.1954428, 0.44711748, 0.872862), (0.32150215, 0.3672383, 0.8727957), (-0.18817858, 0.59973854, 0.7777547), (0.1954428, 0.44711748, 0.872862), (0.46390277, 0.25113615, 0.8495439), (0.4892839, 0.21548747, 0.84508365), (0.32150215, 0.3672383, 0.8727957), (0.46390277, 0.25113615, 0.8495439), (0.35557428, 0.32483056, 0.87638575), (0.38044354, 0.30465707, 0.873182), (0.4892839, 0.21548747, 0.84508365), (0.35557428, 0.32483056, 0.87638575), (0.09932542, 0.52439517, 0.84566194), (0.12838413, 0.5014195, 0.8556261), (0.38044354, 0.30465707, 0.873182), (0.09932542, 0.52439517, 0.84566194), (0.0057141758, 0.5924725, 0.80557036), (0.0057141753, 0.5924725, 0.80557036), (0.12838413, 0.5014195, 0.8556261), (-0.40683174, 0.5239334, 0.7483193), (0.63449085, 0.3678026, 0.6798107), (0.63449085, 0.3678026, 0.6798107), (0.33771777, 0.34129512, 0.8771911), (-0.63555664, 0.39884079, 0.6610551), (-0.40683174, 0.5239334, 0.7483193), (0.33771777, 0.34129512, 0.8771911), (-0.40450007, 0.06832689, 0.911982), (-0.5683537, 0.3208833, 0.7576331), (-0.63555664, 0.39884079, 0.6610551), (-0.40450007, 0.06832689, 0.911982), (-0.46853814, -0.21620694, 0.85657847), (-0.62752825, 0.2811792, 0.7260485), (-0.5683537, 0.3208833, 0.7576331), (-0.46853814, -0.21620694, 0.85657847), (-0.62710625, -0.24896386, 0.73807496), (-0.7680997, 0.33067164, 0.5483421), (-0.62752825, 0.2811792, 0.7260485), (-0.62710625, -0.24896386, 0.73807496), (-0.8696235, -0.13973317, 0.4735289), (-0.81627715, 0.40255585, 0.41429505), (-0.7680997, 0.33067164, 0.5483421), (-0.8696235, -0.13973317, 0.4735289), (-0.9586718, -0.07633583, 0.27408236), (0.3539945, 0.76753974, 0.5343881), (0.095492005, 0.8308397, 0.5482579), (-0.5181968, 0.6672583, 0.5350125), (-0.45849988, 0.65557885, 0.59999526), (0.095492005, 0.8308397, 0.5482579), (0.10003445, 0.7934152, 0.6004043), (-0.6932168, 0.66999024, 0.26563817), (-0.5181968, 0.6672583, 0.5350125), (0.10003445, 0.7934152, 0.6004043), (0.11992535, 0.7855749, 0.6070337), (-0.6054939, 0.7119492, 0.35567605), (-0.6932168, 0.66999024, 0.26563817), (0.11992535, 0.7855749, 0.6070337), (0.19399709, 0.72556245, 0.66024566), (-0.50896806, 0.69485915, 0.5080575), (-0.6054939, 0.7119492, 0.35567605), (0.73980504, 0.43702164, 0.5115669), (0.7286366, 0.47317803, 0.49516776), (0.19399709, 0.72556245, 0.66024566), (0.11992535, 0.7855749, 0.6070337), (0.83470654, 0.32608923, 0.4437689), (0.73980504, 0.43702164, 0.5115669), (0.11992535, 0.7855749, 0.6070337), (0.10003445, 0.7934152, 0.6004043), (0.91133165, 0.36173248, 0.1965303), (0.83470654, 0.32608923, 0.4437689), (0.10003445, 0.7934152, 0.6004043), (0.095492005, 0.8308397, 0.5482579), (0.91660744, 0.37987718, 0.12459573), (0.91133165, 0.36173248, 0.1965303), (0.095492005, 0.8308397, 0.5482579), (0.3539945, 0.76753974, 0.5343881), (0.7286366, 0.47317803, 0.49516776), (0.7509057, 0.42565203, 0.50493664), (0.21891041, 0.5750257, 0.7883043), (0.19399709, 0.72556245, 0.66024566), (0.7509057, 0.42565203, 0.50493664), (0.76566786, 0.37110502, 0.5253893), (0.23512696, 0.3912015, 0.88976216), (0.21891041, 0.5750257, 0.7883043), (0.76566786, 0.37110502, 0.5253893), (0.7938001, 0.27165428, 0.5441373), (0.26917177, 0.12371508, 0.9551131), (0.23512696, 0.3912015, 0.88976216), (0.7938001, 0.27165428, 0.5441373), (0.7478868, -0.05072844, 0.66188526), (0.19541146, -0.37920067, 0.90444523), (0.26917177, 0.12371508, 0.9551131), (0.7478868, -0.05072844, 0.66188526), (0.5061714, -0.5099197, 0.6955375), (0.10139448, -0.5576664, 0.8238491), (0.19541146, -0.37920067, 0.90444523), (0.5061714, -0.5099197, 0.6955375), (0.24967465, -0.7216191, 0.64569986), (0.28336155, -0.7173683, 0.63646597), (0.10139448, -0.5576664, 0.8238491), (0.24967465, -0.7216191, 0.64569986), (0.21614757, -0.6825374, 0.69815683), (0.23728044, -0.6510251, 0.72101605), (0.28336155, -0.7173683, 0.63646597), (0.21614757, -0.6825374, 0.69815683), (0.33909968, -0.5584044, 0.75709707), (0.40818805, -0.48351005, 0.7743388), (0.23728044, -0.6510251, 0.72101605), (0.33909968, -0.5584044, 0.75709707), (0.49120396, -0.43556312, 0.7543231), (0.39693633, -0.39780632, 0.8271588), (0.40818805, -0.48351005, 0.7743388), (0.40818805, -0.48351005, 0.7743388), (0.39693633, -0.39780632, 0.8271588), (0.43886083, -0.25369692, 0.8619971), (0.39693633, -0.39780632, 0.8271588), (0.48170933, -0.0787123, 0.8727889), (0.48157012, 0.07235133, 0.873416), (0.43886083, -0.25369692, 0.8619971), (0.48170933, -0.0787123, 0.8727889), (0.47139913, 0.2634852, 0.8416403), (0.46921617, 0.30223927, 0.8297515), (0.48157012, 0.07235133, 0.873416), (0.47139913, 0.2634852, 0.8416403), (0.4868303, 0.3311764, 0.8082811), (0.49282852, 0.32214072, 0.8082979), (0.46921617, 0.30223927, 0.8297515), (0.4868303, 0.3311764, 0.8082811), (0.54020756, 0.047710553, 0.8401783), (0.53115046, 0.17024028, 0.8299985), (0.49282852, 0.32214072, 0.8082979), (0.54020756, 0.047710553, 0.8401783), (0.49071342, -0.327534, 0.80741674), (0.5204655, -0.2012574, 0.82982594), (0.53115046, 0.17024028, 0.8299985), (0.49071342, -0.327534, 0.80741674), (0.44828057, -0.45954567, 0.7667218), (0.44828057, -0.45954564, 0.7667218), (0.5204655, -0.2012574, 0.82982594), (0.10139448, -0.5576664, 0.8238491), (-0.8152562, 0.34565055, 0.4646322), (-0.8152562, 0.34565052, 0.46463218), (-0.76907307, -0.18044078, 0.61316204), (0.19541146, -0.37920067, 0.90444523), (0.10139448, -0.5576664, 0.8238491), (-0.76907307, -0.18044078, 0.61316204), (-0.4735591, -0.5495993, 0.6882459), (0.26917177, 0.12371508, 0.9551131), (0.19541146, -0.37920067, 0.90444523), (-0.4735591, -0.5495993, 0.6882459), (-0.46816564, -0.19040976, 0.86288184), (0.23512696, 0.3912015, 0.88976216), (0.26917177, 0.12371508, 0.9551131), (-0.46816564, -0.19040976, 0.86288184), (-0.46010742, 0.1994269, 0.8651763), (0.21891041, 0.5750257, 0.7883043), (0.23512696, 0.3912015, 0.88976216), (-0.46010742, 0.1994269, 0.8651763), (-0.47707033, 0.47863898, 0.73709464), (0.19399709, 0.72556245, 0.66024566), (0.21891041, 0.5750257, 0.7883043), (-0.47707033, 0.47863898, 0.73709464), (-0.50896806, 0.69485915, 0.5080575), (0.3221168, -0.6786668, 0.66003954), (0.3865287, -0.7578115, 0.52565897), (0.880895, -0.4477461, 0.15345156), (0.8460898, -0.44924435, 0.28689986), (0.5332135, -0.8141919, 0.2297281), (0.58874035, -0.8077097, 0.031464476), (0.98133475, -0.15986794, -0.106883995), (0.94519514, -0.3225479, -0.050685216), (-0.37724063, -0.58337647, 0.71927845), (-0.2506191, -0.7143731, 0.6533462), (0.3865287, -0.7578115, 0.52565897), (0.3221168, -0.6786668, 0.66003954), (-0.07248942, -0.90665656, 0.41559505), (-0.017222747, -0.98132735, 0.19157267), (0.58874035, -0.8077097, 0.031464476), (0.5332135, -0.8141919, 0.2297281), (0.07253817, -0.24424945, 0.96699554), (-0.025064003, -0.14398819, 0.9892619), (0.8839877, 0.16729765, 0.4365515), (0.8148168, -0.19915451, 0.5444364), (0.08623444, 0.20310467, 0.9753523), (-0.12476917, 0.32478362, 0.9375223), (0.9594121, 0.21708357, 0.18000896), (0.862568, 0.2833828, 0.41913083), (0.862568, 0.2833828, 0.41913083), (0.9594121, 0.21708357, 0.18000896), (0.8409829, -0.06500785, -0.53714216), (0.88835907, 0.07493454, -0.45299342), (0.8148168, -0.19915451, 0.5444364), (0.8839877, 0.16729765, 0.4365515), (0.9111067, 0.05910311, -0.40791097), (0.91669625, -0.047830887, -0.3967119), (0.6534937, -0.75567293, 0.043641157), (0.84251124, -0.5023193, 0.19455123), (0.96100056, 0.106295496, -0.25530192), (0.98993826, 0.004763239, -0.14141993), (-0.119671285, -0.9826929, 0.14139858), (-0.080030546, -0.9314903, 0.3548533), (0.84251124, -0.5023193, 0.19455123), (0.6534937, -0.75567293, 0.043641157), (0.8839877, 0.16729765, 0.4365515), (0.862568, 0.2833828, 0.41913083), (0.88835907, 0.07493454, -0.45299342), (0.9111067, 0.05910311, -0.40791097), (-0.025064003, -0.14398819, 0.9892619), (0.08623444, 0.20310467, 0.9753523), (0.862568, 0.2833828, 0.41913083), (0.8839877, 0.16729765, 0.4365515), (-0.41391715, -0.5850253, 0.6974367), (-0.37724063, -0.58337647, 0.71927845), (0.3221168, -0.6786668, 0.66003954), (0.26179585, -0.6821733, 0.6827171), (0.26179585, -0.6821733, 0.6827171), (0.3221168, -0.6786668, 0.66003954), (0.8460898, -0.44924435, 0.28689986), (0.85018945, -0.42739788, 0.30742303), (0.82261294, -0.41094017, 0.39298368), (0.8582806, -0.27562085, 0.4328828), (0.95254934, -0.023157354, -0.30350217), (0.9582974, 0.07408686, -0.27600202), (0.09337283, -0.71630156, 0.6915154), (-0.019663002, -0.49963892, 0.8660106), (0.8582806, -0.27562085, 0.4328828), (0.82261294, -0.41094017, 0.39298368), (-0.017222747, -0.98132735, 0.19157267), (-0.119671285, -0.9826929, 0.14139858), (0.6534937, -0.75567293, 0.043641157), (0.58874035, -0.8077097, 0.031464476), (0.58874035, -0.8077097, 0.031464476), (0.6534937, -0.75567293, 0.043641157), (0.98993826, 0.004763239, -0.14141993), (0.98133475, -0.15986794, -0.106883995), (-0.2506191, -0.7143731, 0.6533462), (-0.07248942, -0.90665656, 0.41559505), (0.5332135, -0.8141919, 0.2297281), (0.3865287, -0.7578115, 0.52565897), (0.3865287, -0.7578115, 0.52565897), (0.5332135, -0.8141919, 0.2297281), (0.94519514, -0.3225479, -0.050685216), (0.880895, -0.4477461, 0.15345156), (0.8582806, -0.27562085, 0.4328828), (0.8148168, -0.19915451, 0.5444364), (0.91669625, -0.047830887, -0.3967119), (0.95254934, -0.023157354, -0.30350217), (-0.019663002, -0.49963892, 0.8660106), (0.07253817, -0.24424945, 0.96699554), (0.8148168, -0.19915451, 0.5444364), (0.8582806, -0.27562085, 0.4328828), (-0.080030546, -0.9314903, 0.3548533), (0.09337283, -0.71630156, 0.6915154), (0.82261294, -0.41094017, 0.39298368), (0.84251124, -0.5023193, 0.19455123), (0.84251124, -0.5023193, 0.19455123), (0.82261294, -0.41094017, 0.39298368), (0.9582974, 0.07408686, -0.27600202), (0.96100056, 0.106295496, -0.25530192), (0.38593867, -0.8171328, 0.42818862), (0.46976656, -0.8175997, 0.33294162), (0.79042137, -0.5657406, -0.23488668), (0.71707106, -0.5421039, -0.4381009), (0.46976656, -0.8175997, 0.33294162), (0.44181478, -0.8342522, 0.32988328), (0.749894, -0.61351794, -0.24749672), (0.79042137, -0.5657406, -0.23488668), (-0.14514142, -0.52551764, 0.83831096), (-0.16565545, -0.63657224, 0.75321585), (0.46976656, -0.8175997, 0.33294162), (0.38593867, -0.8171328, 0.42818862), (-0.16565545, -0.63657224, 0.75321585), (-0.070652604, -0.66349816, 0.7448345), (0.44181478, -0.8342522, 0.32988328), (0.46976656, -0.8175997, 0.33294162), (-0.070652604, -0.66349816, 0.7448345), (-0.20373751, -0.71765983, 0.6659244), (0.37628075, -0.8452943, 0.37932864), (0.44181478, -0.8342522, 0.32988328), (-0.20373751, -0.71765983, 0.6659244), (-0.3490628, -0.652307, 0.6727933), (0.22925222, -0.84403247, 0.48482215), (0.37628075, -0.8452943, 0.37932864), (-0.3490628, -0.652307, 0.6727933), (0.2597442, -0.66939336, 0.6960212), (0.22925222, -0.84403247, 0.48482215), (0.2597442, -0.66939336, 0.6960212), (0.22248031, -0.45585492, 0.8617998), (0.17398478, -0.56413466, 0.8071439), (0.52052456, -0.7691771, 0.37070325), (0.22925222, -0.84403247, 0.48482215), (0.2597442, -0.66939336, 0.6960212), (0.52052456, -0.7691771, 0.37070325), (0.79164857, -0.61093795, 0.0068822666), (0.3417937, -0.30745038, 0.88806045), (0.4987095, -0.24481101, 0.8314784), (0.39814952, -0.27225342, 0.875988), (0.256264, -0.39998925, 0.87996435), (0.4987095, -0.24481101, 0.8314784), (0.60786736, -0.1629002, 0.77714914), (0.5522823, -0.21417768, 0.805675), (0.39814952, -0.27225342, 0.875988), (0.60786736, -0.1629002, 0.77714914), (0.67713904, -0.12263688, 0.7255638), (0.66293555, -0.12806053, 0.7376428), (0.5522823, -0.21417768, 0.805675), (0.718288, -0.1058356, 0.687649), (0.7274422, -0.10176482, 0.67858064), (0.72744226, -0.101764835, 0.6785807), (0.7165658, -0.106592864, 0.6893269), (0.37628075, -0.8452943, 0.37932864), (0.22925222, -0.84403247, 0.48482215), (0.79164857, -0.61093795, 0.0068822666), (0.802228, -0.56253403, -0.19996457), (0.44181478, -0.8342522, 0.32988328), (0.37628075, -0.8452943, 0.37932864), (0.802228, -0.56253403, -0.19996457), (0.749894, -0.61351794, -0.24749672), (0.22248031, -0.45585492, 0.8617998), (0.3417937, -0.30745038, 0.88806045), (0.256264, -0.39998925, 0.87996435), (0.17398478, -0.56413466, 0.8071439), (0.67713904, -0.12263688, 0.7255638), (0.718288, -0.1058356, 0.687649), (0.7165658, -0.106592864, 0.6893269), (0.66293555, -0.12806053, 0.7376428), (-0.05616624, -0.4169321, 0.90720063), (-0.14514142, -0.52551764, 0.83831096), (0.38593867, -0.8171328, 0.42818862), (0.5353045, -0.84227115, 0.06347028), (0.5353045, -0.84227115, 0.06347028), (0.38593867, -0.8171328, 0.42818862), (0.71707106, -0.5421039, -0.4381009), (0.5849923, -0.5551883, -0.5912276), (-0.11334824, -0.64516836, 0.7555858), (0.13014723, -0.70159817, 0.7005867), (0.6986531, -0.5805934, 0.4180849), (0.661684, -0.57301414, 0.48355877), (0.13014723, -0.70159817, 0.7005867), (0.1488797, -0.69666755, 0.7017757), (0.80449826, -0.5798832, 0.12852213), (0.6986531, -0.5805934, 0.4180849), (0.1488797, -0.69666755, 0.7017757), (0.11029486, -0.7377929, 0.6659555), (0.74407065, -0.63743544, 0.20008716), (0.80449826, -0.5798832, 0.12852213), (0.11029486, -0.7377929, 0.6659555), (0.05455474, -0.74811244, 0.6613256), (0.64848846, -0.7084359, 0.2785343), (0.74407065, -0.63743544, 0.20008716), (-0.55410784, -0.3891639, 0.73587775), (-0.54032034, -0.4415574, 0.71629673), (0.05455474, -0.74811244, 0.6613256), (0.11029486, -0.7377929, 0.6659555), (-0.643623, -0.2630097, 0.7187317), (-0.55410784, -0.3891639, 0.73587775), (0.11029486, -0.7377929, 0.6659555), (0.1488797, -0.69666755, 0.7017757), (-0.76671267, -0.28598008, 0.57477564), (-0.643623, -0.2630097, 0.7187317), (0.1488797, -0.69666755, 0.7017757), (0.13014723, -0.70159817, 0.7005867), (-0.7917747, -0.29936454, 0.53242254), (-0.76671267, -0.28598008, 0.57477564), (0.13014723, -0.70159817, 0.7005867), (-0.11334824, -0.64516836, 0.7555858), (-0.54032034, -0.4415574, 0.71629673), (-0.5033611, -0.34574446, 0.7918891), (0.11738898, -0.60992455, 0.7837167), (0.05455474, -0.74811244, 0.6613256), (-0.5033611, -0.34574446, 0.7918891), (-0.5481528, -0.09078075, 0.83143693), (0.08374007, -0.24311754, 0.9663754), (0.11738898, -0.60992455, 0.7837167), (-0.5481528, -0.09078075, 0.83143693), (-0.79731286, -0.012851487, 0.60342944), (-0.1724382, 0.023939058, 0.98472935), (0.08374007, -0.24311754, 0.9663754), (-0.79731286, -0.012851487, 0.60342944), (-0.86193645, -0.07781786, 0.501009), (-0.42887527, 0.0958454, 0.8982648), (-0.1724382, 0.023939058, 0.98472935), (-0.86193645, -0.07781786, 0.501009), (-0.7916833, -0.020537684, 0.61058646), (-0.58545816, 0.19361682, 0.78724277), (-0.42887527, 0.0958454, 0.8982648), (-0.7916833, -0.020537684, 0.61058646), (-0.6986959, 0.16913126, 0.6951392), (-0.7012379, 0.16092096, 0.69452846), (-0.58545816, 0.19361682, 0.78724277), (-0.6986959, 0.16913126, 0.6951392), (-0.64996666, 0.3498103, 0.6746674), (-0.6452304, 0.38467336, 0.6600789), (-0.7012379, 0.16092096, 0.69452846), (-0.64996666, 0.3498103, 0.6746674), (-0.6183241, 0.49328613, 0.6118366), (-0.60603863, 0.5643265, 0.5605826), (-0.6452304, 0.38467336, 0.6600789), (-0.6183241, 0.49328613, 0.6118366), (-0.58093697, 0.58761954, 0.5632189), (-0.5600273, 0.7049288, 0.43525255), (-0.60603863, 0.5643265, 0.5605826), (-0.60603863, 0.5643265, 0.5605826), (-0.5600273, 0.7049288, 0.43525255), (-0.4526626, 0.8390478, 0.30182004), (-0.5600273, 0.7049288, 0.43525255), (-0.28608727, 0.95053774, 0.12096387), (-0.17700109, 0.9840412, -0.018261066), (-0.4526626, 0.8390478, 0.30182004), (-0.28608727, 0.95053774, 0.12096387), (0.11100928, 0.9521266, -0.28483647), (0.23897338, 0.8974579, -0.37075734), (-0.17700109, 0.9840412, -0.018261066), (0.11100928, 0.9521266, -0.28483647), (0.41731802, 0.7835727, -0.460282), (0.4523322, 0.7641076, -0.4599297), (0.23897338, 0.8974579, -0.37075734), (0.41731802, 0.7835727, -0.460282), (0.30068848, 0.88718593, -0.34998205), (0.35043982, 0.8557069, -0.38073313), (0.4523322, 0.7641076, -0.4599297), (0.30068848, 0.88718593, -0.34998205), (-0.049424574, 0.9855847, -0.16180219), (0.0110767875, 0.98173773, -0.18991643), (0.35043982, 0.8557069, -0.38073313), (-0.049424574, 0.9855847, -0.16180219), (-0.19233589, 0.97700053, -0.09206964), (-0.19233589, 0.97700053, -0.09206965), (0.0110767875, 0.98173773, -0.18991643), (-0.58545816, 0.19361682, 0.78724277), (-0.52921, 0.3616777, 0.76754546), (-0.52921, 0.3616777, 0.76754546), (-0.14256693, 0.3991898, 0.9057164), (-0.42887527, 0.0958454, 0.8982648), (-0.58545816, 0.19361682, 0.78724277), (-0.14256693, 0.3991898, 0.9057164), (0.2015311, 0.32411855, 0.924301), (-0.1724382, 0.023939058, 0.98472935), (-0.42887527, 0.0958454, 0.8982648), (0.2015311, 0.32411855, 0.924301), (0.5039232, 0.079521954, 0.86008), (0.08374007, -0.24311754, 0.9663754), (-0.1724382, 0.023939058, 0.98472935), (0.5039232, 0.079521954, 0.86008), (0.7113465, -0.2892773, 0.6405503), (0.11738898, -0.60992455, 0.7837167), (0.08374007, -0.24311754, 0.9663754), (0.7113465, -0.2892773, 0.6405503), (0.6837884, -0.60058254, 0.41440812), (0.05455474, -0.74811244, 0.6613256), (0.11738898, -0.60992455, 0.7837167), (0.6837884, -0.60058254, 0.41440812), (0.64848846, -0.7084359, 0.2785343), (-0.89484453, 0.37288997, -0.24536963), (-0.69136065, 0.5318254, -0.4890625), (-0.8697698, 0.3481121, -0.3497405), (-0.9909474, 0.13388275, -0.009934102), (-0.9909474, 0.13388275, -0.009934102), (-0.8697698, 0.3481121, -0.3497405), (-0.9902031, -0.09082387, 0.10606058), (-0.779584, -0.39452562, 0.48641375), (-0.779584, -0.39452562, 0.48641375), (-0.9902031, -0.09082387, 0.10606058), (-0.83122975, -0.28940502, 0.47465974), (-0.468343, -0.5257222, 0.71012044), (-0.468343, -0.5257222, 0.71012044), (-0.83122975, -0.28940502, 0.47465974), (-0.7302418, -0.27674666, 0.62462646), (-0.40543675, -0.46918637, 0.7845286), (-0.40543675, -0.46918637, 0.7845286), (-0.7302418, -0.27674666, 0.62462646), (-0.7986659, -0.2531013, 0.5459601), (-0.52194726, -0.45659342, 0.7204814), (-0.52194726, -0.45659342, 0.7204814), (-0.7986659, -0.2531013, 0.5459601), (-0.8722945, -0.14144766, 0.4680757), (-0.6065786, -0.3379571, 0.7196162), (-0.7073957, -0.18082982, 0.68329495), (-0.6065786, -0.3379571, 0.7196162), (-0.8722945, -0.14144766, 0.4680757), (-0.65624, -0.22126253, 0.721382), (-0.7073957, -0.18082982, 0.68329495), (-0.65624, -0.22126253, 0.721382), (-0.8066777, 0.06657709, 0.5872295), (-0.8125, 0.11247193, 0.57200855), (-0.73207885, 0.47509453, 0.48820654), (-0.7867293, 0.37324584, 0.49167544), (-0.8161946, 0.35262522, 0.45769188), (-0.91220415, -0.34045225, 0.22798237), (-0.6468599, -0.4740456, 0.59737176), (-0.5989701, -0.6449819, 0.47458738), (-0.66494495, -0.26657897, 0.697699), (-0.6645756, -0.23139283, 0.71049047), (-0.6645756, -0.23139283, 0.71049047), (-0.66494495, -0.26657897, 0.697699), (-0.6582435, -0.12769607, 0.7418957), (-0.6582435, -0.12769607, 0.7418957), (-0.9718401, 0.17279537, 0.16021408), (-0.9735996, 0.13856891, 0.18139033), (-0.83743155, -0.28932592, 0.4636798), (-0.8961985, -0.19160388, 0.4001452), (-0.8722945, -0.14144766, 0.4680757), (-0.9728018, 0.17629728, 0.15025303), (-0.9735996, 0.13856891, 0.18139033), (-0.9718401, 0.17279537, 0.16021408), (-0.8961985, -0.19160388, 0.4001452), (-0.83743155, -0.28932592, 0.4636798), (-0.78063303, -0.4135484, 0.46860397), (-0.78907853, -0.40865752, 0.45864373), (-0.78907853, -0.40865752, 0.45864373), (-0.78063303, -0.4135484, 0.46860397), (-0.86641264, -0.35421494, 0.35193878), (-0.86641264, -0.35421494, 0.35193878), (-0.7986659, -0.2531013, 0.5459601), (-0.9434066, 0.0020010793, 0.33163255), (-0.9728018, 0.17629728, 0.15025303), (-0.8722945, -0.14144766, 0.4680757), (-0.7302418, -0.27674666, 0.62462646), (-0.9467766, -0.032206345, 0.32027605), (-0.9434066, 0.0020010793, 0.33163255), (-0.7986659, -0.2531013, 0.5459601), (-0.83122975, -0.28940502, 0.47465974), (-0.9972271, 0.043755796, 0.0601959), (-0.9467766, -0.032206345, 0.32027605), (-0.7302418, -0.27674666, 0.62462646), (-0.9902031, -0.09082387, 0.10606058), (-0.8642557, 0.31080425, -0.3955538), (-0.9972271, 0.043755796, 0.0601959), (-0.83122975, -0.28940502, 0.47465974), (-0.8697698, 0.3481121, -0.3497405), (-0.49671805, 0.55485296, -0.66739), (-0.8642557, 0.31080425, -0.3955538), (-0.9902031, -0.09082387, 0.10606058), (-0.69136065, 0.5318254, -0.4890625), (-0.33180046, 0.63325363, -0.6992126), (-0.49671805, 0.55485296, -0.66739), (-0.8697698, 0.3481121, -0.3497405), (-0.6430466, -0.6836142, 0.34519953), (-0.79921, -0.57328147, 0.18058679), (-0.5989701, -0.6449819, 0.47458738), (-0.6468599, -0.4740456, 0.59737176), (-0.91220415, -0.34045225, 0.22798237), (-0.8161946, 0.35262522, 0.45769188), (-0.79921, -0.57328147, 0.18058679), (-0.6430466, -0.6836142, 0.34519953), (-0.8125, 0.11247193, 0.57200855), (-0.8066777, 0.06657709, 0.5872295), (-0.7867293, 0.37324584, 0.49167544), (-0.73207885, 0.47509453, 0.48820654), (0.86643404, 0.43774801, 0.24014318), (0.8368854, 0.43440545, 0.3330387), (0.25058427, 0.9660355, 0.06311044), (0.22259875, 0.97099036, 0.08733581), (0.85311586, -0.50976646, 0.11104769), (0.8540578, -0.41963205, 0.30739912), (0.8368854, 0.43440545, 0.3330387), (0.86643404, 0.43774801, 0.24014318), (0.15042464, 0.7097982, 0.6881562), (-0.094171986, 0.8084086, 0.58103967), (-0.58316225, 0.629866, 0.51302105), (-0.54238886, 0.5421578, 0.64177823), (-0.094171986, 0.8084086, 0.58103967), (-0.021315115, 0.72083503, 0.6927788), (-0.60714823, 0.7427393, 0.2823283), (-0.58316225, 0.629866, 0.51302105), (-0.021315115, 0.72083503, 0.6927788), (-0.08321826, 0.6683564, 0.7391714), (-0.55665475, 0.68368316, 0.4719247), (-0.60714823, 0.7427393, 0.2823283), (-0.08321826, 0.6683564, 0.7391714), (-0.041279793, 0.52427936, 0.85054517), (-0.5459476, 0.6576426, 0.5190833), (-0.55665475, 0.68368316, 0.4719247), (0.44439963, 0.40810043, 0.7974729), (0.45717654, 0.2897922, 0.8408389), (-0.041279793, 0.52427936, 0.85054517), (-0.08321826, 0.6683564, 0.7391714), (0.55178446, 0.47166637, 0.68779695), (0.44439963, 0.40810043, 0.7974729), (-0.08321826, 0.6683564, 0.7391714), (-0.021315115, 0.72083503, 0.6927788), (0.66791874, 0.5453364, 0.50645113), (0.55178446, 0.47166637, 0.68779695), (-0.021315115, 0.72083503, 0.6927788), (-0.094171986, 0.8084086, 0.58103967), (0.69517255, 0.5642684, 0.44534957), (0.66791874, 0.5453364, 0.50645113), (-0.094171986, 0.8084086, 0.58103967), (0.15042464, 0.7097982, 0.6881562), (0.45717654, 0.2897922, 0.8408389), (0.56060004, -0.050657894, 0.8265357), (0.085567735, 0.014681334, 0.99622416), (-0.041279793, 0.52427936, 0.85054517), (0.56060004, -0.050657894, 0.8265357), (0.68989015, -0.28684875, 0.66465735), (0.36858428, -0.39142677, 0.84316707), (0.085567735, 0.014681334, 0.99622416), (0.68989015, -0.28684875, 0.66465735), (0.90345365, -0.05499223, 0.4251439), (0.58912545, -0.25115052, 0.7680199), (0.36858428, -0.39142677, 0.84316707), (0.90345365, -0.05499223, 0.4251439), (0.8797989, 0.38693225, 0.2761109), (0.64639515, 0.08181027, 0.7586042), (0.58912545, -0.25115052, 0.7680199), (0.8797989, 0.38693225, 0.2761109), (0.7512697, 0.5180592, 0.40891135), (0.40318832, 0.37631792, 0.8341606), (0.64639515, 0.08181027, 0.7586042), (0.7512697, 0.5180592, 0.40891135), (0.5625572, 0.6198279, 0.54712206), (0.5825925, 0.6051619, 0.54255426), (0.40318832, 0.37631792, 0.8341606), (0.5625572, 0.6198279, 0.54712206), (0.4911596, 0.73709285, 0.46417284), (0.5013114, 0.7523977, 0.42729914), (0.5825925, 0.6051619, 0.54255426), (0.4911596, 0.73709285, 0.46417284), (0.5609121, 0.7663229, 0.31325218), (0.5888512, 0.7459684, 0.3111034), (0.5013114, 0.7523977, 0.42729914), (0.5609121, 0.7663229, 0.31325218), (0.61203825, 0.73821306, 0.2836381), (0.662576, 0.6373859, 0.39336032), (0.5888512, 0.7459684, 0.3111034), (0.5888512, 0.7459684, 0.3111034), (0.662576, 0.6373859, 0.39336032), (0.6827018, 0.5507277, 0.4802261), (0.662576, 0.6373859, 0.39336032), (0.6470654, 0.2877022, 0.70606923), (0.64738834, 0.28892574, 0.7052732), (0.6827018, 0.5507277, 0.4802261), (0.6470654, 0.2877022, 0.70606923), (0.48821694, 0.12006955, 0.8644233), (0.44058308, 0.141004, 0.8865689), (0.64738834, 0.28892574, 0.7052732), (0.48821694, 0.12006955, 0.8644233), (0.34831798, 0.2138301, 0.9126616), (0.34940088, 0.25264508, 0.9022691), (0.44058308, 0.141004, 0.8865689), (0.34831798, 0.2138301, 0.9126616), (0.45064768, 0.4631777, 0.7631402), (0.42903024, 0.42305973, 0.79809374), (0.34940088, 0.25264508, 0.9022691), (0.45064768, 0.4631777, 0.7631402), (0.5264088, 0.6376159, 0.56244093), (0.52406734, 0.62842077, 0.5748398), (0.42903024, 0.42305973, 0.79809374), (0.5264088, 0.6376159, 0.56244093), (0.5354017, 0.67729634, 0.50459355), (0.5354017, 0.6772964, 0.50459355), (0.52406734, 0.62842077, 0.5748398), (0.40318832, 0.37631792, 0.8341606), (-0.2542381, 0.36661488, 0.8949618), (-0.25423807, 0.36661485, 0.8949617), (-0.10255183, 0.115531184, 0.9879958), (0.64639515, 0.08181027, 0.7586042), (0.40318832, 0.37631792, 0.8341606), (-0.10255183, 0.115531184, 0.9879958), (0.08579681, -0.19355704, 0.97733027), (0.58912545, -0.25115052, 0.7680199), (0.64639515, 0.08181027, 0.7586042), (0.08579681, -0.19355704, 0.97733027), (0.073058546, -0.39945194, 0.9138384), (0.36858428, -0.39142677, 0.84316707), (0.58912545, -0.25115052, 0.7680199), (0.073058546, -0.39945194, 0.9138384), (-0.2788328, -0.28211883, 0.91796577), (0.085567735, 0.014681334, 0.99622416), (0.36858428, -0.39142677, 0.84316707), (-0.2788328, -0.28211883, 0.91796577), (-0.52490497, 0.3489292, 0.77635247), (-0.041279793, 0.52427936, 0.85054517), (0.085567735, 0.014681334, 0.99622416), (-0.52490497, 0.3489292, 0.77635247), (-0.5459476, 0.6576426, 0.5190833), (-0.31136572, -0.5797001, 0.7529935), (-0.064066224, -0.5992212, 0.79801595), (0.24573919, -0.87473553, 0.41767198), (0.21328487, -0.8769936, 0.43057153), (-0.044538856, -0.85997516, 0.5083885), (-0.3336296, -0.8432992, 0.42135224), (-0.1937262, -0.9577891, -0.21239135), (0.22093245, -0.9417426, 0.25359344), (-0.71902806, 0.060666688, 0.69232816), (-0.42888054, -0.017634839, 0.90318906), (-0.064066224, -0.5992212, 0.79801595), (-0.31136572, -0.5797001, 0.7529935), (-0.095209174, -0.27777305, 0.955917), (-0.06059216, -0.35658965, 0.9322942), (-0.3336296, -0.8432992, 0.42135224), (-0.044538856, -0.85997516, 0.5083885), (-0.4243771, -0.025507128, 0.9051263), (-0.74209696, 0.18984687, 0.64284545), (-0.99074155, 0.01513432, 0.13491514), (-0.78875196, -0.17987427, 0.58780587), (-0.68171966, 0.19800156, 0.70431083), (-0.54967624, 0.19798596, 0.8115772), (-0.7669249, -0.6414385, 0.019567149), (-0.9452905, -0.294389, 0.14057423), (-0.9452905, -0.294389, 0.14057423), (-0.7669249, -0.6414385, 0.019567149), (-0.30724895, -0.74829066, -0.5879278), (-0.4735722, -0.64716667, -0.597415), (-0.78875196, -0.17987427, 0.58780587), (-0.99074155, 0.01513432, 0.13491514), (-0.79118836, -0.26951176, -0.5489848), (-0.94969517, 0.08179766, -0.30230486), (-0.5890668, -0.30172136, 0.74964297), (-0.6251221, -0.12083726, 0.77111655), (-0.9740377, -0.19004819, 0.12301333), (-0.868637, -0.48838574, 0.08336149), (0.25571224, 0.11060174, 0.96040535), (0.42703164, -0.10604736, 0.89799666), (-0.6251221, -0.12083726, 0.77111655), (-0.5890668, -0.30172136, 0.74964297), (-0.99074155, 0.01513432, 0.13491514), (-0.9452905, -0.294389, 0.14057423), (-0.4735722, -0.64716667, -0.597415), (-0.79118836, -0.26951176, -0.5489848), (-0.74209696, 0.18984687, 0.64284545), (-0.68171966, 0.19800156, 0.70431083), (-0.9452905, -0.294389, 0.14057423), (-0.99074155, 0.01513432, 0.13491514), (-0.8224542, 0.032577645, 0.5678976), (-0.71902806, 0.060666688, 0.69232816), (-0.31136572, -0.5797001, 0.7529935), (-0.4635094, -0.56147116, 0.68549925), (-0.4635094, -0.56147116, 0.68549925), (-0.31136572, -0.5797001, 0.7529935), (0.21328487, -0.8769936, 0.43057153), (0.20553659, -0.8875424, 0.41233864), (-0.6251221, -0.12083726, 0.77111655), (-0.78875196, -0.17987427, 0.58780587), (-0.94969517, 0.08179766, -0.30230486), (-0.9740377, -0.19004819, 0.12301333), (0.42703164, -0.10604736, 0.89799666), (-0.4243771, -0.025507128, 0.9051263), (-0.78875196, -0.17987427, 0.58780587), (-0.6251221, -0.12083726, 0.77111655), (-0.06059216, -0.35658965, 0.9322942), (-0.05422528, -0.1578233, 0.9859774), (-0.5336363, -0.62715787, 0.5673669), (-0.3336296, -0.8432992, 0.42135224), (-0.3336296, -0.8432992, 0.42135224), (-0.5336363, -0.62715787, 0.5673669), (-0.6635016, -0.73602873, -0.13426575), (-0.1937262, -0.9577891, -0.21239135), (-0.42888054, -0.017634839, 0.90318906), (-0.095209174, -0.27777305, 0.955917), (-0.044538856, -0.85997516, 0.5083885), (-0.064066224, -0.5992212, 0.79801595), (-0.064066224, -0.5992212, 0.79801595), (-0.044538856, -0.85997516, 0.5083885), (0.22093245, -0.9417426, 0.25359344), (0.24573919, -0.87473553, 0.41767198), (-0.05422528, -0.1578233, 0.9859774), (0.25571224, 0.11060174, 0.96040535), (-0.5890668, -0.30172136, 0.74964297), (-0.5336363, -0.62715787, 0.5673669), (-0.5336363, -0.62715787, 0.5673669), (-0.5890668, -0.30172136, 0.74964297), (-0.868637, -0.48838574, 0.08336149), (-0.6635016, -0.73602873, -0.13426575)] (
                interpolation = "faceVarying"
            )
            point3f[] points = [(-0.0012823669, 0.000052275016, -0.0008448224), (-0.0012982499, 0.0010121932, -0.0002623887), (-0.0026637507, 0.0013728938, 0.003098514), (-0.0027049389, 0.0023213224, 0.0034797955), (-0.0030191636, 0.0043216296, 0.0074106897), (-0.0031866378, 0.005106479, 0.007450128), (-0.0038749515, 0.006596004, 0.00968868), (-0.0044573722, 0.008586072, 0.01132633), (-0.003886726, 0.007451461, 0.009594671), (-0.0043267445, 0.009484377, 0.011062637), (-0.0028243365, 0.0074288845, 0.009653531), (-0.0032989073, 0.009295712, 0.011136375), (-0.0024386547, 0.00461933, 0.0072674514), (-0.0019386815, 0.0018786018, 0.0030865774), (-0.00040472142, 0.00063491607, -0.0008323545), (-0.004301925, 0.012624156, 0.01249246), (-0.0053201, 0.012686651, 0.012018966), (-0.0059796222, 0.01621644, 0.012689568), (-0.0069302735, 0.016079066, 0.011896567), (-0.008827585, 0.019275023, 0.012227518), (-0.009790574, 0.01903388, 0.011369105), (-0.0128716035, 0.021959567, 0.011904318), (-0.013584128, 0.021434704, 0.010843568), (-0.016473673, 0.023224631, 0.0108441375), (-0.017563356, 0.021736624, 0.009866691), (-0.019117717, 0.02377651, 0.010044534), (-0.019755704, 0.022762185, 0.009760999), (-0.02125926, 0.02498247, 0.010107703), (-0.022609454, 0.024029816, 0.009901813), (-0.022338504, 0.026499834, 0.010544422), (-0.023561012, 0.027978687, 0.011315359), (-0.025017094, 0.025456788, 0.010381063), (-0.0270867, 0.027208282, 0.010683999), (-0.025253575, 0.02770992, 0.010889583), (-0.028412983, 0.030059438, 0.010896037), (-0.029937027, 0.029215755, 0.010345493), (-0.03316649, 0.033605725, 0.0080840085), (-0.033970628, 0.03331597, 0.007632604), (-0.03530114, 0.038680214, 0.004729482), (-0.03662582, 0.03861972, 0.003718636), (-0.03639619, 0.04173256, 0.0029881042), (-0.037217412, 0.040964432, 0.0024933023), (-0.039903663, 0.04771224, 0.000022539089), (-0.0407162, 0.04695963, -0.0004034367), (-0.042709015, 0.052148506, -0.00062799494), (-0.042983595, 0.0518999, -0.00073538476), (-0.017550882, 0.021035893, 0.010544895), (-0.023056574, 0.023356115, 0.010976878), (-0.023316255, 0.022892801, 0.011109075), (-0.014003026, 0.020632708, 0.011119695), (-0.010149629, 0.018338667, 0.011542806), (-0.0071406015, 0.015391356, 0.012173971), (-0.005508732, 0.01192423, 0.0124239065), (0.00039165592, 0.0039358055, -0.000015700556), (0.0014038238, 0.0056678844, -0.0002992351), (0.0069887945, 0.0073342733, 0.008312428), (0.015258986, 0.011693217, 0.01819118), (0.007964765, 0.0083316015, 0.007530398), (0.016326293, 0.012687098, 0.017889746), (0.009069968, 0.0071290717, 0.0071496866), (0.0026980748, 0.0039268625, -0.00066176977), (0.017662639, 0.011691675, 0.017515399), (0.026825787, 0.016660523, 0.030367533), (0.025240991, 0.017656192, 0.03038494), (0.029648406, 0.020021282, 0.044628266), (0.028109306, 0.021712497, 0.044318557), (0.034379132, 0.026800495, 0.062639706), (0.047399014, 0.033093523, 0.074635066), (0.031583186, 0.02694227, 0.061510246), (0.026474405, 0.019889526, 0.04392381), (0.044849887, 0.033337284, 0.07405495), (0.06724006, 0.040227186, 0.08196682), (0.07892061, 0.04526541, 0.083480686), (0.06896081, 0.039952245, 0.08176801), (0.08080351, 0.044872165, 0.08291322), (0.08981127, 0.049216475, 0.08264798), (0.10476772, 0.05971096, 0.081930384), (0.08902997, 0.049966935, 0.083241485), (0.10452516, 0.05997994, 0.082142636), (0.024006564, 0.016492816, 0.030391017), (0.054605875, 0.037045214, 0.07919426), (0.056899812, 0.03673371, 0.079345725), (0.09788878, 0.053828303, 0.08190355), (0.09739831, 0.05435426, 0.08232136), (0.0047805314, 0.0053980164, 0.0035941645), (0.0057873726, 0.0067670555, 0.0030564119), (0.006989916, 0.005296232, 0.0026837033), (0.0034508337, 0.0002865795, -0.00080149574), (0.004407888, 0.0000828097, -0.0011405202), (0.009325969, 0.004510411, 0.008534518), (0.011738235, 0.007400916, 0.027597379), (0.0103773875, 0.004290732, 0.00817836), (0.012716693, 0.007745993, 0.027282603), (0.010541265, 0.002583602, 0.008402023), (0.004405432, -0.001435925, -0.0007874337), (0.013686494, 0.0063321693, 0.026850032), (0.029937617, 0.03353207, 0.10437127), (0.029832548, 0.03612782, 0.10561144), (0.04168392, 0.054291856, 0.12214471), (0.041971616, 0.055450372, 0.12167151), (0.041715596, 0.05528285, 0.122135855), (0.02934464, 0.035574593, 0.10559523), (0.011182545, 0.0094368905, 0.054906745), (0.010271177, 0.01060361, 0.056077585), (0.010534143, 0.01097952, 0.05585253), (0.035985507, 0.04842422, 0.11760556), (0.036298126, 0.050113335, 0.117548406), (0.03575397, 0.049646735, 0.11780531), (0.006191782, 0.0025719635, 0.0036623944), (0.0071661384, 0.0022711917, 0.0033322675), (0.0071798633, 0.00068450253, 0.003722576), (0.017794615, 0.01919358, 0.07587996), (0.017917583, 0.01760253, 0.074522145), (0.018426713, 0.019533046, 0.075710595), (0.011079925, 0.0074387863, 0.04001817), (0.010543066, 0.008924267, 0.040530622), (0.00965745, 0.008559595, 0.04093773), (0.011810891, 0.0065843007, 0.017745309), (0.012805219, 0.006749358, 0.017396811), (0.013549405, 0.0051709376, 0.017193144), (0.02579309, 0.025856512, 0.089797825), (0.026114754, 0.024146324, 0.08830456), (0.026405651, 0.026359888, 0.0897046), (0.013776336, 0.013520237, 0.066344984), (0.013884795, 0.015138758, 0.067238495), (0.013346587, 0.01477936, 0.067534685), (-0.0025960456, -0.0023480647, -0.00045623732), (-0.004187757, -0.0023068376, -0.0010759061), (-0.010257408, -0.0037602421, 0.0058191335), (-0.019875355, -0.0047451933, 0.012575446), (-0.011250764, -0.003316284, 0.005043979), (-0.020994304, -0.004716771, 0.012031906), (-0.011093004, -0.0019292495, 0.005450391), (-0.0036925208, -0.00065013306, -0.0002956451), (-0.021353526, -0.0032853344, 0.012039929), (-0.032722652, -0.0038784281, 0.019278836), (-0.031902723, -0.0052522686, 0.019345665), (-0.039135344, -0.006195228, 0.027599854), (-0.03845, -0.008064661, 0.027097212), (-0.046895612, -0.010841037, 0.04175399), (-0.05965105, -0.009977253, 0.048138767), (-0.04507517, -0.0119449515, 0.040480494), (-0.03651304, -0.0071615423, 0.027549937), (-0.057728376, -0.011103783, 0.048668668), (-0.074995175, -0.0064743822, 0.05072466), (-0.08479842, -0.009471771, 0.052168664), (-0.07644918, -0.0062629073, 0.050365936), (-0.08634135, -0.009472575, 0.051353753), (-0.09336568, -0.012246151, 0.052050367), (-0.105465785, -0.014747947, 0.05936814), (-0.0927469, -0.0125622945, 0.05281113), (-0.10526913, -0.014842662, 0.05965175), (-0.030602071, -0.0049155187, 0.019781465), (-0.065607466, -0.008678388, 0.04928206), (-0.06724449, -0.0076441225, 0.04879653), (-0.09972669, -0.013657641, 0.054571394), (-0.09934042, -0.013875207, 0.055101052), (-0.006786057, -0.0020486019, 0.0026911362), (-0.008075798, -0.0017814492, 0.0020059266), (-0.007734745, -0.00026198864, 0.0026164001), (-0.0012274602, 0.0006143803, -0.0005671394), (-0.00037343503, 0.00058199227, -0.00033099455), (0.0013198664, 0.0020790214, 0.0020538867), (0.002103089, 0.0020351182, 0.0022272642), (0.0050377306, 0.0026562838, 0.0053391065), (0.005588139, 0.0026569255, 0.0053347195), (0.0074578766, 0.0032467984, 0.00768059), (0.009391594, 0.0035645484, 0.009853782), (0.007982371, 0.0031009356, 0.0075917724), (0.009900898, 0.0032991325, 0.009688706), (0.007893391, 0.002382651, 0.007756473), (0.009682516, 0.0026240319, 0.009736919), (0.0051274295, 0.0021858085, 0.005250691), (0.0015859758, 0.0015007156, 0.002074526), (-0.00091928797, -0.00007835928, -0.0005512111), (0.012623294, 0.0032432342, 0.012910731), (0.01269908, 0.0038958744, 0.012728158), (0.015804106, 0.0042984695, 0.014607811), (0.01562942, 0.0048371553, 0.0142830955), (0.020017194, 0.0066532567, 0.015260193), (0.019658372, 0.006890691, 0.014671207), (0.024814282, 0.010628358, 0.015236086), (0.02423525, 0.010282906, 0.014385327), (0.028057996, 0.013680163, 0.014274995), (0.027176587, 0.013840613, 0.013235078), (0.030060599, 0.015620645, 0.013360943), (0.029537076, 0.015951322, 0.01282518), (0.032527998, 0.016911292, 0.012716267), (0.032501973, 0.0176309, 0.011898012), (0.03470905, 0.017293047, 0.012611016), (0.036891673, 0.017408965, 0.012343189), (0.035311595, 0.018376505, 0.01114734), (0.038021237, 0.018239157, 0.010225065), (0.037579015, 0.017817471, 0.011394831), (0.04069284, 0.01700267, 0.009323702), (0.040389474, 0.017341707, 0.008157345), (0.042352367, 0.014083237, 0.005620425), (0.042160384, 0.014131781, 0.0050385743), (0.042285178, 0.009911875, 0.004456769), (0.04192816, 0.009520057, 0.0035472738), (0.042083554, 0.00722897, 0.004210548), (0.041847248, 0.0074274847, 0.0035144452), (0.04387467, 0.0028470545, 0.004083834), (0.043746103, 0.002934103, 0.0033714597), (0.047333915, -0.0007329241, 0.0047501475), (0.047318712, -0.00073872384, 0.004523574), (0.026697531, 0.013963833, 0.01316366), (0.028367763, 0.0151529955, 0.012323716), (0.028151052, 0.015285697, 0.012077994), (0.024138864, 0.011136108, 0.014388943), (0.01949397, 0.0075151036, 0.014888034), (0.015305843, 0.005161839, 0.0146045), (0.012301662, 0.0041894144, 0.013038838), (-0.00050082925, -0.0013022224, -0.0006598516), (-0.0017710387, -0.0011075443, -0.0004395832), (-0.0021752606, -0.0029613634, 0.0021459507), (-0.003226666, -0.0025676526, 0.0022964922), (-0.0041037155, -0.002496837, 0.0056675426), (-0.00491827, -0.0020814694, 0.005630275), (-0.005870366, -0.0027447306, 0.008228866), (-0.007287838, -0.0027724009, 0.010716303), (-0.006762074, -0.0022398843, 0.008105522), (-0.008190588, -0.0021592835, 0.010518845), (-0.006855693, -0.0014407204, 0.008285951), (-0.008175994, -0.0014181142, 0.010560701), (-0.004695124, -0.0016221141, 0.0055386643), (-0.0030503527, -0.002087185, 0.0021350058), (-0.0013594943, -0.00021764464, -0.000675754), (-0.010405597, -0.002046567, 0.01440537), (-0.010251278, -0.002759622, 0.014235809), (-0.012608333, -0.003599961, 0.016872115), (-0.012217577, -0.0041480563, 0.016556796), (-0.014519582, -0.006899587, 0.019049222), (-0.014095518, -0.007070353, 0.018392202), (-0.014993071, -0.012109069, 0.021822007), (-0.014799208, -0.011661962, 0.020735059), (-0.014705499, -0.016005935, 0.023066329), (-0.014025266, -0.01606725, 0.021858959), (-0.014622442, -0.018626228, 0.023684792), (-0.014190316, -0.018894924, 0.023034109), (-0.015730167, -0.020540025, 0.024824193), (-0.015604756, -0.021479214, 0.024197446), (-0.016905403, -0.021458438, 0.026622446), (-0.017998807, -0.02229279, 0.02865991), (-0.01687954, -0.023215724, 0.026584135), (-0.01807167, -0.024485234, 0.02949165), (-0.018149165, -0.02319688, 0.02925128), (-0.020279342, -0.025672937, 0.03217607), (-0.0199447, -0.0269478, 0.03167901), (-0.02473593, -0.030577695, 0.032394357), (-0.024713626, -0.03124062, 0.03210196), (-0.029819723, -0.032342874, 0.031411666), (-0.030300612, -0.033381145, 0.030810053), (-0.032979034, -0.032871686, 0.030753674), (-0.032752253, -0.03359919, 0.030392287), (-0.038713455, -0.033751514, 0.031682726), (-0.03863458, -0.03449832, 0.03138351), (-0.043683585, -0.033592038, 0.034284323), (-0.04370295, -0.03383271, 0.034205098), (-0.0136474315, -0.0165331, 0.021415927), (-0.016261134, -0.01803088, 0.019891998), (-0.015897712, -0.018572638, 0.019465672), (-0.013709084, -0.012905589, 0.021082921), (-0.013175337, -0.008118861, 0.018920688), (-0.01142129, -0.0048347367, 0.016965294), (-0.009424715, -0.003388914, 0.0146053685), (0.0026571457, -0.004029663, -0.0010278166), (0.0012324486, -0.004708671, -0.00029355197), (0.00057709974, -0.008790819, 0.0043153716), (-0.00071221974, -0.009156199, 0.0048168353), (-0.0034665694, -0.011275263, 0.010180539), (-0.0043905093, -0.011489809, 0.010180041), (-0.0057102665, -0.012982586, 0.013404393), (-0.00748503, -0.014429537, 0.016113019), (-0.0067508826, -0.012970482, 0.013285131), (-0.008639341, -0.014249517, 0.015907409), (-0.00705562, -0.011784087, 0.013715021), (-0.008754851, -0.013032186, 0.016207546), (-0.004031908, -0.010590461, 0.0101836305), (-0.00031377835, -0.0080293445, 0.004565805), (0.0016121557, -0.0030720194, -0.0007625563), (-0.011810523, -0.016956529, 0.02034066), (-0.011600053, -0.018046562, 0.019758733), (-0.016231436, -0.022842867, 0.022588938), (-0.016030433, -0.023335945, 0.021578806), (-0.020794395, -0.028960263, 0.022473728), (-0.020510148, -0.02910975, 0.02103918), (-0.025521213, -0.03621596, 0.01898849), (-0.024999123, -0.03588924, 0.017519312), (-0.028584752, -0.04300767, 0.014344793), (-0.026219843, -0.04261452, 0.013259509), (-0.030145139, -0.04918063, 0.010788298), (-0.028447216, -0.048601806, 0.0105429515), (-0.031233398, -0.055745017, 0.009363659), (-0.029436018, -0.056605548, 0.008569563), (-0.03228832, -0.060415257, 0.009639068), (-0.032581408, -0.06431328, 0.010751802), (-0.029461445, -0.06330954, 0.008451603), (-0.029157162, -0.069097735, 0.009323404), (-0.031181892, -0.06701616, 0.009858364), (-0.029323274, -0.073775455, 0.01157419), (-0.027192125, -0.07480891, 0.010730916), (-0.024883173, -0.08015609, 0.014709019), (-0.023799393, -0.080558, 0.014483119), (-0.024453808, -0.08381046, 0.020404626), (-0.02293347, -0.08480724, 0.020332087), (-0.024987854, -0.08610189, 0.024273913), (-0.023640867, -0.08642296, 0.023247262), (-0.026929297, -0.09314253, 0.030218307), (-0.025524765, -0.09335972, 0.02932032), (-0.030080765, -0.09879461, 0.03286702), (-0.02958234, -0.09885944, 0.03261165), (-0.024364537, -0.04167523, 0.0147547955), (-0.020393524, -0.0459523, 0.022006279), (-0.019732492, -0.04597542, 0.021882689), (-0.023346389, -0.036260244, 0.018217955), (-0.01952917, -0.029534306, 0.021386059), (-0.015104854, -0.0236355, 0.021981517), (-0.01056304, -0.018377325, 0.02014004), (0.0016892442, -0.004973607, -0.0020408593), (0.001861073, -0.005601992, -0.002557856), (0.007250627, -0.010717421, 0.004224707), (0.010754853, -0.017457835, 0.019034259), (0.0074426807, -0.011410931, 0.0036702484), (0.011355236, -0.017927896, 0.01856865), (0.006212344, -0.012187596, 0.0036811936), (0.00071836804, -0.0062385937, -0.0023893903), (0.01061197, -0.018953478, 0.017884238), (0.04573661, -0.05487011, 0.059612215), (0.048127312, -0.05491402, 0.059811093), (0.0701135, -0.06501688, 0.05555471), (0.07093576, -0.06436097, 0.05524269), (0.07087153, -0.06468088, 0.055601526), (0.04752258, -0.054863553, 0.06028318), (0.012245505, -0.02427367, 0.042403672), (0.012847074, -0.023678346, 0.043656528), (0.013205338, -0.02367241, 0.043360278), (0.06293544, -0.061892547, 0.05785907), (0.06430683, -0.061378483, 0.057583973), (0.06386763, -0.061548058, 0.058148377), (0.0045340117, -0.0075963894, 0.0009850299), (0.004638628, -0.008273233, 0.0004636526), (0.0034513457, -0.008957127, 0.0006524855), (0.02396465, -0.03434484, 0.05464902), (0.022588095, -0.034222238, 0.053641636), (0.02442332, -0.034529645, 0.05423673), (0.010700853, -0.020621585, 0.02920023), (0.011636723, -0.019869843, 0.029865032), (0.01104694, -0.019485658, 0.030397678), (0.009938198, -0.0146967275, 0.011095666), (0.010403295, -0.015222349, 0.010588773), (0.009462552, -0.016221674, 0.010128666), (0.034571256, -0.045188997, 0.057622153), (0.032998487, -0.044931747, 0.056784797), (0.03515253, -0.045289803, 0.05715033), (0.017037256, -0.029213874, 0.049129847), (0.0184054, -0.02906431, 0.049991474), (0.017976267, -0.02897303, 0.05040596), (0.0010382435, -0.0019379848, -0.0007747196), (0.0019498387, -0.0028013415, -0.0014034671), (0.002053846, -0.009644987, 0.0028855032), (0.0031589204, -0.01838628, 0.007412264), (0.0024513411, -0.010149769, 0.002021654), (0.003542801, -0.019089472, 0.006862491), (0.0013384646, -0.010438202, 0.0016540131), (0.00042208045, -0.0030947519, -0.0017352662), (0.002511458, -0.019556396, 0.0064242673), (0.0037356515, -0.029879583, 0.012496848), (0.0048240004, -0.029144496, 0.012757922), (0.0056645405, -0.037196685, 0.020804778), (0.0071930443, -0.036490265, 0.020761555), (0.009987351, -0.04862975, 0.030575652), (0.011672195, -0.0628075, 0.03452835), (0.010720247, -0.04647809, 0.030485576), (0.0063584205, -0.03499198, 0.021102006), (0.01244262, -0.061051726, 0.03472379), (0.011976609, -0.07946684, 0.03375349), (0.01257558, -0.088308886, 0.031381987), (0.011349527, -0.08038984, 0.03325231), (0.011807625, -0.089157924, 0.030617928), (0.012504739, -0.09548934, 0.027806262), (0.015881317, -0.10656181, 0.02256661), (0.013242568, -0.09540268, 0.028285109), (0.016136417, -0.106553644, 0.022729093), (0.00436506, -0.028200954, 0.013183398), (0.012811427, -0.06990689, 0.03531267), (0.012035398, -0.07131763, 0.03490776), (0.013590127, -0.101108044, 0.024871362), (0.0140930945, -0.101083234, 0.025194718), (0.001109772, -0.0063005053, 0.00041147406), (0.0017600596, -0.0069755735, -0.0003334635), (0.000438754, -0.0072644087, -0.0006828563), (-0.0062097274, 0.0011202634, -0.0005285758), (-0.0058407774, 0.000060096616, -0.00038663353), (-0.0034073663, -0.0018951248, 0.0024265952), (-0.0030830842, -0.002860752, 0.0025020246), (-0.0010928536, -0.006868067, 0.005903441), (-0.00082168326, -0.0074927323, 0.0058043976), (0.00065117487, -0.010066277, 0.008440211), (0.0018500307, -0.01278809, 0.010822624), (0.00074474246, -0.010704719, 0.008225529), (0.0018020059, -0.013442292, 0.010503513), (-0.00013870285, -0.010994553, 0.0083648795), (0.00091130944, -0.013528414, 0.010526148), (-0.0015881999, -0.0071656117, 0.0057277433), (-0.0039467714, -0.002478187, 0.002343383), (-0.0068605985, 0.0004365961, -0.0006372681), (0.0028989285, -0.017562803, 0.014002652), (0.0037009306, -0.017283507, 0.013836305), (0.005588839, -0.021207266, 0.015667051), (0.00614379, -0.020652976, 0.015355821), (0.010345323, -0.025087971, 0.016011214), (0.01047577, -0.024385115, 0.015372792), (0.017299373, -0.028656693, 0.015600118), (0.01666171, -0.02789838, 0.014612924), (0.022473758, -0.030605406, 0.014198237), (0.022283085, -0.029204931, 0.013084957), (0.02575093, -0.031682648, 0.01294389), (0.02590547, -0.030764662, 0.012409293), (0.028489955, -0.033679806, 0.011871068), (0.029353946, -0.03305645, 0.010946447), (0.030007875, -0.03594834, 0.011411907), (0.031227915, -0.03829429, 0.010723088), (0.03163627, -0.03566837, 0.009625058), (0.032857582, -0.03853162, 0.008012661), (0.03208929, -0.03858976, 0.009482668), (0.032787725, -0.041878577, 0.0063121407), (0.03309424, -0.041012213, 0.0049642595), (0.030426418, -0.0440046, 0.0011483374), (0.030419886, -0.043583244, 0.00046963381), (0.025631642, -0.0455438, -0.000730395), (0.02505252, -0.04504191, -0.0018328127), (0.022442756, -0.046508793, -0.0012931806), (0.022594135, -0.045930658, -0.0020886508), (0.018260386, -0.050582908, -0.002234086), (0.018336618, -0.050175145, -0.0030801534), (0.015781445, -0.056420617, -0.0023943735), (0.015779559, -0.056336008, -0.0026715056), (0.022194332, -0.028579358, 0.013092041), (0.024435269, -0.029657118, 0.0119033), (0.024495741, -0.029271703, 0.011652043), (0.017601091, -0.027385771, 0.014727248), (0.011105554, -0.02396937, 0.015736246), (0.006343069, -0.020230401, 0.015842346), (0.0038285193, -0.016788341, 0.014318846), (-0.0030336014, -0.0025640496, 0.0033094832), (-0.0027528405, -0.0021085565, 0.0036158278), (0.0013220502, -0.0066618025, 0.006619263), (0.0010326965, -0.0065055517, 0.0074108643), (0.008145361, -0.010633463, 0.010831424), (0.007372928, -0.010972805, 0.01145421), (0.01915832, -0.017469177, 0.020415546), (0.018352482, -0.018273577, 0.02066421), (0.0303105, -0.027515518, 0.029053388), (0.029343551, -0.028275114, 0.02939829), (0.037303306, -0.036365133, 0.035763804), (0.036518194, -0.036958538, 0.036102157), (0.041722674, -0.041923042, 0.04160322), (0.040235624, -0.04186541, 0.041677833), (0.04663513, -0.04745603, 0.044857256), (0.0417235, -0.044500206, 0.045410432), (0.0514692, -0.0522565, 0.046679877), (0.049950603, -0.052631315, 0.048316903), (0.06547871, -0.07114379, 0.039809693), (0.06385091, -0.070793174, 0.041907936), (0.09594856, -0.059463844, 0.028005345), (0.09621516, -0.059871994, 0.02824672), (0.10032995, -0.057561338, 0.025395233), (0.09979023, -0.05839255, 0.026105605), (0.041381657, -0.04394734, 0.04592898), (0.042721737, -0.045731016, 0.048186228), (0.04212727, -0.04593405, 0.048394855), (0.043112207, -0.047928516, 0.050873294), (0.042426527, -0.047788296, 0.050759334), (0.042102516, -0.048363853, 0.052173074), (0.04184108, -0.048236765, 0.052133977), (0.03953812, -0.041326024, 0.04245318), (0.03533553, -0.03655814, 0.036596835), (0.028053654, -0.027860211, 0.030158533), (0.01737921, -0.01786614, 0.021413606), (0.007049508, -0.01004847, 0.012176337), (0.0015835651, -0.0055258106, 0.0076633915), (-0.0023880962, -0.0015209063, 0.0039986325), (0.04419282, -0.047590986, 0.04533519), (0.08856243, -0.064344265, 0.033233542), (0.08851313, -0.06511255, 0.034116805), (0.0773778, -0.070533656, 0.03748931), (0.07638929, -0.071319364, 0.038811505), (0.058144346, -0.061701484, 0.04614875), (0.056832653, -0.0614782, 0.048107482), (0.012290814, 0.011705594, 0.061004747), (0.011845301, 0.013320498, 0.062127914), (0.011382116, 0.012976102, 0.0624546), (-0.0014625035, 0.0004168185, -0.0016045152), (-0.001872039, 0.0017004289, -0.0015197089), (-0.0038891302, 0.0014831867, 0.0005197128), (-0.004033068, 0.0026641379, 0.0005091436), (-0.004647449, 0.003866007, 0.0028990144), (-0.0046539684, 0.0048215706, 0.0027540007), (-0.00590836, 0.005716518, 0.004520586), (-0.0067669535, 0.007481361, 0.00572867), (-0.0058583906, 0.006781422, 0.004278078), (-0.006611273, 0.008606712, 0.005402379), (-0.005182707, 0.007216729, 0.004440167), (-0.0059272493, 0.008877467, 0.0055363704), (-0.00411792, 0.0047847563, 0.0027445783), (-0.0035076344, 0.002690752, 0.0003986627), (-0.0008585102, 0.0016679566, -0.001648613), (-0.0076553626, 0.01165422, 0.006780996), (-0.008241956, 0.011276676, 0.006446728), (-0.0100758, 0.014174258, 0.0063861315), (-0.010457666, 0.013713588, 0.0057626716), (-0.014417525, 0.01684732, 0.003957898), (-0.0144636, 0.016393324, 0.0033946652), (-0.020726535, 0.018340306, 0.0024348702), (-0.020330647, 0.018231284, 0.0016272368), (-0.025417868, 0.018607246, 0.0019709985), (-0.025398692, 0.018000588, 0.0008779835), (-0.02850095, 0.018623186, 0.0020772477), (-0.028647501, 0.018067924, 0.001563193), (-0.030734733, 0.018919311, 0.003512404), (-0.031622935, 0.018386692, 0.0032685283), (-0.031446673, 0.019399073, 0.005342528), (-0.031732995, 0.01990143, 0.007279589), (-0.033117555, 0.018862624, 0.005543946), (-0.033685684, 0.019776726, 0.007820562), (-0.032659482, 0.019885354, 0.0076470096), (-0.033436716, 0.021517476, 0.010017783), (-0.03458744, 0.021360733, 0.009561992), (-0.03583192, 0.025377145, 0.011398694), (-0.036514543, 0.025431067, 0.011312643), (-0.036607366, 0.029675948, 0.012818446), (-0.037681706, 0.030170865, 0.013026325), (-0.036688212, 0.032261163, 0.013876832), (-0.037538078, 0.032152206, 0.01390585), (-0.035245124, 0.036334887, 0.017535564), (-0.036017798, 0.036302138, 0.017799826), (-0.031982664, 0.03974209, 0.020767951), (-0.032194853, 0.039752193, 0.020903848), (-0.025257535, 0.016896596, 0.0010416149), (-0.027000371, 0.017431866, 0.0017722442), (-0.027202306, 0.016629333, 0.001644215), (-0.021173306, 0.01707863, 0.0014384298), (-0.015101121, 0.015436439, 0.003242601), (-0.010723301, 0.01272397, 0.0061395857), (-0.008455971, 0.010244038, 0.006882456), (-0.0024340407, -0.0022088182, -0.00028223108), (-0.0029275983, -0.002785776, -0.00084192574), (-0.0018293281, -0.012060455, 0.0064317714), (-0.005892917, -0.033677265, 0.009099319), (-0.0023700746, -0.0127177285, 0.0058130748), (-0.005835412, -0.034208305, 0.008582451), (-0.0037923483, -0.01229916, 0.0060627568), (-0.0041513965, -0.0023308014, -0.00040119453), (-0.0070358557, -0.034182422, 0.008130348), (-0.01000365, -0.08279361, 0.00081833324), (-0.008880042, -0.08278092, 0.0014422142), (-0.004094377, -0.094107404, 0.0063160094), (-0.0029735107, -0.09397799, 0.006617844), (-0.0034758036, -0.09399653, 0.0068921247), (-0.009432414, -0.08255021, 0.0019624252), (-0.0148756495, -0.057257805, 0.0070220074), (-0.013832098, -0.05753398, 0.007503875), (-0.013902233, -0.057679214, 0.0066452357), (-0.0067910403, -0.089508206, 0.0037331712), (-0.0056721824, -0.089384586, 0.0041983584), (-0.0062213466, -0.08928534, 0.004602425), (-0.0018411609, -0.0064140516, 0.0034708462), (-0.002418242, -0.0069709984, 0.0029213713), (-0.0037041528, -0.0065151425, 0.0033994021), (-0.012875304, -0.07174616, 0.0006479235), (-0.0136106955, -0.07176491, -0.0005541272), (-0.012355929, -0.07203603, -0.00038982826), (-0.012219508, -0.044980373, 0.0063795475), (-0.011176734, -0.04529478, 0.0065502813), (-0.01114918, -0.045000955, 0.0074823345), (-0.002358514, -0.022715596, 0.009109389), (-0.0025245238, -0.023361541, 0.008658886), (-0.003958598, -0.023320159, 0.008308191), (-0.012379815, -0.05120673, 0.0072023384), (-0.01344376, -0.051029585, 0.006412804), (-0.012433005, -0.051404234, 0.0063272268), (-0.0027147823, -0.0002156779, 0.00026474943), (0.0014169463, -0.00013307482, -0.00055909104), (-0.0006469253, 0.0010584455, -0.00015225775), (-0.007351104, -0.005294481, 0.0326537), (-0.0039564916, -0.0051939986, 0.03127618), (-0.0056753578, -0.004035741, 0.03195479), (-0.002497093, -0.0033026496, 0.07452396), (0.0017017638, -0.0035600883, 0.07342896), (-0.0005249032, -0.0022461829, 0.07376957), (0.0096768, 0.0013892887, 0.11646782), (0.013979542, -0.00033142394, 0.11571406), (0.012246568, 0.0016311037, 0.11588052), (0.0063955393, -0.0016623172, 0.15172623), (0.010757386, -0.005537786, 0.1509398), (0.009470101, -0.0027238643, 0.15126659), (0.010281311, -0.011457589, 0.18158291), (0.013395066, -0.016440652, 0.18013328), (0.012900847, -0.013300687, 0.1807449), (0.018322194, -0.023766644, 0.19677363), (0.020776348, -0.02774576, 0.19505017), (0.024117816, -0.033792146, 0.20233159), (0.023106912, -0.0325206, 0.19822389), (0.027336726, -0.039840166, 0.20365492), (0.02713637, -0.039865322, 0.20118682), (0.029082963, -0.043020826, 0.20517956), (-0.0023344464, -0.0012999835, 0.015894072), (-0.004202305, -0.0026119447, 0.016439082), (-0.00046321817, -0.0024243626, 0.015366811), (0.008207558, 0.00080877973, 0.09415243), (0.0060393484, -0.000047704707, 0.09481561), (0.010176352, -0.0007107035, 0.093933076), (-0.005737412, -0.0051073455, 0.05206318), (-0.0075788377, -0.0062668473, 0.052796874), (-0.0038558347, -0.0064337123, 0.051519167), (0.0035949145, -0.0005963377, 0.042301156), (0.0049413503, -0.0007871374, 0.04110479), (0.002263409, 0.00028941783, 0.03790516), (0.019119382, -0.013760235, 0.08054591), (0.0205693, -0.014032586, 0.07945213), (0.035916533, -0.008820978, 0.11567496), (0.03748216, -0.010073535, 0.11460145), (0.054327298, 0.0033159906, 0.13172473), (0.055585336, 0.0020798834, 0.13104877), (0.06699197, 0.009879967, 0.13980262), (0.08998569, 0.01374329, 0.1479036), (0.068918854, 0.007814648, 0.13995533), (0.089957, 0.012223154, 0.14749728), (0.056391984, 0.0005478611, 0.13156699), (0.038798586, -0.01191443, 0.11459118), (0.021792088, -0.015411312, 0.07896306), (0.0064618834, -0.0024417036, 0.039581124), (0.004915974, -0.0013651095, 0.037539285), (-0.00096481136, -0.00043463727, 0.008989409), (-0.0035857013, 0.0005735356, 0.009279352), (-0.0044702287, -0.00082349457, -0.0051332614), (0.1055306, 0.011608249, 0.14852965), (0.10614422, 0.012874609, 0.1488833), (0.123476505, 0.006192197, 0.14643276), (0.124246225, 0.0068989825, 0.14663063), (0.12901296, 0.001003879, 0.1448716), (0.12986685, 0.0016988412, 0.14503181), (0.13290355, -0.00051914237, 0.14452393), (0.13294825, 0.00010466417, 0.14465278), (0.13623956, 0.0007044194, 0.1449156), (0.07815871, 0.012079184, 0.1446979), (0.07913908, 0.010253075, 0.14446935), (0.012139489, -0.006169476, 0.060968664), (0.014928158, -0.007901334, 0.05881037), (0.013537552, -0.0064051864, 0.059825707), (0.026291424, -0.013762491, 0.0992841), (0.029056627, -0.01615931, 0.097962454), (0.027799943, -0.0145234475, 0.09819976), (-0.0021571547, 0.0014583223, -0.00054543075), (-0.0017601196, 0.0007960753, -0.0010256522), (0.005872179, -0.0012123323, 0.007180999), (0.013867259, -0.009439669, 0.023786908), (0.0063164355, -0.0019424432, 0.0066688433), (0.01461766, -0.009615321, 0.02336425), (0.0053882445, -0.0031015691, 0.006861195), (-0.0026432863, -0.00017285028, -0.00068437913), (0.014347435, -0.010748513, 0.022895193), (0.04805816, -0.02583502, 0.050793745), (0.048000973, -0.02471519, 0.051346887), (0.05518462, -0.022987207, 0.06106343), (0.055224754, -0.021865135, 0.06131927), (0.054938126, -0.022320628, 0.06148791), (0.047366135, -0.025125386, 0.05156794), (0.023732984, -0.022774372, 0.041829374), (0.02394922, -0.021819359, 0.04242663), (0.024544356, -0.022005146, 0.041852906), (0.05240747, -0.024453662, 0.056605496), (0.05235635, -0.023320768, 0.05698502), (0.05189074, -0.023775563, 0.057186425), (0.001662805, 0.0005274355, 0.0031584427), (0.0020111543, -0.00020490782, 0.0026842025), (0.0011025077, -0.001230817, 0.0030579544), (0.038887795, -0.025419872, 0.04486522), (0.039395336, -0.026225775, 0.043920983), (0.039859965, -0.025103329, 0.04428799), (0.016499288, -0.017178034, 0.03382494), (0.0169296, -0.016266232, 0.034227174), (0.016233083, -0.016084852, 0.034759633), (0.011075836, -0.0041825958, 0.015343054), (0.011731819, -0.0045942436, 0.014852588), (0.011167867, -0.0058927066, 0.014554544), (0.009479783, -0.008716491, 0.03367032), (0.010302936, -0.008922199, 0.03259584), (0.008204778, -0.007468561, 0.030622892), (0.021782646, -0.014903524, 0.059785996), (0.022710234, -0.01517354, 0.05881842), (0.03855144, -0.017649753, 0.084545426), (0.039705567, -0.018344315, 0.08368923), (0.05378858, -0.017802026, 0.094318815), (0.05463452, -0.018651566, 0.09367342), (0.06296289, -0.020263476, 0.0984103), (0.078791305, -0.02706053, 0.10282773), (0.06392714, -0.022324827, 0.09794525), (0.07836509, -0.027840381, 0.10216708), (0.0550644, -0.020061048, 0.09380619), (0.040711243, -0.0196642, 0.08359527), (0.02338063, -0.016223345, 0.058217417), (0.010952304, -0.010151, 0.031092148), (0.009804454, -0.008981726, 0.029856544), (0.002435536, -0.0024740526, 0.009498499), (0.00072999997, -0.0013819223, 0.01013617), (-0.001802027, 0.00024950955, -0.0005956328), (0.0888106, -0.033655506, 0.10285338), (0.08966041, -0.033318598, 0.103475295), (0.099304035, -0.041886546, 0.100465946), (0.10011377, -0.041853745, 0.10083233), (0.10150831, -0.04521728, 0.098514706), (0.10233939, -0.04525336, 0.098778374), (0.10378695, -0.046860617, 0.098115325), (0.10403021, -0.04665929, 0.098336965), (0.1066822, -0.047340825, 0.098963924), (0.07039193, -0.023837358, 0.10067114), (0.070668064, -0.025267757, 0.10006084), (0.01623509, -0.0115697095, 0.046564434), (0.01774543, -0.0130367745, 0.044439543), (0.017106632, -0.01191557, 0.04551851), (0.029276734, -0.016928948, 0.072936185), (0.03115638, -0.01880104, 0.071639724), (0.030303108, -0.017494086, 0.07198818), (-0.0020431876, 0.00002869358, -0.0013554813), (-0.0011115813, -0.00087914, -0.00073254), (-0.0043897578, 0.004215141, 0.0061906176), (-0.006203824, 0.007773048, 0.014098125), (-0.0034568103, 0.003270263, 0.006764841), (-0.005264429, 0.0067679076, 0.014603126), (-0.0017515786, 0.0037153587, 0.0069937604), (-0.00354323, 0.007165526, 0.014802878), (0.0005813637, -0.00040061626, -0.0004855019), (-0.0033611495, 0.0079513565, 0.027448386), (-0.0051180283, 0.007643959, 0.027291669), (-0.0015543214, 0.008074607, 0.036715124), (-0.0035016143, 0.0077412687, 0.036248475), (-0.0059987064, 0.009332728, 0.03583723), (-0.0060778814, 0.00875724, 0.026890254), (-0.0015879342, 0.00085117645, 0.0013555157), (0.0015310171, -0.00007406939, 0.0013068818), (0.00006589642, -0.0072920662, 0.022065274), (-0.00028072286, 0.0014345528, 0.00043463428), (0.004624449, -0.008533892, 0.021698164), (0.0023078371, -0.0073473034, 0.022075208), (-0.0088510495, -0.023600299, 0.053275824), (-0.004540824, -0.0243066, 0.052600265), (-0.006824031, -0.023396496, 0.0530834), (-0.031039665, -0.04098383, 0.078653805), (-0.027691238, -0.041455742, 0.077906795), (-0.02955769, -0.04066739, 0.07840768), (-0.037667293, -0.050507385, 0.09448682), (-0.03615041, -0.051882282, 0.09344386), (-0.037017383, -0.05065438, 0.09414417), (-0.038786527, -0.054964658, 0.10550072), (-0.038595207, -0.05599615, 0.10540105), (-0.03878557, -0.05485864, 0.10558554), (-0.03781491, -0.054928485, 0.10914687), (-0.037649695, -0.055934757, 0.10906527), (-0.03783254, -0.054806814, 0.10924293), (-0.036287166, -0.055252597, 0.113172784), (-0.036001157, -0.05608726, 0.113436654), (-0.03217585, -0.05259894, 0.12302796), (-0.034932237, -0.054924116, 0.11639444), (-0.03463617, -0.0555872, 0.11671612), (-0.03263706, -0.053806897, 0.12158614), (-0.03361894, -0.054280322, 0.1194005), (-0.033438608, -0.054676715, 0.119586326), (-0.032819983, -0.053406645, 0.12140056), (-0.032461394, -0.052419733, 0.122547336), (-0.032153506, -0.051524065, 0.1235165), (-0.032330807, -0.051412217, 0.123220176), (0.0031894292, -0.01606261, 0.038453735), (0.000957578, -0.015008127, 0.0389226), (-0.00112889, -0.015076247, 0.039029155), (-0.016979225, -0.032929555, 0.0645932), (-0.018873854, -0.03204223, 0.06512907), (-0.020638462, -0.032279603, 0.06529833), (0.00015263386, -0.0034272897, 0.009511835), (-0.0016219423, -0.0036913578, 0.009967302), (0.0022168164, -0.0047748988, 0.009759424), (-0.0017924687, -0.0018152628, 0.0054281056), (-0.00025157494, -0.0013915357, 0.004739928), (0.0016863864, -0.002819648, 0.0052998494), (0.0008184612, 0.0031704227, -0.00033465587), (0.0012602228, 0.003899944, 0.000054726228), (-0.005539306, 0.008081514, 0.037394136), (-0.0037813643, 0.008687151, 0.03843642), (-0.008285465, 0.012463333, 0.07808435), (-0.00700952, 0.013015864, 0.07883316), (-0.005027707, 0.011201153, 0.1127873), (-0.0037455224, 0.011693214, 0.113168426), (-0.0023606394, 0.015396229, 0.14427893), (-0.0030928175, 0.036901537, 0.19163004), (-0.0001229495, 0.0151271, 0.14414065), (-0.0023571143, 0.010927964, 0.113646574), (-0.0018105225, 0.03665334, 0.19016194), (-0.007006448, 0.049963538, 0.22371762), (-0.006907081, 0.05532125, 0.23289984), (-0.007926733, 0.051156484, 0.22761442), (-0.0074899686, 0.056910116, 0.23696935), (-0.002953435, 0.065120615, 0.2477929), (-0.0029074126, 0.06481802, 0.24647926), (0.00007868185, 0.068120226, 0.25316715), (-0.000016965865, 0.06781269, 0.25072804), (0.0018568608, 0.07005293, 0.25524324), (0.0023676495, 0.070306316, 0.25358027), (-0.005624151, 0.0121879345, 0.07978301), (-0.0017767154, 0.007938189, 0.0397632), (0.002005536, 0.0041625504, 0.0007950499), (-0.0022032289, 0.023401262, 0.1608847), (-0.00024491976, 0.023116784, 0.16031322), (-0.006637168, 0.011953112, 0.057683464), (-0.0034305719, 0.011704777, 0.05971881), (-0.005131546, 0.012459072, 0.058581974), (-0.0058018966, 0.007855547, 0.017752288), (-0.0022157875, 0.007949844, 0.02024384), (-0.004230267, 0.008578782, 0.018798983), (-0.0042831004, 0.0062858555, 0.008101258), (-0.0015508869, 0.007627496, 0.010482303), (-0.0032173733, 0.0075486773, 0.0089892335), (-0.0018038934, 0.003086906, 0.00094078307), (-0.0006780043, 0.0038571067, 0.0006876341), (-0.0007051887, 0.011717375, 0.014103755), (0.0011866789, 0.011721503, 0.01463865), (-0.0031849465, 0.025507314, 0.02459662), (-0.0014831234, 0.025880858, 0.024152247), (-0.002876975, 0.05170446, 0.039018203), (-0.0017255348, 0.052870445, 0.037650574), (-0.0019415456, 0.06516359, 0.052656475), (-0.00034425472, 0.06660222, 0.051685974), (-0.01822345, 0.077434756, 0.07620523), (-0.01789432, 0.078944504, 0.076174825), (-0.033470128, 0.08243209, 0.09897069), (-0.032477, 0.08347296, 0.09837156), (-0.04135528, 0.09051048, 0.10513447), (-0.04046386, 0.09215173, 0.1059828), (-0.048577588, 0.09380427, 0.11160325), (-0.047471263, 0.09461321, 0.1130149), (-0.055312924, 0.09577279, 0.11650611), (-0.054164607, 0.09606247, 0.117982425), (-0.06284747, 0.09893042, 0.12042999), (-0.0625154, 0.09940212, 0.121435605), (-0.07292022, 0.103159845, 0.12188367), (-0.07058454, 0.10296725, 0.12278975), (-0.039665606, 0.09124448, 0.107147194), (-0.044157445, 0.09467343, 0.1119339), (-0.04314516, 0.09531756, 0.1125578), (-0.04705689, 0.098745026, 0.11809082), (-0.04557259, 0.0987684, 0.11798269), (-0.045791, 0.10007264, 0.12126154), (-0.045208998, 0.09996305, 0.12120693), (-0.031259008, 0.083273716, 0.0998595), (-0.01617233, 0.07879141, 0.075724296), (0.0013112413, 0.06622716, 0.051786326), (-0.000446914, 0.0525074, 0.037827205), (-0.0012996107, 0.025131987, 0.025544882), (0.0003516796, 0.010526441, 0.015625888), (-0.00024066228, 0.0027417124, 0.0004634258), (-0.00078853057, 0.0077094184, 0.007371951), (0.00073718006, 0.0068369834, 0.0076369653), (0.0006857014, 0.007502046, 0.0074626156), (-0.007708176, 0.072565995, 0.06338604), (-0.0051552635, 0.07361737, 0.06317801), (-0.0068135397, 0.07390367, 0.062911265), (0.006946304, -0.0033956664, 0.0035403722), (0.00652235, -0.003872531, 0.003942689), (0.0048833853, 0.0019535227, 0.009295883), (0.0053441594, 0.0014437742, 0.01021828), (0.00031434718, 0.007898828, 0.0167737), (0.0014746654, 0.007790855, 0.017426101), (-0.0061220634, 0.01718663, 0.032449223), (-0.0048219026, 0.017684018, 0.03267276), (-0.011555527, 0.030344417, 0.04734011), (-0.010073208, 0.030700885, 0.04764279), (-0.013493379, 0.041052848, 0.058638263), (-0.012284342, 0.04130018, 0.05895555), (-0.01430232, 0.04733517, 0.06781409), (-0.012683976, 0.046655424, 0.06754905), (-0.016357794, 0.054509677, 0.07380494), (-0.012144493, 0.04912118, 0.07298529), (-0.019035522, 0.06124284, 0.077861734), (-0.016771417, 0.060592033, 0.07963541), (-0.02535004, 0.08925965, 0.07570257), (-0.023878956, 0.08760285, 0.07788196), (-0.04138949, 0.11873227, 0.063191794), (-0.041094333, 0.11917723, 0.063561395), (-0.044946343, 0.12304788, 0.05955245), (-0.04389751, 0.12273512, 0.06058433), (-0.011874256, 0.04822819, 0.07349866), (-0.011945098, 0.05010595, 0.076913804), (-0.011150632, 0.050034214, 0.077063516), (-0.010681517, 0.051941115, 0.08070215), (-0.010025241, 0.05154349, 0.08037684), (-0.009037407, 0.051655162, 0.08217375), (-0.008818357, 0.05142093, 0.082046345), (-0.011950255, 0.045563236, 0.06830725), (-0.011035589, 0.040245913, 0.05925726), (-0.008642115, 0.029513473, 0.048256103), (-0.0037361456, 0.016634608, 0.03334837), (0.0016165557, 0.006437641, 0.018158525), (0.0043805283, 0.0005104412, 0.010552425), (0.005969272, -0.004483225, 0.0044464204), (-0.013503202, 0.053547844, 0.07385104), (-0.037156083, 0.11085978, 0.07079914), (-0.036761623, 0.1110022, 0.0721264), (-0.031823095, 0.09963719, 0.07561081), (-0.030785915, 0.09903111, 0.07724648), (-0.022270843, 0.07448154, 0.08010004), (-0.020431861, 0.07319585, 0.08214694), (-0.000423838, -0.0017385114, 0.00066148007), (-0.0013209305, -0.0035570685, 0.0007057787), (-0.015160214, -0.008075587, 0.027940193), (-0.016514609, -0.010080352, 0.027934803), (-0.0366954, -0.01240058, 0.052420653), (-0.03759019, -0.01389869, 0.052461956), (-0.05276502, -0.012202832, 0.07399828), (-0.053347968, -0.013557481, 0.07384898), (-0.06421194, -0.013466068, 0.09521095), (-0.083461136, -0.020540502, 0.11875255), (-0.06644659, -0.014596152, 0.09408408), (-0.055287812, -0.013550952, 0.073606774), (-0.08501794, -0.021311205, 0.11766038), (-0.09138349, -0.025753794, 0.12988213), (-0.10384702, -0.03624091, 0.14640114), (-0.090693064, -0.025570976, 0.13208373), (-0.10415638, -0.03602966, 0.14786807), (-0.13348705, -0.057832956, 0.1573172), (-0.13323656, -0.057756502, 0.1569704), (-0.16161801, -0.083281375, 0.16032068), (-0.16105378, -0.083380856, 0.15946002), (-0.18090853, -0.10175767, 0.16430032), (-0.18113653, -0.10235178, 0.16351464), (-0.0399639, -0.014082463, 0.052435752), (-0.019490022, -0.0109819295, 0.02779842), (-0.0037057924, -0.004212223, 0.0006202984), (-0.0005187729, 0.0018547062, -0.000030877178), (-0.00083906314, 0.00145504, -0.0005706063), (-0.000070913506, -0.006820593, 0.004593871), (-0.004382396, -0.019540895, 0.015632525), (-0.00042273637, -0.007270228, 0.004011768), (-0.0042110467, -0.020046702, 0.015150807), (-0.0016469817, -0.007034647, 0.004152913), (-0.0019135318, 0.0016863571, -0.00029026004), (-0.005131099, -0.020122027, 0.014659413), (-0.005866588, -0.056760658, 0.029882269), (-0.0050824, -0.0564709, 0.030490546), (-0.0017708767, -0.06350919, 0.03745373), (-0.0009300127, -0.06321724, 0.03780724), (-0.0013883895, -0.06320454, 0.037925687), (-0.0056381873, -0.05620077, 0.03071158), (-0.011934308, -0.03572765, 0.026842657), (-0.011176176, -0.035705112, 0.02742159), (-0.011059767, -0.036063895, 0.026840687), (-0.0036053623, -0.060889915, 0.03408648), (-0.0027979037, -0.06055774, 0.03455547), (-0.003323681, -0.06042189, 0.034728248), (-0.000052431984, -0.0021632365, 0.0022383842), (-0.0004436415, -0.0025527223, 0.001701474), (-0.0015723817, -0.0023301924, 0.002004177), (-0.008544063, -0.04846134, 0.026577953), (-0.008901615, -0.048877604, 0.025626894), (-0.007911531, -0.048923265, 0.026004236), (-0.00987448, -0.026565779, 0.022269439), (-0.009057502, -0.026666975, 0.02265179), (-0.0092118345, -0.026225451, 0.02321455), (-0.000915335, -0.013637591, 0.009968248), (-0.0009515464, -0.014138497, 0.009414289), (-0.0021147807, -0.014097218, 0.009083986), (-0.0011765964, -0.0007898989, 0.000015943615), (0.0002779955, 0.0015376735, -0.000095494135), (-0.0010894585, 0.00077950873, -0.00019348713), (-0.009095696, -0.006926844, 0.019400517), (-0.0077197584, -0.004961732, 0.01888968), (-0.009040993, -0.0055591674, 0.018989163), (-0.020469483, -0.0061445255, 0.04442819), (-0.018740626, -0.0038755853, 0.04420392), (-0.020202981, -0.0046783295, 0.044036467), (-0.030125063, -0.00014078777, 0.06981018), (-0.027997844, 0.0016578162, 0.07024226), (-0.029464845, 0.0013353797, 0.0697084), (-0.050536834, -0.0018443853, 0.0834551), (-0.04872641, -0.00021064744, 0.085674755), (-0.04973187, -0.0003063397, 0.08417963), (-0.08867245, 0.0039260034, 0.08688296), (-0.08862751, 0.005318129, 0.08997565), (-0.08855131, 0.0053568054, 0.08812841), (-0.10756639, 0.00591475, 0.092469364), (-0.107779175, 0.00720958, 0.09497779), (-0.11502725, 0.006447376, 0.094576135), (-0.111856684, 0.007162399, 0.09593055), (-0.11768649, 0.006964597, 0.0962618), (-0.11618953, 0.007582942, 0.097551405), (-0.119582474, 0.007075409, 0.096828796), (-0.004908362, -0.0018771419, 0.009447899), (-0.0049506957, -0.0033576956, 0.009756558), (-0.0036008642, -0.0011946856, 0.00944826), (-0.02474595, -0.00017843813, 0.05659709), (-0.025138823, -0.0016836306, 0.05689647), (-0.023312971, 0.0004151614, 0.05684542), (-0.014179507, -0.0071523394, 0.0310329), (-0.014346457, -0.008579835, 0.031437226), (-0.012758892, -0.0065294583, 0.031049026), (-0.0018374089, 0.00010502058, 0.0009595303), (0.00013148249, 0.0018559892, 0.0015756869), (-0.0019904128, -0.0033968133, 0.019035432), (-0.0013861149, 0.0013250149, 0.00032692045), (0.0009035202, -0.0007738498, 0.01968235), (-0.0009953525, -0.0018597689, 0.019399017), (-0.0044221845, -0.01848356, 0.04527738), (-0.0018980441, -0.015773905, 0.04554275), (-0.003630499, -0.016968334, 0.04539998), (-0.010055672, -0.043060135, 0.065088704), (-0.008078474, -0.04091002, 0.065105654), (-0.009556464, -0.04187071, 0.06506396), (-0.01135783, -0.05275532, 0.078312), (-0.009474023, -0.052284222, 0.0779837), (-0.01087709, -0.05235478, 0.07817024), (-0.0122118415, -0.056069206, 0.087641016), (-0.011411855, -0.05640575, 0.087785944), (-0.012307866, -0.056023534, 0.08768794), (-0.012926951, -0.055535577, 0.09065202), (-0.012160454, -0.055879466, 0.0908024), (-0.013044787, -0.055496138, 0.090702), (-0.0132787675, -0.05479656, 0.09411517), (-0.012679854, -0.054992575, 0.09452366), (-0.016278807, -0.05114365, 0.10200208), (-0.013895435, -0.053842645, 0.09679639), (-0.013424183, -0.053955268, 0.097219646), (-0.015233246, -0.051957205, 0.10102388), (-0.014674711, -0.052763265, 0.099242344), (-0.014389563, -0.052827973, 0.09949077), (-0.015522146, -0.05189253, 0.10077451), (-0.016374687, -0.05123918, 0.10154633), (-0.017134205, -0.050655328, 0.10218779), (-0.017194776, -0.050714456, 0.10190637), (0.00021759783, -0.005972556, 0.03405643), (-0.0015847329, -0.007064145, 0.033883207), (-0.0024662795, -0.008554668, 0.033658396), (-0.005125526, -0.028936936, 0.05468087), (-0.0066921846, -0.029873272, 0.05464375), (-0.007341954, -0.031219974, 0.054549646), (-0.0007164254, -0.0010074252, 0.00844769), (-0.001439596, -0.0023859413, 0.0085822055), (0.0009918129, -0.00019898167, 0.00921374), (-0.001384592, -0.0014426255, 0.0046327133), (-0.00079736306, -0.0001433751, 0.0042491634), (0.000815558, 0.00052633387, 0.005256549), (0.0054807686, -0.005612412, 0.0005624432), (0.0044555627, -0.0070026866, 0.00005116212), (0.009381167, -0.018388586, 0.012919479), (0.0073937424, -0.018977715, 0.013945464), (0.017529283, -0.020567022, 0.032114573), (0.015796615, -0.021779686, 0.032460403), (0.025148686, -0.021650303, 0.06549504), (0.023032235, -0.021982867, 0.065075986), (0.022747021, -0.030460767, 0.08249219), (0.020740785, -0.030709412, 0.0821312), (0.008496017, -0.044890195, 0.09483825), (0.007054938, -0.045062557, 0.09401869), (-0.0045684427, -0.055879038, 0.10223319), (-0.005013548, -0.055084165, 0.10102305), (-0.010359924, -0.061880752, 0.10273098), (-0.01192534, -0.06137562, 0.102386996), (-0.014363759, -0.06902815, 0.103097536), (-0.015926667, -0.068619795, 0.10338707), (-0.016953161, -0.07572838, 0.10260082), (-0.018299766, -0.075313486, 0.10325971), (-0.019350905, -0.082719006, 0.10077168), (-0.020306787, -0.082778804, 0.100957096), (-0.020155137, -0.0908614, 0.09672003), (-0.02116227, -0.08935994, 0.09767762), (-0.012375046, -0.061139066, 0.103635274), (-0.016026203, -0.0657355, 0.10353067), (-0.016982997, -0.065150954, 0.10357661), (-0.021364272, -0.06987178, 0.10295333), (-0.021645388, -0.0686992, 0.10317935), (-0.0243459, -0.06989413, 0.103682905), (-0.024387322, -0.06943165, 0.10384276), (-0.006063962, -0.054443184, 0.10252981), (0.0070943376, -0.0438029, 0.09434636), (0.020223698, -0.029273659, 0.08216415), (0.021759732, -0.02131634, 0.065606564), (0.015407855, -0.020074293, 0.03321747), (0.007936394, -0.017050115, 0.014537812), (0.0035057925, -0.0058306265, 0.0002794789), (0.0072915754, -0.013825388, 0.005397519), (0.0053539835, -0.013617191, 0.005965113), (0.005633818, -0.014382127, 0.0056664473), (0.017349167, -0.035944335, 0.090027906), (0.015253483, -0.035128452, 0.08945473), (0.015451966, -0.036420293, 0.08936921), (0.00046301587, 0.0004512867, 0.0007217589), (0.0018361695, 0.0014074364, 0.00073402585), (0.015876548, 0.000965769, 0.025094481), (0.016225534, 0.002830718, 0.025270801), (0.028743232, 0.0048277914, 0.04847405), (0.02879841, 0.00627376, 0.04865643), (0.037688594, 0.007476922, 0.069385245), (0.03754046, 0.008770055, 0.069356605), (0.043959364, 0.010999801, 0.090529725), (0.055845186, 0.021078588, 0.1132672), (0.044813935, 0.01273544, 0.08929339), (0.03882163, 0.009537181, 0.06888856), (0.056307245, 0.02213399, 0.11209379), (0.06423896, 0.02895632, 0.11906042), (0.07824393, 0.0417073, 0.12547812), (0.06474308, 0.02881116, 0.12069336), (0.07913495, 0.04140688, 0.12652986), (0.09920206, 0.059487563, 0.12622705), (0.0988713, 0.05960898, 0.12580839), (0.11490051, 0.07749711, 0.123201825), (0.11404351, 0.07772967, 0.122587524), (0.12524426, 0.0946319, 0.12247228), (0.124890834, 0.09524979, 0.12195743), (0.030314913, 0.0072398377, 0.048483703), (0.018080845, 0.0043240795, 0.025102634), (0.0038008487, 0.00090210105, 0.0007502264), (0.007926279, -0.00043101158, 0.013276408), (0.01106922, 0.0016474791, 0.013036324), (0.008833701, 0.0010775719, 0.013232136), (0.009363664, -0.0055713407, 0.16658689), (0.0065008556, -0.004145438, 0.16715698), (0.010265824, -0.008534774, 0.16616482), (-0.0032144703, -0.0032992994, 0.00036972214), (-0.0006617779, -0.000060736384, -0.0006324533), (-0.002876256, -0.0008833165, -0.00006328464), (-0.000546884, -0.011067844, 0.03258704), (0.0014869584, -0.00836555, 0.031066578), (-0.00046500022, -0.00895355, 0.031889472), (0.0037555068, -0.011195647, 0.075165235), (0.006622988, -0.008254946, 0.073646024), (0.0042041373, -0.009088286, 0.07419858), (0.0052405284, 0.008975523, 0.106841214), (0.009418331, 0.011256267, 0.10568157), (0.006528558, 0.011188553, 0.10576233), (-0.0007514638, 0.026713714, 0.12562178), (0.004582957, 0.02846429, 0.12358364), (0.001363666, 0.028838478, 0.12423037), (-0.009423756, 0.04887854, 0.15747793), (-0.0050055, 0.049574222, 0.15564068), (-0.007147211, 0.050522886, 0.15611112), (-0.008049624, 0.06548597, 0.16810754), (-0.0047062635, 0.06772149, 0.16905645), (-0.010564174, 0.072386615, 0.1750362), (-0.0067088907, 0.07091241, 0.17282188), (-0.009303044, 0.0765868, 0.17962097), (-0.006590439, 0.07611774, 0.1788825), (-0.009557553, 0.07896418, 0.18227763), (-0.0012823216, -0.0041640494, 0.015880035), (-0.0014558613, -0.006455149, 0.016429538), (0.00075030245, -0.0034420385, 0.015203355), (0.0071758195, 0.0009986949, 0.09091235), (0.006466679, -0.001076718, 0.09186778), (0.009622574, 0.0014719047, 0.0905644), (0.0014783008, -0.011354878, 0.052166156), (0.0012124118, -0.013533481, 0.052950136), (0.0036689378, -0.010716047, 0.051439743), (0.0040425924, 0.00062542583, 0.0420587), (0.0049731554, 0.0015500073, 0.040813662), (0.0022071349, 0.00024844354, 0.037764184), (0.026935756, 0.00354688, 0.07852629), (0.027972426, 0.004480735, 0.07744279), (0.036171556, 0.016307529, 0.1119627), (0.03803617, 0.017176647, 0.11111191), (0.043368235, 0.027541006, 0.13888362), (0.044842843, 0.028214296, 0.1386683), (0.05079798, 0.030773232, 0.15838887), (0.0651132, 0.03292958, 0.18812811), (0.053671144, 0.030746482, 0.15972497), (0.066301115, 0.032820866, 0.18775739), (0.046548966, 0.027765792, 0.13938068), (0.04025551, 0.017242454, 0.1111747), (0.029769456, 0.004535956, 0.07686588), (0.0071085487, 0.0016687148, 0.039151903), (0.0051516457, 0.0012139508, 0.0372236), (-0.0013122471, -0.0022302028, 0.008969987), (-0.0037491512, -0.003587169, 0.009396345), (-0.00424709, -0.0049372534, -0.005037536), (0.07153551, 0.037000183, 0.203446), (0.07050567, 0.037346255, 0.20398946), (0.08171613, 0.043198973, 0.21734133), (0.08098016, 0.043952625, 0.21757685), (0.087960035, 0.04528238, 0.22170387), (0.08748686, 0.046124853, 0.22223601), (0.09021045, 0.047182307, 0.22419578), (0.08992632, 0.04757701, 0.22459532), (0.09238878, 0.04863746, 0.22653756), (0.058962323, 0.03152792, 0.17367367), (0.060889624, 0.0314916, 0.17410928), (0.015079542, 0.0032662777, 0.06010346), (0.018047253, 0.0043141097, 0.05776604), (0.016081277, 0.0042004986, 0.058907554), (0.03349345, 0.008912869, 0.09529708), (0.037047483, 0.009758768, 0.094071075), (0.034978744, 0.009730129, 0.09433126), (-0.004179197, -0.0017704199, -0.00039722866), (-0.0034518917, -0.0018866033, -0.0009266607), (0.0035611722, 0.00252077, 0.006915609), (0.016124234, 0.0030624205, 0.022766003), (0.004368404, 0.0023973968, 0.0063489354), (0.016712481, 0.0035291503, 0.022311619), (0.0046666744, 0.00093758985, 0.0065014274), (-0.003259281, -0.0031916827, -0.0006159483), (0.017369384, 0.0025992321, 0.021785991), (0.052505605, 0.018188631, 0.047733817), (0.051653706, 0.018858436, 0.048352376), (0.055635028, 0.025308965, 0.057931364), (0.054823663, 0.02605925, 0.058250524), (0.054997597, 0.025543833, 0.05840097), (0.051572364, 0.018105347, 0.048568144), (0.033882644, 0.0017169145, 0.039697114), (0.033335496, 0.0024886606, 0.04034194), (0.033821013, 0.0028326036, 0.039740916), (0.054655865, 0.022311319, 0.053481884), (0.053785942, 0.022996938, 0.053927828), (0.053846277, 0.022344686, 0.054116335), (-0.0007535634, 0.0004897337, 0.0031295281), (-0.000003817545, 0.0002910703, 0.0026034592), (0.00021802553, -0.001070753, 0.0029440324), (0.04587219, 0.011542656, 0.04211802), (0.046748195, 0.0114255715, 0.041113973), (0.046217714, 0.012498708, 0.04153135), (0.024406847, -0.00007510946, 0.03225283), (0.024017172, 0.0008353939, 0.032694142), (0.023466816, 0.00041180284, 0.033256795), (0.009739042, 0.0044527985, 0.014730411), (0.010441599, 0.0046962663, 0.014197537), (0.011046914, 0.003432631, 0.013841735), (0.013426676, 0.00002086226, 0.032800097), (0.014039801, 0.00053409714, 0.031691488), (0.011444553, -0.00010057664, 0.029870352), (0.027865801, 0.005020305, 0.058127526), (0.028602593, 0.00557015, 0.057118706), (0.042467777, 0.015672507, 0.08216762), (0.043681663, 0.016119892, 0.08123848), (0.053074785, 0.027063087, 0.091452725), (0.054222673, 0.027171725, 0.09073418), (0.061143287, 0.032421276, 0.095116846), (0.07682487, 0.040062506, 0.09865503), (0.06330302, 0.031835947, 0.09450434), (0.0770989, 0.039244283, 0.09796344), (0.05558266, 0.02658909, 0.09077195), (0.04532876, 0.016038572, 0.08103798), (0.029792992, 0.005414787, 0.056438055), (0.015290868, 0.0002614266, 0.030100478), (0.013575352, 0.00015791519, 0.028970001), (0.0024675806, -0.0009553309, 0.009257591), (0.00058046944, -0.0015641941, 0.010008283), (-0.0030328822, -0.0022778776, -0.00052812864), (0.08830706, 0.043464463, 0.09799748), (0.088640764, 0.044321302, 0.098612025), (0.10117508, 0.04621151, 0.09482325), (0.101697065, 0.046845626, 0.0951664), (0.10499861, 0.045778412, 0.09261713), (0.10557974, 0.046385996, 0.092853166), (0.107691355, 0.046465922, 0.09205497), (0.107709974, 0.046778135, 0.0922805), (0.10998121, 0.04835514, 0.092786916), (0.06880863, 0.035757255, 0.09694232), (0.0700343, 0.035055336, 0.09624215), (0.020840995, 0.003139564, 0.045296296), (0.022785585, 0.0033808737, 0.043045893), (0.021594072, 0.0035988998, 0.0442066), (0.035143133, 0.0092333015, 0.07090509), (0.03769129, 0.0094825495, 0.069446646), (0.036169752, 0.00966799, 0.06989571), (-0.003072353, -0.0025926013, -0.0012917875), (-0.0017375491, -0.0024760615, -0.00075091136), (-0.007254303, -0.0018043502, 0.00655021), (-0.010589375, -0.0010202819, 0.014700322), (-0.005893747, -0.0017099207, 0.0070402753), (-0.009183522, -0.0009586877, 0.015117647), (-0.0051183132, -0.00012351654, 0.0072433967), (-0.008363629, 0.00060974696, 0.0152884135), (-0.0009942444, -0.0008777824, -0.00052742875), (-0.00797433, 0.0010567218, 0.027944854), (-0.00888299, -0.00048147622, 0.027823342), (-0.006265969, 0.0023709899, 0.037143167), (-0.0072988803, 0.00067544647, 0.036716644), (-0.010148684, -0.00019970746, 0.036473576), (-0.010377272, -0.0004905841, 0.027516246), (-0.003218974, -0.0017569605, 0.0014470291), (-0.0005077112, 0.000030252068, 0.0012512882), (0.0054765693, -0.006070951, 0.021586776), (-0.0028845181, -0.00036740524, 0.00052293343), (0.00933471, -0.0033829263, 0.021011775), (0.0069639366, -0.0043936814, 0.021526258), (0.014304361, -0.02389301, 0.052046176), (0.017573265, -0.021044496, 0.05120195), (0.015441954, -0.022209726, 0.051805243), (0.014998164, -0.052457593, 0.07702196), (0.017463833, -0.050191686, 0.07614891), (0.01569507, -0.051117264, 0.07675034), (0.019073352, -0.06391285, 0.09246445), (0.021026438, -0.06362412, 0.09129861), (0.019580532, -0.063505635, 0.09209457), (0.022506295, -0.06781597, 0.10322778), (0.023408571, -0.06833346, 0.10306276), (0.022432012, -0.0677482, 0.10331852), (0.023355862, -0.0671076, 0.10683848), (0.02422336, -0.06762904, 0.10669373), (0.02325842, -0.067044124, 0.10694191), (0.0248644, -0.06621263, 0.11079048), (0.02570273, -0.06653654, 0.110996746), (0.026170341, -0.061514866, 0.12065363), (0.025709016, -0.06501618, 0.11398313), (0.026427073, -0.06522268, 0.11425671), (0.026694214, -0.062623605, 0.119158864), (0.02627173, -0.063644804, 0.11698026), (0.026702715, -0.063765585, 0.11713721), (0.026258614, -0.06250233, 0.11900243), (0.025816737, -0.061609905, 0.120193064), (0.025399458, -0.060812257, 0.121202745), (0.02517961, -0.060870904, 0.12091892), (0.0152995, -0.009598511, 0.037334744), (0.013090328, -0.010631156, 0.037930638), (0.011805143, -0.012271009, 0.03809555), (0.016953751, -0.036298454, 0.06303968), (0.015093818, -0.037182312, 0.06368264), (0.014149271, -0.038686365, 0.063890636), (0.0017237316, -0.0033146574, 0.009284018), (0.0008128234, -0.004848073, 0.009776305), (0.004097525, -0.0026104478, 0.009390934), (-0.0010389059, -0.0036969956, 0.005361593), (-0.00041623026, -0.0022354906, 0.0046534045), (0.0019590794, -0.0016845702, 0.005071027), (-0.0035517127, 0.001604091, -0.00017681123), (-0.0037960357, 0.0024059992, 0.00024079213), (-0.008815648, -0.0005154616, 0.037939884), (-0.008081967, 0.0012714528, 0.038952965), (-0.013183191, 0.016836148, 0.07726299), (-0.012801689, 0.018810503, 0.07768143), (-0.012015194, 0.05250418, 0.10364456), (-0.011542955, 0.054337647, 0.10304607), (-0.0076813675, 0.08734699, 0.11187663), (-0.0008699024, 0.11081872, 0.13663484), (-0.0056567984, 0.08828777, 0.11103679), (-0.010080466, 0.055496175, 0.10293133), (0.00073665514, 0.11158726, 0.1366133), (0.00051384006, 0.12250619, 0.1532133), (0.001483148, 0.12905362, 0.15912503), (-0.0011281252, 0.12267955, 0.15458111), (-0.00009067163, 0.1299012, 0.16095015), (-0.0015694851, 0.13866611, 0.17100541), (-0.00069043983, 0.13889575, 0.17024633), (-0.0050189267, 0.14034365, 0.17637874), (-0.003099654, 0.14103787, 0.17489804), (-0.006772034, 0.1417988, 0.17880534), (-0.005448181, 0.14287925, 0.17820078), (-0.01130269, 0.020032655, 0.07837089), (-0.0061390353, 0.0023779399, 0.040164586), (-0.0034648846, 0.0031331973, 0.0009722898), (-0.0046126116, 0.09855376, 0.1199899), (-0.0027285463, 0.099195555, 0.119729534), (-0.011668963, 0.005948558, 0.0580977), (-0.009381389, 0.009183165, 0.05980344), (-0.011073673, 0.007878415, 0.058854144), (-0.010141639, -0.0007174688, 0.018338758), (-0.0077312, 0.0020442584, 0.020722538), (-0.009607892, 0.00093336805, 0.019377898), (-0.00863161, -0.00041746153, 0.008573405), (-0.0077292887, 0.0024979985, 0.010944872), (-0.008845846, 0.0011973064, 0.009500644), (-0.004701397, 0.00024338576, -0.00026727477), (-0.0045967093, 0.001556306, -0.0007489673), (-0.014755208, 0.009278378, 0.00784452), (-0.013653802, 0.010512004, 0.008599631), (-0.022496698, 0.00974584, 0.021501582), (-0.021807367, 0.011257002, 0.02168179), (-0.038206186, 0.016540535, 0.039582457), (-0.038223088, 0.01840457, 0.038848165), (-0.046605483, 0.023289058, 0.04442854), (-0.045945514, 0.025344415, 0.043725356), (-0.0577903, 0.03915044, 0.042377025), (-0.05696755, 0.040448602, 0.041211434), (-0.065005615, 0.051197577, 0.039677147), (-0.06360208, 0.051599853, 0.038900703), (-0.06938501, 0.057494026, 0.038094264), (-0.06834387, 0.058954813, 0.03799363), (-0.07564618, 0.06276096, 0.038574316), (-0.07497441, 0.06426973, 0.03946194), (-0.08209296, 0.067095734, 0.037663054), (-0.08159409, 0.068321876, 0.03882332), (-0.08863262, 0.07157293, 0.034884688), (-0.088576525, 0.07257315, 0.035329036), (-0.09604952, 0.07499764, 0.029030254), (-0.0945324, 0.07556084, 0.030646862), (-0.06843719, 0.059188202, 0.03934423), (-0.07209223, 0.06376086, 0.039795734), (-0.071289696, 0.06463244, 0.040249333), (-0.07509414, 0.070383474, 0.04042196), (-0.07385139, 0.07037511, 0.040976156), (-0.07478711, 0.07343974, 0.042005915), (-0.07432927, 0.073349975, 0.0422853), (-0.063378386, 0.052456874, 0.040458716), (-0.056140807, 0.040378205, 0.042355135), (-0.044471942, 0.025618782, 0.044394907), (-0.03718242, 0.018902833, 0.03932876), (-0.020860072, 0.010343282, 0.022387043), (-0.013259534, 0.009046552, 0.009162864), (-0.0034546587, 0.0011287914, -0.0005039964), (-0.010115206, 0.0058376333, 0.002721295), (-0.008691727, 0.0064636916, 0.003172375), (-0.009206864, 0.0068626804, 0.0028962474), (-0.05216251, 0.030130714, 0.046187565), (-0.05036389, 0.03203829, 0.045822714), (-0.051581755, 0.031943474, 0.044751372), (0.0056660245, 0.0019906703, 0.003124493), (0.005783841, 0.0013528635, 0.0035109068), (0.00065771985, 0.0037737065, 0.009238993), (0.0014064872, 0.003782526, 0.0101158805), (-0.006300956, 0.0039992174, 0.017181577), (-0.005426136, 0.004805905, 0.017791403), (-0.016444985, 0.004824545, 0.0335529), (-0.015970763, 0.006135246, 0.0337658), (-0.02894513, 0.008924433, 0.049335904), (-0.028240746, 0.010282187, 0.049614135), (-0.037574187, 0.014172153, 0.061287533), (-0.03696173, 0.01525049, 0.061582204), (-0.042249907, 0.017461345, 0.070831), (-0.04070749, 0.018263685, 0.07047863), (-0.04862782, 0.020423573, 0.07728603), (-0.041864153, 0.020180598, 0.07602922), (-0.055203613, 0.02265613, 0.08180451), (-0.05312679, 0.02393849, 0.08346844), (-0.080765866, 0.035934083, 0.081465594), (-0.07840565, 0.035955317, 0.08349969), (-0.114416294, 0.042883094, 0.07117506), (-0.11453965, 0.043389764, 0.07156078), (-0.120246634, 0.043005858, 0.06790123), (-0.11926149, 0.04358932, 0.068881124), (-0.040974345, 0.019803094, 0.07648146), (-0.042215433, 0.020906257, 0.079999834), (-0.04163854, 0.021464681, 0.08012123), (-0.042538535, 0.022995703, 0.08384807), (-0.04183512, 0.023245828, 0.083480746), (-0.041159965, 0.024044387, 0.085250355), (-0.04084915, 0.024062693, 0.08510308), (-0.03935041, 0.018108005, 0.07114969), (-0.035333127, 0.015519976, 0.061784584), (-0.026371745, 0.010600225, 0.05011421), (-0.014425133, 0.006277438, 0.034346394), (-0.004253317, 0.0040300726, 0.018439371), (0.001519638, 0.0024390288, 0.010423969), (0.0059274225, 0.0005284691, 0.0039946404), (-0.04605251, 0.021983704, 0.07719062), (-0.105167, 0.04092088, 0.07818104), (-0.104929954, 0.041293267, 0.079501666), (-0.09284934, 0.037682284, 0.08217038), (-0.09160664, 0.038058188, 0.083736), (-0.06722021, 0.028686842, 0.08490294), (-0.064914815, 0.029230611, 0.086815365), (-0.00054369576, -0.0025267366, 0.0005693965), (0.00026679548, -0.00438575, 0.0005349477), (-0.0033329995, -0.018302841, 0.027859185), (-0.0026787135, -0.02063058, 0.027778085), (-0.010590264, -0.03928791, 0.052214198), (-0.00990182, -0.041038405, 0.052161098), (-0.0152390655, -0.055395123, 0.07299855), (-0.014476385, -0.056808274, 0.07275548), (-0.015948549, -0.06880136, 0.093231425), (-0.01851108, -0.0907843, 0.1160844), (-0.016475253, -0.071327366, 0.092071824), (-0.015598736, -0.05840598, 0.07253014), (-0.019002238, -0.09245369, 0.114996724), (-0.018877767, -0.100374974, 0.12712328), (-0.019187469, -0.11575833, 0.143767), (-0.018420603, -0.09976413, 0.12930971), (-0.019578464, -0.11577261, 0.14528935), (-0.026892774, -0.14769688, 0.15593699), (-0.026751673, -0.14750195, 0.15557043), (-0.030553522, -0.18140693, 0.15975147), (-0.030128704, -0.18106337, 0.15885748), (-0.029372407, -0.20751336, 0.16343725), (-0.029120822, -0.20805848, 0.16262573), (-0.011109561, -0.043122154, 0.05214352), (-0.0039184466, -0.023483356, 0.027678886), (-0.0007766588, -0.006629168, 0.00048317094), (-0.0033900577, -0.00027100582, 0.00009002386), (-0.0033291115, -0.0007650043, -0.0004620436), (0.0038263095, -0.0055965357, 0.0041871932), (0.011499271, -0.017268265, 0.014591384), (0.0039020758, -0.006146173, 0.003590879), (0.011961854, -0.017455969, 0.014076286), (0.0029434604, -0.00693191, 0.0037820772), (-0.0041783736, -0.0014412128, -0.00013672472), (0.011392562, -0.018199818, 0.013609252), (0.039880224, -0.042630643, 0.026692713), (0.040206656, -0.041854158, 0.027292874), (0.04818204, -0.04397261, 0.03373222), (0.048525777, -0.043147385, 0.034076642), (0.048228912, -0.043491304, 0.0342093), (0.03965794, -0.042108104, 0.027545732), (0.019737028, -0.033654325, 0.025062677), (0.020248225, -0.033069592, 0.025618853), (0.020556578, -0.0332029, 0.025014976), (0.044772636, -0.043632116, 0.030579753), (0.045072142, -0.042808264, 0.031042738), (0.044641737, -0.04312512, 0.031238776), (0.00012778878, -0.0025416864, 0.0021068621), (0.00013546781, -0.0030833466, 0.0015603289), (-0.0007405317, -0.003807055, 0.0019090801), (0.031604577, -0.03927202, 0.023957945), (0.031625852, -0.03979873, 0.022995643), (0.03232456, -0.039077602, 0.02333978), (0.01376935, -0.026099684, 0.020969965), (0.014399212, -0.02554673, 0.021321075), (0.014002125, -0.025388768, 0.021912776), (0.008845792, -0.010722786, 0.009178869), (0.009165953, -0.011064759, 0.00859818), (0.00836224, -0.011921778, 0.008305922), (-0.0016130903, -0.0028232187, 0.00021316705), (-0.0025788601, 0.00065736345, 0.0001312768), (-0.0030732667, -0.0013386637, -0.0000053063195), (-0.0005299318, -0.016285297, 0.030601209), (-0.0012612221, -0.013196382, 0.029870268), (-0.0018472329, -0.015008114, 0.030052854), (-0.008549921, -0.027031291, 0.070533186), (-0.009228326, -0.023335556, 0.07025538), (-0.009771892, -0.025461853, 0.07001157), (-0.019470278, -0.0311468, 0.111803845), (-0.019297373, -0.027487082, 0.1121032), (-0.020378355, -0.029224617, 0.111637756), (-0.020657651, -0.04538899, 0.1435166), (-0.01934657, -0.041357633, 0.1457789), (-0.020936383, -0.04290128, 0.14455484), (-0.026607806, -0.06458207, 0.16763243), (-0.024618905, -0.0613103, 0.17070407), (-0.026468568, -0.06233377, 0.16918494), (-0.031608965, -0.07684401, 0.18102281), (-0.030285785, -0.07431179, 0.18352592), (-0.03267177, -0.08091158, 0.18974724), (-0.030870559, -0.077089116, 0.18762927), (-0.032161828, -0.08118325, 0.194732), (-0.030966258, -0.07881553, 0.19402546), (-0.032218777, -0.08200516, 0.19769062), (-0.002809782, -0.0075662695, 0.015131489), (-0.0013842551, -0.008930131, 0.015509803), (-0.002306666, -0.00569392, 0.015112541), (-0.016876942, -0.026166754, 0.09024428), (-0.01575443, -0.027900234, 0.090618595), (-0.016122945, -0.024239115, 0.090587035), (-0.003509358, -0.021608118, 0.049106985), (-0.002234846, -0.023047019, 0.049645904), (-0.0028465118, -0.019679612, 0.049102403), (-0.0028385217, -0.002422574, 0.0010161413), (-0.002861429, 0.0002014038, 0.0016734536), (0.00097535324, -0.005082332, 0.018851634), (-0.0035207502, -0.001280977, 0.00044226146), (0.0008862764, -0.0011896484, 0.019562518), (0.00047055233, -0.0033364373, 0.019273773), (0.012709196, -0.017083164, 0.044230342), (0.012289525, -0.0134111615, 0.044576686), (0.012073365, -0.015502981, 0.04441687), (0.029167142, -0.037549544, 0.06273852), (0.028804244, -0.034652404, 0.062820956), (0.028580923, -0.03640063, 0.06276791), (0.036624897, -0.045005273, 0.07540769), (0.037457213, -0.043256875, 0.075051), (0.036619738, -0.044377405, 0.07527507), (0.039241627, -0.047941826, 0.084548436), (0.040023487, -0.04754989, 0.08464952), (0.03914818, -0.047986474, 0.084600784), (0.038581602, -0.048191454, 0.08760489), (0.03934785, -0.047829937, 0.087712), (0.038479086, -0.04825684, 0.08766059), (0.03803034, -0.04803816, 0.091113485), (0.038593717, -0.047713358, 0.091491684), (0.033857282, -0.048098672, 0.09928413), (0.037090834, -0.047936317, 0.09386236), (0.03750944, -0.04765553, 0.094263986), (0.03508344, -0.04780903, 0.098229624), (0.035934795, -0.047874108, 0.09638867), (0.03618493, -0.04770186, 0.09662422), (0.034830853, -0.04798419, 0.09799324), (0.033836883, -0.048226383, 0.09882676), (0.032946847, -0.04844027, 0.09952339), (0.03293349, -0.04852026, 0.099241), (0.0053946534, -0.0052927053, 0.033622276), (0.005053037, -0.007371138, 0.03344013), (0.005605085, -0.00900245, 0.033155773), (0.020867407, -0.024510235, 0.053026542), (0.020568736, -0.026310602, 0.052982166), (0.02116958, -0.027674112, 0.052829593), (-0.00075311627, -0.0024012995, 0.008388811), (-0.00015958853, -0.0038450486, 0.0084646875), (-0.00021557743, -0.00058671465, 0.009148802), (-0.0011147502, -0.0031325056, 0.0045774435), (-0.001752622, -0.0018398358, 0.0042525786), (-0.0011542016, -0.00019135448, 0.0052481443), (0.006205514, -0.00051192666, 0.000068736415), (0.006568891, -0.0021838564, -0.00049130816), (0.019303165, -0.0059658163, 0.011538821), (0.018542029, -0.007880468, 0.012587836), (0.027534695, -0.0014468377, 0.030318854), (0.027365938, -0.0035582804, 0.03064547), (0.035567883, 0.003151235, 0.063330896), (0.034428652, 0.0013261975, 0.06295698), (0.041902963, -0.00463341, 0.07984951), (0.040774815, -0.006321035, 0.07953507), (0.044563513, -0.02502269, 0.091756925), (0.043709837, -0.026222069, 0.09097245), (0.045026496, -0.042208508, 0.098888785), (0.044050794, -0.042016927, 0.0977409), (0.045901485, -0.050512258, 0.099210754), (0.044484273, -0.051377196, 0.098943815), (0.04879212, -0.058186896, 0.099281706), (0.047493897, -0.059122276, 0.09964115), (0.052194063, -0.064478755, 0.09847494), (0.051055647, -0.06525049, 0.09919675), (0.055848997, -0.07079057, 0.09631622), (0.05529138, -0.07156241, 0.096526384), (0.061255153, -0.07659257, 0.0918255), (0.05952824, -0.07640888, 0.0928982), (0.044100232, -0.0515879, 0.100216426), (0.045242224, -0.05734043, 0.09995478), (0.044183526, -0.057695232, 0.10006321), (0.044914145, -0.064077735, 0.09929878), (0.043855228, -0.06353985, 0.09960077), (0.043060165, -0.06638186, 0.10011476), (0.042692136, -0.06611775, 0.10030232), (0.042989362, -0.04242986, 0.099312864), (0.042798106, -0.025384737, 0.091371305), (0.03935005, -0.0057906955, 0.07966677), (0.03313746, 0.00077540026, 0.06356318), (0.0258683, -0.0027673852, 0.031511404), (0.017463917, -0.0062319967, 0.013274413), (0.00507969, -0.0021572618, -0.00016703908), (0.013962317, -0.004501162, 0.004361692), (0.012594282, -0.0058563137, 0.00499819), (0.013336809, -0.006131113, 0.0046473974), (0.043121397, -0.012412951, 0.08721142), (0.041109983, -0.013479021, 0.086749755), (0.042216167, -0.014159157, 0.086583495), (-0.001636406, -0.00043777368, 0.0007300341), (-0.0014792159, 0.0012278993, 0.0007565834), (0.0095814895, 0.011287888, 0.024614189), (0.008397668, 0.012754534, 0.024887867), (0.016539589, 0.023242109, 0.04777811), (0.015486084, 0.024213947, 0.04804232), (0.021725062, 0.031456675, 0.06852652), (0.020642454, 0.032177918, 0.06857747), (0.024537552, 0.038187437, 0.089638606), (0.02608313, 0.05341165, 0.11255212), (0.02368076, 0.039979223, 0.08848025), (0.020851318, 0.033658955, 0.06811659), (0.025496012, 0.05446383, 0.11142882), (0.025888855, 0.0648147, 0.11853749), (0.02564043, 0.08363827, 0.12526046), (0.026436724, 0.06508059, 0.12014309), (0.026515853, 0.08410879, 0.12626559), (0.025650436, 0.11110745, 0.12641111), (0.025315972, 0.110939614, 0.1260104), (0.02183678, 0.13476495, 0.12396735), (0.021065094, 0.13426982, 0.123393685), (0.015397286, 0.15373074, 0.12392379), (0.014663332, 0.15386726, 0.12345658), (0.015715335, 0.025998466, 0.047880583), (0.008443826, 0.015137929, 0.024751121), (0.0001728391, 0.0024029373, 0.00068451714), (0.0047091586, 0.004498277, 0.012980704), (0.0051342724, 0.008244022, 0.012767571), (0.00414148, 0.006165256, 0.012996885), (-0.007878962, 0.040788453, 0.13940655), (-0.010151379, 0.03876637, 0.14058384), (-0.004769614, 0.04054235, 0.1385996), (-0.00040700246, 0.00022459318, -0.0009322207), (-0.0011936855, -0.00032570193, -0.00024234546), (-0.00072854984, -0.0016592456, 0.0037385302), (-0.0014915477, -0.0022240984, 0.004190155), (-0.002973556, -0.0036038037, 0.00884617), (-0.0035303216, -0.004181779, 0.008892859), (-0.0043796743, -0.005585727, 0.011544375), (-0.0057031186, -0.0071819937, 0.013484112), (-0.005082076, -0.006074165, 0.011433), (-0.006520719, -0.0075763785, 0.0131717855), (-0.005657835, -0.0051810252, 0.0115027465), (-0.006939495, -0.006618955, 0.013259132), (-0.003545116, -0.0032892614, 0.008676506), (-0.0015533947, -0.0013412915, 0.0037243904), (-0.0013809826, 0.0006259507, -0.0009174394), (-0.009136826, -0.009312709, 0.014865347), (-0.00861889, -0.010191527, 0.014304512), (-0.011175302, -0.012713269, 0.015098829), (-0.010529499, -0.01342429, 0.014159524), (-0.012116616, -0.016785087, 0.01455155), (-0.011377912, -0.01744827, 0.013534768), (-0.012078667, -0.021638898, 0.014168726), (-0.011244964, -0.02193573, 0.01291228), (-0.011111563, -0.02533213, 0.012912973), (-0.009268575, -0.025402622, 0.0117552215), (-0.010089454, -0.027832296, 0.011965847), (-0.008891803, -0.027793478, 0.011630004), (-0.009890622, -0.03028199, 0.01204068), (-0.0083455555, -0.030867957, 0.011796805), (-0.010544293, -0.032025512, 0.0125579685), (-0.011085888, -0.033866227, 0.0134711), (-0.008180997, -0.033661854, 0.012364476), (-0.00847455, -0.03635719, 0.012723298), (-0.009916044, -0.035118617, 0.012966798), (-0.010095422, -0.039051797, 0.012974451), (-0.008543395, -0.03984282, 0.012322349), (-0.010374674, -0.044975813, 0.009643707), (-0.009684558, -0.045480154, 0.009108994), (-0.013385892, -0.04958448, 0.005670361), (-0.012594517, -0.05064851, 0.004473048), (-0.015302901, -0.052200016, 0.0036077534), (-0.014206763, -0.05245083, 0.0030216847), (-0.01829617, -0.05845295, 0.00009513026), (-0.017217742, -0.058705248, -0.0004094179), (-0.020403134, -0.06326037, -0.00067537813), (-0.02004343, -0.06334883, -0.0008025909), (-0.008694799, -0.025000177, 0.01255852), (-0.0075370083, -0.030861542, 0.013070202), (-0.007007712, -0.030817514, 0.013226776), (-0.010345882, -0.021834146, 0.013239361), (-0.010600813, -0.017356835, 0.013740527), (-0.009841845, -0.013213787, 0.014488109), (-0.007881456, -0.009921251, 0.014784131), (-0.004562345, -0.00056106277, 0.00004984016), (-0.006564246, -0.0006913925, -0.00028597013), (-0.011070459, 0.0030049314, 0.00991423), (-0.019310774, 0.007420094, 0.021615315), (-0.012443146, 0.003255741, 0.008987937), (-0.020731714, 0.0077485265, 0.021258255), (-0.012064929, 0.004844611, 0.008537032), (-0.0058455146, 0.0013554783, -0.0007153934), (-0.02065448, 0.009413076, 0.020814855), (-0.029899934, 0.014227027, 0.036037803), (-0.029838353, 0.012356429, 0.036058407), (-0.034264725, 0.014685838, 0.05292917), (-0.03480517, 0.0124639105, 0.052562308), (-0.042530395, 0.014813239, 0.074263126), (-0.055031396, 0.022082657, 0.088471234), (-0.041083395, 0.012416653, 0.072925314), (-0.032379486, 0.012128981, 0.05209476), (-0.053807028, 0.019833567, 0.087784104), (-0.07204596, 0.034535, 0.09715546), (-0.08275754, 0.041396532, 0.098948576), (-0.072780944, 0.036114983, 0.09691997), (-0.083485246, 0.043177105, 0.09827643), (-0.092126146, 0.048211746, 0.09796227), (-0.10919289, 0.0547352, 0.0971123), (-0.092310935, 0.047144286, 0.098665245), (-0.10928009, 0.054383654, 0.09736371), (-0.028183421, 0.011984331, 0.0360656), (-0.062339194, 0.025844418, 0.09387146), (-0.06336462, 0.027919916, 0.094050854), (-0.10046823, 0.05232572, 0.09708051), (-0.100629695, 0.05162491, 0.097575404), (-0.008230052, 0.0022581988, 0.0043256166), (-0.009928084, 0.0023265975, 0.0036886716), (-0.009381979, 0.004146266, 0.0032471889), (-0.0032496967, 0.004016312, -0.000880917), (-0.0036163463, 0.00492353, -0.0012824624), (-0.010037859, 0.006522078, 0.010177273), (-0.013783289, 0.00690393, 0.03275662), (-0.010444121, 0.007516406, 0.009755439), (-0.014616791, 0.0075217714, 0.03238379), (-0.009120969, 0.00860747, 0.010020349), (-0.0023562654, 0.005771318, -0.00086423696), (-0.013987687, 0.0091166515, 0.03187142), (-0.04562417, 0.0073654433, 0.1236928), (-0.047716707, 0.005825878, 0.12516174), (-0.06940243, 0.0054843067, 0.14474484), (-0.070523575, 0.005074499, 0.14418435), (-0.07024148, 0.0049560345, 0.14473435), (-0.046985168, 0.005731066, 0.12514253), (-0.015159741, 0.005304128, 0.06510369), (-0.015616737, 0.0038959456, 0.0664905), (-0.016075432, 0.0039035468, 0.06622393), (-0.06135078, 0.0040448154, 0.13936837), (-0.06292562, 0.0033587567, 0.13930066), (-0.06223442, 0.0031688416, 0.13960497), (-0.006677533, 0.005009172, 0.0044064377), (-0.006973464, 0.005985009, 0.00401541), (-0.00566611, 0.0068842336, 0.0044777067), (-0.026945833, 0.0053246897, 0.08994577), (-0.02569599, 0.0063168923, 0.08833749), (-0.02758088, 0.005658621, 0.08974516), (-0.013446313, 0.0063371365, 0.047468662), (-0.014377057, 0.0050609782, 0.048075646), (-0.013579267, 0.004531044, 0.04855784), (-0.013147142, 0.007421089, 0.021087166), (-0.013840321, 0.008152819, 0.020674404), (-0.012948562, 0.009652814, 0.020433173), (-0.036943637, 0.00822544, 0.106431015), (-0.03570623, 0.009448979, 0.10466229), (-0.03770358, 0.008451443, 0.1063206), (-0.019995354, 0.0051689576, 0.078651905), (-0.021397462, 0.0043531884, 0.079710245), (-0.020798434, 0.004108234, 0.08006106), (0.0023174603, 0.00047896363, -0.00047193884), (0.003173948, -0.0008632992, -0.0012059573), (0.007774849, -0.005080492, 0.0069610095), (0.01397299, -0.012500616, 0.014963639), (0.007962743, -0.0061521996, 0.0060428623), (0.014575545, -0.013443899, 0.014319838), (0.0067249015, -0.0067975884, 0.006524257), (0.0015237724, -0.001379881, -0.00028173858), (0.0135901915, -0.01454259, 0.0143293375), (0.020443447, -0.023633335, 0.022903591), (0.021123279, -0.02218505, 0.02298274), (0.025951881, -0.027651718, 0.032759573), (0.027117753, -0.026037656, 0.032164194), (0.034144614, -0.031483743, 0.049524665), (0.04056615, -0.04253866, 0.05708724), (0.03404088, -0.029357268, 0.04801627), (0.025285412, -0.024937669, 0.03270044), (0.04042395, -0.0403148, 0.057714887), (0.04624896, -0.05721576, 0.060150135), (0.054218683, -0.063663386, 0.061860513), (0.046887312, -0.058539186, 0.059725244), (0.055082712, -0.06494173, 0.060895283), (0.061311945, -0.06921141, 0.061720405), (0.07015614, -0.07783995, 0.07038806), (0.061227717, -0.06852167, 0.06262151), (0.0701246, -0.07762396, 0.07072398), (0.020116393, -0.021295512, 0.023498926), (0.042822633, -0.048202068, 0.058441427), (0.042881463, -0.05013755, 0.057866327), (0.06604116, -0.07369356, 0.064706475), (0.066005334, -0.07325167, 0.06533382), (0.0044138236, -0.0031612453, 0.003256015), (0.004914101, -0.0043796585, 0.0024443897), (0.0034639498, -0.00494722, 0.003167489), (0.0002782784, 0.0016302451, -0.0007131253), (0.00082768896, 0.00046857586, -0.00045224553), (0.0025903026, 0.0011708834, 0.0026102439), (0.0028523162, 0.0000791808, 0.002788553), (0.00328439, -0.00068733265, 0.006781443), (0.0033959337, -0.0015948454, 0.0067372997), (0.0044783857, -0.002012805, 0.00981529), (0.005294482, -0.0031721124, 0.012761563), (0.004558941, -0.003034337, 0.009669161), (0.005291482, -0.0042633647, 0.01252768), (0.0039489926, -0.003559097, 0.009882898), (0.0046690395, -0.0046660053, 0.01257724), (0.0028903615, -0.0016669441, 0.0066287825), (0.00235546, -0.00004353794, 0.002597277), (-0.00014013497, 0.00031170648, -0.0007319956), (0.0064374986, -0.006162218, 0.017131122), (0.006942118, -0.0056353263, 0.0169303), (0.008957491, -0.0071186046, 0.020052914), (0.009193099, -0.0064880555, 0.019679435), (0.012761646, -0.006856299, 0.022631638), (0.012665888, -0.006409282, 0.021853399), (0.017344164, -0.004333701, 0.025915898), (0.016865129, -0.0044232053, 0.024628432), (0.020412926, -0.0019148375, 0.02738976), (0.020083116, -0.001316751, 0.025959665), (0.022538133, -0.00037977917, 0.028122306), (0.022519017, 0.00012870894, 0.02735159), (0.024744103, -0.00022696964, 0.029471878), (0.025452316, 0.00040250376, 0.028729526), (0.026162889, -0.0006870832, 0.031601854), (0.027466213, -0.0011264211, 0.034015156), (0.02760483, 0.00031765207, 0.031556476), (0.029324066, 0.000039998282, 0.035000343), (0.02829965, -0.00074513926, 0.034715623), (0.031543747, -0.0011251089, 0.038179945), (0.032413077, -0.00013440002, 0.037591185), (0.038102485, -0.0020741855, 0.038438503), (0.038639434, -0.0016847452, 0.03809216), (0.04241013, -0.005299859, 0.03727453), (0.043539725, -0.005117416, 0.036561936), (0.044616222, -0.007622362, 0.036495164), (0.045092285, -0.0070273243, 0.03606712), (0.048554186, -0.011882677, 0.037595596), (0.04912898, -0.01139941, 0.037241187), (0.0512031, -0.01609111, 0.0406771), (0.051413387, -0.01597247, 0.04058326), (0.020257777, -0.00074293924, 0.025434906), (0.022961652, -0.002071049, 0.023629846), (0.023207303, -0.001466693, 0.023124883), (0.017285842, -0.0028238408, 0.025040476), (0.013019979, -0.0050599365, 0.022479385), (0.009316644, -0.005443875, 0.020163272), (0.0070011523, -0.0045981575, 0.017368019), (0.004568817, -0.0010945061, -0.0011489703), (0.0038177297, -0.0024825546, -0.00027926962), (0.0056933514, -0.0061670393, 0.005179843), (0.0048668673, -0.0072219116, 0.005773837), (0.0038898801, -0.010556946, 0.012126958), (0.003269751, -0.011274679, 0.012126362), (0.003082914, -0.01325841, 0.015945526), (0.002501433, -0.015473211, 0.019153792), (0.0022349674, -0.013861741, 0.015804257), (0.00146269, -0.016007867, 0.01891024), (0.0012897336, -0.013082693, 0.016313445), (0.000652121, -0.015092318, 0.019265745), (0.0030296082, -0.010336709, 0.012130619), (0.004524881, -0.0060766665, 0.0054764673), (0.0031602425, -0.00093643146, -0.00083477155), (0.00050218217, -0.020066569, 0.024163665), (0.0013848434, -0.020821149, 0.023495661), (0.0016535707, -0.027746107, 0.028174395), (0.0024957953, -0.027997695, 0.027094154), (0.004042359, -0.036370616, 0.030514466), (0.004951758, -0.036245834, 0.029098082), (0.0075348034, -0.046021663, 0.028411109), (0.008372673, -0.045187224, 0.027008953), (0.009796243, -0.052765206, 0.022671781), (0.012192782, -0.051731408, 0.022057861), (0.010655777, -0.05723326, 0.016613185), (0.012249853, -0.056638494, 0.016866108), (0.010207813, -0.06202697, 0.011506809), (0.012077642, -0.06251034, 0.010414449), (0.00896254, -0.06589866, 0.008759822), (0.008314766, -0.06973282, 0.00736527), (0.011805058, -0.06798725, 0.0061003743), (0.011696406, -0.0733327, 0.0033494919), (0.009710653, -0.07165233, 0.004950353), (0.010957889, -0.078470975, 0.0025947823), (0.013146537, -0.07911866, 0.001363117), (0.014547829, -0.0860882, 0.002165145), (0.015634635, -0.086428694, 0.001815519), (0.013901896, -0.09238326, 0.005499453), (0.015367613, -0.093358606, 0.0049762283), (0.012656784, -0.09639943, 0.0077899303), (0.01413355, -0.09625493, 0.006736399), (0.0094720125, -0.10536249, 0.008965756), (0.010990187, -0.105210885, 0.00811033), (0.00567754, -0.11116947, 0.007645117), (0.0062068943, -0.11114106, 0.007411286), (0.013061142, -0.05088027, 0.02397324), (0.015126815, -0.054446474, 0.030250708), (0.015793478, -0.054202314, 0.0302139), (0.009793521, -0.04524238, 0.027919315), (0.0062490674, -0.03627922, 0.029714173), (0.0035617747, -0.027747741, 0.027628444), (0.002441582, -0.02047512, 0.023946417), (0.0020956043, 0.0054997136, -0.002348876), (0.0025202516, 0.005993741, -0.0029612742), (0.003744095, 0.013322945, 0.0050724726), (0.007369655, 0.019998875, 0.022613889), (0.004211395, 0.013870175, 0.004415737), (0.007423292, 0.020759497, 0.022062397), (0.0055435356, 0.013285071, 0.0044286973), (0.0036872767, 0.005402896, -0.0027616972), (0.008689179, 0.020717356, 0.021251738), (0.018802183, 0.0699258, 0.07067717), (0.017500836, 0.07193176, 0.070912726), (0.013571392, 0.09580685, 0.06587118), (0.012567675, 0.09612131, 0.06550159), (0.012868757, 0.096247084, 0.06592663), (0.017797388, 0.071402326, 0.071471885), (0.0121844355, 0.025048176, 0.050294194), (0.011354426, 0.025213638, 0.05177816), (0.011149036, 0.02550724, 0.051427267), (0.014998526, 0.08810949, 0.068600625), (0.013805108, 0.088958435, 0.068274766), (0.014191405, 0.08868931, 0.06894329), (0.0026775196, 0.009325032, 0.001235159), (0.0031799485, 0.0097904755, 0.0006176091), (0.0044111083, 0.009189146, 0.00084129255), (0.013973761, 0.04039631, 0.06479841), (0.014642414, 0.03918684, 0.06360521), (0.013870266, 0.040879857, 0.06431006), (0.010021955, 0.021724435, 0.034655157), (0.008875245, 0.022079421, 0.035442587), (0.008886851, 0.021375643, 0.036073487), (0.005538248, 0.017777037, 0.013210894), (0.005713628, 0.018456623, 0.012610497), (0.007068255, 0.018236125, 0.012065506), (0.017026264, 0.05525491, 0.06831999), (0.017693115, 0.05380747, 0.06732818), (0.016784552, 0.055793073, 0.06776114), (0.013597554, 0.03178388, 0.058261145), (0.012708042, 0.032834083, 0.059281692), (0.012872516, 0.03242735, 0.05977266), (-0.000056015535, 0.003261557, -0.00084918353), (0.00014943264, 0.0045001786, -0.0015939202), (0.005763182, 0.008415812, 0.0034862238), (0.012389521, 0.014222964, 0.008848043), (0.005959111, 0.009027705, 0.0024630139), (0.012757512, 0.014934599, 0.0081968345), (0.0068208864, 0.008266761, 0.002027564), (0.0012474826, 0.0033981693, -0.0019869441), (0.013721597, 0.014341108, 0.0076777968), (0.021592334, 0.021132143, 0.014870532), (0.020374103, 0.021622831, 0.015179773), (0.02657735, 0.026825149, 0.024711022), (0.02513658, 0.027696671, 0.02465983), (0.033634078, 0.03680533, 0.036284298), (0.044441685, 0.04613502, 0.04096615), (0.031440713, 0.03620877, 0.0361776), (0.024361849, 0.026166566, 0.025063071), (0.04255542, 0.04579108, 0.041197635), (0.058078445, 0.055709213, 0.04004833), (0.065071486, 0.061153293, 0.03723938), (0.059194308, 0.055705965, 0.03945471), (0.06620487, 0.060991902, 0.036334377), (0.0710622, 0.06511247, 0.033004045), (0.07834954, 0.07410665, 0.026797859), (0.070577525, 0.06567548, 0.033571247), (0.07820005, 0.074313514, 0.026990315), (0.019848915, 0.020714499, 0.015683752), (0.049688123, 0.05105174, 0.04189516), (0.051291566, 0.051197965, 0.041415535), (0.07511159, 0.069156036, 0.029527752), (0.07480959, 0.06955901, 0.029910756), (0.0035195693, 0.005761931, 0.0005558334), (0.003715187, 0.0066786264, -0.0003265297), (0.004693917, 0.005745161, -0.000740394), (0.0014650164, -0.00445676, -0.00055762), (0.00213722, -0.003557749, -0.00038950425), (0.0023960457, -0.00044690105, 0.002942665), (0.003014898, 0.00036219045, 0.0030320075), (0.0052224677, 0.004254006, 0.007060869), (0.0055884435, 0.004828284, 0.006943558), (0.0068972167, 0.007489027, 0.010065594), (0.008482202, 0.010005647, 0.012887474), (0.007373997, 0.007923823, 0.009811324), (0.009051273, 0.010331909, 0.01250951), (0.008108547, 0.007353811, 0.009976375), (0.009621045, 0.009641901, 0.012536331), (0.005746243, 0.0040099584, 0.006852764), (0.0031811085, -0.00056769524, 0.0028440948), (0.0023958317, -0.0046136454, -0.0006863751), (0.011852513, 0.0135467, 0.016654115), (0.011172268, 0.014055113, 0.016457079), (0.013367836, 0.017815365, 0.018625533), (0.012597924, 0.017965147, 0.018256888), (0.013922587, 0.023928974, 0.01903319), (0.013267069, 0.0236438, 0.018277036), (0.0129891075, 0.03168934, 0.01854626), (0.012717431, 0.03073652, 0.017376969), (0.011708789, 0.037068237, 0.016885776), (0.010654785, 0.03612656, 0.015567133), (0.010767832, 0.040387105, 0.015400067), (0.009920539, 0.04000152, 0.014766855), (0.010890405, 0.0437747, 0.01412934), (0.009890323, 0.044141963, 0.013034153), (0.011921178, 0.046302125, 0.013585469), (0.013182794, 0.04862598, 0.0127695855), (0.0107779605, 0.04749506, 0.011469017), (0.012467594, 0.050109427, 0.009559173), (0.01294569, 0.049505215, 0.011300357), (0.01528061, 0.05192436, 0.007544953), (0.0143910665, 0.05169361, 0.0059484397), (0.018363927, 0.051156964, 0.0014286059), (0.01801837, 0.050915785, 0.0006247114), (0.022322569, 0.04804439, -0.000796681), (0.022230653, 0.047283575, -0.00210246), (0.02490671, 0.045941446, -0.0014632728), (0.024342848, 0.045743406, -0.0024054935), (0.030623585, 0.044754848, -0.0025777437), (0.030242978, 0.044589866, -0.0035798934), (0.03684893, 0.04596688, -0.0027676264), (0.03677987, 0.045917973, -0.0030958613), (0.010185988, 0.035702966, 0.015575538), (0.009825281, 0.03816329, 0.014167502), (0.0094720125, 0.03799775, 0.013869905), (0.011766949, 0.031228242, 0.01751238), (0.012570111, 0.023933128, 0.018707521), (0.012136184, 0.017893849, 0.018833185), (0.010690484, 0.013883777, 0.017028645), (0.0027412977, 0.00023717449, 0.003988413), (0.0022066878, 0.00021499277, 0.004351272), (0.0037002307, 0.0061400346, 0.007908764), (0.0037326382, 0.005812788, 0.0088463705), (0.0031738507, 0.014017509, 0.01289792), (0.0038873141, 0.0135672055, 0.013635575), (0.0026768066, 0.026969926, 0.024249995), (0.0037944075, 0.026752168, 0.024544513), (0.004762802, 0.041834265, 0.03448121), (0.005933417, 0.041457903, 0.03488976), (0.008184378, 0.052581724, 0.0424295), (0.009115505, 0.052263074, 0.042830247), (0.010317828, 0.059354432, 0.049346104), (0.011102152, 0.058089733, 0.049434472), (0.012154691, 0.06652187, 0.05320039), (0.012453286, 0.0607972, 0.05385561), (0.013428309, 0.073214434, 0.055359237), (0.014588706, 0.07216558, 0.057298236), (0.021242755, 0.09539396, 0.047221724), (0.02186302, 0.09384867, 0.049707018), (-0.005487179, 0.11411142, 0.03323984), (-0.005298087, 0.11456076, 0.03352576), (-0.009515613, 0.116678126, 0.030148257), (-0.008524707, 0.11669591, 0.030989677), (0.012186361, 0.06020452, 0.054469824), (0.012914793, 0.062313233, 0.05714345), (0.013415712, 0.061934162, 0.057390563), (0.014517566, 0.06386649, 0.060326178), (0.014785043, 0.06321974, 0.06019121), (0.0154433595, 0.063273266, 0.06186575), (0.015484314, 0.06298547, 0.061819434), (0.011045411, 0.05720983, 0.05035285), (0.009445437, 0.05105885, 0.043416195), (0.0063113226, 0.040156692, 0.03579024), (0.004001333, 0.025717543, 0.02543215), (0.0033022105, 0.012781939, 0.014490922), (0.0026123936, 0.005721119, 0.009145465), (0.0015155554, 0.00018846284, 0.0048046913), (0.013633162, 0.06457322, 0.053766493), (0.002690642, 0.11072078, 0.039432473), (0.0033549787, 0.11110982, 0.040478673), (0.014078818, 0.1049144, 0.04447331), (0.01528315, 0.10453478, 0.04603939), (0.017521085, 0.084031776, 0.054730125), (0.018069997, 0.08281971, 0.05705018), (-0.017660163, 0.0049531767, 0.072326556), (-0.018749291, 0.0036803042, 0.07365692), (-0.018204676, 0.0034891285, 0.07404387), (-0.0006083357, -0.00012868774, -0.0018320609), (-0.0014430175, -0.0011863629, -0.0017315984), (-0.00013428336, -0.0027365524, 0.0006840182), (-0.0010325036, -0.003516658, 0.00067153084), (-0.0016848196, -0.0046983673, 0.00350223), (-0.0024731292, -0.005238466, 0.0033304465), (-0.00251295, -0.0067788735, 0.0054229214), (-0.003495199, -0.008477994, 0.00685384), (-0.003423489, -0.007333332, 0.005135693), (-0.0045149876, -0.008978668, 0.0064673736), (-0.004162355, -0.007016917, 0.005327669), (-0.0051221433, -0.008563261, 0.0066260933), (-0.0027425694, -0.0047735893, 0.003319333), (-0.0013485751, -0.0030960739, 0.00054063083), (-0.0019832328, -0.00032819033, -0.0018842848), (-0.0064565, -0.011549271, 0.008100312), (-0.005815362, -0.011824174, 0.007704398), (-0.0071906997, -0.014965409, 0.007632604), (-0.006595228, -0.01502412, 0.0068941205), (-0.0069766524, -0.020059532, 0.0047564334), (-0.0065746014, -0.019843677, 0.004089297), (-0.0046837577, -0.02612379, 0.0029524567), (-0.0048149233, -0.025734682, 0.0019958564), (-0.002279909, -0.030161291, 0.0024030332), (-0.0017878483, -0.02980593, 0.0011083998), (-0.0005679511, -0.032725427, 0.002528872), (-0.000025753012, -0.032536194, 0.0019199993), (0.00043655722, -0.034742467, 0.0042287703), (0.001374987, -0.035180554, 0.0039399285), (0.0004373154, -0.035600975, 0.0063965), (0.00018117913, -0.03611938, 0.008690892), (0.001816878, -0.036685605, 0.0066350424), (0.0013771773, -0.037667964, 0.009331654), (0.0007129247, -0.036878236, 0.009126069), (-0.00020484622, -0.038435686, 0.0119341845), (0.0005689606, -0.039301686, 0.011394307), (-0.0020634446, -0.04258051, 0.013569812), (-0.0017261633, -0.043176442, 0.013467886), (-0.005192343, -0.045628626, 0.015251463), (-0.005001365, -0.04679597, 0.015497685), (-0.007289698, -0.047142234, 0.016505096), (-0.0067238533, -0.0477856, 0.016539467), (-0.0114734555, -0.048225697, 0.020838754), (-0.011013951, -0.04884777, 0.021151748), (-0.016122853, -0.047428347, 0.024667397), (-0.016012503, -0.047609843, 0.02482836), (-0.0009518574, -0.029071191, 0.0013021966), (-0.00042026094, -0.030815156, 0.002167614), (0.00035786818, -0.030533448, 0.0020159709), (-0.0033880943, -0.025788091, 0.0017722183), (-0.005424814, -0.019836612, 0.0039091865), (-0.005626406, -0.014690532, 0.0073405933), (-0.0048397686, -0.011423724, 0.008220468), (0.002111403, 0.0005353154, -0.00026588154), (0.0028657562, 0.00044909964, -0.0009287797), (0.010032705, 0.0063799834, 0.0076866746), (0.034434296, 0.010330253, 0.010846283), (0.010896192, 0.006251452, 0.0069538485), (0.03504492, 0.010375434, 0.010234066), (0.011314631, 0.004842045, 0.007249605), (0.0031734619, -0.0008197555, -0.000406774), (0.03555046, 0.009228004, 0.009698575), (0.052759588, -0.041716337, 0.0010377269), (0.0532377, -0.0413475, 0.0017766831), (0.05677433, -0.05123804, 0.0075495406), (0.057749696, -0.050670803, 0.0079070665), (0.057296824, -0.05088885, 0.008231931), (0.052736726, -0.041361574, 0.0023928916), (0.055239644, -0.013334358, 0.008385764), (0.055820737, -0.012676929, 0.008956553), (0.055532645, -0.013256686, 0.0079395), (0.053756684, -0.04775066, 0.004490246), (0.0545116, -0.047238335, 0.005041264), (0.054152377, -0.04731812, 0.005519865), (0.005265704, 0.003378126, 0.00417954), (0.006050514, 0.0032104412, 0.003528708), (0.006391638, 0.0018899553, 0.0040949024), (0.053800426, -0.030556984, 0.0008358816), (0.053705946, -0.030788392, -0.00058790843), (0.054299705, -0.030521486, -0.0003932887), (0.048121776, 0.00022409421, 0.007624828), (0.048411753, 0.0011027928, 0.007827023), (0.048131555, 0.0013335784, 0.008931028), (0.02040036, 0.010919504, 0.010858219), (0.021183686, 0.011049484, 0.010324601), (0.021923317, 0.009809758, 0.00990922), (0.053026717, -0.004879865, 0.008599378), (0.052620888, -0.0058554583, 0.0076641883), (0.053136922, -0.0051378543, 0.007562851)]
            texCoord2f[] primvars:UVMap = [(0.4677156, 0.23755102), (0.46445534, 0.28164974), (0.46148804, 0.28217906), (0.46442905, 0.23890968), (0.46445534, 0.28164974), (0.4732658, 0.3350017), (0.47126657, 0.33618864), (0.46148804, 0.28217906), (0.4732658, 0.3350017), (0.47876713, 0.37285072), (0.47528088, 0.37376726), (0.47126657, 0.33618864), (0.47876713, 0.37285072), (0.48350674, 0.40545893), (0.47873935, 0.40614283), (0.47528088, 0.37376726), (0.48478156, 0.3747419), (0.48848116, 0.40421724), (0.48350674, 0.40545893), (0.47876713, 0.37285072), (0.4758705, 0.33465344), (0.48478156, 0.3747419), (0.47876713, 0.37285072), (0.4732658, 0.3350017), (0.46777532, 0.28241432), (0.4758705, 0.33465344), (0.4732658, 0.3350017), (0.46445534, 0.28164974), (0.47191802, 0.23904721), (0.46777532, 0.28241432), (0.46445534, 0.28164974), (0.4677156, 0.23755102), (0.48848116, 0.40421724), (0.49365327, 0.45667124), (0.48854765, 0.45794582), (0.48350674, 0.40545893), (0.49365327, 0.45667124), (0.4971877, 0.5121441), (0.49192557, 0.5120955), (0.48854765, 0.45794582), (0.4971877, 0.5121441), (0.49492732, 0.56534255), (0.48888758, 0.5652869), (0.49192557, 0.5120955), (0.49492732, 0.56534255), (0.48574302, 0.6188381), (0.47916612, 0.6174343), (0.48888758, 0.5652869), (0.48574302, 0.6188381), (0.47809032, 0.65528965), (0.46245086, 0.65368414), (0.47916612, 0.6174343), (0.47809032, 0.65528965), (0.47590724, 0.6795522), (0.46624494, 0.6785603), (0.46245086, 0.65368414), (0.47590724, 0.6795522), (0.48418435, 0.7031869), (0.47407907, 0.7088977), (0.46624494, 0.6785603), (0.48418435, 0.7031869), (0.4990871, 0.719298), (0.48777342, 0.73467547), (0.47407907, 0.7088977), (0.4990871, 0.719298), (0.51398975, 0.7354091), (0.5119581, 0.74632), (0.48777342, 0.73467547), (0.48777342, 0.73467547), (0.5119581, 0.74632), (0.50670403, 0.7580367), (0.5119581, 0.74632), (0.5352804, 0.7783652), (0.5252708, 0.7864082), (0.50670403, 0.7580367), (0.5352804, 0.7783652), (0.55291915, 0.82129556), (0.5475069, 0.8256445), (0.5252708, 0.7864082), (0.55291915, 0.82129556), (0.57665855, 0.8491413), (0.5700871, 0.85740983), (0.5475069, 0.8256445), (0.57665855, 0.8491413), (0.5889784, 0.8655754), (0.5807253, 0.8683649), (0.5700871, 0.85740983), (0.5889784, 0.8655754), (0.6030757, 0.908874), (0.5948226, 0.9116631), (0.5807253, 0.8683649), (0.6030757, 0.908874), (0.6141522, 0.94311005), (0.605899, 0.94589925), (0.5948226, 0.9116631), (0.46245086, 0.65368414), (0.45399252, 0.66898984), (0.45019647, 0.66805476), (0.4592588, 0.6479159), (0.47916612, 0.6174343), (0.46245086, 0.65368414), (0.4592588, 0.6479159), (0.47315475, 0.61549217), (0.48888758, 0.5652869), (0.47916612, 0.6174343), (0.47315475, 0.61549217), (0.48324883, 0.564656), (0.49192557, 0.5120955), (0.48888758, 0.5652869), (0.48324883, 0.564656), (0.48701307, 0.511546), (0.48854765, 0.45794582), (0.49192557, 0.5120955), (0.48701307, 0.511546), (0.4836546, 0.4586477), (0.48350674, 0.40545893), (0.48854765, 0.45794582), (0.4836546, 0.4586477), (0.47873935, 0.40614283), (0.6095365, 0.21216711), (0.61328566, 0.22670785), (0.60755014, 0.22863415), (0.6050256, 0.21311897), (0.61328566, 0.22670785), (0.62050426, 0.2602647), (0.6145571, 0.2602239), (0.60755014, 0.22863415), (0.6143797, 0.212062), (0.61876965, 0.22646874), (0.61328566, 0.22670785), (0.6095365, 0.21216711), (0.61876965, 0.22646874), (0.628109, 0.26031694), (0.62050426, 0.2602647), (0.61328566, 0.22670785), (0.628109, 0.26031694), (0.63382673, 0.30046356), (0.62642306, 0.29872608), (0.62050426, 0.2602647), (0.63382673, 0.30046356), (0.6233654, 0.336461), (0.6189522, 0.334815), (0.62642306, 0.29872608), (0.6233654, 0.336461), (0.5958238, 0.38355142), (0.6189522, 0.334815), (0.5958238, 0.38355142), (0.5795241, 0.42262086), (0.57333547, 0.4203972), (0.58766025, 0.3806181), (0.6189522, 0.334815), (0.5958238, 0.38355142), (0.58766025, 0.3806181), (0.61453056, 0.33285636), (0.57235503, 0.4482222), (0.5669271, 0.46707702), (0.56299037, 0.4656625), (0.56729233, 0.44640315), (0.5669271, 0.46707702), (0.55890536, 0.49357226), (0.5544291, 0.49196374), (0.56299037, 0.4656625), (0.55890536, 0.49357226), (0.5552678, 0.51434946), (0.55113584, 0.5147026), (0.5544291, 0.49196374), (0.55670077, 0.5337332), (0.5572633, 0.55213755), (0.5531315, 0.5524907), (0.5525689, 0.5340863), (0.62642306, 0.29872608), (0.6189522, 0.334815), (0.61453056, 0.33285636), (0.6206329, 0.2973675), (0.62050426, 0.2602647), (0.62642306, 0.29872608), (0.6206329, 0.2973675), (0.6145571, 0.2602239), (0.5795241, 0.42262086), (0.57235503, 0.4482222), (0.56729233, 0.44640315), (0.57333547, 0.4203972), (0.5552678, 0.51434946), (0.55670077, 0.5337332), (0.5525689, 0.5340863), (0.55113584, 0.5147026), (0.6099897, 0.19765526), (0.6143797, 0.212062), (0.6095365, 0.21216711), (0.60578734, 0.19762644), (0.60578734, 0.19762644), (0.6095365, 0.21216711), (0.6050256, 0.21311897), (0.6025011, 0.19760379), (0.80677027, 0.41885626), (0.8084387, 0.45579755), (0.7959493, 0.45692196), (0.7946544, 0.41994703), (0.81188464, 0.4938052), (0.81533056, 0.53181285), (0.8020937, 0.53300464), (0.7990215, 0.49496332), (0.82350713, 0.4174616), (0.8268975, 0.45435983), (0.8084387, 0.45579755), (0.80677027, 0.41885626), (0.829577, 0.49232453), (0.8322565, 0.53028923), (0.81533056, 0.53181285), (0.81188464, 0.4938052), (0.84404725, 0.65894973), (0.8457317, 0.67732984), (0.8337596, 0.67840755), (0.831456, 0.6600832), (0.8482839, 0.7081866), (0.8508361, 0.73904335), (0.8439025, 0.73966753), (0.83883107, 0.70903754), (0.83883107, 0.70903754), (0.8439025, 0.73966753), (0.83848023, 0.74015564), (0.83143866, 0.7097031), (0.831456, 0.6600832), (0.8337596, 0.67840755), (0.8243971, 0.6792505), (0.8216092, 0.66096973), (0.8199378, 0.56846154), (0.8245451, 0.60511017), (0.81324536, 0.60612756), (0.8076695, 0.56956613), (0.8356253, 0.5670494), (0.8389941, 0.60380954), (0.8245451, 0.60511017), (0.8199378, 0.56846154), (0.8337596, 0.67840755), (0.83883107, 0.70903754), (0.83143866, 0.7097031), (0.8243971, 0.6792505), (0.8457317, 0.67732984), (0.8482839, 0.7081866), (0.83883107, 0.70903754), (0.8337596, 0.67840755), (0.8201168, 0.38056338), (0.82350713, 0.4174616), (0.80677027, 0.41885626), (0.8051018, 0.38191497), (0.8051018, 0.38191497), (0.80677027, 0.41885626), (0.7946544, 0.41994703), (0.7933595, 0.38297212), (0.8268487, 0.62343454), (0.82915235, 0.64175886), (0.81882125, 0.642689), (0.8160333, 0.62440825), (0.8406785, 0.62218964), (0.8423629, 0.6405697), (0.82915235, 0.64175886), (0.8268487, 0.62343454), (0.8322565, 0.53028923), (0.8356253, 0.5670494), (0.8199378, 0.56846154), (0.81533056, 0.53181285), (0.81533056, 0.53181285), (0.8199378, 0.56846154), (0.8076695, 0.56956613), (0.8020937, 0.53300464), (0.8268975, 0.45435983), (0.829577, 0.49232453), (0.81188464, 0.4938052), (0.8084387, 0.45579755), (0.8084387, 0.45579755), (0.81188464, 0.4938052), (0.7990215, 0.49496332), (0.7959493, 0.45692196), (0.82915235, 0.64175886), (0.831456, 0.6600832), (0.8216092, 0.66096973), (0.81882125, 0.642689), (0.8423629, 0.6405697), (0.84404725, 0.65894973), (0.831456, 0.6600832), (0.82915235, 0.64175886), (0.8398363, 0.61299956), (0.8406785, 0.62218964), (0.8268487, 0.62343454), (0.8256969, 0.61427236), (0.8256969, 0.61427236), (0.8268487, 0.62343454), (0.8160333, 0.62440825), (0.81463933, 0.6152679), (0.6095365, 0.21216711), (0.61328566, 0.22670785), (0.60755014, 0.22863415), (0.6050256, 0.21311897), (0.61328566, 0.22670785), (0.62050426, 0.2602647), (0.6145571, 0.2602239), (0.60755014, 0.22863415), (0.6143797, 0.212062), (0.61876965, 0.22646874), (0.61328566, 0.22670785), (0.6095365, 0.21216711), (0.61876965, 0.22646874), (0.628109, 0.26031694), (0.62050426, 0.2602647), (0.61328566, 0.22670785), (0.628109, 0.26031694), (0.63382673, 0.30046356), (0.62642306, 0.29872608), (0.62050426, 0.2602647), (0.63382673, 0.30046356), (0.6233654, 0.336461), (0.6189522, 0.334815), (0.62642306, 0.29872608), (0.6233654, 0.336461), (0.5958238, 0.38355142), (0.6189522, 0.334815), (0.5958238, 0.38355142), (0.5795241, 0.42262086), (0.57333547, 0.4203972), (0.58766025, 0.3806181), (0.6189522, 0.334815), (0.5958238, 0.38355142), (0.58766025, 0.3806181), (0.61453056, 0.33285636), (0.57235503, 0.4482222), (0.5669271, 0.46707702), (0.56299037, 0.4656625), (0.56729233, 0.44640315), (0.5669271, 0.46707702), (0.55890536, 0.49357226), (0.5544291, 0.49196374), (0.56299037, 0.4656625), (0.55890536, 0.49357226), (0.5552678, 0.51434946), (0.55113584, 0.5147026), (0.5544291, 0.49196374), (0.55670077, 0.5337332), (0.5572633, 0.55213755), (0.5531315, 0.5524907), (0.5525689, 0.5340863), (0.62642306, 0.29872608), (0.6189522, 0.334815), (0.61453056, 0.33285636), (0.6206329, 0.2973675), (0.62050426, 0.2602647), (0.62642306, 0.29872608), (0.6206329, 0.2973675), (0.6145571, 0.2602239), (0.5795241, 0.42262086), (0.57235503, 0.4482222), (0.56729233, 0.44640315), (0.57333547, 0.4203972), (0.5552678, 0.51434946), (0.55670077, 0.5337332), (0.5525689, 0.5340863), (0.55113584, 0.5147026), (0.6099897, 0.19765526), (0.6143797, 0.212062), (0.6095365, 0.21216711), (0.60578734, 0.19762644), (0.60578734, 0.19762644), (0.6095365, 0.21216711), (0.6050256, 0.21311897), (0.6025011, 0.19760379), (0.4677156, 0.23755102), (0.46445534, 0.28164974), (0.46148804, 0.28217906), (0.46442905, 0.23890968), (0.46445534, 0.28164974), (0.4732658, 0.3350017), (0.47126657, 0.33618864), (0.46148804, 0.28217906), (0.4732658, 0.3350017), (0.47876713, 0.37285072), (0.47528088, 0.37376726), (0.47126657, 0.33618864), (0.47876713, 0.37285072), (0.48350674, 0.40545893), (0.47873935, 0.40614283), (0.47528088, 0.37376726), (0.48478156, 0.3747419), (0.48848116, 0.40421724), (0.48350674, 0.40545893), (0.47876713, 0.37285072), (0.4758705, 0.33465344), (0.48478156, 0.3747419), (0.47876713, 0.37285072), (0.4732658, 0.3350017), (0.46777532, 0.28241432), (0.4758705, 0.33465344), (0.4732658, 0.3350017), (0.46445534, 0.28164974), (0.47191802, 0.23904721), (0.46777532, 0.28241432), (0.46445534, 0.28164974), (0.4677156, 0.23755102), (0.48848116, 0.40421724), (0.49365327, 0.45667124), (0.48854765, 0.45794582), (0.48350674, 0.40545893), (0.49365327, 0.45667124), (0.4971877, 0.5121441), (0.49192557, 0.5120955), (0.48854765, 0.45794582), (0.4971877, 0.5121441), (0.49492732, 0.56534255), (0.48888758, 0.5652869), (0.49192557, 0.5120955), (0.49492732, 0.56534255), (0.48574302, 0.6188381), (0.47916612, 0.6174343), (0.48888758, 0.5652869), (0.48574302, 0.6188381), (0.47809032, 0.65528965), (0.46245086, 0.65368414), (0.47916612, 0.6174343), (0.47809032, 0.65528965), (0.47590724, 0.6795522), (0.46624494, 0.6785603), (0.46245086, 0.65368414), (0.47590724, 0.6795522), (0.48418435, 0.7031869), (0.47407907, 0.7088977), (0.46624494, 0.6785603), (0.48418435, 0.7031869), (0.4990871, 0.719298), (0.48777342, 0.73467547), (0.47407907, 0.7088977), (0.4990871, 0.719298), (0.51398975, 0.7354091), (0.5119581, 0.74632), (0.48777342, 0.73467547), (0.48777342, 0.73467547), (0.5119581, 0.74632), (0.50670403, 0.7580367), (0.5119581, 0.74632), (0.5352804, 0.7783652), (0.5252708, 0.7864082), (0.50670403, 0.7580367), (0.5352804, 0.7783652), (0.55291915, 0.82129556), (0.5475069, 0.8256445), (0.5252708, 0.7864082), (0.55291915, 0.82129556), (0.57665855, 0.8491413), (0.5700871, 0.85740983), (0.5475069, 0.8256445), (0.57665855, 0.8491413), (0.5889784, 0.8655754), (0.5807253, 0.8683649), (0.5700871, 0.85740983), (0.5889784, 0.8655754), (0.6030757, 0.908874), (0.5948226, 0.9116631), (0.5807253, 0.8683649), (0.6030757, 0.908874), (0.6141522, 0.94311005), (0.605899, 0.94589925), (0.5948226, 0.9116631), (0.46245086, 0.65368414), (0.45399252, 0.66898984), (0.45019647, 0.66805476), (0.4592588, 0.6479159), (0.47916612, 0.6174343), (0.46245086, 0.65368414), (0.4592588, 0.6479159), (0.47315475, 0.61549217), (0.48888758, 0.5652869), (0.47916612, 0.6174343), (0.47315475, 0.61549217), (0.48324883, 0.564656), (0.49192557, 0.5120955), (0.48888758, 0.5652869), (0.48324883, 0.564656), (0.48701307, 0.511546), (0.48854765, 0.45794582), (0.49192557, 0.5120955), (0.48701307, 0.511546), (0.4836546, 0.4586477), (0.48350674, 0.40545893), (0.48854765, 0.45794582), (0.4836546, 0.4586477), (0.47873935, 0.40614283), (0.4677156, 0.23755102), (0.46445534, 0.28164974), (0.46148804, 0.28217906), (0.46442905, 0.23890968), (0.46445534, 0.28164974), (0.4732658, 0.3350017), (0.47126657, 0.33618864), (0.46148804, 0.28217906), (0.4732658, 0.3350017), (0.47876713, 0.37285072), (0.47528088, 0.37376726), (0.47126657, 0.33618864), (0.47876713, 0.37285072), (0.48350674, 0.40545893), (0.47873935, 0.40614283), (0.47528088, 0.37376726), (0.48478156, 0.3747419), (0.48848116, 0.40421724), (0.48350674, 0.40545893), (0.47876713, 0.37285072), (0.4758705, 0.33465344), (0.48478156, 0.3747419), (0.47876713, 0.37285072), (0.4732658, 0.3350017), (0.46777532, 0.28241432), (0.4758705, 0.33465344), (0.4732658, 0.3350017), (0.46445534, 0.28164974), (0.47191802, 0.23904721), (0.46777532, 0.28241432), (0.46445534, 0.28164974), (0.4677156, 0.23755102), (0.48848116, 0.40421724), (0.49365327, 0.45667124), (0.48854765, 0.45794582), (0.48350674, 0.40545893), (0.49365327, 0.45667124), (0.4971877, 0.5121441), (0.49192557, 0.5120955), (0.48854765, 0.45794582), (0.4971877, 0.5121441), (0.49492732, 0.56534255), (0.48888758, 0.5652869), (0.49192557, 0.5120955), (0.49492732, 0.56534255), (0.48574302, 0.6188381), (0.47916612, 0.6174343), (0.48888758, 0.5652869), (0.48574302, 0.6188381), (0.47809032, 0.65528965), (0.46245086, 0.65368414), (0.47916612, 0.6174343), (0.47809032, 0.65528965), (0.47590724, 0.6795522), (0.46624494, 0.6785603), (0.46245086, 0.65368414), (0.47590724, 0.6795522), (0.48418435, 0.7031869), (0.47407907, 0.7088977), (0.46624494, 0.6785603), (0.48418435, 0.7031869), (0.4990871, 0.719298), (0.48777342, 0.73467547), (0.47407907, 0.7088977), (0.4990871, 0.719298), (0.51398975, 0.7354091), (0.5119581, 0.74632), (0.48777342, 0.73467547), (0.48777342, 0.73467547), (0.5119581, 0.74632), (0.50670403, 0.7580367), (0.5119581, 0.74632), (0.5352804, 0.7783652), (0.5252708, 0.7864082), (0.50670403, 0.7580367), (0.5352804, 0.7783652), (0.55291915, 0.82129556), (0.5475069, 0.8256445), (0.5252708, 0.7864082), (0.55291915, 0.82129556), (0.57665855, 0.8491413), (0.5700871, 0.85740983), (0.5475069, 0.8256445), (0.57665855, 0.8491413), (0.5889784, 0.8655754), (0.5807253, 0.8683649), (0.5700871, 0.85740983), (0.5889784, 0.8655754), (0.6030757, 0.908874), (0.5948226, 0.9116631), (0.5807253, 0.8683649), (0.6030757, 0.908874), (0.6141522, 0.94311005), (0.605899, 0.94589925), (0.5948226, 0.9116631), (0.46245086, 0.65368414), (0.45399252, 0.66898984), (0.45019647, 0.66805476), (0.4592588, 0.6479159), (0.47916612, 0.6174343), (0.46245086, 0.65368414), (0.4592588, 0.6479159), (0.47315475, 0.61549217), (0.48888758, 0.5652869), (0.47916612, 0.6174343), (0.47315475, 0.61549217), (0.48324883, 0.564656), (0.49192557, 0.5120955), (0.48888758, 0.5652869), (0.48324883, 0.564656), (0.48701307, 0.511546), (0.48854765, 0.45794582), (0.49192557, 0.5120955), (0.48701307, 0.511546), (0.4836546, 0.4586477), (0.48350674, 0.40545893), (0.48854765, 0.45794582), (0.4836546, 0.4586477), (0.47873935, 0.40614283), (0.4677156, 0.23755102), (0.46445534, 0.28164974), (0.46148804, 0.28217906), (0.46442905, 0.23890968), (0.46445534, 0.28164974), (0.4732658, 0.3350017), (0.47126657, 0.33618864), (0.46148804, 0.28217906), (0.4732658, 0.3350017), (0.47876713, 0.37285072), (0.47528088, 0.37376726), (0.47126657, 0.33618864), (0.47876713, 0.37285072), (0.48350674, 0.40545893), (0.47873935, 0.40614283), (0.47528088, 0.37376726), (0.48478156, 0.3747419), (0.48848116, 0.40421724), (0.48350674, 0.40545893), (0.47876713, 0.37285072), (0.4758705, 0.33465344), (0.48478156, 0.3747419), (0.47876713, 0.37285072), (0.4732658, 0.3350017), (0.46777532, 0.28241432), (0.4758705, 0.33465344), (0.4732658, 0.3350017), (0.46445534, 0.28164974), (0.47191802, 0.23904721), (0.46777532, 0.28241432), (0.46445534, 0.28164974), (0.4677156, 0.23755102), (0.48848116, 0.40421724), (0.49365327, 0.45667124), (0.48854765, 0.45794582), (0.48350674, 0.40545893), (0.49365327, 0.45667124), (0.4971877, 0.5121441), (0.49192557, 0.5120955), (0.48854765, 0.45794582), (0.4971877, 0.5121441), (0.49492732, 0.56534255), (0.48888758, 0.5652869), (0.49192557, 0.5120955), (0.49492732, 0.56534255), (0.48574302, 0.6188381), (0.47916612, 0.6174343), (0.48888758, 0.5652869), (0.48574302, 0.6188381), (0.47809032, 0.65528965), (0.46245086, 0.65368414), (0.47916612, 0.6174343), (0.47809032, 0.65528965), (0.47590724, 0.6795522), (0.46624494, 0.6785603), (0.46245086, 0.65368414), (0.47590724, 0.6795522), (0.48418435, 0.7031869), (0.47407907, 0.7088977), (0.46624494, 0.6785603), (0.48418435, 0.7031869), (0.4990871, 0.719298), (0.48777342, 0.73467547), (0.47407907, 0.7088977), (0.4990871, 0.719298), (0.51398975, 0.7354091), (0.5119581, 0.74632), (0.48777342, 0.73467547), (0.48777342, 0.73467547), (0.5119581, 0.74632), (0.50670403, 0.7580367), (0.5119581, 0.74632), (0.5352804, 0.7783652), (0.5252708, 0.7864082), (0.50670403, 0.7580367), (0.5352804, 0.7783652), (0.55291915, 0.82129556), (0.5475069, 0.8256445), (0.5252708, 0.7864082), (0.55291915, 0.82129556), (0.57665855, 0.8491413), (0.5700871, 0.85740983), (0.5475069, 0.8256445), (0.57665855, 0.8491413), (0.5889784, 0.8655754), (0.5807253, 0.8683649), (0.5700871, 0.85740983), (0.5889784, 0.8655754), (0.6030757, 0.908874), (0.5948226, 0.9116631), (0.5807253, 0.8683649), (0.6030757, 0.908874), (0.6141522, 0.94311005), (0.605899, 0.94589925), (0.5948226, 0.9116631), (0.46245086, 0.65368414), (0.45399252, 0.66898984), (0.45019647, 0.66805476), (0.4592588, 0.6479159), (0.47916612, 0.6174343), (0.46245086, 0.65368414), (0.4592588, 0.6479159), (0.47315475, 0.61549217), (0.48888758, 0.5652869), (0.47916612, 0.6174343), (0.47315475, 0.61549217), (0.48324883, 0.564656), (0.49192557, 0.5120955), (0.48888758, 0.5652869), (0.48324883, 0.564656), (0.48701307, 0.511546), (0.48854765, 0.45794582), (0.49192557, 0.5120955), (0.48701307, 0.511546), (0.4836546, 0.4586477), (0.48350674, 0.40545893), (0.48854765, 0.45794582), (0.4836546, 0.4586477), (0.47873935, 0.40614283), (0.80677027, 0.41885626), (0.8084387, 0.45579755), (0.7959493, 0.45692196), (0.7946544, 0.41994703), (0.81188464, 0.4938052), (0.81533056, 0.53181285), (0.8020937, 0.53300464), (0.7990215, 0.49496332), (0.82350713, 0.4174616), (0.8268975, 0.45435983), (0.8084387, 0.45579755), (0.80677027, 0.41885626), (0.829577, 0.49232453), (0.8322565, 0.53028923), (0.81533056, 0.53181285), (0.81188464, 0.4938052), (0.84404725, 0.65894973), (0.8457317, 0.67732984), (0.8337596, 0.67840755), (0.831456, 0.6600832), (0.8482839, 0.7081866), (0.8508361, 0.73904335), (0.8439025, 0.73966753), (0.83883107, 0.70903754), (0.83883107, 0.70903754), (0.8439025, 0.73966753), (0.83848023, 0.74015564), (0.83143866, 0.7097031), (0.831456, 0.6600832), (0.8337596, 0.67840755), (0.8243971, 0.6792505), (0.8216092, 0.66096973), (0.8199378, 0.56846154), (0.8245451, 0.60511017), (0.81324536, 0.60612756), (0.8076695, 0.56956613), (0.8356253, 0.5670494), (0.8389941, 0.60380954), (0.8245451, 0.60511017), (0.8199378, 0.56846154), (0.8337596, 0.67840755), (0.83883107, 0.70903754), (0.83143866, 0.7097031), (0.8243971, 0.6792505), (0.8457317, 0.67732984), (0.8482839, 0.7081866), (0.83883107, 0.70903754), (0.8337596, 0.67840755), (0.8201168, 0.38056338), (0.82350713, 0.4174616), (0.80677027, 0.41885626), (0.8051018, 0.38191497), (0.8051018, 0.38191497), (0.80677027, 0.41885626), (0.7946544, 0.41994703), (0.7933595, 0.38297212), (0.8268487, 0.62343454), (0.82915235, 0.64175886), (0.81882125, 0.642689), (0.8160333, 0.62440825), (0.8406785, 0.62218964), (0.8423629, 0.6405697), (0.82915235, 0.64175886), (0.8268487, 0.62343454), (0.8322565, 0.53028923), (0.8356253, 0.5670494), (0.8199378, 0.56846154), (0.81533056, 0.53181285), (0.81533056, 0.53181285), (0.8199378, 0.56846154), (0.8076695, 0.56956613), (0.8020937, 0.53300464), (0.8268975, 0.45435983), (0.829577, 0.49232453), (0.81188464, 0.4938052), (0.8084387, 0.45579755), (0.8084387, 0.45579755), (0.81188464, 0.4938052), (0.7990215, 0.49496332), (0.7959493, 0.45692196), (0.82915235, 0.64175886), (0.831456, 0.6600832), (0.8216092, 0.66096973), (0.81882125, 0.642689), (0.8423629, 0.6405697), (0.84404725, 0.65894973), (0.831456, 0.6600832), (0.82915235, 0.64175886), (0.8389941, 0.60380954), (0.8406785, 0.62218964), (0.8268487, 0.62343454), (0.8245451, 0.60511017), (0.8245451, 0.60511017), (0.8268487, 0.62343454), (0.8160333, 0.62440825), (0.81324536, 0.60612756), (0.6095365, 0.21216711), (0.61328566, 0.22670785), (0.60755014, 0.22863415), (0.6050256, 0.21311897), (0.61328566, 0.22670785), (0.62050426, 0.2602647), (0.6145571, 0.2602239), (0.60755014, 0.22863415), (0.6143797, 0.212062), (0.61876965, 0.22646874), (0.61328566, 0.22670785), (0.6095365, 0.21216711), (0.61876965, 0.22646874), (0.628109, 0.26031694), (0.62050426, 0.2602647), (0.61328566, 0.22670785), (0.628109, 0.26031694), (0.63382673, 0.30046356), (0.62642306, 0.29872608), (0.62050426, 0.2602647), (0.63382673, 0.30046356), (0.6233654, 0.336461), (0.6189522, 0.334815), (0.62642306, 0.29872608), (0.6233654, 0.336461), (0.5958238, 0.38355142), (0.6189522, 0.334815), (0.5958238, 0.38355142), (0.5795241, 0.42262086), (0.57333547, 0.4203972), (0.58766025, 0.3806181), (0.6189522, 0.334815), (0.5958238, 0.38355142), (0.58766025, 0.3806181), (0.61453056, 0.33285636), (0.57235503, 0.4482222), (0.5669271, 0.46707702), (0.56299037, 0.4656625), (0.56729233, 0.44640315), (0.5669271, 0.46707702), (0.55890536, 0.49357226), (0.5544291, 0.49196374), (0.56299037, 0.4656625), (0.55890536, 0.49357226), (0.5552678, 0.51434946), (0.55113584, 0.5147026), (0.5544291, 0.49196374), (0.55670077, 0.5337332), (0.5572633, 0.55213755), (0.5531315, 0.5524907), (0.5525689, 0.5340863), (0.62642306, 0.29872608), (0.6189522, 0.334815), (0.61453056, 0.33285636), (0.6206329, 0.2973675), (0.62050426, 0.2602647), (0.62642306, 0.29872608), (0.6206329, 0.2973675), (0.6145571, 0.2602239), (0.5795241, 0.42262086), (0.57235503, 0.4482222), (0.56729233, 0.44640315), (0.57333547, 0.4203972), (0.5552678, 0.51434946), (0.55670077, 0.5337332), (0.5525689, 0.5340863), (0.55113584, 0.5147026), (0.6099897, 0.19765526), (0.6143797, 0.212062), (0.6095365, 0.21216711), (0.60578734, 0.19762644), (0.60578734, 0.19762644), (0.6095365, 0.21216711), (0.6050256, 0.21311897), (0.6025011, 0.19760379), (0.4677156, 0.23755102), (0.46445534, 0.28164974), (0.46148804, 0.28217906), (0.46442905, 0.23890968), (0.46445534, 0.28164974), (0.4732658, 0.3350017), (0.47126657, 0.33618864), (0.46148804, 0.28217906), (0.4732658, 0.3350017), (0.47876713, 0.37285072), (0.47528088, 0.37376726), (0.47126657, 0.33618864), (0.47876713, 0.37285072), (0.48350674, 0.40545893), (0.47873935, 0.40614283), (0.47528088, 0.37376726), (0.48478156, 0.3747419), (0.48848116, 0.40421724), (0.48350674, 0.40545893), (0.47876713, 0.37285072), (0.4758705, 0.33465344), (0.48478156, 0.3747419), (0.47876713, 0.37285072), (0.4732658, 0.3350017), (0.46777532, 0.28241432), (0.4758705, 0.33465344), (0.4732658, 0.3350017), (0.46445534, 0.28164974), (0.47191802, 0.23904721), (0.46777532, 0.28241432), (0.46445534, 0.28164974), (0.4677156, 0.23755102), (0.48848116, 0.40421724), (0.49365327, 0.45667124), (0.48854765, 0.45794582), (0.48350674, 0.40545893), (0.49365327, 0.45667124), (0.4971877, 0.5121441), (0.49192557, 0.5120955), (0.48854765, 0.45794582), (0.4971877, 0.5121441), (0.49492732, 0.56534255), (0.48888758, 0.5652869), (0.49192557, 0.5120955), (0.49492732, 0.56534255), (0.48574302, 0.6188381), (0.47916612, 0.6174343), (0.48888758, 0.5652869), (0.48574302, 0.6188381), (0.47809032, 0.65528965), (0.46245086, 0.65368414), (0.47916612, 0.6174343), (0.47809032, 0.65528965), (0.47590724, 0.6795522), (0.46624494, 0.6785603), (0.46245086, 0.65368414), (0.47590724, 0.6795522), (0.48418435, 0.7031869), (0.47407907, 0.7088977), (0.46624494, 0.6785603), (0.48418435, 0.7031869), (0.4990871, 0.719298), (0.48777342, 0.73467547), (0.47407907, 0.7088977), (0.4990871, 0.719298), (0.51398975, 0.7354091), (0.5119581, 0.74632), (0.48777342, 0.73467547), (0.48777342, 0.73467547), (0.5119581, 0.74632), (0.50670403, 0.7580367), (0.5119581, 0.74632), (0.5352804, 0.7783652), (0.5252708, 0.7864082), (0.50670403, 0.7580367), (0.5352804, 0.7783652), (0.55291915, 0.82129556), (0.5475069, 0.8256445), (0.5252708, 0.7864082), (0.55291915, 0.82129556), (0.57665855, 0.8491413), (0.5700871, 0.85740983), (0.5475069, 0.8256445), (0.57665855, 0.8491413), (0.5889784, 0.8655754), (0.5807253, 0.8683649), (0.5700871, 0.85740983), (0.5889784, 0.8655754), (0.6030757, 0.908874), (0.5948226, 0.9116631), (0.5807253, 0.8683649), (0.6030757, 0.908874), (0.6141522, 0.94311005), (0.605899, 0.94589925), (0.5948226, 0.9116631), (0.46245086, 0.65368414), (0.45399252, 0.66898984), (0.45019647, 0.66805476), (0.4592588, 0.6479159), (0.47916612, 0.6174343), (0.46245086, 0.65368414), (0.4592588, 0.6479159), (0.47315475, 0.61549217), (0.48888758, 0.5652869), (0.47916612, 0.6174343), (0.47315475, 0.61549217), (0.48324883, 0.564656), (0.49192557, 0.5120955), (0.48888758, 0.5652869), (0.48324883, 0.564656), (0.48701307, 0.511546), (0.48854765, 0.45794582), (0.49192557, 0.5120955), (0.48701307, 0.511546), (0.4836546, 0.4586477), (0.48350674, 0.40545893), (0.48854765, 0.45794582), (0.4836546, 0.4586477), (0.47873935, 0.40614283), (0.9379916, 0.005040945), (0.94455355, 0.004981102), (0.9334577, 0.07830423), (0.92572427, 0.07837483), (0.92572427, 0.07837483), (0.9334577, 0.07830423), (0.9274544, 0.167552), (0.91302764, 0.16768375), (0.91302764, 0.16768375), (0.9274544, 0.167552), (0.92794645, 0.34899816), (0.91160893, 0.34914723), (0.91160893, 0.34914723), (0.92794645, 0.34899816), (0.92691857, 0.5364718), (0.9067237, 0.536656), (0.9067237, 0.536656), (0.92691857, 0.5364718), (0.9284818, 0.67149115), (0.9131017, 0.67163146), (0.9131017, 0.67163146), (0.9284818, 0.67149115), (0.94358534, 0.7556873), (0.9244006, 0.7619871), (0.93215, 0.8184924), (0.9244006, 0.7619871), (0.94358534, 0.7556873), (0.9522134, 0.81338954), (0.93215, 0.8184924), (0.9522134, 0.81338954), (0.9364932, 0.8648324), (0.9297883, 0.8619778), (0.9217163, 0.88005936), (0.9293897, 0.8835598), (0.9222863, 0.90228724), (0.91364413, 0.898141), (0.90115744, 0.91835016), (0.90770096, 0.9223348), (0.8947607, 0.9423824), (0.8903161, 0.9385592), (0.8903161, 0.9385592), (0.8947607, 0.9423824), (0.86688805, 0.97819626), (0.85481375, 0.9818474), (0.9522134, 0.81338954), (0.9583461, 0.814082), (0.9594223, 0.8498684), (0.9532896, 0.84917593), (0.94358534, 0.7556873), (0.95567316, 0.7609266), (0.9583461, 0.814082), (0.9522134, 0.81338954), (0.9532896, 0.84917593), (0.9594223, 0.8498684), (0.96832997, 0.8811617), (0.96429324, 0.88703454), (0.96429324, 0.88703454), (0.96832997, 0.8811617), (0.983398, 0.8895027), (0.9820521, 0.89214677), (0.9284818, 0.67149115), (0.948148, 0.67131174), (0.95567316, 0.7609266), (0.94358534, 0.7556873), (0.92691857, 0.5364718), (0.9527415, 0.5362365), (0.948148, 0.67131174), (0.9284818, 0.67149115), (0.92794645, 0.34899816), (0.9488371, 0.34880763), (0.9527415, 0.5362365), (0.92691857, 0.5364718), (0.9274544, 0.167552), (0.94590163, 0.16738382), (0.9488371, 0.34880763), (0.92794645, 0.34899816), (0.9334577, 0.07830423), (0.9433464, 0.07821405), (0.94590163, 0.16738382), (0.9274544, 0.167552), (0.94455355, 0.004981102), (0.95294434, 0.004904629), (0.9433464, 0.07821405), (0.9334577, 0.07830423), (0.90781206, 0.9082456), (0.91540486, 0.91231096), (0.90770096, 0.9223348), (0.90115744, 0.91835016), (0.91364413, 0.898141), (0.9222863, 0.90228724), (0.91540486, 0.91231096), (0.90781206, 0.9082456), (0.9297883, 0.8619778), (0.9364932, 0.8648324), (0.9293897, 0.8835598), (0.9217163, 0.88005936), (0.8245451, 0.60511017), (0.8256969, 0.61427236), (0.81463933, 0.6152679), (0.81324536, 0.60612756), (0.8389941, 0.60380954), (0.8398363, 0.61299956), (0.8256969, 0.61427236), (0.8245451, 0.60511017), (0.4677156, 0.23755102), (0.46445534, 0.28164974), (0.46148804, 0.28217906), (0.46442905, 0.23890968), (0.46445534, 0.28164974), (0.4732658, 0.3350017), (0.47126657, 0.33618864), (0.46148804, 0.28217906), (0.4732658, 0.3350017), (0.47876713, 0.37285072), (0.47528088, 0.37376726), (0.47126657, 0.33618864), (0.47876713, 0.37285072), (0.48350674, 0.40545893), (0.47873935, 0.40614283), (0.47528088, 0.37376726), (0.48478156, 0.3747419), (0.48848116, 0.40421724), (0.48350674, 0.40545893), (0.47876713, 0.37285072), (0.4758705, 0.33465344), (0.48478156, 0.3747419), (0.47876713, 0.37285072), (0.4732658, 0.3350017), (0.46777532, 0.28241432), (0.4758705, 0.33465344), (0.4732658, 0.3350017), (0.46445534, 0.28164974), (0.47191802, 0.23904721), (0.46777532, 0.28241432), (0.46445534, 0.28164974), (0.4677156, 0.23755102), (0.48848116, 0.40421724), (0.49365327, 0.45667124), (0.48854765, 0.45794582), (0.48350674, 0.40545893), (0.49365327, 0.45667124), (0.4971877, 0.5121441), (0.49192557, 0.5120955), (0.48854765, 0.45794582), (0.4971877, 0.5121441), (0.49492732, 0.56534255), (0.48888758, 0.5652869), (0.49192557, 0.5120955), (0.49492732, 0.56534255), (0.48574302, 0.6188381), (0.47916612, 0.6174343), (0.48888758, 0.5652869), (0.48574302, 0.6188381), (0.47809032, 0.65528965), (0.46245086, 0.65368414), (0.47916612, 0.6174343), (0.47809032, 0.65528965), (0.47590724, 0.6795522), (0.46624494, 0.6785603), (0.46245086, 0.65368414), (0.47590724, 0.6795522), (0.48418435, 0.7031869), (0.47407907, 0.7088977), (0.46624494, 0.6785603), (0.48418435, 0.7031869), (0.4990871, 0.719298), (0.48777342, 0.73467547), (0.47407907, 0.7088977), (0.4990871, 0.719298), (0.51398975, 0.7354091), (0.5119581, 0.74632), (0.48777342, 0.73467547), (0.48777342, 0.73467547), (0.5119581, 0.74632), (0.50670403, 0.7580367), (0.5119581, 0.74632), (0.5352804, 0.7783652), (0.5252708, 0.7864082), (0.50670403, 0.7580367), (0.5352804, 0.7783652), (0.55291915, 0.82129556), (0.5475069, 0.8256445), (0.5252708, 0.7864082), (0.55291915, 0.82129556), (0.57665855, 0.8491413), (0.5700871, 0.85740983), (0.5475069, 0.8256445), (0.57665855, 0.8491413), (0.5889784, 0.8655754), (0.5807253, 0.8683649), (0.5700871, 0.85740983), (0.5889784, 0.8655754), (0.6030757, 0.908874), (0.5948226, 0.9116631), (0.5807253, 0.8683649), (0.6030757, 0.908874), (0.6141522, 0.94311005), (0.605899, 0.94589925), (0.5948226, 0.9116631), (0.46245086, 0.65368414), (0.45399252, 0.66898984), (0.45019647, 0.66805476), (0.4592588, 0.6479159), (0.47916612, 0.6174343), (0.46245086, 0.65368414), (0.4592588, 0.6479159), (0.47315475, 0.61549217), (0.48888758, 0.5652869), (0.47916612, 0.6174343), (0.47315475, 0.61549217), (0.48324883, 0.564656), (0.49192557, 0.5120955), (0.48888758, 0.5652869), (0.48324883, 0.564656), (0.48701307, 0.511546), (0.48854765, 0.45794582), (0.49192557, 0.5120955), (0.48701307, 0.511546), (0.4836546, 0.4586477), (0.48350674, 0.40545893), (0.48854765, 0.45794582), (0.4836546, 0.4586477), (0.47873935, 0.40614283), (0.80677027, 0.41885626), (0.8084387, 0.45579755), (0.7959493, 0.45692196), (0.7946544, 0.41994703), (0.81188464, 0.4938052), (0.81533056, 0.53181285), (0.8020937, 0.53300464), (0.7990215, 0.49496332), (0.82350713, 0.4174616), (0.8268975, 0.45435983), (0.8084387, 0.45579755), (0.80677027, 0.41885626), (0.829577, 0.49232453), (0.8322565, 0.53028923), (0.81533056, 0.53181285), (0.81188464, 0.4938052), (0.8423629, 0.6405697), (0.8457317, 0.67732984), (0.8337596, 0.67840755), (0.82915235, 0.64175886), (0.8482839, 0.7081866), (0.8508361, 0.73904335), (0.8439025, 0.73966753), (0.83883107, 0.70903754), (0.83883107, 0.70903754), (0.8439025, 0.73966753), (0.83848023, 0.74015564), (0.83143866, 0.7097031), (0.82915235, 0.64175886), (0.8337596, 0.67840755), (0.8243971, 0.6792505), (0.81882125, 0.642689), (0.8222415, 0.58678585), (0.8245451, 0.60511017), (0.81324536, 0.60612756), (0.8104574, 0.5878469), (0.83730966, 0.58542943), (0.8389941, 0.60380954), (0.8245451, 0.60511017), (0.8222415, 0.58678585), (0.8337596, 0.67840755), (0.83883107, 0.70903754), (0.83143866, 0.7097031), (0.8243971, 0.6792505), (0.8457317, 0.67732984), (0.8482839, 0.7081866), (0.83883107, 0.70903754), (0.8337596, 0.67840755), (0.8201168, 0.38056338), (0.82350713, 0.4174616), (0.80677027, 0.41885626), (0.8051018, 0.38191497), (0.8051018, 0.38191497), (0.80677027, 0.41885626), (0.7946544, 0.41994703), (0.7933595, 0.38297212), (0.8245451, 0.60511017), (0.82915235, 0.64175886), (0.81882125, 0.642689), (0.81324536, 0.60612756), (0.8389941, 0.60380954), (0.8423629, 0.6405697), (0.82915235, 0.64175886), (0.8245451, 0.60511017), (0.8322565, 0.53028923), (0.8356253, 0.5670494), (0.8199378, 0.56846154), (0.81533056, 0.53181285), (0.81533056, 0.53181285), (0.8199378, 0.56846154), (0.8076695, 0.56956613), (0.8020937, 0.53300464), (0.8268975, 0.45435983), (0.829577, 0.49232453), (0.81188464, 0.4938052), (0.8084387, 0.45579755), (0.8084387, 0.45579755), (0.81188464, 0.4938052), (0.7990215, 0.49496332), (0.7959493, 0.45692196), (0.8356253, 0.5670494), (0.83730966, 0.58542943), (0.8222415, 0.58678585), (0.8199378, 0.56846154), (0.8199378, 0.56846154), (0.8222415, 0.58678585), (0.8104574, 0.5878469), (0.8076695, 0.56956613), (0.032958455, 0.12802482), (0.04267182, 0.12217323), (0.044268463, 0.2048772), (0.033463504, 0.20891666), (0.04267182, 0.12217323), (0.05238505, 0.11632166), (0.055073414, 0.20083773), (0.044268463, 0.2048772), (0.033755835, 0.306868), (0.046530366, 0.30234092), (0.048792213, 0.39980465), (0.034048166, 0.40481928), (0.046530366, 0.30234092), (0.059969984, 0.29870096), (0.06486662, 0.39656413), (0.048792213, 0.39980465), (0.03670915, 0.49241072), (0.051453203, 0.4873961), (0.05411414, 0.5749875), (0.03919741, 0.58000207), (0.051453203, 0.4873961), (0.0675276, 0.4841555), (0.07018854, 0.5717469), (0.05411414, 0.5749875), (0.03919741, 0.58000207), (0.05411414, 0.5749875), (0.061265767, 0.70846343), (0.04128614, 0.7134779), (0.05411414, 0.5749875), (0.07018854, 0.5717469), (0.08159181, 0.7052229), (0.061265767, 0.70846343), (0.04879428, 0.7727842), (0.068773955, 0.76776963), (0.0761505, 0.82673043), (0.056170765, 0.831745), (0.068773955, 0.76776963), (0.08823628, 0.76452905), (0.095612764, 0.8234897), (0.0761505, 0.82673043), (0.056170765, 0.831745), (0.0761505, 0.82673043), (0.11163226, 0.9062951), (0.07953117, 0.9147252), (0.0761505, 0.82673043), (0.095612764, 0.8234897), (0.11163226, 0.9062951), (0.07953117, 0.9147252), (0.11163226, 0.9062951), (0.12758468, 0.9280072), (0.120864235, 0.95337856), (0.120864235, 0.95337856), (0.12758468, 0.9280072), (0.16316107, 0.95104593), (0.15570422, 0.96418095), (0.15570422, 0.96418095), (0.16316107, 0.95104593), (0.17250341, 0.97437996), (0.041766115, 0.039296515), (0.050387677, 0.03163279), (0.05238505, 0.11632166), (0.04267182, 0.12217323), (0.03314448, 0.046960182), (0.041766115, 0.039296515), (0.04267182, 0.12217323), (0.032958455, 0.12802482), (0.048792213, 0.39980465), (0.06486662, 0.39656413), (0.0675276, 0.4841555), (0.051453203, 0.4873961), (0.034048166, 0.40481928), (0.048792213, 0.39980465), (0.051453203, 0.4873961), (0.03670915, 0.49241072), (0.044268463, 0.2048772), (0.055073414, 0.20083773), (0.059969984, 0.29870096), (0.046530366, 0.30234092), (0.033463504, 0.20891666), (0.044268463, 0.2048772), (0.046530366, 0.30234092), (0.033755835, 0.306868), (0.14687501, 0.28863347), (0.15838754, 0.28876907), (0.15998113, 0.3718987), (0.14846858, 0.3717631), (0.15679392, 0.20563932), (0.1452815, 0.20550376), (0.155173, 0.18733613), (0.16702186, 0.19443263), (0.15059333, 0.4530337), (0.16316822, 0.45263815), (0.16635525, 0.5333775), (0.15271804, 0.53430426), (0.15271804, 0.53430426), (0.16635525, 0.5333775), (0.17424938, 0.65296656), (0.16628322, 0.653508), (0.16628322, 0.653508), (0.17424938, 0.65296656), (0.18977815, 0.72041017), (0.17798416, 0.7210671), (0.1879381, 0.74618274), (0.19654295, 0.74342746), (0.20330782, 0.7664449), (0.19789208, 0.77129847), (0.17424938, 0.65296656), (0.18190491, 0.65273553), (0.18977815, 0.72041017), (0.16635525, 0.5333775), (0.17946121, 0.5329819), (0.18190491, 0.65273553), (0.17424938, 0.65296656), (0.16316822, 0.45263815), (0.17547734, 0.4525081), (0.17946121, 0.5329819), (0.16635525, 0.5333775), (0.15838754, 0.28876907), (0.16989996, 0.28890467), (0.17149349, 0.3720343), (0.15998113, 0.3718987), (0.16830638, 0.20577495), (0.15679392, 0.20563932), (0.16702186, 0.19443263), (0.16702186, 0.19443263), (0.155173, 0.18733613), (0.21129027, 0.07855804), (0.22187455, 0.08557437), (0.22187455, 0.08557437), (0.21129027, 0.07855804), (0.24716821, 0.030116364), (0.19789208, 0.77129847), (0.20330782, 0.7664449), (0.22065134, 0.78835744), (0.2174361, 0.7948805), (0.2174361, 0.7948805), (0.22065134, 0.78835744), (0.2569933, 0.8038999), (0.25589946, 0.8089059), (0.25589946, 0.8089059), (0.2569933, 0.8038999), (0.28288096, 0.80578166), (0.2817872, 0.8107879), (0.2817872, 0.8107879), (0.28288096, 0.80578166), (0.29677576, 0.81881005), (0.29432845, 0.82037395), (0.29432845, 0.82037395), (0.29677576, 0.81881005), (0.29881436, 0.83742946), (0.17798416, 0.7210671), (0.18977815, 0.72041017), (0.19654295, 0.74342746), (0.1879381, 0.74618274), (0.15679392, 0.20563932), (0.16830638, 0.20577495), (0.16989996, 0.28890467), (0.15838754, 0.28876907), (0.1452815, 0.20550376), (0.15679392, 0.20563932), (0.15838754, 0.28876907), (0.14687501, 0.28863347), (0.15998113, 0.3718987), (0.17149349, 0.3720343), (0.17547734, 0.4525081), (0.16316822, 0.45263815), (0.14846858, 0.3717631), (0.15998113, 0.3718987), (0.16316822, 0.45263815), (0.15059333, 0.4530337), (0.80677027, 0.41885626), (0.8084387, 0.45579755), (0.7959493, 0.45692196), (0.7946544, 0.41994703), (0.81188464, 0.4938052), (0.81533056, 0.53181285), (0.8020937, 0.53300464), (0.7990215, 0.49496332), (0.82350713, 0.4174616), (0.8268975, 0.45435983), (0.8084387, 0.45579755), (0.80677027, 0.41885626), (0.829577, 0.49232453), (0.8322565, 0.53028923), (0.81533056, 0.53181285), (0.81188464, 0.4938052), (0.8423629, 0.6405697), (0.8457317, 0.67732984), (0.8337596, 0.67840755), (0.82915235, 0.64175886), (0.8482839, 0.7081866), (0.8508361, 0.73904335), (0.8439025, 0.73966753), (0.83883107, 0.70903754), (0.83883107, 0.70903754), (0.8439025, 0.73966753), (0.83848023, 0.74015564), (0.83143866, 0.7097031), (0.82915235, 0.64175886), (0.8337596, 0.67840755), (0.8243971, 0.6792505), (0.81882125, 0.642689), (0.8199378, 0.56846154), (0.8245451, 0.60511017), (0.81324536, 0.60612756), (0.8076695, 0.56956613), (0.8356253, 0.5670494), (0.8389941, 0.60380954), (0.8245451, 0.60511017), (0.8199378, 0.56846154), (0.8337596, 0.67840755), (0.83883107, 0.70903754), (0.83143866, 0.7097031), (0.8243971, 0.6792505), (0.8457317, 0.67732984), (0.8482839, 0.7081866), (0.83883107, 0.70903754), (0.8337596, 0.67840755), (0.8201168, 0.38056338), (0.82350713, 0.4174616), (0.80677027, 0.41885626), (0.8051018, 0.38191497), (0.8051018, 0.38191497), (0.80677027, 0.41885626), (0.7946544, 0.41994703), (0.7933595, 0.38297212), (0.8245451, 0.60511017), (0.82915235, 0.64175886), (0.81882125, 0.642689), (0.81324536, 0.60612756), (0.8389941, 0.60380954), (0.8423629, 0.6405697), (0.82915235, 0.64175886), (0.8245451, 0.60511017), (0.8322565, 0.53028923), (0.8356253, 0.5670494), (0.8199378, 0.56846154), (0.81533056, 0.53181285), (0.81533056, 0.53181285), (0.8199378, 0.56846154), (0.8076695, 0.56956613), (0.8020937, 0.53300464), (0.8268975, 0.45435983), (0.829577, 0.49232453), (0.81188464, 0.4938052), (0.8084387, 0.45579755), (0.8084387, 0.45579755), (0.81188464, 0.4938052), (0.7990215, 0.49496332), (0.7959493, 0.45692196), (0.14687501, 0.28863347), (0.15838754, 0.28876907), (0.15998113, 0.3718987), (0.14846858, 0.3717631), (0.15679392, 0.20563932), (0.1452815, 0.20550376), (0.155173, 0.18733613), (0.16702186, 0.19443263), (0.15059333, 0.4530337), (0.16316822, 0.45263815), (0.16635525, 0.5333775), (0.15271804, 0.53430426), (0.15271804, 0.53430426), (0.16635525, 0.5333775), (0.17424938, 0.65296656), (0.16628322, 0.653508), (0.16628322, 0.653508), (0.17424938, 0.65296656), (0.18977815, 0.72041017), (0.17798416, 0.7210671), (0.1879381, 0.74618274), (0.19654295, 0.74342746), (0.20330782, 0.7664449), (0.19789208, 0.77129847), (0.17424938, 0.65296656), (0.18190491, 0.65273553), (0.18977815, 0.72041017), (0.16635525, 0.5333775), (0.17946121, 0.5329819), (0.18190491, 0.65273553), (0.17424938, 0.65296656), (0.16316822, 0.45263815), (0.17547734, 0.4525081), (0.17946121, 0.5329819), (0.16635525, 0.5333775), (0.15838754, 0.28876907), (0.16989996, 0.28890467), (0.17149349, 0.3720343), (0.15998113, 0.3718987), (0.16830638, 0.20577495), (0.15679392, 0.20563932), (0.16702186, 0.19443263), (0.16702186, 0.19443263), (0.155173, 0.18733613), (0.21129027, 0.07855804), (0.22187455, 0.08557437), (0.22187455, 0.08557437), (0.21129027, 0.07855804), (0.24716821, 0.030116364), (0.19789208, 0.77129847), (0.20330782, 0.7664449), (0.22065134, 0.78835744), (0.2174361, 0.7948805), (0.2174361, 0.7948805), (0.22065134, 0.78835744), (0.2569933, 0.8038999), (0.25589946, 0.8089059), (0.25589946, 0.8089059), (0.2569933, 0.8038999), (0.28288096, 0.80578166), (0.2817872, 0.8107879), (0.2817872, 0.8107879), (0.28288096, 0.80578166), (0.29677576, 0.81881005), (0.29432845, 0.82037395), (0.29432845, 0.82037395), (0.29677576, 0.81881005), (0.29881436, 0.83742946), (0.17798416, 0.7210671), (0.18977815, 0.72041017), (0.19654295, 0.74342746), (0.1879381, 0.74618274), (0.15679392, 0.20563932), (0.16830638, 0.20577495), (0.16989996, 0.28890467), (0.15838754, 0.28876907), (0.1452815, 0.20550376), (0.15679392, 0.20563932), (0.15838754, 0.28876907), (0.14687501, 0.28863347), (0.15998113, 0.3718987), (0.17149349, 0.3720343), (0.17547734, 0.4525081), (0.16316822, 0.45263815), (0.14846858, 0.3717631), (0.15998113, 0.3718987), (0.16316822, 0.45263815), (0.15059333, 0.4530337), (0.8410471, 0.0013935042), (0.84832036, 0.0024967415), (0.84126866, 0.060012423), (0.8339954, 0.05890929), (0.8339954, 0.05890929), (0.84126866, 0.060012423), (0.83421695, 0.11752829), (0.8269437, 0.11642507), (0.84126866, 0.060012423), (0.8505693, 0.061423138), (0.8435176, 0.118939), (0.83421695, 0.11752829), (0.84832036, 0.0024967415), (0.857621, 0.0039074495), (0.8505693, 0.061423138), (0.84126866, 0.060012423), (0.83421695, 0.11752829), (0.8435176, 0.118939), (0.8320583, 0.206645), (0.82275796, 0.20523429), (0.82275796, 0.20523429), (0.8320583, 0.206645), (0.83450687, 0.27000046), (0.8239822, 0.26644734), (0.8154846, 0.20413108), (0.82275796, 0.20523429), (0.8239822, 0.26644734), (0.8069147, 0.2656502), (0.8269437, 0.11642507), (0.83421695, 0.11752829), (0.82275796, 0.20523429), (0.8154846, 0.20413108), (0.36209866, 0.31713966), (0.3728469, 0.3154314), (0.37616238, 0.35583782), (0.36277232, 0.35583782), (0.3728469, 0.3154314), (0.38462013, 0.31748137), (0.38955227, 0.35583782), (0.37616238, 0.35583782), (0.38113543, 0.417587), (0.3933265, 0.41704857), (0.3971007, 0.47825935), (0.3861085, 0.4793362), (0.36894438, 0.4181255), (0.38113543, 0.417587), (0.3861085, 0.4793362), (0.37511638, 0.48041323), (0.39038265, 0.53942776), (0.40020677, 0.53846526), (0.4033129, 0.5986712), (0.39465678, 0.5995194), (0.38055855, 0.5403903), (0.39038265, 0.53942776), (0.39465678, 0.5995194), (0.38600078, 0.6003674), (0.39465678, 0.5995194), (0.4033129, 0.5986712), (0.4069138, 0.66247296), (0.4005357, 0.66309774), (0.38600078, 0.6003674), (0.39465678, 0.5995194), (0.4005357, 0.66309774), (0.3941575, 0.6637226), (0.4005357, 0.66309774), (0.4069138, 0.66247296), (0.40540084, 0.70736015), (0.40205985, 0.7068624), (0.3941575, 0.6637226), (0.4005357, 0.66309774), (0.40205985, 0.7068624), (0.39937195, 0.70680004), (0.40205985, 0.7068624), (0.40540084, 0.70736015), (0.4048235, 0.7201906), (0.40163425, 0.71971536), (0.39937195, 0.70680004), (0.40205985, 0.7068624), (0.40163425, 0.71971536), (0.3990684, 0.71965575), (0.40163425, 0.71971536), (0.4048235, 0.7201906), (0.40446064, 0.73582953), (0.3990684, 0.71965575), (0.40163425, 0.71971536), (0.40446064, 0.73582953), (0.39995512, 0.73422194), (0.38354042, 0.761931), (0.3855144, 0.76290095), (0.3770538, 0.7669582), (0.37668622, 0.7651383), (0.39995512, 0.73422194), (0.40446064, 0.73582953), (0.39983365, 0.7471111), (0.3964326, 0.7454399), (0.39046147, 0.7555991), (0.39243534, 0.756569), (0.3855144, 0.76290095), (0.38354042, 0.761931), (0.3964326, 0.7454399), (0.39983365, 0.7471111), (0.39243534, 0.756569), (0.39046147, 0.7555991), (0.37668622, 0.7651383), (0.3770538, 0.7669582), (0.3704059, 0.7677877), (0.37017933, 0.7666651), (0.36277232, 0.35583782), (0.37616238, 0.35583782), (0.38113543, 0.417587), (0.36894438, 0.4181255), (0.37616238, 0.35583782), (0.38955227, 0.35583782), (0.3933265, 0.41704857), (0.38113543, 0.417587), (0.37511638, 0.48041323), (0.3861085, 0.4793362), (0.39038265, 0.53942776), (0.38055855, 0.5403903), (0.3861085, 0.4793362), (0.3971007, 0.47825935), (0.40020677, 0.53846526), (0.39038265, 0.53942776), (0.37118918, 0.29522815), (0.38215405, 0.2983031), (0.38462013, 0.31748137), (0.3728469, 0.3154314), (0.36176175, 0.29779056), (0.37118918, 0.29522815), (0.3728469, 0.3154314), (0.36209866, 0.31713966), (0.3614249, 0.27844146), (0.36953145, 0.27502492), (0.37118918, 0.29522815), (0.36176175, 0.29779056), (0.36953145, 0.27502492), (0.379688, 0.27912492), (0.38215405, 0.2983031), (0.37118918, 0.29522815), (0.67863446, 0.17357951), (0.68753344, 0.17628807), (0.6849513, 0.24120161), (0.67522883, 0.23824239), (0.67591053, 0.3046849), (0.684245, 0.30722174), (0.6835387, 0.37324187), (0.67659223, 0.37112746), (0.67659223, 0.37112746), (0.6835387, 0.37324187), (0.67900234, 0.48361748), (0.6726719, 0.48289254), (0.6726719, 0.48289254), (0.67900234, 0.48361748), (0.6855124, 0.58497614), (0.671725, 0.5861349), (0.6721369, 0.6480788), (0.68419474, 0.64706546), (0.6828771, 0.70915484), (0.6725488, 0.71002257), (0.67900234, 0.48361748), (0.687097, 0.48454428), (0.6855124, 0.58497614), (0.6725488, 0.71002257), (0.6828771, 0.70915484), (0.6874312, 0.7647269), (0.6788524, 0.7705436), (0.6788524, 0.7705436), (0.6874312, 0.7647269), (0.70709956, 0.7866168), (0.70344955, 0.7945895), (0.70344955, 0.7945895), (0.70709956, 0.7866168), (0.7684064, 0.8179074), (0.76690453, 0.82118803), (0.76690453, 0.82118803), (0.7684064, 0.8179074), (0.79979783, 0.8258245), (0.8009069, 0.8321606), (0.8009069, 0.8321606), (0.79979783, 0.8258245), (0.83052325, 0.8233266), (0.8288094, 0.8284786), (0.6835387, 0.37324187), (0.692421, 0.3759454), (0.687097, 0.48454428), (0.67900234, 0.48361748), (0.684245, 0.30722174), (0.6949022, 0.3104655), (0.692421, 0.3759454), (0.6835387, 0.37324187), (0.68753344, 0.17628807), (0.6989122, 0.17975149), (0.6973832, 0.24498555), (0.6849513, 0.24120161), (0.671725, 0.5861349), (0.6855124, 0.58497614), (0.68419474, 0.64706546), (0.6721369, 0.6480788), (0.6849513, 0.24120161), (0.6973832, 0.24498555), (0.6949022, 0.3104655), (0.684245, 0.30722174), (0.67522883, 0.23824239), (0.6849513, 0.24120161), (0.684245, 0.30722174), (0.67591053, 0.3046849), (0.68772763, 0.14136349), (0.69857997, 0.14466669), (0.6989122, 0.17975149), (0.68753344, 0.17628807), (0.6792406, 0.13878025), (0.68772763, 0.14136349), (0.68753344, 0.17628807), (0.67863446, 0.17357951), (0.6809435, 0.10644885), (0.68901867, 0.10890677), (0.68772763, 0.14136349), (0.6792406, 0.13878025), (0.68901867, 0.10890677), (0.6993444, 0.11204969), (0.69857997, 0.14466669), (0.68772763, 0.14136349), (0.9318579, 0.041707903), (0.9390056, 0.041642636), (0.9334577, 0.07830423), (0.92572427, 0.07837483), (0.92572427, 0.07837483), (0.9334577, 0.07830423), (0.9274544, 0.167552), (0.91302764, 0.16768375), (0.91302764, 0.16768375), (0.9274544, 0.167552), (0.92794645, 0.34899816), (0.91160893, 0.34914723), (0.91160893, 0.34914723), (0.92794645, 0.34899816), (0.92691857, 0.5364718), (0.9067237, 0.536656), (0.9099127, 0.60414374), (0.92770016, 0.60398144), (0.9284818, 0.67149115), (0.9131017, 0.67163146), (0.9131017, 0.67163146), (0.9284818, 0.67149115), (0.94358534, 0.7556873), (0.9244006, 0.7619871), (0.93215, 0.8184924), (0.9244006, 0.7619871), (0.94358534, 0.7556873), (0.9522134, 0.81338954), (0.9522134, 0.81338954), (0.9364932, 0.8648324), (0.9297883, 0.8619778), (0.9297883, 0.8619778), (0.9364932, 0.8648324), (0.9222863, 0.90228724), (0.91364413, 0.898141), (0.91364413, 0.898141), (0.9222863, 0.90228724), (0.8947607, 0.9423824), (0.8903161, 0.9385592), (0.8903161, 0.9385592), (0.8947607, 0.9423824), (0.86688805, 0.97819626), (0.85481375, 0.9818474), (0.9522134, 0.81338954), (0.9583461, 0.814082), (0.9594223, 0.8498684), (0.9532896, 0.84917593), (0.94358534, 0.7556873), (0.95567316, 0.7609266), (0.9583461, 0.814082), (0.9522134, 0.81338954), (0.9532896, 0.84917593), (0.9594223, 0.8498684), (0.96832997, 0.8811617), (0.96429324, 0.88703454), (0.96429324, 0.88703454), (0.96832997, 0.8811617), (0.983398, 0.8895027), (0.9820521, 0.89214677), (0.9284818, 0.67149115), (0.948148, 0.67131174), (0.95567316, 0.7609266), (0.94358534, 0.7556873), (0.92770016, 0.60398144), (0.9504448, 0.6037741), (0.948148, 0.67131174), (0.9284818, 0.67149115), (0.92794645, 0.34899816), (0.9488371, 0.34880763), (0.9527415, 0.5362365), (0.92691857, 0.5364718), (0.9274544, 0.167552), (0.94590163, 0.16738382), (0.9488371, 0.34880763), (0.92794645, 0.34899816), (0.9334577, 0.07830423), (0.9433464, 0.07821405), (0.94590163, 0.16738382), (0.9274544, 0.167552), (0.9390056, 0.041642636), (0.9481454, 0.04155934), (0.9433464, 0.07821405), (0.9334577, 0.07830423), (0.94455355, 0.004981102), (0.95294434, 0.004904629), (0.9481454, 0.04155934), (0.9390056, 0.041642636), (0.9379916, 0.005040945), (0.94455355, 0.004981102), (0.9390056, 0.041642636), (0.9318579, 0.041707903), (0.92691857, 0.5364718), (0.9527415, 0.5362365), (0.9504448, 0.6037741), (0.92770016, 0.60398144), (0.9067237, 0.536656), (0.92691857, 0.5364718), (0.92770016, 0.60398144), (0.9099127, 0.60414374), (0.9379916, 0.005040945), (0.94455355, 0.004981102), (0.9334577, 0.07830423), (0.92572427, 0.07837483), (0.92572427, 0.07837483), (0.9334577, 0.07830423), (0.9274544, 0.167552), (0.91302764, 0.16768375), (0.91302764, 0.16768375), (0.9274544, 0.167552), (0.92794645, 0.34899816), (0.91160893, 0.34914723), (0.91160893, 0.34914723), (0.92794645, 0.34899816), (0.92691857, 0.5364718), (0.9067237, 0.536656), (0.9067237, 0.536656), (0.92691857, 0.5364718), (0.9284818, 0.67149115), (0.9131017, 0.67163146), (0.9131017, 0.67163146), (0.9284818, 0.67149115), (0.94358534, 0.7556873), (0.9244006, 0.7619871), (0.93215, 0.8184924), (0.9244006, 0.7619871), (0.94358534, 0.7556873), (0.9522134, 0.81338954), (0.93215, 0.8184924), (0.9522134, 0.81338954), (0.9364932, 0.8648324), (0.9297883, 0.8619778), (0.9217163, 0.88005936), (0.9293897, 0.8835598), (0.9222863, 0.90228724), (0.91364413, 0.898141), (0.90115744, 0.91835016), (0.90770096, 0.9223348), (0.8947607, 0.9423824), (0.8903161, 0.9385592), (0.8903161, 0.9385592), (0.8947607, 0.9423824), (0.86688805, 0.97819626), (0.85481375, 0.9818474), (0.9522134, 0.81338954), (0.9583461, 0.814082), (0.9594223, 0.8498684), (0.9532896, 0.84917593), (0.94358534, 0.7556873), (0.95567316, 0.7609266), (0.9583461, 0.814082), (0.9522134, 0.81338954), (0.9532896, 0.84917593), (0.9594223, 0.8498684), (0.96832997, 0.8811617), (0.96429324, 0.88703454), (0.96429324, 0.88703454), (0.96832997, 0.8811617), (0.983398, 0.8895027), (0.9820521, 0.89214677), (0.9284818, 0.67149115), (0.948148, 0.67131174), (0.95567316, 0.7609266), (0.94358534, 0.7556873), (0.92691857, 0.5364718), (0.9527415, 0.5362365), (0.948148, 0.67131174), (0.9284818, 0.67149115), (0.92794645, 0.34899816), (0.9488371, 0.34880763), (0.9527415, 0.5362365), (0.92691857, 0.5364718), (0.9274544, 0.167552), (0.94590163, 0.16738382), (0.9488371, 0.34880763), (0.92794645, 0.34899816), (0.9334577, 0.07830423), (0.9433464, 0.07821405), (0.94590163, 0.16738382), (0.9274544, 0.167552), (0.94455355, 0.004981102), (0.95294434, 0.004904629), (0.9433464, 0.07821405), (0.9334577, 0.07830423), (0.90781206, 0.9082456), (0.91540486, 0.91231096), (0.90770096, 0.9223348), (0.90115744, 0.91835016), (0.91364413, 0.898141), (0.9222863, 0.90228724), (0.91540486, 0.91231096), (0.90781206, 0.9082456), (0.9297883, 0.8619778), (0.9364932, 0.8648324), (0.9293897, 0.8835598), (0.9217163, 0.88005936), (0.6809435, 0.10644885), (0.68901867, 0.10890677), (0.6849513, 0.24120161), (0.67522883, 0.23824239), (0.67522883, 0.23824239), (0.6849513, 0.24120161), (0.6835387, 0.37324187), (0.67659223, 0.37112746), (0.67659223, 0.37112746), (0.6835387, 0.37324187), (0.67900234, 0.48361748), (0.6726719, 0.48289254), (0.6726719, 0.48289254), (0.67900234, 0.48361748), (0.6855124, 0.58497614), (0.671725, 0.5861349), (0.671725, 0.5861349), (0.6855124, 0.58497614), (0.6828771, 0.70915484), (0.6725488, 0.71002257), (0.67900234, 0.48361748), (0.687097, 0.48454428), (0.6855124, 0.58497614), (0.6725488, 0.71002257), (0.6828771, 0.70915484), (0.6874312, 0.7647269), (0.6788524, 0.7705436), (0.6788524, 0.7705436), (0.6874312, 0.7647269), (0.70709956, 0.7866168), (0.70344955, 0.7945895), (0.70344955, 0.7945895), (0.70709956, 0.7866168), (0.7684064, 0.8179074), (0.76690453, 0.82118803), (0.76690453, 0.82118803), (0.7684064, 0.8179074), (0.79979783, 0.8258245), (0.8009069, 0.8321606), (0.8009069, 0.8321606), (0.79979783, 0.8258245), (0.83052325, 0.8233266), (0.8288094, 0.8284786), (0.6835387, 0.37324187), (0.692421, 0.3759454), (0.687097, 0.48454428), (0.67900234, 0.48361748), (0.6849513, 0.24120161), (0.6973832, 0.24498555), (0.692421, 0.3759454), (0.6835387, 0.37324187), (0.68901867, 0.10890677), (0.6993444, 0.11204969), (0.6973832, 0.24498555), (0.6849513, 0.24120161), (0.93215, 0.8184924), (0.9522134, 0.81338954), (0.9297883, 0.8619778), (0.80677027, 0.41885626), (0.8084387, 0.45579755), (0.7959493, 0.45692196), (0.7946544, 0.41994703), (0.81188464, 0.4938052), (0.81533056, 0.53181285), (0.8020937, 0.53300464), (0.7990215, 0.49496332), (0.82350713, 0.4174616), (0.8268975, 0.45435983), (0.8084387, 0.45579755), (0.80677027, 0.41885626), (0.829577, 0.49232453), (0.8322565, 0.53028923), (0.81533056, 0.53181285), (0.81188464, 0.4938052), (0.8423629, 0.6405697), (0.8457317, 0.67732984), (0.8337596, 0.67840755), (0.82915235, 0.64175886), (0.8482839, 0.7081866), (0.8508361, 0.73904335), (0.8439025, 0.73966753), (0.83883107, 0.70903754), (0.83883107, 0.70903754), (0.8439025, 0.73966753), (0.83848023, 0.74015564), (0.83143866, 0.7097031), (0.82915235, 0.64175886), (0.8337596, 0.67840755), (0.8243971, 0.6792505), (0.81882125, 0.642689), (0.8199378, 0.56846154), (0.8245451, 0.60511017), (0.81324536, 0.60612756), (0.8076695, 0.56956613), (0.8356253, 0.5670494), (0.8389941, 0.60380954), (0.8245451, 0.60511017), (0.8199378, 0.56846154), (0.8337596, 0.67840755), (0.83883107, 0.70903754), (0.83143866, 0.7097031), (0.8243971, 0.6792505), (0.8457317, 0.67732984), (0.8482839, 0.7081866), (0.83883107, 0.70903754), (0.8337596, 0.67840755), (0.8201168, 0.38056338), (0.82350713, 0.4174616), (0.80677027, 0.41885626), (0.8051018, 0.38191497), (0.8051018, 0.38191497), (0.80677027, 0.41885626), (0.7946544, 0.41994703), (0.7933595, 0.38297212), (0.8245451, 0.60511017), (0.82915235, 0.64175886), (0.81882125, 0.642689), (0.81324536, 0.60612756), (0.8389941, 0.60380954), (0.8423629, 0.6405697), (0.82915235, 0.64175886), (0.8245451, 0.60511017), (0.8322565, 0.53028923), (0.8356253, 0.5670494), (0.8199378, 0.56846154), (0.81533056, 0.53181285), (0.81533056, 0.53181285), (0.8199378, 0.56846154), (0.8076695, 0.56956613), (0.8020937, 0.53300464), (0.8268975, 0.45435983), (0.829577, 0.49232453), (0.81188464, 0.4938052), (0.8084387, 0.45579755), (0.8084387, 0.45579755), (0.81188464, 0.4938052), (0.7990215, 0.49496332), (0.7959493, 0.45692196), (0.032958455, 0.12802482), (0.04267182, 0.12217323), (0.044268463, 0.2048772), (0.033463504, 0.20891666), (0.04267182, 0.12217323), (0.05238505, 0.11632166), (0.055073414, 0.20083773), (0.044268463, 0.2048772), (0.033755835, 0.306868), (0.046530366, 0.30234092), (0.048792213, 0.39980465), (0.034048166, 0.40481928), (0.046530366, 0.30234092), (0.059969984, 0.29870096), (0.06486662, 0.39656413), (0.048792213, 0.39980465), (0.03670915, 0.49241072), (0.051453203, 0.4873961), (0.05411414, 0.5749875), (0.03919741, 0.58000207), (0.051453203, 0.4873961), (0.0675276, 0.4841555), (0.07018854, 0.5717469), (0.05411414, 0.5749875), (0.03919741, 0.58000207), (0.05411414, 0.5749875), (0.061265767, 0.70846343), (0.04128614, 0.7134779), (0.05411414, 0.5749875), (0.07018854, 0.5717469), (0.08159181, 0.7052229), (0.061265767, 0.70846343), (0.04128614, 0.7134779), (0.061265767, 0.70846343), (0.0761505, 0.82673043), (0.056170765, 0.831745), (0.061265767, 0.70846343), (0.08159181, 0.7052229), (0.095612764, 0.8234897), (0.0761505, 0.82673043), (0.056170765, 0.831745), (0.0761505, 0.82673043), (0.11163226, 0.9062951), (0.07953117, 0.9147252), (0.0761505, 0.82673043), (0.095612764, 0.8234897), (0.11163226, 0.9062951), (0.07953117, 0.9147252), (0.11163226, 0.9062951), (0.12758468, 0.9280072), (0.120864235, 0.95337856), (0.120864235, 0.95337856), (0.12758468, 0.9280072), (0.16316107, 0.95104593), (0.15570422, 0.96418095), (0.15570422, 0.96418095), (0.16316107, 0.95104593), (0.17250341, 0.97437996), (0.041766115, 0.039296515), (0.050387677, 0.03163279), (0.05238505, 0.11632166), (0.04267182, 0.12217323), (0.03314448, 0.046960182), (0.041766115, 0.039296515), (0.04267182, 0.12217323), (0.032958455, 0.12802482), (0.048792213, 0.39980465), (0.06486662, 0.39656413), (0.0675276, 0.4841555), (0.051453203, 0.4873961), (0.034048166, 0.40481928), (0.048792213, 0.39980465), (0.051453203, 0.4873961), (0.03670915, 0.49241072), (0.044268463, 0.2048772), (0.055073414, 0.20083773), (0.059969984, 0.29870096), (0.046530366, 0.30234092), (0.033463504, 0.20891666), (0.044268463, 0.2048772), (0.046530366, 0.30234092), (0.033755835, 0.306868), (0.36209866, 0.31713966), (0.3728469, 0.3154314), (0.37616238, 0.35583782), (0.36277232, 0.35583782), (0.3728469, 0.3154314), (0.38462013, 0.31748137), (0.38955227, 0.35583782), (0.37616238, 0.35583782), (0.38113543, 0.417587), (0.3933265, 0.41704857), (0.3971007, 0.47825935), (0.3861085, 0.4793362), (0.36894438, 0.4181255), (0.38113543, 0.417587), (0.3861085, 0.4793362), (0.37511638, 0.48041323), (0.39038265, 0.53942776), (0.40020677, 0.53846526), (0.4033129, 0.5986712), (0.39465678, 0.5995194), (0.38055855, 0.5403903), (0.39038265, 0.53942776), (0.39465678, 0.5995194), (0.38600078, 0.6003674), (0.39465678, 0.5995194), (0.4033129, 0.5986712), (0.4069138, 0.66247296), (0.4005357, 0.66309774), (0.38600078, 0.6003674), (0.39465678, 0.5995194), (0.4005357, 0.66309774), (0.3941575, 0.6637226), (0.4005357, 0.66309774), (0.4069138, 0.66247296), (0.40540084, 0.70736015), (0.40205985, 0.7068624), (0.3941575, 0.6637226), (0.4005357, 0.66309774), (0.40205985, 0.7068624), (0.39937195, 0.70680004), (0.40205985, 0.7068624), (0.40540084, 0.70736015), (0.4048235, 0.7201906), (0.40163425, 0.71971536), (0.39937195, 0.70680004), (0.40205985, 0.7068624), (0.40163425, 0.71971536), (0.3990684, 0.71965575), (0.40163425, 0.71971536), (0.4048235, 0.7201906), (0.40446064, 0.73582953), (0.3990684, 0.71965575), (0.40163425, 0.71971536), (0.40446064, 0.73582953), (0.39995512, 0.73422194), (0.38354042, 0.761931), (0.3855144, 0.76290095), (0.3770538, 0.7669582), (0.37668622, 0.7651383), (0.39995512, 0.73422194), (0.40446064, 0.73582953), (0.39983365, 0.7471111), (0.3964326, 0.7454399), (0.39046147, 0.7555991), (0.39243534, 0.756569), (0.3855144, 0.76290095), (0.38354042, 0.761931), (0.3964326, 0.7454399), (0.39983365, 0.7471111), (0.39243534, 0.756569), (0.39046147, 0.7555991), (0.37668622, 0.7651383), (0.3770538, 0.7669582), (0.3704059, 0.7677877), (0.37017933, 0.7666651), (0.36277232, 0.35583782), (0.37616238, 0.35583782), (0.38113543, 0.417587), (0.36894438, 0.4181255), (0.37616238, 0.35583782), (0.38955227, 0.35583782), (0.3933265, 0.41704857), (0.38113543, 0.417587), (0.37511638, 0.48041323), (0.3861085, 0.4793362), (0.39038265, 0.53942776), (0.38055855, 0.5403903), (0.3861085, 0.4793362), (0.3971007, 0.47825935), (0.40020677, 0.53846526), (0.39038265, 0.53942776), (0.37118918, 0.29522815), (0.38215405, 0.2983031), (0.38462013, 0.31748137), (0.3728469, 0.3154314), (0.36176175, 0.29779056), (0.37118918, 0.29522815), (0.3728469, 0.3154314), (0.36209866, 0.31713966), (0.3614249, 0.27844146), (0.36953145, 0.27502492), (0.37118918, 0.29522815), (0.36176175, 0.29779056), (0.36953145, 0.27502492), (0.379688, 0.27912492), (0.38215405, 0.2983031), (0.37118918, 0.29522815), (0.9318579, 0.041707903), (0.9390056, 0.041642636), (0.9334577, 0.07830423), (0.92572427, 0.07837483), (0.92572427, 0.07837483), (0.9334577, 0.07830423), (0.9274544, 0.167552), (0.91302764, 0.16768375), (0.91302764, 0.16768375), (0.9274544, 0.167552), (0.92794645, 0.34899816), (0.91160893, 0.34914723), (0.91160893, 0.34914723), (0.92794645, 0.34899816), (0.92691857, 0.5364718), (0.9067237, 0.536656), (0.9099127, 0.60414374), (0.92770016, 0.60398144), (0.9284818, 0.67149115), (0.9131017, 0.67163146), (0.9131017, 0.67163146), (0.9284818, 0.67149115), (0.94358534, 0.7556873), (0.9244006, 0.7619871), (0.93215, 0.8184924), (0.9244006, 0.7619871), (0.94358534, 0.7556873), (0.9522134, 0.81338954), (0.9522134, 0.81338954), (0.9364932, 0.8648324), (0.9297883, 0.8619778), (0.9297883, 0.8619778), (0.9364932, 0.8648324), (0.9222863, 0.90228724), (0.91364413, 0.898141), (0.91364413, 0.898141), (0.9222863, 0.90228724), (0.8947607, 0.9423824), (0.8903161, 0.9385592), (0.8903161, 0.9385592), (0.8947607, 0.9423824), (0.86688805, 0.97819626), (0.85481375, 0.9818474), (0.9522134, 0.81338954), (0.9583461, 0.814082), (0.9594223, 0.8498684), (0.9532896, 0.84917593), (0.94358534, 0.7556873), (0.95567316, 0.7609266), (0.9583461, 0.814082), (0.9522134, 0.81338954), (0.9532896, 0.84917593), (0.9594223, 0.8498684), (0.96832997, 0.8811617), (0.96429324, 0.88703454), (0.96429324, 0.88703454), (0.96832997, 0.8811617), (0.983398, 0.8895027), (0.9820521, 0.89214677), (0.9284818, 0.67149115), (0.948148, 0.67131174), (0.95567316, 0.7609266), (0.94358534, 0.7556873), (0.92770016, 0.60398144), (0.9504448, 0.6037741), (0.948148, 0.67131174), (0.9284818, 0.67149115), (0.92794645, 0.34899816), (0.9488371, 0.34880763), (0.9527415, 0.5362365), (0.92691857, 0.5364718), (0.9274544, 0.167552), (0.94590163, 0.16738382), (0.9488371, 0.34880763), (0.92794645, 0.34899816), (0.9334577, 0.07830423), (0.9433464, 0.07821405), (0.94590163, 0.16738382), (0.9274544, 0.167552), (0.9390056, 0.041642636), (0.9481454, 0.04155934), (0.9433464, 0.07821405), (0.9334577, 0.07830423), (0.94455355, 0.004981102), (0.95294434, 0.004904629), (0.9481454, 0.04155934), (0.9390056, 0.041642636), (0.9379916, 0.005040945), (0.94455355, 0.004981102), (0.9390056, 0.041642636), (0.9318579, 0.041707903), (0.92691857, 0.5364718), (0.9527415, 0.5362365), (0.9504448, 0.6037741), (0.92770016, 0.60398144), (0.9067237, 0.536656), (0.92691857, 0.5364718), (0.92770016, 0.60398144), (0.9099127, 0.60414374), (0.67863446, 0.17357951), (0.68753344, 0.17628807), (0.6849513, 0.24120161), (0.67522883, 0.23824239), (0.67522883, 0.23824239), (0.6849513, 0.24120161), (0.6835387, 0.37324187), (0.67659223, 0.37112746), (0.67659223, 0.37112746), (0.6835387, 0.37324187), (0.67900234, 0.48361748), (0.6726719, 0.48289254), (0.6726719, 0.48289254), (0.67900234, 0.48361748), (0.6855124, 0.58497614), (0.671725, 0.5861349), (0.671725, 0.5861349), (0.6855124, 0.58497614), (0.6828771, 0.70915484), (0.6725488, 0.71002257), (0.67900234, 0.48361748), (0.687097, 0.48454428), (0.6855124, 0.58497614), (0.6725488, 0.71002257), (0.6828771, 0.70915484), (0.6874312, 0.7647269), (0.6788524, 0.7705436), (0.6788524, 0.7705436), (0.6874312, 0.7647269), (0.70709956, 0.7866168), (0.70344955, 0.7945895), (0.70344955, 0.7945895), (0.70709956, 0.7866168), (0.7684064, 0.8179074), (0.76690453, 0.82118803), (0.76690453, 0.82118803), (0.7684064, 0.8179074), (0.79979783, 0.8258245), (0.8009069, 0.8321606), (0.8009069, 0.8321606), (0.79979783, 0.8258245), (0.83052325, 0.8233266), (0.8288094, 0.8284786), (0.6835387, 0.37324187), (0.692421, 0.3759454), (0.687097, 0.48454428), (0.67900234, 0.48361748), (0.6849513, 0.24120161), (0.6973832, 0.24498555), (0.692421, 0.3759454), (0.6835387, 0.37324187), (0.68753344, 0.17628807), (0.6989122, 0.17975149), (0.6973832, 0.24498555), (0.6849513, 0.24120161), (0.93215, 0.8184924), (0.9522134, 0.81338954), (0.9297883, 0.8619778), (0.68901867, 0.10890677), (0.6993444, 0.11204969), (0.6989122, 0.17975149), (0.68753344, 0.17628807), (0.6809435, 0.10644885), (0.68901867, 0.10890677), (0.68753344, 0.17628807), (0.67863446, 0.17357951), (0.061265767, 0.70846343), (0.08159181, 0.7052229), (0.08823628, 0.76452905), (0.068773955, 0.76776963), (0.04128614, 0.7134779), (0.061265767, 0.70846343), (0.068773955, 0.76776963), (0.04879428, 0.7727842), (0.032958455, 0.12802482), (0.04267182, 0.12217323), (0.044268463, 0.2048772), (0.033463504, 0.20891666), (0.04267182, 0.12217323), (0.05238505, 0.11632166), (0.055073414, 0.20083773), (0.044268463, 0.2048772), (0.033755835, 0.306868), (0.046530366, 0.30234092), (0.048792213, 0.39980465), (0.034048166, 0.40481928), (0.046530366, 0.30234092), (0.059969984, 0.29870096), (0.06486662, 0.39656413), (0.048792213, 0.39980465), (0.03670915, 0.49241072), (0.051453203, 0.4873961), (0.05411414, 0.5749875), (0.03919741, 0.58000207), (0.051453203, 0.4873961), (0.0675276, 0.4841555), (0.07018854, 0.5717469), (0.05411414, 0.5749875), (0.03919741, 0.58000207), (0.05411414, 0.5749875), (0.061265767, 0.70846343), (0.04128614, 0.7134779), (0.05411414, 0.5749875), (0.07018854, 0.5717469), (0.08159181, 0.7052229), (0.061265767, 0.70846343), (0.04879428, 0.7727842), (0.068773955, 0.76776963), (0.0761505, 0.82673043), (0.056170765, 0.831745), (0.068773955, 0.76776963), (0.08823628, 0.76452905), (0.095612764, 0.8234897), (0.0761505, 0.82673043), (0.056170765, 0.831745), (0.0761505, 0.82673043), (0.11163226, 0.9062951), (0.07953117, 0.9147252), (0.0761505, 0.82673043), (0.095612764, 0.8234897), (0.11163226, 0.9062951), (0.07953117, 0.9147252), (0.11163226, 0.9062951), (0.12758468, 0.9280072), (0.120864235, 0.95337856), (0.120864235, 0.95337856), (0.12758468, 0.9280072), (0.16316107, 0.95104593), (0.15570422, 0.96418095), (0.15570422, 0.96418095), (0.16316107, 0.95104593), (0.17250341, 0.97437996), (0.041766115, 0.039296515), (0.050387677, 0.03163279), (0.05238505, 0.11632166), (0.04267182, 0.12217323), (0.03314448, 0.046960182), (0.041766115, 0.039296515), (0.04267182, 0.12217323), (0.032958455, 0.12802482), (0.048792213, 0.39980465), (0.06486662, 0.39656413), (0.0675276, 0.4841555), (0.051453203, 0.4873961), (0.034048166, 0.40481928), (0.048792213, 0.39980465), (0.051453203, 0.4873961), (0.03670915, 0.49241072), (0.044268463, 0.2048772), (0.055073414, 0.20083773), (0.059969984, 0.29870096), (0.046530366, 0.30234092), (0.033463504, 0.20891666), (0.044268463, 0.2048772), (0.046530366, 0.30234092), (0.033755835, 0.306868), (0.14687501, 0.28863347), (0.15838754, 0.28876907), (0.15998113, 0.3718987), (0.14846858, 0.3717631), (0.15679392, 0.20563932), (0.1452815, 0.20550376), (0.155173, 0.18733613), (0.16702186, 0.19443263), (0.15059333, 0.4530337), (0.16316822, 0.45263815), (0.16635525, 0.5333775), (0.15271804, 0.53430426), (0.15271804, 0.53430426), (0.16635525, 0.5333775), (0.17424938, 0.65296656), (0.16628322, 0.653508), (0.16628322, 0.653508), (0.17424938, 0.65296656), (0.18977815, 0.72041017), (0.17798416, 0.7210671), (0.1879381, 0.74618274), (0.19654295, 0.74342746), (0.20330782, 0.7664449), (0.19789208, 0.77129847), (0.17424938, 0.65296656), (0.18190491, 0.65273553), (0.18977815, 0.72041017), (0.16635525, 0.5333775), (0.17946121, 0.5329819), (0.18190491, 0.65273553), (0.17424938, 0.65296656), (0.16316822, 0.45263815), (0.17547734, 0.4525081), (0.17946121, 0.5329819), (0.16635525, 0.5333775), (0.15838754, 0.28876907), (0.16989996, 0.28890467), (0.17149349, 0.3720343), (0.15998113, 0.3718987), (0.16830638, 0.20577495), (0.15679392, 0.20563932), (0.16702186, 0.19443263), (0.16702186, 0.19443263), (0.155173, 0.18733613), (0.21129027, 0.07855804), (0.22187455, 0.08557437), (0.22187455, 0.08557437), (0.21129027, 0.07855804), (0.24716821, 0.030116364), (0.19789208, 0.77129847), (0.20330782, 0.7664449), (0.22065134, 0.78835744), (0.2174361, 0.7948805), (0.2174361, 0.7948805), (0.22065134, 0.78835744), (0.2569933, 0.8038999), (0.25589946, 0.8089059), (0.25589946, 0.8089059), (0.2569933, 0.8038999), (0.28288096, 0.80578166), (0.2817872, 0.8107879), (0.2817872, 0.8107879), (0.28288096, 0.80578166), (0.29677576, 0.81881005), (0.29432845, 0.82037395), (0.29432845, 0.82037395), (0.29677576, 0.81881005), (0.29881436, 0.83742946), (0.17798416, 0.7210671), (0.18977815, 0.72041017), (0.19654295, 0.74342746), (0.1879381, 0.74618274), (0.15679392, 0.20563932), (0.16830638, 0.20577495), (0.16989996, 0.28890467), (0.15838754, 0.28876907), (0.1452815, 0.20550376), (0.15679392, 0.20563932), (0.15838754, 0.28876907), (0.14687501, 0.28863347), (0.15998113, 0.3718987), (0.17149349, 0.3720343), (0.17547734, 0.4525081), (0.16316822, 0.45263815), (0.14846858, 0.3717631), (0.15998113, 0.3718987), (0.16316822, 0.45263815), (0.15059333, 0.4530337), (0.80677027, 0.41885626), (0.8084387, 0.45579755), (0.7959493, 0.45692196), (0.7946544, 0.41994703), (0.81188464, 0.4938052), (0.81533056, 0.53181285), (0.8020937, 0.53300464), (0.7990215, 0.49496332), (0.82350713, 0.4174616), (0.8268975, 0.45435983), (0.8084387, 0.45579755), (0.80677027, 0.41885626), (0.829577, 0.49232453), (0.8322565, 0.53028923), (0.81533056, 0.53181285), (0.81188464, 0.4938052), (0.8423629, 0.6405697), (0.8457317, 0.67732984), (0.8337596, 0.67840755), (0.82915235, 0.64175886), (0.8482839, 0.7081866), (0.8508361, 0.73904335), (0.8439025, 0.73966753), (0.83883107, 0.70903754), (0.83883107, 0.70903754), (0.8439025, 0.73966753), (0.83848023, 0.74015564), (0.83143866, 0.7097031), (0.82915235, 0.64175886), (0.8337596, 0.67840755), (0.8243971, 0.6792505), (0.81882125, 0.642689), (0.8199378, 0.56846154), (0.8245451, 0.60511017), (0.81324536, 0.60612756), (0.8076695, 0.56956613), (0.8356253, 0.5670494), (0.8389941, 0.60380954), (0.8245451, 0.60511017), (0.8199378, 0.56846154), (0.8337596, 0.67840755), (0.83883107, 0.70903754), (0.83143866, 0.7097031), (0.8243971, 0.6792505), (0.8457317, 0.67732984), (0.8482839, 0.7081866), (0.83883107, 0.70903754), (0.8337596, 0.67840755), (0.8201168, 0.38056338), (0.82350713, 0.4174616), (0.80677027, 0.41885626), (0.8051018, 0.38191497), (0.8051018, 0.38191497), (0.80677027, 0.41885626), (0.7946544, 0.41994703), (0.7933595, 0.38297212), (0.8245451, 0.60511017), (0.82915235, 0.64175886), (0.81882125, 0.642689), (0.81324536, 0.60612756), (0.8389941, 0.60380954), (0.8423629, 0.6405697), (0.82915235, 0.64175886), (0.8245451, 0.60511017), (0.8322565, 0.53028923), (0.8356253, 0.5670494), (0.8199378, 0.56846154), (0.81533056, 0.53181285), (0.81533056, 0.53181285), (0.8199378, 0.56846154), (0.8076695, 0.56956613), (0.8020937, 0.53300464), (0.8268975, 0.45435983), (0.829577, 0.49232453), (0.81188464, 0.4938052), (0.8084387, 0.45579755), (0.8084387, 0.45579755), (0.81188464, 0.4938052), (0.7990215, 0.49496332), (0.7959493, 0.45692196), (0.14687501, 0.28863347), (0.15838754, 0.28876907), (0.15998113, 0.3718987), (0.14846858, 0.3717631), (0.15679392, 0.20563932), (0.1452815, 0.20550376), (0.155173, 0.18733613), (0.16702186, 0.19443263), (0.15059333, 0.4530337), (0.16316822, 0.45263815), (0.16635525, 0.5333775), (0.15271804, 0.53430426), (0.15271804, 0.53430426), (0.16635525, 0.5333775), (0.17424938, 0.65296656), (0.16628322, 0.653508), (0.16628322, 0.653508), (0.17424938, 0.65296656), (0.18977815, 0.72041017), (0.17798416, 0.7210671), (0.1879381, 0.74618274), (0.19654295, 0.74342746), (0.20330782, 0.7664449), (0.19789208, 0.77129847), (0.17424938, 0.65296656), (0.18190491, 0.65273553), (0.18977815, 0.72041017), (0.16635525, 0.5333775), (0.17946121, 0.5329819), (0.18190491, 0.65273553), (0.17424938, 0.65296656), (0.16316822, 0.45263815), (0.17547734, 0.4525081), (0.17946121, 0.5329819), (0.16635525, 0.5333775), (0.15838754, 0.28876907), (0.16989996, 0.28890467), (0.17149349, 0.3720343), (0.15998113, 0.3718987), (0.16830638, 0.20577495), (0.15679392, 0.20563932), (0.16702186, 0.19443263), (0.16702186, 0.19443263), (0.155173, 0.18733613), (0.21129027, 0.07855804), (0.22187455, 0.08557437), (0.22187455, 0.08557437), (0.21129027, 0.07855804), (0.24716821, 0.030116364), (0.19789208, 0.77129847), (0.20330782, 0.7664449), (0.22065134, 0.78835744), (0.2174361, 0.7948805), (0.2174361, 0.7948805), (0.22065134, 0.78835744), (0.2569933, 0.8038999), (0.25589946, 0.8089059), (0.25589946, 0.8089059), (0.2569933, 0.8038999), (0.28288096, 0.80578166), (0.2817872, 0.8107879), (0.2817872, 0.8107879), (0.28288096, 0.80578166), (0.29677576, 0.81881005), (0.29432845, 0.82037395), (0.29432845, 0.82037395), (0.29677576, 0.81881005), (0.29881436, 0.83742946), (0.17798416, 0.7210671), (0.18977815, 0.72041017), (0.19654295, 0.74342746), (0.1879381, 0.74618274), (0.15679392, 0.20563932), (0.16830638, 0.20577495), (0.16989996, 0.28890467), (0.15838754, 0.28876907), (0.1452815, 0.20550376), (0.15679392, 0.20563932), (0.15838754, 0.28876907), (0.14687501, 0.28863347), (0.15998113, 0.3718987), (0.17149349, 0.3720343), (0.17547734, 0.4525081), (0.16316822, 0.45263815), (0.14846858, 0.3717631), (0.15998113, 0.3718987), (0.16316822, 0.45263815), (0.15059333, 0.4530337), (0.8410471, 0.0013935042), (0.84832036, 0.0024967415), (0.84126866, 0.060012423), (0.8339954, 0.05890929), (0.8339954, 0.05890929), (0.84126866, 0.060012423), (0.83421695, 0.11752829), (0.8269437, 0.11642507), (0.84126866, 0.060012423), (0.8505693, 0.061423138), (0.8435176, 0.118939), (0.83421695, 0.11752829), (0.84832036, 0.0024967415), (0.857621, 0.0039074495), (0.8505693, 0.061423138), (0.84126866, 0.060012423), (0.83421695, 0.11752829), (0.8435176, 0.118939), (0.8320583, 0.206645), (0.82275796, 0.20523429), (0.82275796, 0.20523429), (0.8320583, 0.206645), (0.83450687, 0.27000046), (0.8239822, 0.26644734), (0.8154846, 0.20413108), (0.82275796, 0.20523429), (0.8239822, 0.26644734), (0.8069147, 0.2656502), (0.8269437, 0.11642507), (0.83421695, 0.11752829), (0.82275796, 0.20523429), (0.8154846, 0.20413108), (0.36209866, 0.31713966), (0.3728469, 0.3154314), (0.37616238, 0.35583782), (0.36277232, 0.35583782), (0.3728469, 0.3154314), (0.38462013, 0.31748137), (0.38955227, 0.35583782), (0.37616238, 0.35583782), (0.38113543, 0.417587), (0.3933265, 0.41704857), (0.3971007, 0.47825935), (0.3861085, 0.4793362), (0.36894438, 0.4181255), (0.38113543, 0.417587), (0.3861085, 0.4793362), (0.37511638, 0.48041323), (0.39038265, 0.53942776), (0.40020677, 0.53846526), (0.4033129, 0.5986712), (0.39465678, 0.5995194), (0.38055855, 0.5403903), (0.39038265, 0.53942776), (0.39465678, 0.5995194), (0.38600078, 0.6003674), (0.39465678, 0.5995194), (0.4033129, 0.5986712), (0.4069138, 0.66247296), (0.4005357, 0.66309774), (0.38600078, 0.6003674), (0.39465678, 0.5995194), (0.4005357, 0.66309774), (0.3941575, 0.6637226), (0.4005357, 0.66309774), (0.4069138, 0.66247296), (0.40540084, 0.70736015), (0.40205985, 0.7068624), (0.3941575, 0.6637226), (0.4005357, 0.66309774), (0.40205985, 0.7068624), (0.39937195, 0.70680004), (0.40205985, 0.7068624), (0.40540084, 0.70736015), (0.4048235, 0.7201906), (0.40163425, 0.71971536), (0.39937195, 0.70680004), (0.40205985, 0.7068624), (0.40163425, 0.71971536), (0.3990684, 0.71965575), (0.40163425, 0.71971536), (0.4048235, 0.7201906), (0.40446064, 0.73582953), (0.3990684, 0.71965575), (0.40163425, 0.71971536), (0.40446064, 0.73582953), (0.39995512, 0.73422194), (0.38354042, 0.761931), (0.3855144, 0.76290095), (0.3770538, 0.7669582), (0.37668622, 0.7651383), (0.39995512, 0.73422194), (0.40446064, 0.73582953), (0.39983365, 0.7471111), (0.3964326, 0.7454399), (0.39046147, 0.7555991), (0.39243534, 0.756569), (0.3855144, 0.76290095), (0.38354042, 0.761931), (0.3964326, 0.7454399), (0.39983365, 0.7471111), (0.39243534, 0.756569), (0.39046147, 0.7555991), (0.37668622, 0.7651383), (0.3770538, 0.7669582), (0.3704059, 0.7677877), (0.37017933, 0.7666651), (0.36277232, 0.35583782), (0.37616238, 0.35583782), (0.38113543, 0.417587), (0.36894438, 0.4181255), (0.37616238, 0.35583782), (0.38955227, 0.35583782), (0.3933265, 0.41704857), (0.38113543, 0.417587), (0.37511638, 0.48041323), (0.3861085, 0.4793362), (0.39038265, 0.53942776), (0.38055855, 0.5403903), (0.3861085, 0.4793362), (0.3971007, 0.47825935), (0.40020677, 0.53846526), (0.39038265, 0.53942776), (0.37118918, 0.29522815), (0.38215405, 0.2983031), (0.38462013, 0.31748137), (0.3728469, 0.3154314), (0.36176175, 0.29779056), (0.37118918, 0.29522815), (0.3728469, 0.3154314), (0.36209866, 0.31713966), (0.3614249, 0.27844146), (0.36953145, 0.27502492), (0.37118918, 0.29522815), (0.36176175, 0.29779056), (0.36953145, 0.27502492), (0.379688, 0.27912492), (0.38215405, 0.2983031), (0.37118918, 0.29522815), (0.67863446, 0.17357951), (0.68753344, 0.17628807), (0.6849513, 0.24120161), (0.67522883, 0.23824239), (0.67591053, 0.3046849), (0.684245, 0.30722174), (0.6835387, 0.37324187), (0.67659223, 0.37112746), (0.67659223, 0.37112746), (0.6835387, 0.37324187), (0.67900234, 0.48361748), (0.6726719, 0.48289254), (0.6726719, 0.48289254), (0.67900234, 0.48361748), (0.6855124, 0.58497614), (0.671725, 0.5861349), (0.6721369, 0.6480788), (0.68419474, 0.64706546), (0.6828771, 0.70915484), (0.6725488, 0.71002257), (0.67900234, 0.48361748), (0.687097, 0.48454428), (0.6855124, 0.58497614), (0.6725488, 0.71002257), (0.6828771, 0.70915484), (0.6874312, 0.7647269), (0.6788524, 0.7705436), (0.6788524, 0.7705436), (0.6874312, 0.7647269), (0.70709956, 0.7866168), (0.70344955, 0.7945895), (0.70344955, 0.7945895), (0.70709956, 0.7866168), (0.7684064, 0.8179074), (0.76690453, 0.82118803), (0.76690453, 0.82118803), (0.7684064, 0.8179074), (0.79979783, 0.8258245), (0.8009069, 0.8321606), (0.8009069, 0.8321606), (0.79979783, 0.8258245), (0.83052325, 0.8233266), (0.8288094, 0.8284786), (0.6835387, 0.37324187), (0.692421, 0.3759454), (0.687097, 0.48454428), (0.67900234, 0.48361748), (0.684245, 0.30722174), (0.6949022, 0.3104655), (0.692421, 0.3759454), (0.6835387, 0.37324187), (0.68753344, 0.17628807), (0.6989122, 0.17975149), (0.6973832, 0.24498555), (0.6849513, 0.24120161), (0.671725, 0.5861349), (0.6855124, 0.58497614), (0.68419474, 0.64706546), (0.6721369, 0.6480788), (0.6849513, 0.24120161), (0.6973832, 0.24498555), (0.6949022, 0.3104655), (0.684245, 0.30722174), (0.67522883, 0.23824239), (0.6849513, 0.24120161), (0.684245, 0.30722174), (0.67591053, 0.3046849), (0.68772763, 0.14136349), (0.69857997, 0.14466669), (0.6989122, 0.17975149), (0.68753344, 0.17628807), (0.6792406, 0.13878025), (0.68772763, 0.14136349), (0.68753344, 0.17628807), (0.67863446, 0.17357951), (0.6809435, 0.10644885), (0.68901867, 0.10890677), (0.68772763, 0.14136349), (0.6792406, 0.13878025), (0.68901867, 0.10890677), (0.6993444, 0.11204969), (0.69857997, 0.14466669), (0.68772763, 0.14136349), (0.9318579, 0.041707903), (0.9390056, 0.041642636), (0.9334577, 0.07830423), (0.92572427, 0.07837483), (0.92572427, 0.07837483), (0.9334577, 0.07830423), (0.9274544, 0.167552), (0.91302764, 0.16768375), (0.91302764, 0.16768375), (0.9274544, 0.167552), (0.92794645, 0.34899816), (0.91160893, 0.34914723), (0.91160893, 0.34914723), (0.92794645, 0.34899816), (0.92691857, 0.5364718), (0.9067237, 0.536656), (0.9099127, 0.60414374), (0.92770016, 0.60398144), (0.9284818, 0.67149115), (0.9131017, 0.67163146), (0.9131017, 0.67163146), (0.9284818, 0.67149115), (0.94358534, 0.7556873), (0.9244006, 0.7619871), (0.93215, 0.8184924), (0.9244006, 0.7619871), (0.94358534, 0.7556873), (0.9522134, 0.81338954), (0.9522134, 0.81338954), (0.9364932, 0.8648324), (0.9297883, 0.8619778), (0.9297883, 0.8619778), (0.9364932, 0.8648324), (0.9222863, 0.90228724), (0.91364413, 0.898141), (0.91364413, 0.898141), (0.9222863, 0.90228724), (0.8947607, 0.9423824), (0.8903161, 0.9385592), (0.8903161, 0.9385592), (0.8947607, 0.9423824), (0.86688805, 0.97819626), (0.85481375, 0.9818474), (0.9522134, 0.81338954), (0.9583461, 0.814082), (0.9594223, 0.8498684), (0.9532896, 0.84917593), (0.94358534, 0.7556873), (0.95567316, 0.7609266), (0.9583461, 0.814082), (0.9522134, 0.81338954), (0.9532896, 0.84917593), (0.9594223, 0.8498684), (0.96832997, 0.8811617), (0.96429324, 0.88703454), (0.96429324, 0.88703454), (0.96832997, 0.8811617), (0.983398, 0.8895027), (0.9820521, 0.89214677), (0.9284818, 0.67149115), (0.948148, 0.67131174), (0.95567316, 0.7609266), (0.94358534, 0.7556873), (0.92770016, 0.60398144), (0.9504448, 0.6037741), (0.948148, 0.67131174), (0.9284818, 0.67149115), (0.92794645, 0.34899816), (0.9488371, 0.34880763), (0.9527415, 0.5362365), (0.92691857, 0.5364718), (0.9274544, 0.167552), (0.94590163, 0.16738382), (0.9488371, 0.34880763), (0.92794645, 0.34899816), (0.9334577, 0.07830423), (0.9433464, 0.07821405), (0.94590163, 0.16738382), (0.9274544, 0.167552), (0.9390056, 0.041642636), (0.9481454, 0.04155934), (0.9433464, 0.07821405), (0.9334577, 0.07830423), (0.94455355, 0.004981102), (0.95294434, 0.004904629), (0.9481454, 0.04155934), (0.9390056, 0.041642636), (0.9379916, 0.005040945), (0.94455355, 0.004981102), (0.9390056, 0.041642636), (0.9318579, 0.041707903), (0.92691857, 0.5364718), (0.9527415, 0.5362365), (0.9504448, 0.6037741), (0.92770016, 0.60398144), (0.9067237, 0.536656), (0.92691857, 0.5364718), (0.92770016, 0.60398144), (0.9099127, 0.60414374), (0.9379916, 0.005040945), (0.94455355, 0.004981102), (0.9334577, 0.07830423), (0.92572427, 0.07837483), (0.92572427, 0.07837483), (0.9334577, 0.07830423), (0.9274544, 0.167552), (0.91302764, 0.16768375), (0.91302764, 0.16768375), (0.9274544, 0.167552), (0.92794645, 0.34899816), (0.91160893, 0.34914723), (0.91160893, 0.34914723), (0.92794645, 0.34899816), (0.92691857, 0.5364718), (0.9067237, 0.536656), (0.9067237, 0.536656), (0.92691857, 0.5364718), (0.9284818, 0.67149115), (0.9131017, 0.67163146), (0.9131017, 0.67163146), (0.9284818, 0.67149115), (0.94358534, 0.7556873), (0.9244006, 0.7619871), (0.93215, 0.8184924), (0.9244006, 0.7619871), (0.94358534, 0.7556873), (0.9522134, 0.81338954), (0.93215, 0.8184924), (0.9522134, 0.81338954), (0.9364932, 0.8648324), (0.9297883, 0.8619778), (0.9217163, 0.88005936), (0.9293897, 0.8835598), (0.9222863, 0.90228724), (0.91364413, 0.898141), (0.90115744, 0.91835016), (0.90770096, 0.9223348), (0.8947607, 0.9423824), (0.8903161, 0.9385592), (0.8903161, 0.9385592), (0.8947607, 0.9423824), (0.86688805, 0.97819626), (0.85481375, 0.9818474), (0.9522134, 0.81338954), (0.9583461, 0.814082), (0.9594223, 0.8498684), (0.9532896, 0.84917593), (0.94358534, 0.7556873), (0.95567316, 0.7609266), (0.9583461, 0.814082), (0.9522134, 0.81338954), (0.9532896, 0.84917593), (0.9594223, 0.8498684), (0.96832997, 0.8811617), (0.96429324, 0.88703454), (0.96429324, 0.88703454), (0.96832997, 0.8811617), (0.983398, 0.8895027), (0.9820521, 0.89214677), (0.9284818, 0.67149115), (0.948148, 0.67131174), (0.95567316, 0.7609266), (0.94358534, 0.7556873), (0.92691857, 0.5364718), (0.9527415, 0.5362365), (0.948148, 0.67131174), (0.9284818, 0.67149115), (0.92794645, 0.34899816), (0.9488371, 0.34880763), (0.9527415, 0.5362365), (0.92691857, 0.5364718), (0.9274544, 0.167552), (0.94590163, 0.16738382), (0.9488371, 0.34880763), (0.92794645, 0.34899816), (0.9334577, 0.07830423), (0.9433464, 0.07821405), (0.94590163, 0.16738382), (0.9274544, 0.167552), (0.94455355, 0.004981102), (0.95294434, 0.004904629), (0.9433464, 0.07821405), (0.9334577, 0.07830423), (0.90781206, 0.9082456), (0.91540486, 0.91231096), (0.90770096, 0.9223348), (0.90115744, 0.91835016), (0.91364413, 0.898141), (0.9222863, 0.90228724), (0.91540486, 0.91231096), (0.90781206, 0.9082456), (0.9297883, 0.8619778), (0.9364932, 0.8648324), (0.9293897, 0.8835598), (0.9217163, 0.88005936), (0.6809435, 0.10644885), (0.68901867, 0.10890677), (0.6849513, 0.24120161), (0.67522883, 0.23824239), (0.67522883, 0.23824239), (0.6849513, 0.24120161), (0.6835387, 0.37324187), (0.67659223, 0.37112746), (0.67659223, 0.37112746), (0.6835387, 0.37324187), (0.67900234, 0.48361748), (0.6726719, 0.48289254), (0.6726719, 0.48289254), (0.67900234, 0.48361748), (0.6855124, 0.58497614), (0.671725, 0.5861349), (0.671725, 0.5861349), (0.6855124, 0.58497614), (0.6828771, 0.70915484), (0.6725488, 0.71002257), (0.67900234, 0.48361748), (0.687097, 0.48454428), (0.6855124, 0.58497614), (0.6725488, 0.71002257), (0.6828771, 0.70915484), (0.6874312, 0.7647269), (0.6788524, 0.7705436), (0.6788524, 0.7705436), (0.6874312, 0.7647269), (0.70709956, 0.7866168), (0.70344955, 0.7945895), (0.70344955, 0.7945895), (0.70709956, 0.7866168), (0.7684064, 0.8179074), (0.76690453, 0.82118803), (0.76690453, 0.82118803), (0.7684064, 0.8179074), (0.79979783, 0.8258245), (0.8009069, 0.8321606), (0.8009069, 0.8321606), (0.79979783, 0.8258245), (0.83052325, 0.8233266), (0.8288094, 0.8284786), (0.6835387, 0.37324187), (0.692421, 0.3759454), (0.687097, 0.48454428), (0.67900234, 0.48361748), (0.6849513, 0.24120161), (0.6973832, 0.24498555), (0.692421, 0.3759454), (0.6835387, 0.37324187), (0.68901867, 0.10890677), (0.6993444, 0.11204969), (0.6973832, 0.24498555), (0.6849513, 0.24120161), (0.93215, 0.8184924), (0.9522134, 0.81338954), (0.9297883, 0.8619778), (0.80677027, 0.41885626), (0.8084387, 0.45579755), (0.7959493, 0.45692196), (0.7946544, 0.41994703), (0.81188464, 0.4938052), (0.81533056, 0.53181285), (0.8020937, 0.53300464), (0.7990215, 0.49496332), (0.82350713, 0.4174616), (0.8268975, 0.45435983), (0.8084387, 0.45579755), (0.80677027, 0.41885626), (0.829577, 0.49232453), (0.8322565, 0.53028923), (0.81533056, 0.53181285), (0.81188464, 0.4938052), (0.8423629, 0.6405697), (0.8457317, 0.67732984), (0.8337596, 0.67840755), (0.82915235, 0.64175886), (0.8482839, 0.7081866), (0.8508361, 0.73904335), (0.8439025, 0.73966753), (0.83883107, 0.70903754), (0.83883107, 0.70903754), (0.8439025, 0.73966753), (0.83848023, 0.74015564), (0.83143866, 0.7097031), (0.82915235, 0.64175886), (0.8337596, 0.67840755), (0.8243971, 0.6792505), (0.81882125, 0.642689), (0.8199378, 0.56846154), (0.8245451, 0.60511017), (0.81324536, 0.60612756), (0.8076695, 0.56956613), (0.8356253, 0.5670494), (0.8389941, 0.60380954), (0.8245451, 0.60511017), (0.8199378, 0.56846154), (0.8337596, 0.67840755), (0.83883107, 0.70903754), (0.83143866, 0.7097031), (0.8243971, 0.6792505), (0.8457317, 0.67732984), (0.8482839, 0.7081866), (0.83883107, 0.70903754), (0.8337596, 0.67840755), (0.8201168, 0.38056338), (0.82350713, 0.4174616), (0.80677027, 0.41885626), (0.8051018, 0.38191497), (0.8051018, 0.38191497), (0.80677027, 0.41885626), (0.7946544, 0.41994703), (0.7933595, 0.38297212), (0.8245451, 0.60511017), (0.82915235, 0.64175886), (0.81882125, 0.642689), (0.81324536, 0.60612756), (0.8389941, 0.60380954), (0.8423629, 0.6405697), (0.82915235, 0.64175886), (0.8245451, 0.60511017), (0.8322565, 0.53028923), (0.8356253, 0.5670494), (0.8199378, 0.56846154), (0.81533056, 0.53181285), (0.81533056, 0.53181285), (0.8199378, 0.56846154), (0.8076695, 0.56956613), (0.8020937, 0.53300464), (0.8268975, 0.45435983), (0.829577, 0.49232453), (0.81188464, 0.4938052), (0.8084387, 0.45579755), (0.8084387, 0.45579755), (0.81188464, 0.4938052), (0.7990215, 0.49496332), (0.7959493, 0.45692196), (0.032958455, 0.12802482), (0.04267182, 0.12217323), (0.044268463, 0.2048772), (0.033463504, 0.20891666), (0.04267182, 0.12217323), (0.05238505, 0.11632166), (0.055073414, 0.20083773), (0.044268463, 0.2048772), (0.033755835, 0.306868), (0.046530366, 0.30234092), (0.048792213, 0.39980465), (0.034048166, 0.40481928), (0.046530366, 0.30234092), (0.059969984, 0.29870096), (0.06486662, 0.39656413), (0.048792213, 0.39980465), (0.03670915, 0.49241072), (0.051453203, 0.4873961), (0.05411414, 0.5749875), (0.03919741, 0.58000207), (0.051453203, 0.4873961), (0.0675276, 0.4841555), (0.07018854, 0.5717469), (0.05411414, 0.5749875), (0.03919741, 0.58000207), (0.05411414, 0.5749875), (0.061265767, 0.70846343), (0.04128614, 0.7134779), (0.05411414, 0.5749875), (0.07018854, 0.5717469), (0.08159181, 0.7052229), (0.061265767, 0.70846343), (0.04128614, 0.7134779), (0.061265767, 0.70846343), (0.0761505, 0.82673043), (0.056170765, 0.831745), (0.061265767, 0.70846343), (0.08159181, 0.7052229), (0.095612764, 0.8234897), (0.0761505, 0.82673043), (0.056170765, 0.831745), (0.0761505, 0.82673043), (0.11163226, 0.9062951), (0.07953117, 0.9147252), (0.0761505, 0.82673043), (0.095612764, 0.8234897), (0.11163226, 0.9062951), (0.07953117, 0.9147252), (0.11163226, 0.9062951), (0.12758468, 0.9280072), (0.120864235, 0.95337856), (0.120864235, 0.95337856), (0.12758468, 0.9280072), (0.16316107, 0.95104593), (0.15570422, 0.96418095), (0.15570422, 0.96418095), (0.16316107, 0.95104593), (0.17250341, 0.97437996), (0.041766115, 0.039296515), (0.050387677, 0.03163279), (0.05238505, 0.11632166), (0.04267182, 0.12217323), (0.03314448, 0.046960182), (0.041766115, 0.039296515), (0.04267182, 0.12217323), (0.032958455, 0.12802482), (0.048792213, 0.39980465), (0.06486662, 0.39656413), (0.0675276, 0.4841555), (0.051453203, 0.4873961), (0.034048166, 0.40481928), (0.048792213, 0.39980465), (0.051453203, 0.4873961), (0.03670915, 0.49241072), (0.044268463, 0.2048772), (0.055073414, 0.20083773), (0.059969984, 0.29870096), (0.046530366, 0.30234092), (0.033463504, 0.20891666), (0.044268463, 0.2048772), (0.046530366, 0.30234092), (0.033755835, 0.306868), (0.36209866, 0.31713966), (0.3728469, 0.3154314), (0.37616238, 0.35583782), (0.36277232, 0.35583782), (0.3728469, 0.3154314), (0.38462013, 0.31748137), (0.38955227, 0.35583782), (0.37616238, 0.35583782), (0.38113543, 0.417587), (0.3933265, 0.41704857), (0.3971007, 0.47825935), (0.3861085, 0.4793362), (0.36894438, 0.4181255), (0.38113543, 0.417587), (0.3861085, 0.4793362), (0.37511638, 0.48041323), (0.39038265, 0.53942776), (0.40020677, 0.53846526), (0.4033129, 0.5986712), (0.39465678, 0.5995194), (0.38055855, 0.5403903), (0.39038265, 0.53942776), (0.39465678, 0.5995194), (0.38600078, 0.6003674), (0.39465678, 0.5995194), (0.4033129, 0.5986712), (0.4069138, 0.66247296), (0.4005357, 0.66309774), (0.38600078, 0.6003674), (0.39465678, 0.5995194), (0.4005357, 0.66309774), (0.3941575, 0.6637226), (0.4005357, 0.66309774), (0.4069138, 0.66247296), (0.40540084, 0.70736015), (0.40205985, 0.7068624), (0.3941575, 0.6637226), (0.4005357, 0.66309774), (0.40205985, 0.7068624), (0.39937195, 0.70680004), (0.40205985, 0.7068624), (0.40540084, 0.70736015), (0.4048235, 0.7201906), (0.40163425, 0.71971536), (0.39937195, 0.70680004), (0.40205985, 0.7068624), (0.40163425, 0.71971536), (0.3990684, 0.71965575), (0.40163425, 0.71971536), (0.4048235, 0.7201906), (0.40446064, 0.73582953), (0.3990684, 0.71965575), (0.40163425, 0.71971536), (0.40446064, 0.73582953), (0.39995512, 0.73422194), (0.38354042, 0.761931), (0.3855144, 0.76290095), (0.3770538, 0.7669582), (0.37668622, 0.7651383), (0.39995512, 0.73422194), (0.40446064, 0.73582953), (0.39983365, 0.7471111), (0.3964326, 0.7454399), (0.39046147, 0.7555991), (0.39243534, 0.756569), (0.3855144, 0.76290095), (0.38354042, 0.761931), (0.3964326, 0.7454399), (0.39983365, 0.7471111), (0.39243534, 0.756569), (0.39046147, 0.7555991), (0.37668622, 0.7651383), (0.3770538, 0.7669582), (0.3704059, 0.7677877), (0.37017933, 0.7666651), (0.36277232, 0.35583782), (0.37616238, 0.35583782), (0.38113543, 0.417587), (0.36894438, 0.4181255), (0.37616238, 0.35583782), (0.38955227, 0.35583782), (0.3933265, 0.41704857), (0.38113543, 0.417587), (0.37511638, 0.48041323), (0.3861085, 0.4793362), (0.39038265, 0.53942776), (0.38055855, 0.5403903), (0.3861085, 0.4793362), (0.3971007, 0.47825935), (0.40020677, 0.53846526), (0.39038265, 0.53942776), (0.37118918, 0.29522815), (0.38215405, 0.2983031), (0.38462013, 0.31748137), (0.3728469, 0.3154314), (0.36176175, 0.29779056), (0.37118918, 0.29522815), (0.3728469, 0.3154314), (0.36209866, 0.31713966), (0.3614249, 0.27844146), (0.36953145, 0.27502492), (0.37118918, 0.29522815), (0.36176175, 0.29779056), (0.36953145, 0.27502492), (0.379688, 0.27912492), (0.38215405, 0.2983031), (0.37118918, 0.29522815), (0.9318579, 0.041707903), (0.9390056, 0.041642636), (0.9334577, 0.07830423), (0.92572427, 0.07837483), (0.92572427, 0.07837483), (0.9334577, 0.07830423), (0.9274544, 0.167552), (0.91302764, 0.16768375), (0.91302764, 0.16768375), (0.9274544, 0.167552), (0.92794645, 0.34899816), (0.91160893, 0.34914723), (0.91160893, 0.34914723), (0.92794645, 0.34899816), (0.92691857, 0.5364718), (0.9067237, 0.536656), (0.9099127, 0.60414374), (0.92770016, 0.60398144), (0.9284818, 0.67149115), (0.9131017, 0.67163146), (0.9131017, 0.67163146), (0.9284818, 0.67149115), (0.94358534, 0.7556873), (0.9244006, 0.7619871), (0.93215, 0.8184924), (0.9244006, 0.7619871), (0.94358534, 0.7556873), (0.9522134, 0.81338954), (0.9522134, 0.81338954), (0.9364932, 0.8648324), (0.9297883, 0.8619778), (0.9297883, 0.8619778), (0.9364932, 0.8648324), (0.9222863, 0.90228724), (0.91364413, 0.898141), (0.91364413, 0.898141), (0.9222863, 0.90228724), (0.8947607, 0.9423824), (0.8903161, 0.9385592), (0.8903161, 0.9385592), (0.8947607, 0.9423824), (0.86688805, 0.97819626), (0.85481375, 0.9818474), (0.9522134, 0.81338954), (0.9583461, 0.814082), (0.9594223, 0.8498684), (0.9532896, 0.84917593), (0.94358534, 0.7556873), (0.95567316, 0.7609266), (0.9583461, 0.814082), (0.9522134, 0.81338954), (0.9532896, 0.84917593), (0.9594223, 0.8498684), (0.96832997, 0.8811617), (0.96429324, 0.88703454), (0.96429324, 0.88703454), (0.96832997, 0.8811617), (0.983398, 0.8895027), (0.9820521, 0.89214677), (0.9284818, 0.67149115), (0.948148, 0.67131174), (0.95567316, 0.7609266), (0.94358534, 0.7556873), (0.92770016, 0.60398144), (0.9504448, 0.6037741), (0.948148, 0.67131174), (0.9284818, 0.67149115), (0.92794645, 0.34899816), (0.9488371, 0.34880763), (0.9527415, 0.5362365), (0.92691857, 0.5364718), (0.9274544, 0.167552), (0.94590163, 0.16738382), (0.9488371, 0.34880763), (0.92794645, 0.34899816), (0.9334577, 0.07830423), (0.9433464, 0.07821405), (0.94590163, 0.16738382), (0.9274544, 0.167552), (0.9390056, 0.041642636), (0.9481454, 0.04155934), (0.9433464, 0.07821405), (0.9334577, 0.07830423), (0.94455355, 0.004981102), (0.95294434, 0.004904629), (0.9481454, 0.04155934), (0.9390056, 0.041642636), (0.9379916, 0.005040945), (0.94455355, 0.004981102), (0.9390056, 0.041642636), (0.9318579, 0.041707903), (0.92691857, 0.5364718), (0.9527415, 0.5362365), (0.9504448, 0.6037741), (0.92770016, 0.60398144), (0.9067237, 0.536656), (0.92691857, 0.5364718), (0.92770016, 0.60398144), (0.9099127, 0.60414374), (0.67863446, 0.17357951), (0.68753344, 0.17628807), (0.6849513, 0.24120161), (0.67522883, 0.23824239), (0.67522883, 0.23824239), (0.6849513, 0.24120161), (0.6835387, 0.37324187), (0.67659223, 0.37112746), (0.67659223, 0.37112746), (0.6835387, 0.37324187), (0.67900234, 0.48361748), (0.6726719, 0.48289254), (0.6726719, 0.48289254), (0.67900234, 0.48361748), (0.6855124, 0.58497614), (0.671725, 0.5861349), (0.671725, 0.5861349), (0.6855124, 0.58497614), (0.6828771, 0.70915484), (0.6725488, 0.71002257), (0.67900234, 0.48361748), (0.687097, 0.48454428), (0.6855124, 0.58497614), (0.6725488, 0.71002257), (0.6828771, 0.70915484), (0.6874312, 0.7647269), (0.6788524, 0.7705436), (0.6788524, 0.7705436), (0.6874312, 0.7647269), (0.70709956, 0.7866168), (0.70344955, 0.7945895), (0.70344955, 0.7945895), (0.70709956, 0.7866168), (0.7684064, 0.8179074), (0.76690453, 0.82118803), (0.76690453, 0.82118803), (0.7684064, 0.8179074), (0.79979783, 0.8258245), (0.8009069, 0.8321606), (0.8009069, 0.8321606), (0.79979783, 0.8258245), (0.83052325, 0.8233266), (0.8288094, 0.8284786), (0.6835387, 0.37324187), (0.692421, 0.3759454), (0.687097, 0.48454428), (0.67900234, 0.48361748), (0.6849513, 0.24120161), (0.6973832, 0.24498555), (0.692421, 0.3759454), (0.6835387, 0.37324187), (0.68753344, 0.17628807), (0.6989122, 0.17975149), (0.6973832, 0.24498555), (0.6849513, 0.24120161), (0.93215, 0.8184924), (0.9522134, 0.81338954), (0.9297883, 0.8619778), (0.68901867, 0.10890677), (0.6993444, 0.11204969), (0.6989122, 0.17975149), (0.68753344, 0.17628807), (0.6809435, 0.10644885), (0.68901867, 0.10890677), (0.68753344, 0.17628807), (0.67863446, 0.17357951), (0.061265767, 0.70846343), (0.08159181, 0.7052229), (0.08823628, 0.76452905), (0.068773955, 0.76776963), (0.04128614, 0.7134779), (0.061265767, 0.70846343), (0.068773955, 0.76776963), (0.04879428, 0.7727842), (0.4677156, 0.23755102), (0.46445534, 0.28164974), (0.46148804, 0.28217906), (0.46442905, 0.23890968), (0.46445534, 0.28164974), (0.4732658, 0.3350017), (0.47126657, 0.33618864), (0.46148804, 0.28217906), (0.4732658, 0.3350017), (0.47876713, 0.37285072), (0.47528088, 0.37376726), (0.47126657, 0.33618864), (0.47876713, 0.37285072), (0.48350674, 0.40545893), (0.47873935, 0.40614283), (0.47528088, 0.37376726), (0.48478156, 0.3747419), (0.48848116, 0.40421724), (0.48350674, 0.40545893), (0.47876713, 0.37285072), (0.4758705, 0.33465344), (0.48478156, 0.3747419), (0.47876713, 0.37285072), (0.4732658, 0.3350017), (0.46777532, 0.28241432), (0.4758705, 0.33465344), (0.4732658, 0.3350017), (0.46445534, 0.28164974), (0.47191802, 0.23904721), (0.46777532, 0.28241432), (0.46445534, 0.28164974), (0.4677156, 0.23755102), (0.48848116, 0.40421724), (0.49365327, 0.45667124), (0.48854765, 0.45794582), (0.48350674, 0.40545893), (0.49365327, 0.45667124), (0.4971877, 0.5121441), (0.49192557, 0.5120955), (0.48854765, 0.45794582), (0.4971877, 0.5121441), (0.49492732, 0.56534255), (0.48888758, 0.5652869), (0.49192557, 0.5120955), (0.49492732, 0.56534255), (0.48574302, 0.6188381), (0.47916612, 0.6174343), (0.48888758, 0.5652869), (0.48574302, 0.6188381), (0.47809032, 0.65528965), (0.46245086, 0.65368414), (0.47916612, 0.6174343), (0.47809032, 0.65528965), (0.47590724, 0.6795522), (0.46624494, 0.6785603), (0.46245086, 0.65368414), (0.47590724, 0.6795522), (0.48418435, 0.7031869), (0.47407907, 0.7088977), (0.46624494, 0.6785603), (0.48418435, 0.7031869), (0.4990871, 0.719298), (0.48777342, 0.73467547), (0.47407907, 0.7088977), (0.4990871, 0.719298), (0.51398975, 0.7354091), (0.5119581, 0.74632), (0.48777342, 0.73467547), (0.48777342, 0.73467547), (0.5119581, 0.74632), (0.50670403, 0.7580367), (0.5119581, 0.74632), (0.5352804, 0.7783652), (0.5252708, 0.7864082), (0.50670403, 0.7580367), (0.5352804, 0.7783652), (0.55291915, 0.82129556), (0.5475069, 0.8256445), (0.5252708, 0.7864082), (0.55291915, 0.82129556), (0.57665855, 0.8491413), (0.5700871, 0.85740983), (0.5475069, 0.8256445), (0.57665855, 0.8491413), (0.5889784, 0.8655754), (0.5807253, 0.8683649), (0.5700871, 0.85740983), (0.5889784, 0.8655754), (0.6030757, 0.908874), (0.5948226, 0.9116631), (0.5807253, 0.8683649), (0.6030757, 0.908874), (0.6141522, 0.94311005), (0.605899, 0.94589925), (0.5948226, 0.9116631), (0.46245086, 0.65368414), (0.45399252, 0.66898984), (0.45019647, 0.66805476), (0.4592588, 0.6479159), (0.47916612, 0.6174343), (0.46245086, 0.65368414), (0.4592588, 0.6479159), (0.47315475, 0.61549217), (0.48888758, 0.5652869), (0.47916612, 0.6174343), (0.47315475, 0.61549217), (0.48324883, 0.564656), (0.49192557, 0.5120955), (0.48888758, 0.5652869), (0.48324883, 0.564656), (0.48701307, 0.511546), (0.48854765, 0.45794582), (0.49192557, 0.5120955), (0.48701307, 0.511546), (0.4836546, 0.4586477), (0.48350674, 0.40545893), (0.48854765, 0.45794582), (0.4836546, 0.4586477), (0.47873935, 0.40614283), (0.6095365, 0.21216711), (0.61328566, 0.22670785), (0.60755014, 0.22863415), (0.6050256, 0.21311897), (0.61328566, 0.22670785), (0.62050426, 0.2602647), (0.6145571, 0.2602239), (0.60755014, 0.22863415), (0.6143797, 0.212062), (0.61876965, 0.22646874), (0.61328566, 0.22670785), (0.6095365, 0.21216711), (0.61876965, 0.22646874), (0.628109, 0.26031694), (0.62050426, 0.2602647), (0.61328566, 0.22670785), (0.628109, 0.26031694), (0.63382673, 0.30046356), (0.62642306, 0.29872608), (0.62050426, 0.2602647), (0.63382673, 0.30046356), (0.6233654, 0.336461), (0.6189522, 0.334815), (0.62642306, 0.29872608), (0.6233654, 0.336461), (0.5958238, 0.38355142), (0.6189522, 0.334815), (0.5958238, 0.38355142), (0.5795241, 0.42262086), (0.57333547, 0.4203972), (0.58766025, 0.3806181), (0.6189522, 0.334815), (0.5958238, 0.38355142), (0.58766025, 0.3806181), (0.61453056, 0.33285636), (0.57235503, 0.4482222), (0.5669271, 0.46707702), (0.56299037, 0.4656625), (0.56729233, 0.44640315), (0.5669271, 0.46707702), (0.55890536, 0.49357226), (0.5544291, 0.49196374), (0.56299037, 0.4656625), (0.55890536, 0.49357226), (0.5552678, 0.51434946), (0.55113584, 0.5147026), (0.5544291, 0.49196374), (0.55670077, 0.5337332), (0.5572633, 0.55213755), (0.5531315, 0.5524907), (0.5525689, 0.5340863), (0.62642306, 0.29872608), (0.6189522, 0.334815), (0.61453056, 0.33285636), (0.6206329, 0.2973675), (0.62050426, 0.2602647), (0.62642306, 0.29872608), (0.6206329, 0.2973675), (0.6145571, 0.2602239), (0.5795241, 0.42262086), (0.57235503, 0.4482222), (0.56729233, 0.44640315), (0.57333547, 0.4203972), (0.5552678, 0.51434946), (0.55670077, 0.5337332), (0.5525689, 0.5340863), (0.55113584, 0.5147026), (0.6099897, 0.19765526), (0.6143797, 0.212062), (0.6095365, 0.21216711), (0.60578734, 0.19762644), (0.60578734, 0.19762644), (0.6095365, 0.21216711), (0.6050256, 0.21311897), (0.6025011, 0.19760379), (0.80677027, 0.41885626), (0.8084387, 0.45579755), (0.7959493, 0.45692196), (0.7946544, 0.41994703), (0.81188464, 0.4938052), (0.81533056, 0.53181285), (0.8020937, 0.53300464), (0.7990215, 0.49496332), (0.82350713, 0.4174616), (0.8268975, 0.45435983), (0.8084387, 0.45579755), (0.80677027, 0.41885626), (0.829577, 0.49232453), (0.8322565, 0.53028923), (0.81533056, 0.53181285), (0.81188464, 0.4938052), (0.84404725, 0.65894973), (0.8457317, 0.67732984), (0.8337596, 0.67840755), (0.831456, 0.6600832), (0.8482839, 0.7081866), (0.8508361, 0.73904335), (0.8439025, 0.73966753), (0.83883107, 0.70903754), (0.83883107, 0.70903754), (0.8439025, 0.73966753), (0.83848023, 0.74015564), (0.83143866, 0.7097031), (0.831456, 0.6600832), (0.8337596, 0.67840755), (0.8243971, 0.6792505), (0.8216092, 0.66096973), (0.8199378, 0.56846154), (0.8245451, 0.60511017), (0.81324536, 0.60612756), (0.8076695, 0.56956613), (0.8356253, 0.5670494), (0.8389941, 0.60380954), (0.8245451, 0.60511017), (0.8199378, 0.56846154), (0.8337596, 0.67840755), (0.83883107, 0.70903754), (0.83143866, 0.7097031), (0.8243971, 0.6792505), (0.8457317, 0.67732984), (0.8482839, 0.7081866), (0.83883107, 0.70903754), (0.8337596, 0.67840755), (0.8201168, 0.38056338), (0.82350713, 0.4174616), (0.80677027, 0.41885626), (0.8051018, 0.38191497), (0.8051018, 0.38191497), (0.80677027, 0.41885626), (0.7946544, 0.41994703), (0.7933595, 0.38297212), (0.8268487, 0.62343454), (0.82915235, 0.64175886), (0.81882125, 0.642689), (0.8160333, 0.62440825), (0.8406785, 0.62218964), (0.8423629, 0.6405697), (0.82915235, 0.64175886), (0.8268487, 0.62343454), (0.8322565, 0.53028923), (0.8356253, 0.5670494), (0.8199378, 0.56846154), (0.81533056, 0.53181285), (0.81533056, 0.53181285), (0.8199378, 0.56846154), (0.8076695, 0.56956613), (0.8020937, 0.53300464), (0.8268975, 0.45435983), (0.829577, 0.49232453), (0.81188464, 0.4938052), (0.8084387, 0.45579755), (0.8084387, 0.45579755), (0.81188464, 0.4938052), (0.7990215, 0.49496332), (0.7959493, 0.45692196), (0.82915235, 0.64175886), (0.831456, 0.6600832), (0.8216092, 0.66096973), (0.81882125, 0.642689), (0.8423629, 0.6405697), (0.84404725, 0.65894973), (0.831456, 0.6600832), (0.82915235, 0.64175886), (0.8398363, 0.61299956), (0.8406785, 0.62218964), (0.8268487, 0.62343454), (0.8256969, 0.61427236), (0.8256969, 0.61427236), (0.8268487, 0.62343454), (0.8160333, 0.62440825), (0.81463933, 0.6152679), (0.6095365, 0.21216711), (0.61328566, 0.22670785), (0.60755014, 0.22863415), (0.6050256, 0.21311897), (0.61328566, 0.22670785), (0.62050426, 0.2602647), (0.6145571, 0.2602239), (0.60755014, 0.22863415), (0.6143797, 0.212062), (0.61876965, 0.22646874), (0.61328566, 0.22670785), (0.6095365, 0.21216711), (0.61876965, 0.22646874), (0.628109, 0.26031694), (0.62050426, 0.2602647), (0.61328566, 0.22670785), (0.628109, 0.26031694), (0.63382673, 0.30046356), (0.62642306, 0.29872608), (0.62050426, 0.2602647), (0.63382673, 0.30046356), (0.6233654, 0.336461), (0.6189522, 0.334815), (0.62642306, 0.29872608), (0.6233654, 0.336461), (0.5958238, 0.38355142), (0.6189522, 0.334815), (0.5958238, 0.38355142), (0.5795241, 0.42262086), (0.57333547, 0.4203972), (0.58766025, 0.3806181), (0.6189522, 0.334815), (0.5958238, 0.38355142), (0.58766025, 0.3806181), (0.61453056, 0.33285636), (0.57235503, 0.4482222), (0.5669271, 0.46707702), (0.56299037, 0.4656625), (0.56729233, 0.44640315), (0.5669271, 0.46707702), (0.55890536, 0.49357226), (0.5544291, 0.49196374), (0.56299037, 0.4656625), (0.55890536, 0.49357226), (0.5552678, 0.51434946), (0.55113584, 0.5147026), (0.5544291, 0.49196374), (0.55670077, 0.5337332), (0.5572633, 0.55213755), (0.5531315, 0.5524907), (0.5525689, 0.5340863), (0.62642306, 0.29872608), (0.6189522, 0.334815), (0.61453056, 0.33285636), (0.6206329, 0.2973675), (0.62050426, 0.2602647), (0.62642306, 0.29872608), (0.6206329, 0.2973675), (0.6145571, 0.2602239), (0.5795241, 0.42262086), (0.57235503, 0.4482222), (0.56729233, 0.44640315), (0.57333547, 0.4203972), (0.5552678, 0.51434946), (0.55670077, 0.5337332), (0.5525689, 0.5340863), (0.55113584, 0.5147026), (0.6099897, 0.19765526), (0.6143797, 0.212062), (0.6095365, 0.21216711), (0.60578734, 0.19762644), (0.60578734, 0.19762644), (0.6095365, 0.21216711), (0.6050256, 0.21311897), (0.6025011, 0.19760379), (0.4677156, 0.23755102), (0.46445534, 0.28164974), (0.46148804, 0.28217906), (0.46442905, 0.23890968), (0.46445534, 0.28164974), (0.4732658, 0.3350017), (0.47126657, 0.33618864), (0.46148804, 0.28217906), (0.4732658, 0.3350017), (0.47876713, 0.37285072), (0.47528088, 0.37376726), (0.47126657, 0.33618864), (0.47876713, 0.37285072), (0.48350674, 0.40545893), (0.47873935, 0.40614283), (0.47528088, 0.37376726), (0.48478156, 0.3747419), (0.48848116, 0.40421724), (0.48350674, 0.40545893), (0.47876713, 0.37285072), (0.4758705, 0.33465344), (0.48478156, 0.3747419), (0.47876713, 0.37285072), (0.4732658, 0.3350017), (0.46777532, 0.28241432), (0.4758705, 0.33465344), (0.4732658, 0.3350017), (0.46445534, 0.28164974), (0.47191802, 0.23904721), (0.46777532, 0.28241432), (0.46445534, 0.28164974), (0.4677156, 0.23755102), (0.48848116, 0.40421724), (0.49365327, 0.45667124), (0.48854765, 0.45794582), (0.48350674, 0.40545893), (0.49365327, 0.45667124), (0.4971877, 0.5121441), (0.49192557, 0.5120955), (0.48854765, 0.45794582), (0.4971877, 0.5121441), (0.49492732, 0.56534255), (0.48888758, 0.5652869), (0.49192557, 0.5120955), (0.49492732, 0.56534255), (0.48574302, 0.6188381), (0.47916612, 0.6174343), (0.48888758, 0.5652869), (0.48574302, 0.6188381), (0.47809032, 0.65528965), (0.46245086, 0.65368414), (0.47916612, 0.6174343), (0.47809032, 0.65528965), (0.47590724, 0.6795522), (0.46624494, 0.6785603), (0.46245086, 0.65368414), (0.47590724, 0.6795522), (0.48418435, 0.7031869), (0.47407907, 0.7088977), (0.46624494, 0.6785603), (0.48418435, 0.7031869), (0.4990871, 0.719298), (0.48777342, 0.73467547), (0.47407907, 0.7088977), (0.4990871, 0.719298), (0.51398975, 0.7354091), (0.5119581, 0.74632), (0.48777342, 0.73467547), (0.48777342, 0.73467547), (0.5119581, 0.74632), (0.50670403, 0.7580367), (0.5119581, 0.74632), (0.5352804, 0.7783652), (0.5252708, 0.7864082), (0.50670403, 0.7580367), (0.5352804, 0.7783652), (0.55291915, 0.82129556), (0.5475069, 0.8256445), (0.5252708, 0.7864082), (0.55291915, 0.82129556), (0.57665855, 0.8491413), (0.5700871, 0.85740983), (0.5475069, 0.8256445), (0.57665855, 0.8491413), (0.5889784, 0.8655754), (0.5807253, 0.8683649), (0.5700871, 0.85740983), (0.5889784, 0.8655754), (0.6030757, 0.908874), (0.5948226, 0.9116631), (0.5807253, 0.8683649), (0.6030757, 0.908874), (0.6141522, 0.94311005), (0.605899, 0.94589925), (0.5948226, 0.9116631), (0.46245086, 0.65368414), (0.45399252, 0.66898984), (0.45019647, 0.66805476), (0.4592588, 0.6479159), (0.47916612, 0.6174343), (0.46245086, 0.65368414), (0.4592588, 0.6479159), (0.47315475, 0.61549217), (0.48888758, 0.5652869), (0.47916612, 0.6174343), (0.47315475, 0.61549217), (0.48324883, 0.564656), (0.49192557, 0.5120955), (0.48888758, 0.5652869), (0.48324883, 0.564656), (0.48701307, 0.511546), (0.48854765, 0.45794582), (0.49192557, 0.5120955), (0.48701307, 0.511546), (0.4836546, 0.4586477), (0.48350674, 0.40545893), (0.48854765, 0.45794582), (0.4836546, 0.4586477), (0.47873935, 0.40614283), (0.4677156, 0.23755102), (0.46445534, 0.28164974), (0.46148804, 0.28217906), (0.46442905, 0.23890968), (0.46445534, 0.28164974), (0.4732658, 0.3350017), (0.47126657, 0.33618864), (0.46148804, 0.28217906), (0.4732658, 0.3350017), (0.47876713, 0.37285072), (0.47528088, 0.37376726), (0.47126657, 0.33618864), (0.47876713, 0.37285072), (0.48350674, 0.40545893), (0.47873935, 0.40614283), (0.47528088, 0.37376726), (0.48478156, 0.3747419), (0.48848116, 0.40421724), (0.48350674, 0.40545893), (0.47876713, 0.37285072), (0.4758705, 0.33465344), (0.48478156, 0.3747419), (0.47876713, 0.37285072), (0.4732658, 0.3350017), (0.46777532, 0.28241432), (0.4758705, 0.33465344), (0.4732658, 0.3350017), (0.46445534, 0.28164974), (0.47191802, 0.23904721), (0.46777532, 0.28241432), (0.46445534, 0.28164974), (0.4677156, 0.23755102), (0.48848116, 0.40421724), (0.49365327, 0.45667124), (0.48854765, 0.45794582), (0.48350674, 0.40545893), (0.49365327, 0.45667124), (0.4971877, 0.5121441), (0.49192557, 0.5120955), (0.48854765, 0.45794582), (0.4971877, 0.5121441), (0.49492732, 0.56534255), (0.48888758, 0.5652869), (0.49192557, 0.5120955), (0.49492732, 0.56534255), (0.48574302, 0.6188381), (0.47916612, 0.6174343), (0.48888758, 0.5652869), (0.48574302, 0.6188381), (0.47809032, 0.65528965), (0.46245086, 0.65368414), (0.47916612, 0.6174343), (0.47809032, 0.65528965), (0.47590724, 0.6795522), (0.46624494, 0.6785603), (0.46245086, 0.65368414), (0.47590724, 0.6795522), (0.48418435, 0.7031869), (0.47407907, 0.7088977), (0.46624494, 0.6785603), (0.48418435, 0.7031869), (0.4990871, 0.719298), (0.48777342, 0.73467547), (0.47407907, 0.7088977), (0.4990871, 0.719298), (0.51398975, 0.7354091), (0.5119581, 0.74632), (0.48777342, 0.73467547), (0.48777342, 0.73467547), (0.5119581, 0.74632), (0.50670403, 0.7580367), (0.5119581, 0.74632), (0.5352804, 0.7783652), (0.5252708, 0.7864082), (0.50670403, 0.7580367), (0.5352804, 0.7783652), (0.55291915, 0.82129556), (0.5475069, 0.8256445), (0.5252708, 0.7864082), (0.55291915, 0.82129556), (0.57665855, 0.8491413), (0.5700871, 0.85740983), (0.5475069, 0.8256445), (0.57665855, 0.8491413), (0.5889784, 0.8655754), (0.5807253, 0.8683649), (0.5700871, 0.85740983), (0.5889784, 0.8655754), (0.6030757, 0.908874), (0.5948226, 0.9116631), (0.5807253, 0.8683649), (0.6030757, 0.908874), (0.6141522, 0.94311005), (0.605899, 0.94589925), (0.5948226, 0.9116631), (0.46245086, 0.65368414), (0.45399252, 0.66898984), (0.45019647, 0.66805476), (0.4592588, 0.6479159), (0.47916612, 0.6174343), (0.46245086, 0.65368414), (0.4592588, 0.6479159), (0.47315475, 0.61549217), (0.48888758, 0.5652869), (0.47916612, 0.6174343), (0.47315475, 0.61549217), (0.48324883, 0.564656), (0.49192557, 0.5120955), (0.48888758, 0.5652869), (0.48324883, 0.564656), (0.48701307, 0.511546), (0.48854765, 0.45794582), (0.49192557, 0.5120955), (0.48701307, 0.511546), (0.4836546, 0.4586477), (0.48350674, 0.40545893), (0.48854765, 0.45794582), (0.4836546, 0.4586477), (0.47873935, 0.40614283), (0.80677027, 0.41885626), (0.8084387, 0.45579755), (0.7959493, 0.45692196), (0.7946544, 0.41994703), (0.81188464, 0.4938052), (0.81533056, 0.53181285), (0.8020937, 0.53300464), (0.7990215, 0.49496332), (0.82350713, 0.4174616), (0.8268975, 0.45435983), (0.8084387, 0.45579755), (0.80677027, 0.41885626), (0.829577, 0.49232453), (0.8322565, 0.53028923), (0.81533056, 0.53181285), (0.81188464, 0.4938052), (0.84404725, 0.65894973), (0.8457317, 0.67732984), (0.8337596, 0.67840755), (0.831456, 0.6600832), (0.8482839, 0.7081866), (0.8508361, 0.73904335), (0.8439025, 0.73966753), (0.83883107, 0.70903754), (0.83883107, 0.70903754), (0.8439025, 0.73966753), (0.83848023, 0.74015564), (0.83143866, 0.7097031), (0.831456, 0.6600832), (0.8337596, 0.67840755), (0.8243971, 0.6792505), (0.8216092, 0.66096973), (0.8199378, 0.56846154), (0.8245451, 0.60511017), (0.81324536, 0.60612756), (0.8076695, 0.56956613), (0.8356253, 0.5670494), (0.8389941, 0.60380954), (0.8245451, 0.60511017), (0.8199378, 0.56846154), (0.8337596, 0.67840755), (0.83883107, 0.70903754), (0.83143866, 0.7097031), (0.8243971, 0.6792505), (0.8457317, 0.67732984), (0.8482839, 0.7081866), (0.83883107, 0.70903754), (0.8337596, 0.67840755), (0.8201168, 0.38056338), (0.82350713, 0.4174616), (0.80677027, 0.41885626), (0.8051018, 0.38191497), (0.8051018, 0.38191497), (0.80677027, 0.41885626), (0.7946544, 0.41994703), (0.7933595, 0.38297212), (0.8268487, 0.62343454), (0.82915235, 0.64175886), (0.81882125, 0.642689), (0.8160333, 0.62440825), (0.8406785, 0.62218964), (0.8423629, 0.6405697), (0.82915235, 0.64175886), (0.8268487, 0.62343454), (0.8322565, 0.53028923), (0.8356253, 0.5670494), (0.8199378, 0.56846154), (0.81533056, 0.53181285), (0.81533056, 0.53181285), (0.8199378, 0.56846154), (0.8076695, 0.56956613), (0.8020937, 0.53300464), (0.8268975, 0.45435983), (0.829577, 0.49232453), (0.81188464, 0.4938052), (0.8084387, 0.45579755), (0.8084387, 0.45579755), (0.81188464, 0.4938052), (0.7990215, 0.49496332), (0.7959493, 0.45692196), (0.82915235, 0.64175886), (0.831456, 0.6600832), (0.8216092, 0.66096973), (0.81882125, 0.642689), (0.8423629, 0.6405697), (0.84404725, 0.65894973), (0.831456, 0.6600832), (0.82915235, 0.64175886), (0.8389941, 0.60380954), (0.8406785, 0.62218964), (0.8268487, 0.62343454), (0.8245451, 0.60511017), (0.8245451, 0.60511017), (0.8268487, 0.62343454), (0.8160333, 0.62440825), (0.81324536, 0.60612756), (0.6095365, 0.21216711), (0.61328566, 0.22670785), (0.60755014, 0.22863415), (0.6050256, 0.21311897), (0.61328566, 0.22670785), (0.62050426, 0.2602647), (0.6145571, 0.2602239), (0.60755014, 0.22863415), (0.6143797, 0.212062), (0.61876965, 0.22646874), (0.61328566, 0.22670785), (0.6095365, 0.21216711), (0.61876965, 0.22646874), (0.628109, 0.26031694), (0.62050426, 0.2602647), (0.61328566, 0.22670785), (0.628109, 0.26031694), (0.63382673, 0.30046356), (0.62642306, 0.29872608), (0.62050426, 0.2602647), (0.63382673, 0.30046356), (0.6233654, 0.336461), (0.6189522, 0.334815), (0.62642306, 0.29872608), (0.6233654, 0.336461), (0.5958238, 0.38355142), (0.6189522, 0.334815), (0.5958238, 0.38355142), (0.5795241, 0.42262086), (0.57333547, 0.4203972), (0.58766025, 0.3806181), (0.6189522, 0.334815), (0.5958238, 0.38355142), (0.58766025, 0.3806181), (0.61453056, 0.33285636), (0.57235503, 0.4482222), (0.5669271, 0.46707702), (0.56299037, 0.4656625), (0.56729233, 0.44640315), (0.5669271, 0.46707702), (0.55890536, 0.49357226), (0.5544291, 0.49196374), (0.56299037, 0.4656625), (0.55890536, 0.49357226), (0.5552678, 0.51434946), (0.55113584, 0.5147026), (0.5544291, 0.49196374), (0.55670077, 0.5337332), (0.5572633, 0.55213755), (0.5531315, 0.5524907), (0.5525689, 0.5340863), (0.62642306, 0.29872608), (0.6189522, 0.334815), (0.61453056, 0.33285636), (0.6206329, 0.2973675), (0.62050426, 0.2602647), (0.62642306, 0.29872608), (0.6206329, 0.2973675), (0.6145571, 0.2602239), (0.5795241, 0.42262086), (0.57235503, 0.4482222), (0.56729233, 0.44640315), (0.57333547, 0.4203972), (0.5552678, 0.51434946), (0.55670077, 0.5337332), (0.5525689, 0.5340863), (0.55113584, 0.5147026), (0.6099897, 0.19765526), (0.6143797, 0.212062), (0.6095365, 0.21216711), (0.60578734, 0.19762644), (0.60578734, 0.19762644), (0.6095365, 0.21216711), (0.6050256, 0.21311897), (0.6025011, 0.19760379), (0.4677156, 0.23755102), (0.46445534, 0.28164974), (0.46148804, 0.28217906), (0.46442905, 0.23890968), (0.46445534, 0.28164974), (0.4732658, 0.3350017), (0.47126657, 0.33618864), (0.46148804, 0.28217906), (0.4732658, 0.3350017), (0.47876713, 0.37285072), (0.47528088, 0.37376726), (0.47126657, 0.33618864), (0.47876713, 0.37285072), (0.48350674, 0.40545893), (0.47873935, 0.40614283), (0.47528088, 0.37376726), (0.48478156, 0.3747419), (0.48848116, 0.40421724), (0.48350674, 0.40545893), (0.47876713, 0.37285072), (0.4758705, 0.33465344), (0.48478156, 0.3747419), (0.47876713, 0.37285072), (0.4732658, 0.3350017), (0.46777532, 0.28241432), (0.4758705, 0.33465344), (0.4732658, 0.3350017), (0.46445534, 0.28164974), (0.47191802, 0.23904721), (0.46777532, 0.28241432), (0.46445534, 0.28164974), (0.4677156, 0.23755102), (0.48848116, 0.40421724), (0.49365327, 0.45667124), (0.48854765, 0.45794582), (0.48350674, 0.40545893), (0.49365327, 0.45667124), (0.4971877, 0.5121441), (0.49192557, 0.5120955), (0.48854765, 0.45794582), (0.4971877, 0.5121441), (0.49492732, 0.56534255), (0.48888758, 0.5652869), (0.49192557, 0.5120955), (0.49492732, 0.56534255), (0.48574302, 0.6188381), (0.47916612, 0.6174343), (0.48888758, 0.5652869), (0.48574302, 0.6188381), (0.47809032, 0.65528965), (0.46245086, 0.65368414), (0.47916612, 0.6174343), (0.47809032, 0.65528965), (0.47590724, 0.6795522), (0.46624494, 0.6785603), (0.46245086, 0.65368414), (0.47590724, 0.6795522), (0.48418435, 0.7031869), (0.47407907, 0.7088977), (0.46624494, 0.6785603), (0.48418435, 0.7031869), (0.4990871, 0.719298), (0.48777342, 0.73467547), (0.47407907, 0.7088977), (0.4990871, 0.719298), (0.51398975, 0.7354091), (0.5119581, 0.74632), (0.48777342, 0.73467547), (0.48777342, 0.73467547), (0.5119581, 0.74632), (0.50670403, 0.7580367), (0.5119581, 0.74632), (0.5352804, 0.7783652), (0.5252708, 0.7864082), (0.50670403, 0.7580367), (0.5352804, 0.7783652), (0.55291915, 0.82129556), (0.5475069, 0.8256445), (0.5252708, 0.7864082), (0.55291915, 0.82129556), (0.57665855, 0.8491413), (0.5700871, 0.85740983), (0.5475069, 0.8256445), (0.57665855, 0.8491413), (0.5889784, 0.8655754), (0.5807253, 0.8683649), (0.5700871, 0.85740983), (0.5889784, 0.8655754), (0.6030757, 0.908874), (0.5948226, 0.9116631), (0.5807253, 0.8683649), (0.6030757, 0.908874), (0.6141522, 0.94311005), (0.605899, 0.94589925), (0.5948226, 0.9116631), (0.46245086, 0.65368414), (0.45399252, 0.66898984), (0.45019647, 0.66805476), (0.4592588, 0.6479159), (0.47916612, 0.6174343), (0.46245086, 0.65368414), (0.4592588, 0.6479159), (0.47315475, 0.61549217), (0.48888758, 0.5652869), (0.47916612, 0.6174343), (0.47315475, 0.61549217), (0.48324883, 0.564656), (0.49192557, 0.5120955), (0.48888758, 0.5652869), (0.48324883, 0.564656), (0.48701307, 0.511546), (0.48854765, 0.45794582), (0.49192557, 0.5120955), (0.48701307, 0.511546), (0.4836546, 0.4586477), (0.48350674, 0.40545893), (0.48854765, 0.45794582), (0.4836546, 0.4586477), (0.47873935, 0.40614283), (0.9379916, 0.005040945), (0.94455355, 0.004981102), (0.9334577, 0.07830423), (0.92572427, 0.07837483), (0.92572427, 0.07837483), (0.9334577, 0.07830423), (0.9274544, 0.167552), (0.91302764, 0.16768375), (0.91302764, 0.16768375), (0.9274544, 0.167552), (0.92794645, 0.34899816), (0.91160893, 0.34914723), (0.91160893, 0.34914723), (0.92794645, 0.34899816), (0.92691857, 0.5364718), (0.9067237, 0.536656), (0.9067237, 0.536656), (0.92691857, 0.5364718), (0.9284818, 0.67149115), (0.9131017, 0.67163146), (0.9131017, 0.67163146), (0.9284818, 0.67149115), (0.94358534, 0.7556873), (0.9244006, 0.7619871), (0.93215, 0.8184924), (0.9244006, 0.7619871), (0.94358534, 0.7556873), (0.9522134, 0.81338954), (0.93215, 0.8184924), (0.9522134, 0.81338954), (0.9364932, 0.8648324), (0.9297883, 0.8619778), (0.9217163, 0.88005936), (0.9293897, 0.8835598), (0.9222863, 0.90228724), (0.91364413, 0.898141), (0.90115744, 0.91835016), (0.90770096, 0.9223348), (0.8947607, 0.9423824), (0.8903161, 0.9385592), (0.8903161, 0.9385592), (0.8947607, 0.9423824), (0.86688805, 0.97819626), (0.85481375, 0.9818474), (0.9522134, 0.81338954), (0.9583461, 0.814082), (0.9594223, 0.8498684), (0.9532896, 0.84917593), (0.94358534, 0.7556873), (0.95567316, 0.7609266), (0.9583461, 0.814082), (0.9522134, 0.81338954), (0.9532896, 0.84917593), (0.9594223, 0.8498684), (0.96832997, 0.8811617), (0.96429324, 0.88703454), (0.96429324, 0.88703454), (0.96832997, 0.8811617), (0.983398, 0.8895027), (0.9820521, 0.89214677), (0.9284818, 0.67149115), (0.948148, 0.67131174), (0.95567316, 0.7609266), (0.94358534, 0.7556873), (0.92691857, 0.5364718), (0.9527415, 0.5362365), (0.948148, 0.67131174), (0.9284818, 0.67149115), (0.92794645, 0.34899816), (0.9488371, 0.34880763), (0.9527415, 0.5362365), (0.92691857, 0.5364718), (0.9274544, 0.167552), (0.94590163, 0.16738382), (0.9488371, 0.34880763), (0.92794645, 0.34899816), (0.9334577, 0.07830423), (0.9433464, 0.07821405), (0.94590163, 0.16738382), (0.9274544, 0.167552), (0.94455355, 0.004981102), (0.95294434, 0.004904629), (0.9433464, 0.07821405), (0.9334577, 0.07830423), (0.90781206, 0.9082456), (0.91540486, 0.91231096), (0.90770096, 0.9223348), (0.90115744, 0.91835016), (0.91364413, 0.898141), (0.9222863, 0.90228724), (0.91540486, 0.91231096), (0.90781206, 0.9082456), (0.9297883, 0.8619778), (0.9364932, 0.8648324), (0.9293897, 0.8835598), (0.9217163, 0.88005936), (0.8245451, 0.60511017), (0.8256969, 0.61427236), (0.81463933, 0.6152679), (0.81324536, 0.60612756), (0.8389941, 0.60380954), (0.8398363, 0.61299956), (0.8256969, 0.61427236), (0.8245451, 0.60511017), (0.4677156, 0.23755102), (0.46445534, 0.28164974), (0.46148804, 0.28217906), (0.46442905, 0.23890968), (0.46445534, 0.28164974), (0.4732658, 0.3350017), (0.47126657, 0.33618864), (0.46148804, 0.28217906), (0.4732658, 0.3350017), (0.47876713, 0.37285072), (0.47528088, 0.37376726), (0.47126657, 0.33618864), (0.47876713, 0.37285072), (0.48350674, 0.40545893), (0.47873935, 0.40614283), (0.47528088, 0.37376726), (0.48478156, 0.3747419), (0.48848116, 0.40421724), (0.48350674, 0.40545893), (0.47876713, 0.37285072), (0.4758705, 0.33465344), (0.48478156, 0.3747419), (0.47876713, 0.37285072), (0.4732658, 0.3350017), (0.46777532, 0.28241432), (0.4758705, 0.33465344), (0.4732658, 0.3350017), (0.46445534, 0.28164974), (0.47191802, 0.23904721), (0.46777532, 0.28241432), (0.46445534, 0.28164974), (0.4677156, 0.23755102), (0.48848116, 0.40421724), (0.49365327, 0.45667124), (0.48854765, 0.45794582), (0.48350674, 0.40545893), (0.49365327, 0.45667124), (0.4971877, 0.5121441), (0.49192557, 0.5120955), (0.48854765, 0.45794582), (0.4971877, 0.5121441), (0.49492732, 0.56534255), (0.48888758, 0.5652869), (0.49192557, 0.5120955), (0.49492732, 0.56534255), (0.48574302, 0.6188381), (0.47916612, 0.6174343), (0.48888758, 0.5652869), (0.48574302, 0.6188381), (0.47809032, 0.65528965), (0.46245086, 0.65368414), (0.47916612, 0.6174343), (0.47809032, 0.65528965), (0.47590724, 0.6795522), (0.46624494, 0.6785603), (0.46245086, 0.65368414), (0.47590724, 0.6795522), (0.48418435, 0.7031869), (0.47407907, 0.7088977), (0.46624494, 0.6785603), (0.48418435, 0.7031869), (0.4990871, 0.719298), (0.48777342, 0.73467547), (0.47407907, 0.7088977), (0.4990871, 0.719298), (0.51398975, 0.7354091), (0.5119581, 0.74632), (0.48777342, 0.73467547), (0.48777342, 0.73467547), (0.5119581, 0.74632), (0.50670403, 0.7580367), (0.5119581, 0.74632), (0.5352804, 0.7783652), (0.5252708, 0.7864082), (0.50670403, 0.7580367), (0.5352804, 0.7783652), (0.55291915, 0.82129556), (0.5475069, 0.8256445), (0.5252708, 0.7864082), (0.55291915, 0.82129556), (0.57665855, 0.8491413), (0.5700871, 0.85740983), (0.5475069, 0.8256445), (0.57665855, 0.8491413), (0.5889784, 0.8655754), (0.5807253, 0.8683649), (0.5700871, 0.85740983), (0.5889784, 0.8655754), (0.6030757, 0.908874), (0.5948226, 0.9116631), (0.5807253, 0.8683649), (0.6030757, 0.908874), (0.6141522, 0.94311005), (0.605899, 0.94589925), (0.5948226, 0.9116631), (0.46245086, 0.65368414), (0.45399252, 0.66898984), (0.45019647, 0.66805476), (0.4592588, 0.6479159), (0.47916612, 0.6174343), (0.46245086, 0.65368414), (0.4592588, 0.6479159), (0.47315475, 0.61549217), (0.48888758, 0.5652869), (0.47916612, 0.6174343), (0.47315475, 0.61549217), (0.48324883, 0.564656), (0.49192557, 0.5120955), (0.48888758, 0.5652869), (0.48324883, 0.564656), (0.48701307, 0.511546), (0.48854765, 0.45794582), (0.49192557, 0.5120955), (0.48701307, 0.511546), (0.4836546, 0.4586477), (0.48350674, 0.40545893), (0.48854765, 0.45794582), (0.4836546, 0.4586477), (0.47873935, 0.40614283), (0.80677027, 0.41885626), (0.8084387, 0.45579755), (0.7959493, 0.45692196), (0.7946544, 0.41994703), (0.81188464, 0.4938052), (0.81533056, 0.53181285), (0.8020937, 0.53300464), (0.7990215, 0.49496332), (0.82350713, 0.4174616), (0.8268975, 0.45435983), (0.8084387, 0.45579755), (0.80677027, 0.41885626), (0.829577, 0.49232453), (0.8322565, 0.53028923), (0.81533056, 0.53181285), (0.81188464, 0.4938052), (0.8423629, 0.6405697), (0.8457317, 0.67732984), (0.8337596, 0.67840755), (0.82915235, 0.64175886), (0.8482839, 0.7081866), (0.8508361, 0.73904335), (0.8439025, 0.73966753), (0.83883107, 0.70903754), (0.83883107, 0.70903754), (0.8439025, 0.73966753), (0.83848023, 0.74015564), (0.83143866, 0.7097031), (0.82915235, 0.64175886), (0.8337596, 0.67840755), (0.8243971, 0.6792505), (0.81882125, 0.642689), (0.8222415, 0.58678585), (0.8245451, 0.60511017), (0.81324536, 0.60612756), (0.8104574, 0.5878469), (0.83730966, 0.58542943), (0.8389941, 0.60380954), (0.8245451, 0.60511017), (0.8222415, 0.58678585), (0.8337596, 0.67840755), (0.83883107, 0.70903754), (0.83143866, 0.7097031), (0.8243971, 0.6792505), (0.8457317, 0.67732984), (0.8482839, 0.7081866), (0.83883107, 0.70903754), (0.8337596, 0.67840755), (0.8201168, 0.38056338), (0.82350713, 0.4174616), (0.80677027, 0.41885626), (0.8051018, 0.38191497), (0.8051018, 0.38191497), (0.80677027, 0.41885626), (0.7946544, 0.41994703), (0.7933595, 0.38297212), (0.8245451, 0.60511017), (0.82915235, 0.64175886), (0.81882125, 0.642689), (0.81324536, 0.60612756), (0.8389941, 0.60380954), (0.8423629, 0.6405697), (0.82915235, 0.64175886), (0.8245451, 0.60511017), (0.8322565, 0.53028923), (0.8356253, 0.5670494), (0.8199378, 0.56846154), (0.81533056, 0.53181285), (0.81533056, 0.53181285), (0.8199378, 0.56846154), (0.8076695, 0.56956613), (0.8020937, 0.53300464), (0.8268975, 0.45435983), (0.829577, 0.49232453), (0.81188464, 0.4938052), (0.8084387, 0.45579755), (0.8084387, 0.45579755), (0.81188464, 0.4938052), (0.7990215, 0.49496332), (0.7959493, 0.45692196), (0.8356253, 0.5670494), (0.83730966, 0.58542943), (0.8222415, 0.58678585), (0.8199378, 0.56846154), (0.8199378, 0.56846154), (0.8222415, 0.58678585), (0.8104574, 0.5878469), (0.8076695, 0.56956613)] (
                interpolation = "faceVarying"
            )
            uniform token subdivisionScheme = "none"
            custom string userProperties:blender:data_name = "Plane.004"
        }
    }

    def Scope "_materials"
    {
        def Material "grass_medium_02"
        {
            token outputs:surface.connect = </root/_materials/grass_medium_02/PBRShader.outputs:surface>
            custom string userProperties:blender:data_name = "grass_medium_02"

            def Shader "PBRShader"
            {
                uniform token info:id = "UsdPreviewSurface"
                color3f inputs:diffuseColor.connect = </root/_materials/grass_medium_02/diffuseTex.outputs:rgb>
                float inputs:metallic = 0
                normal3f inputs:normal.connect = </root/_materials/grass_medium_02/normalTex.outputs:rgb>
                float inputs:opacity.connect = </root/_materials/grass_medium_02/opacityTex.outputs:r>
                float inputs:opacityThreshold = 0.35
                float inputs:roughness = 0.8
                float inputs:roughness.connect = </root/_materials/grass_medium_02/roughTex.outputs:r>
                token outputs:surface
            }

            def Shader "stReader"
            {
                uniform token info:id = "UsdPrimvarReader_float2"
                token inputs:varname = "UVMap"
                float2 outputs:result
            }

            def Shader "diffuseTex"
            {
                uniform token info:id = "UsdUVTexture"
                asset inputs:file = @textures/grass_medium_02_diff_4k.jpg@
                token inputs:sourceColorSpace = "sRGB"
                float2 inputs:st.connect = </root/_materials/grass_medium_02/stReader.outputs:result>
                token inputs:wrapS = "repeat"
                token inputs:wrapT = "repeat"
                float3 outputs:rgb
            }

            def Shader "opacityTex"
            {
                uniform token info:id = "UsdUVTexture"
                asset inputs:file = @textures/grass_medium_02_alpha_4k.png@
                token inputs:sourceColorSpace = "raw"
                float2 inputs:st.connect = </root/_materials/grass_medium_02/stReader.outputs:result>
                token inputs:wrapS = "repeat"
                token inputs:wrapT = "repeat"
                float outputs:r
            }

            def Shader "roughTex"
            {
                uniform token info:id = "UsdUVTexture"
                asset inputs:file = @textures/grass_medium_02_rough_4k.exr@
                token inputs:sourceColorSpace = "raw"
                float2 inputs:st.connect = </root/_materials/grass_medium_02/stReader.outputs:result>
                token inputs:wrapS = "repeat"
                token inputs:wrapT = "repeat"
                float outputs:r
            }

            def Shader "normalTex"
            {
                uniform token info:id = "UsdUVTexture"
                float4 inputs:bias = (-1, -1, -1, 0)
                asset inputs:file = @textures/grass_medium_02_nor_gl_4k.exr@
                float4 inputs:scale = (2, 2, 2, 1)
                token inputs:sourceColorSpace = "raw"
                float2 inputs:st.connect = </root/_materials/grass_medium_02/stReader.outputs:result>
                token inputs:wrapS = "repeat"
                token inputs:wrapT = "repeat"
                normal3f outputs:rgb
            }
        }
    }
}

