#usda 1.0
(
    defaultPrim = "root"
    doc = "Blender v4.2.10 LTS"
    metersPerUnit = 1
    upAxis = "Z"
)

def Xform "root" (
    customData = {
        dictionary Blender = {
            bool generated = 1
        }
    }
)
{
    def Xform "grass_medium_02_a"
    {
        custom string userProperties:blender:object_name = "grass_medium_02_a"

        def Mesh "Plane_001" (
            active = true
            prepend apiSchemas = ["MaterialBindingAPI"]
        )
        {
            uniform bool doubleSided = 1
            float3[] extent = [(-0.055569913, -0.06318892, -0.0028383331), (0.06355195, 0.056573495, 0.15409204)]
            int[] faceVertexCounts = [4, 4, 4, 4, 4, 3, 4, 4, 4, 4, 4, 4, 4, 4, 4, 4, 4, 4, 4, 4, 4, 4, 4, 4, 3, 4, 4, 4, 4, 4, 4, 4, 4, 4, 4, 4, 4, 4, 4, 4, 4, 4, 4, 4, 4, 4, 4, 4, 4, 4, 4, 4, 3, 4, 4, 4, 4, 4, 4, 4, 4, 4, 4, 4, 4, 4, 4, 4, 4, 4, 4, 4, 4, 4, 4, 4, 4, 3, 4, 4, 4, 4, 4, 4, 4, 4, 4, 4, 4, 4, 4, 4, 4, 4, 4, 4, 3, 4, 4, 4, 4, 4, 4, 4, 4, 4, 4, 4, 4, 4, 4, 4, 4, 4, 4, 3, 4, 4, 4, 4, 4, 4, 4, 4, 4, 4, 4, 4, 4, 4, 4, 4, 4, 4, 4, 4, 4, 4, 3, 4, 4, 4, 4, 4, 4, 4, 4, 4, 4, 4, 4, 4, 4, 4, 4, 3, 4, 4, 4, 4, 4, 4, 4, 4, 4, 4, 4, 4, 4, 4, 3, 4, 4, 4, 4, 4, 4, 4, 4, 4, 4, 4, 4, 4, 3, 4, 4, 4, 4, 4, 4, 4, 4, 4, 4, 4, 4, 4, 4, 4, 4, 4, 4, 3, 4, 4, 4, 4, 4, 4, 4, 4, 4, 4, 4, 4, 4, 4, 4, 4, 4, 4, 4, 4, 4, 4, 3, 4, 4, 4, 4, 4, 4, 4, 4, 4, 4, 4, 4, 4, 4, 4, 4, 4, 4, 3, 4, 4, 4, 4, 4, 4, 4, 4, 4, 4, 4, 4, 4, 4, 4, 4, 4, 4, 3, 4, 4, 4, 4, 4, 4, 4, 4, 4, 4, 4, 4, 4, 4, 4, 4, 4, 4, 4, 4, 4, 4, 4, 4, 4, 4, 4, 3, 4, 4, 4, 4, 4, 4, 4, 4, 4, 4, 4, 4, 4, 4, 4, 4, 4, 3, 4, 4, 4, 4, 4, 4, 4, 4, 4, 4, 4, 4, 4, 4, 4, 4, 4, 4, 4, 4, 4, 4, 4, 4, 4, 4, 4, 4, 4, 4, 4, 4, 4, 4, 4, 4, 4, 4, 4, 4, 4, 4, 4, 4, 4, 4, 4, 4, 4, 4, 4, 4, 4, 4]
            int[] faceVertexIndices = [0, 1, 23, 24, 1, 2, 3, 23, 2, 4, 5, 3, 4, 6, 8, 5, 6, 7, 10, 8, 8, 10, 9, 10, 11, 12, 9, 11, 13, 14, 12, 13, 15, 16, 14, 15, 17, 18, 16, 17, 19, 20, 18, 19, 21, 22, 20, 25, 28, 30, 27, 28, 26, 29, 30, 59, 58, 32, 33, 60, 59, 33, 31, 62, 61, 35, 36, 63, 62, 36, 34, 36, 35, 38, 39, 34, 36, 39, 37, 39, 38, 41, 42, 37, 39, 42, 40, 42, 41, 44, 45, 40, 42, 45, 43, 45, 44, 47, 43, 45, 47, 46, 54, 51, 48, 55, 46, 47, 50, 49, 52, 53, 51, 54, 49, 50, 53, 52, 55, 48, 56, 57, 27, 30, 59, 60, 30, 29, 58, 59, 31, 33, 62, 63, 33, 32, 61, 62, 65, 67, 66, 64, 67, 69, 68, 66, 69, 72, 70, 68, 72, 73, 71, 70, 74, 75, 73, 72, 76, 74, 72, 69, 77, 76, 69, 67, 78, 77, 67, 65, 75, 79, 80, 73, 79, 81, 82, 80, 81, 83, 84, 82, 83, 85, 86, 84, 85, 87, 88, 86, 87, 89, 90, 88, 89, 91, 92, 90, 91, 93, 95, 92, 93, 94, 97, 95, 95, 97, 96, 97, 98, 99, 96, 98, 100, 101, 99, 100, 102, 103, 101, 102, 104, 105, 103, 104, 106, 107, 105, 106, 108, 109, 107, 88, 111, 112, 110, 86, 88, 110, 113, 84, 86, 113, 114, 82, 84, 114, 115, 80, 82, 115, 116, 73, 80, 116, 71, 117, 120, 122, 119, 120, 118, 121, 122, 122, 121, 124, 125, 119, 122, 125, 123, 125, 124, 127, 128, 123, 125, 128, 126, 128, 127, 130, 131, 126, 128, 131, 129, 131, 130, 133, 134, 129, 131, 134, 132, 134, 133, 136, 137, 132, 134, 137, 135, 137, 136, 139, 135, 137, 139, 138, 146, 143, 140, 147, 138, 139, 142, 141, 144, 145, 143, 146, 141, 142, 145, 144, 147, 140, 148, 149, 150, 153, 155, 152, 153, 151, 154, 155, 155, 154, 157, 158, 152, 155, 158, 156, 158, 157, 160, 161, 156, 158, 161, 159, 161, 160, 163, 164, 159, 161, 164, 162, 164, 163, 166, 167, 162, 164, 167, 165, 167, 166, 169, 170, 165, 167, 170, 168, 170, 169, 172, 168, 170, 172, 171, 179, 176, 173, 180, 171, 172, 175, 174, 177, 178, 176, 179, 174, 175, 178, 177, 180, 173, 181, 182, 183, 186, 188, 185, 186, 184, 187, 188, 217, 216, 190, 191, 218, 217, 191, 189, 220, 219, 193, 194, 221, 220, 194, 192, 194, 193, 196, 197, 192, 194, 197, 195, 197, 196, 199, 200, 195, 197, 200, 198, 200, 199, 202, 203, 198, 200, 203, 201, 203, 202, 205, 201, 203, 205, 204, 212, 209, 206, 213, 204, 205, 208, 207, 210, 211, 209, 212, 207, 208, 211, 210, 213, 206, 214, 215, 185, 188, 217, 218, 188, 187, 216, 217, 189, 191, 220, 221, 191, 190, 219, 220, 222, 225, 227, 224, 225, 223, 226, 227, 256, 255, 229, 230, 257, 256, 230, 228, 259, 258, 232, 233, 260, 259, 233, 231, 233, 232, 235, 236, 231, 233, 236, 234, 236, 235, 238, 239, 234, 236, 239, 237, 239, 238, 241, 242, 237, 239, 242, 240, 242, 241, 244, 240, 242, 244, 243, 251, 248, 245, 252, 243, 244, 247, 246, 249, 250, 248, 251, 246, 247, 250, 249, 252, 245, 253, 254, 224, 227, 256, 257, 227, 226, 255, 256, 228, 230, 259, 260, 230, 229, 258, 259, 262, 265, 263, 261, 265, 266, 264, 263, 268, 267, 265, 262, 267, 269, 266, 265, 269, 270, 271, 266, 270, 272, 273, 271, 272, 274, 273, 274, 275, 278, 276, 273, 274, 276, 277, 275, 281, 279, 278, 281, 282, 280, 279, 282, 283, 285, 280, 283, 284, 286, 285, 271, 273, 277, 287, 266, 271, 287, 264, 289, 292, 290, 288, 292, 293, 291, 290, 295, 294, 292, 289, 294, 296, 293, 292, 296, 297, 298, 293, 297, 299, 300, 298, 299, 301, 300, 301, 302, 305, 303, 300, 301, 303, 304, 302, 308, 306, 305, 308, 309, 307, 306, 309, 310, 312, 307, 310, 311, 313, 312, 298, 300, 304, 314, 293, 298, 314, 291, 315, 316, 338, 339, 316, 317, 318, 338, 317, 319, 320, 318, 319, 321, 323, 320, 321, 322, 325, 323, 323, 325, 324, 325, 326, 327, 324, 326, 328, 329, 327, 328, 330, 331, 329, 330, 332, 333, 331, 332, 334, 335, 333, 334, 336, 337, 335, 340, 343, 345, 342, 343, 341, 344, 345, 374, 373, 347, 348, 375, 374, 348, 346, 377, 376, 350, 351, 378, 377, 351, 349, 351, 350, 353, 354, 349, 351, 354, 352, 354, 353, 356, 357, 352, 354, 357, 355, 357, 356, 359, 360, 355, 357, 360, 358, 360, 359, 362, 358, 360, 362, 361, 369, 366, 363, 370, 361, 362, 365, 364, 367, 368, 366, 369, 364, 365, 368, 367, 370, 363, 371, 372, 342, 345, 374, 375, 345, 344, 373, 374, 346, 348, 377, 378, 348, 347, 376, 377, 379, 382, 384, 381, 382, 380, 383, 384, 384, 383, 386, 387, 381, 384, 387, 385, 387, 386, 389, 390, 385, 387, 390, 388, 390, 389, 392, 393, 388, 390, 393, 391, 393, 392, 395, 396, 391, 393, 396, 394, 396, 395, 398, 399, 394, 396, 399, 397, 399, 398, 401, 397, 399, 401, 400, 408, 405, 402, 409, 400, 401, 404, 403, 406, 407, 405, 408, 403, 404, 407, 406, 409, 402, 410, 411, 412, 415, 417, 414, 415, 413, 416, 417, 417, 416, 419, 420, 414, 417, 420, 418, 420, 419, 422, 423, 418, 420, 423, 421, 423, 422, 425, 426, 421, 423, 426, 424, 426, 425, 428, 429, 424, 426, 429, 427, 429, 428, 431, 432, 427, 429, 432, 430, 432, 431, 434, 430, 432, 434, 433, 441, 438, 435, 442, 433, 434, 437, 436, 439, 440, 438, 441, 436, 437, 440, 439, 442, 435, 443, 444, 445, 448, 450, 447, 448, 446, 449, 450, 479, 478, 452, 453, 480, 479, 453, 451, 482, 481, 455, 456, 483, 482, 456, 454, 456, 455, 458, 459, 454, 456, 459, 457, 459, 458, 461, 462, 457, 459, 462, 460, 462, 461, 464, 465, 460, 462, 465, 463, 465, 464, 467, 463, 465, 467, 466, 474, 471, 468, 475, 466, 467, 470, 469, 472, 473, 471, 474, 469, 470, 473, 472, 475, 468, 476, 477, 447, 450, 479, 480, 450, 449, 478, 479, 451, 453, 482, 483, 453, 452, 481, 482, 485, 487, 486, 484, 487, 489, 488, 486, 489, 492, 490, 488, 492, 493, 491, 490, 494, 495, 493, 492, 496, 494, 492, 489, 497, 496, 489, 487, 498, 497, 487, 485, 495, 499, 500, 493, 499, 501, 502, 500, 501, 503, 504, 502, 503, 505, 506, 504, 505, 507, 508, 506, 507, 509, 510, 508, 509, 511, 512, 510, 511, 513, 515, 512, 513, 514, 517, 515, 515, 517, 516, 517, 518, 519, 516, 518, 520, 521, 519, 520, 522, 523, 521, 522, 524, 525, 523, 524, 526, 527, 525, 526, 528, 529, 527, 508, 531, 532, 530, 506, 508, 530, 533, 504, 506, 533, 534, 502, 504, 534, 535, 500, 502, 535, 536, 493, 500, 536, 491, 537, 538, 540, 539, 539, 540, 542, 541, 541, 542, 544, 543, 543, 544, 547, 545, 545, 547, 549, 546, 544, 548, 547, 546, 549, 550, 552, 552, 550, 551, 553, 553, 551, 555, 554, 554, 555, 557, 556, 556, 557, 559, 558, 542, 560, 548, 544, 540, 561, 560, 542, 538, 562, 561, 540, 563, 564, 566, 565, 565, 566, 568, 567, 567, 568, 570, 569, 601, 603, 572, 571, 571, 572, 574, 573, 573, 574, 576, 575, 577, 575, 576, 578, 577, 578, 580, 579, 579, 580, 582, 581, 581, 582, 584, 583, 583, 584, 586, 585, 578, 587, 589, 588, 576, 594, 587, 578, 588, 589, 591, 590, 590, 591, 593, 592, 574, 595, 594, 576, 572, 596, 595, 574, 603, 602, 596, 572, 568, 598, 597, 570, 566, 599, 598, 568, 564, 600, 599, 566, 570, 597, 602, 603, 569, 570, 603, 601, 604, 605, 607, 606, 606, 607, 609, 608, 608, 609, 611, 610, 642, 644, 613, 612, 612, 613, 615, 614, 614, 615, 617, 616, 618, 616, 617, 619, 618, 619, 621, 620, 620, 621, 623, 622, 622, 623, 625, 624, 624, 625, 627, 626, 619, 628, 630, 629, 617, 635, 628, 619, 629, 630, 632, 631, 631, 632, 634, 633, 615, 636, 635, 617, 613, 637, 636, 615, 644, 643, 637, 613, 609, 639, 638, 611, 607, 640, 639, 609, 605, 641, 640, 607, 611, 638, 643, 644, 610, 611, 644, 642]
            rel material:binding = </root/_materials/grass_medium_02>
            normal3f[] normals = [(0.9395039, 0.28353894, 0.19219278), (0.8935932, 0.36999968, 0.2541483), (0.90049374, 0.3586143, 0.24598125), (0.93950397, 0.28353897, 0.19219281), (0.8935932, 0.36999968, 0.2541483), (0.84295046, 0.44431975, 0.30333894), (0.8433731, 0.4429316, 0.30419317), (0.90049374, 0.3586143, 0.24598125), (0.84295046, 0.44431975, 0.30333894), (0.8159195, 0.48387426, 0.31645066), (0.80419534, 0.49942994, 0.32224154), (0.8433731, 0.4429316, 0.30419317), (0.8159195, 0.48387426, 0.31645066), (0.72900826, 0.58212554, 0.36010674), (0.62276566, 0.67080605, 0.40271842), (0.80419534, 0.49942994, 0.32224154), (0.72900826, 0.58212554, 0.36010674), (0.5700105, 0.7049473, 0.42206335), (0.53405654, 0.72987896, 0.42668515), (0.62276566, 0.67080605, 0.40271842), (0.62276566, 0.67080605, 0.40271842), (0.53405654, 0.72987896, 0.42668515), (0.24698447, 0.80509096, 0.539284), (0.53405654, 0.72987896, 0.42668515), (0.14811592, 0.8243203, 0.5464043), (0.11319386, 0.8429141, 0.5260066), (0.24698447, 0.80509096, 0.539284), (0.14811592, 0.8243203, 0.5464043), (0.049933076, 0.9290061, 0.36668018), (0.014653811, 0.9740084, 0.22603722), (0.11319386, 0.8429141, 0.5260066), (0.049933076, 0.9290061, 0.36668018), (-0.050260205, 0.9964514, 0.06751652), (-0.08952052, 0.9935075, 0.07020676), (0.014653811, 0.9740084, 0.22603722), (-0.050260205, 0.9964514, 0.06751652), (-0.12998083, 0.9885325, 0.07686718), (-0.13214266, 0.988192, 0.07755505), (-0.08952052, 0.9935075, 0.07020676), (-0.12998083, 0.9885325, 0.07686718), (-0.14602788, 0.9783102, 0.14691846), (-0.14545275, 0.9762445, 0.16059299), (-0.13214266, 0.988192, 0.07755505), (-0.14602788, 0.9783102, 0.14691846), (-0.14241664, 0.9641993, 0.22369002), (-0.14241666, 0.9641993, 0.22369003), (-0.14545275, 0.9762445, 0.16059299), (-0.41724873, 0.8889511, -0.18886352), (-0.08853592, 0.9935191, -0.07128192), (-0.044316918, 0.98178065, -0.18477754), (-0.44584784, 0.82257724, -0.35296813), (-0.08853592, 0.9935191, -0.07128192), (0.3431548, 0.9348862, 0.09073288), (0.46355438, 0.87288046, 0.15230541), (-0.044316918, 0.98178065, -0.18477754), (0.036266446, 0.97234315, -0.2307241), (0.52656823, 0.8029765, 0.27920362), (0.40161785, 0.76980525, 0.4960878), (0.011362927, 0.9773352, -0.21139207), (-0.4554894, 0.68376833, -0.57007927), (0.036266446, 0.97234315, -0.2307241), (0.011362927, 0.9773352, -0.21139207), (-0.39879426, 0.66971076, -0.6264588), (0.16392706, 0.9658201, -0.20079723), (0.18053755, 0.66711897, 0.72274375), (-0.10280373, 0.5078808, 0.85527104), (0.3197699, 0.9473026, -0.019103615), (-0.13435078, 0.642495, -0.7544204), (0.16392706, 0.9658201, -0.20079723), (0.3197699, 0.9473026, -0.019103615), (0.27920905, 0.5765196, -0.7678981), (0.3197699, 0.9473026, -0.019103615), (-0.10280373, 0.5078808, 0.85527104), (-0.32914367, 0.46361062, 0.8226358), (0.34424746, 0.92338204, 0.1698804), (0.27920905, 0.5765196, -0.7678981), (0.3197699, 0.9473026, -0.019103615), (0.34424746, 0.92338204, 0.1698804), (0.55409515, 0.5544169, -0.6209673), (0.34424746, 0.92338204, 0.1698804), (-0.32914367, 0.46361062, 0.8226358), (-0.032397255, 0.9573082, 0.28724825), (-0.026357828, 0.9290605, 0.36898765), (0.55409515, 0.5544169, -0.6209673), (0.34424746, 0.92338204, 0.1698804), (-0.026357828, 0.9290605, 0.36898765), (0.54960304, 0.7503718, -0.36725822), (-0.026357828, 0.9290605, 0.36898765), (-0.032397255, 0.9573082, 0.28724825), (0.028972326, 0.9961055, 0.08327277), (0.025267461, 0.99492395, 0.0974059), (0.54960304, 0.7503718, -0.36725822), (-0.026357828, 0.9290605, 0.36898765), (0.025267461, 0.99492395, 0.0974059), (0.02178746, 0.9935405, 0.1113665), (0.025267461, 0.99492395, 0.0974059), (0.028972326, 0.9961055, 0.08327277), (-0.03834111, 0.98130286, 0.18861218), (0.02178746, 0.9935405, 0.1113665), (0.025267461, 0.99492395, 0.0974059), (-0.03834111, 0.98130286, 0.18861218), (-0.039055496, 0.98144686, 0.18771474), (0.09199063, 0.915841, 0.3908618), (0.066545404, 0.92543393, 0.3730196), (0.12615044, 0.91221577, 0.38980576), (0.11992293, 0.9114823, 0.39347002), (-0.039055496, 0.98144686, 0.18771474), (-0.03834111, 0.98130286, 0.18861218), (-0.015832303, 0.96293837, 0.2692564), (-0.012349482, 0.9612977, 0.27523506), (0.03651421, 0.9384434, 0.3434975), (0.022716064, 0.94476485, 0.326961), (0.066545404, 0.92543393, 0.3730196), (0.09199063, 0.915841, 0.3908618), (-0.012349482, 0.9612977, 0.27523506), (-0.015832303, 0.96293837, 0.2692564), (0.022716064, 0.94476485, 0.326961), (0.03651421, 0.9384434, 0.3434975), (0.11992293, 0.9114823, 0.39347002), (0.12615044, 0.91221577, 0.38980576), (0.13888897, 0.9135682, 0.38223413), (0.13888898, 0.91356826, 0.38223416), (-0.44584784, 0.82257724, -0.35296813), (-0.044316918, 0.98178065, -0.18477754), (0.036266446, 0.97234315, -0.2307241), (-0.4554894, 0.68376833, -0.57007927), (-0.044316918, 0.98178065, -0.18477754), (0.46355438, 0.87288046, 0.15230541), (0.52656823, 0.8029765, 0.27920362), (0.036266446, 0.97234315, -0.2307241), (-0.39879426, 0.66971076, -0.6264588), (0.011362927, 0.9773352, -0.21139207), (0.16392706, 0.9658201, -0.20079723), (-0.13435078, 0.642495, -0.7544204), (0.011362927, 0.9773352, -0.21139207), (0.40161785, 0.76980525, 0.4960878), (0.18053755, 0.66711897, 0.72274375), (0.16392706, 0.9658201, -0.20079723), (0.046487857, 0.98249054, -0.18041936), (-0.03979439, 0.9971087, -0.06473556), (-0.67294127, 0.30155504, 0.6754366), (-0.69556725, 0.41062853, 0.5895511), (-0.03979439, 0.9971087, -0.06473556), (-0.06445148, 0.98681, 0.1484994), (-0.56711966, 0.05854621, 0.82155186), (-0.67294127, 0.30155504, 0.6754366), (-0.06445148, 0.98681, 0.1484994), (-0.1492492, 0.8913964, 0.4279453), (-0.52000433, -0.08036263, 0.8503748), (-0.56711966, 0.05854621, 0.82155186), (-0.1492492, 0.8913964, 0.4279453), (-0.35388574, 0.8051176, 0.4759733), (-0.6315829, -0.16426933, 0.7577061), (-0.52000433, -0.08036263, 0.8503748), (0.39655206, 0.75712395, -0.5191432), (0.29314655, 0.86784166, -0.40114328), (-0.35388574, 0.8051176, 0.4759733), (-0.1492492, 0.8913964, 0.4279453), (0.5435691, 0.5403205, -0.6423289), (0.39655206, 0.75712395, -0.5191432), (-0.1492492, 0.8913964, 0.4279453), (-0.06445148, 0.98681, 0.1484994), (0.6314597, 0.38855785, -0.67103004), (0.5435691, 0.5403205, -0.6423289), (-0.06445148, 0.98681, 0.1484994), (-0.03979439, 0.9971087, -0.06473556), (0.6482822, 0.38530543, -0.6567114), (0.6314597, 0.38855785, -0.67103004), (-0.03979439, 0.9971087, -0.06473556), (0.046487857, 0.98249054, -0.18041936), (0.29314655, 0.86784166, -0.40114328), (0.15399449, 0.9446395, -0.2897273), (-0.6008102, 0.7105111, 0.36633453), (-0.35388574, 0.8051176, 0.4759733), (0.15399449, 0.9446395, -0.2897273), (-0.12020704, 0.9916456, -0.046790347), (-0.6691242, 0.6246015, 0.4026733), (-0.6008102, 0.7105111, 0.36633453), (-0.12020704, 0.9916456, -0.046790347), (-0.4121506, 0.8540504, 0.3173796), (-0.5698346, 0.33420983, 0.7507278), (-0.6691242, 0.6246015, 0.4026733), (-0.4121506, 0.8540504, 0.3173796), (-0.57092065, 0.3471426, 0.7440038), (-0.40880248, -0.07843667, 0.90924597), (-0.5698346, 0.33420983, 0.7507278), (-0.57092065, 0.3471426, 0.7440038), (-0.39403102, -0.17999409, 0.90129995), (-0.34683177, -0.3294326, 0.8781696), (-0.40880248, -0.07843667, 0.90924597), (-0.39403102, -0.17999409, 0.90129995), (-0.18529363, -0.42444605, 0.8862911), (-0.19948885, -0.4023422, 0.89349025), (-0.34683177, -0.3294326, 0.8781696), (-0.18529363, -0.42444605, 0.8862911), (-0.05547438, -0.5406358, 0.83942574), (-0.049862698, -0.5430764, 0.83820146), (-0.19948885, -0.4023422, 0.89349025), (-0.05547438, -0.5406358, 0.83942574), (0.09809456, -0.55660933, 0.82496274), (0.14356594, -0.5470933, 0.82466835), (-0.049862698, -0.5430764, 0.83820146), (0.09809456, -0.55660933, 0.82496274), (0.2118289, -0.531435, 0.82018614), (0.26640692, -0.51685184, 0.8135672), (0.14356594, -0.5470933, 0.82466835), (0.14356594, -0.5470933, 0.82466835), (0.26640692, -0.51685184, 0.8135672), (0.3793342, -0.4842911, 0.78839564), (0.26640692, -0.51685184, 0.8135672), (0.5098047, -0.39841318, 0.7624736), (0.5352302, -0.37283096, 0.7579747), (0.3793342, -0.4842911, 0.78839564), (0.5098047, -0.39841318, 0.7624736), (0.70062697, -0.08365068, 0.7086074), (0.6913877, -0.10861172, 0.7142734), (0.5352302, -0.37283096, 0.7579747), (0.70062697, -0.08365068, 0.7086074), (0.75969446, 0.22942588, 0.6084637), (0.7597077, 0.21193707, 0.61475766), (0.6913877, -0.10861172, 0.7142734), (0.75969446, 0.22942588, 0.6084637), (0.77297044, -0.016885336, 0.63421714), (0.77750534, 0.09089303, 0.6222732), (0.7597077, 0.21193707, 0.61475766), (0.77297044, -0.016885336, 0.63421714), (0.7192292, -0.30965665, 0.6219502), (0.71980006, -0.30744848, 0.6223852), (0.77750534, 0.09089303, 0.6222732), (0.7192292, -0.30965665, 0.6219502), (0.6956022, -0.38951176, 0.6036706), (0.6956022, -0.38951176, 0.6036706), (0.71980006, -0.30744848, 0.6223852), (-0.34683177, -0.3294326, 0.8781696), (-0.421561, -0.44102195, 0.79232943), (-0.421561, -0.44102195, 0.79232943), (-0.22034879, -0.46257618, 0.85876054), (-0.40880248, -0.07843667, 0.90924597), (-0.34683177, -0.3294326, 0.8781696), (-0.22034879, -0.46257618, 0.85876054), (-0.11967301, -0.50557667, 0.85444164), (-0.5698346, 0.33420983, 0.7507278), (-0.40880248, -0.07843667, 0.90924597), (-0.11967301, -0.50557667, 0.85444164), (-0.32219544, -0.49710995, 0.80565), (-0.6691242, 0.6246015, 0.4026733), (-0.5698346, 0.33420983, 0.7507278), (-0.32219544, -0.49710995, 0.80565), (-0.66581434, -0.3482849, 0.6598401), (-0.6008102, 0.7105111, 0.36633453), (-0.6691242, 0.6246015, 0.4026733), (-0.66581434, -0.3482849, 0.6598401), (-0.78334635, -0.2332951, 0.576144), (-0.35388574, 0.8051176, 0.4759733), (-0.6008102, 0.7105111, 0.36633453), (-0.78334635, -0.2332951, 0.576144), (-0.6315829, -0.16426933, 0.7577061), (0.19537322, -0.96476895, 0.17621046), (-0.16396238, -0.97790426, 0.12969042), (-0.09912146, -0.9948689, -0.020271042), (0.34803358, -0.9374407, 0.008805681), (-0.16396238, -0.97790426, 0.12969042), (-0.5935753, -0.8035439, 0.04455915), (-0.67516285, -0.73709476, 0.029094642), (-0.09912146, -0.9948689, -0.020271042), (-0.09912146, -0.9948689, -0.020271042), (-0.67516285, -0.73709476, 0.029094642), (-0.59276533, -0.7964486, 0.11957811), (0.060560986, -0.9981138, -0.010065391), (0.34803358, -0.9374407, 0.008805681), (-0.09912146, -0.9948689, -0.020271042), (0.060560986, -0.9981138, -0.010065391), (0.71651375, -0.6829541, -0.14206202), (0.060560986, -0.9981138, -0.010065391), (-0.59276533, -0.7964486, 0.11957811), (-0.18500702, -0.97031, 0.15579125), (0.4729647, -0.8491983, 0.23487583), (0.71651375, -0.6829541, -0.14206202), (0.060560986, -0.9981138, -0.010065391), (0.4729647, -0.8491983, 0.23487583), (0.9862942, -0.15227151, 0.06353864), (0.4729647, -0.8491983, 0.23487583), (-0.18500702, -0.97031, 0.15579125), (0.103993244, -0.9849543, 0.13802339), (0.80350906, -0.53489846, 0.26126024), (0.9862942, -0.15227151, 0.06353864), (0.4729647, -0.8491983, 0.23487583), (0.80350906, -0.53489846, 0.26126024), (0.9177177, 0.3595348, 0.16890562), (0.80350906, -0.53489846, 0.26126024), (0.103993244, -0.9849543, 0.13802339), (0.7520154, -0.55195814, 0.3602987), (0.8326299, -0.44255915, 0.33296952), (0.9177177, 0.3595348, 0.16890562), (0.80350906, -0.53489846, 0.26126024), (0.8326299, -0.44255915, 0.33296952), (0.9450174, 0.15109101, 0.2900236), (0.8326299, -0.44255915, 0.33296952), (0.7520154, -0.55195814, 0.3602987), (0.8763971, -0.25214264, 0.41030747), (0.87169063, -0.25393742, 0.41913152), (0.9450174, 0.15109101, 0.2900236), (0.8326299, -0.44255915, 0.33296952), (0.87169063, -0.25393742, 0.41913152), (0.8542611, -0.2973938, 0.42637402), (0.87169063, -0.25393742, 0.41913152), (0.8763971, -0.25214264, 0.41030747), (0.8149376, -0.38393956, 0.4341281), (0.8542611, -0.2973938, 0.42637402), (0.87169063, -0.25393742, 0.41913152), (0.8149376, -0.38393956, 0.4341281), (0.8087306, -0.3982284, 0.4328614), (0.638241, -0.6575482, 0.4003483), (0.6465242, -0.64343905, 0.40986896), (0.6501701, -0.6621665, 0.37257826), (0.6419462, -0.66602933, 0.37988165), (0.8087306, -0.3982284, 0.4328614), (0.8149376, -0.38393956, 0.4341281), (0.7539674, -0.5001305, 0.42591384), (0.7492931, -0.5073086, 0.42567345), (0.6802774, -0.5999252, 0.42108473), (0.6940187, -0.58325356, 0.422082), (0.6465242, -0.64343905, 0.40986896), (0.638241, -0.6575482, 0.4003483), (0.7492931, -0.5073086, 0.42567345), (0.7539674, -0.5001305, 0.42591384), (0.6940187, -0.58325356, 0.422082), (0.6802774, -0.5999252, 0.42108473), (0.6419462, -0.66602933, 0.37988165), (0.6501701, -0.6621665, 0.37257826), (0.66160667, -0.6565714, 0.36220258), (0.66160667, -0.6565714, 0.36220255), (0.7069911, 0.66381764, 0.24394608), (0.88718593, 0.37100053, 0.2743349), (0.8991128, 0.40798315, 0.15857422), (0.6142823, 0.78312707, 0.09679522), (0.88718593, 0.37100053, 0.2743349), (0.95211476, -0.16797943, 0.25546116), (0.93214536, -0.246156, 0.2655414), (0.8991128, 0.40798315, 0.15857422), (0.8991128, 0.40798315, 0.15857422), (0.93214536, -0.246156, 0.2655414), (0.9079394, -0.14764014, 0.39223513), (0.7771892, 0.5562302, 0.29425296), (0.6142823, 0.78312707, 0.09679522), (0.8991128, 0.40798315, 0.15857422), (0.7771892, 0.5562302, 0.29425296), (0.20463304, 0.9775199, -0.05079546), (0.7771892, 0.5562302, 0.29425296), (0.9079394, -0.14764014, 0.39223513), (0.88111067, 0.15463272, 0.44691455), (0.39673313, 0.6733036, 0.6239112), (0.20463304, 0.9775199, -0.05079546), (0.7771892, 0.5562302, 0.29425296), (0.39673313, 0.6733036, 0.6239112), (-0.39053324, 0.8981953, 0.20181403), (0.39673313, 0.6733036, 0.6239112), (0.88111067, 0.15463272, 0.44691455), (0.8210568, 0.35819077, 0.444483), (0.047686156, 0.74159235, 0.6691538), (-0.39053324, 0.8981953, 0.20181403), (0.39673313, 0.6733036, 0.6239112), (0.047686156, 0.74159235, 0.6691538), (-0.76379836, 0.54707396, 0.34252316), (0.047686156, 0.74159235, 0.6691538), (0.8210568, 0.35819077, 0.444483), (0.15025565, 0.686842, 0.71110564), (0.02839642, 0.7137846, 0.69978935), (-0.76379836, 0.54707396, 0.34252316), (0.047686156, 0.74159235, 0.6691538), (0.02839642, 0.7137846, 0.69978935), (-0.6124626, 0.6018576, 0.51250076), (0.02839642, 0.7137846, 0.69978935), (0.15025565, 0.686842, 0.71110564), (-0.16687144, 0.67575127, 0.71799314), (-0.15844297, 0.67325044, 0.72223943), (-0.6124626, 0.6018576, 0.51250076), (0.02839642, 0.7137846, 0.69978935), (-0.15844297, 0.67325044, 0.72223943), (-0.13553639, 0.6723793, 0.7276922), (-0.15844297, 0.67325044, 0.72223943), (-0.16687144, 0.67575127, 0.71799314), (-0.040260427, 0.6784315, 0.7335597), (-0.13553639, 0.6723793, 0.7276922), (-0.15844297, 0.67325044, 0.72223943), (-0.040260427, 0.6784315, 0.7335597), (-0.038202543, 0.67871815, 0.7334046), (0.16813011, 0.7665566, 0.6197767), (0.15650122, 0.7569632, 0.6344399), (0.14837947, 0.79489434, 0.5883251), (0.16222331, 0.7862245, 0.5962672), (-0.038202543, 0.67871815, 0.7334046), (-0.040260427, 0.6784315, 0.7335597), (0.049460106, 0.7090073, 0.7034645), (0.051763114, 0.70994574, 0.7023515), (0.122713625, 0.73891926, 0.6625253), (0.11083209, 0.7339767, 0.67007047), (0.15650122, 0.7569632, 0.6344399), (0.16813011, 0.7665566, 0.6197767), (0.051763114, 0.70994574, 0.7023515), (0.049460106, 0.7090073, 0.7034645), (0.11083209, 0.7339767, 0.67007047), (0.122713625, 0.73891926, 0.6625253), (0.16222331, 0.7862245, 0.5962672), (0.14837947, 0.79489434, 0.5883251), (0.13252427, 0.8044661, 0.57902634), (0.13252427, 0.8044661, 0.57902634), (-0.4573189, -0.87601405, -0.15316305), (-0.7854863, -0.61443466, -0.07403502), (-0.76887816, -0.60363466, -0.21083577), (-0.40166837, -0.8405854, -0.36342618), (-0.7854863, -0.61443466, -0.07403502), (-0.962654, -0.2704802, 0.011735345), (-0.9885385, -0.13178842, 0.07364432), (-0.76887816, -0.60363466, -0.21083577), (-0.82406706, -0.4891435, -0.28574818), (-0.97753125, -0.010315025, 0.21053797), (-0.89258975, -0.10691404, 0.4380103), (-0.8197825, -0.4930558, -0.29129487), (-0.32329437, -0.73499215, -0.59604305), (-0.82406706, -0.4891435, -0.28574818), (-0.8197825, -0.4930558, -0.29129487), (-0.34460956, -0.64493126, -0.68213475), (-0.89141005, -0.33977273, -0.2999044), (-0.66100055, -0.25675583, 0.705092), (-0.30288902, -0.42363074, 0.853695), (-0.9684967, -0.21718858, -0.121833265), (-0.42024782, -0.36572215, -0.83044505), (-0.89141005, -0.33977273, -0.2999044), (-0.9684967, -0.21718858, -0.121833265), (-0.4979612, 0.02862486, -0.86672676), (-0.9684967, -0.21718858, -0.121833265), (-0.30288902, -0.42363074, 0.853695), (-0.122858815, -0.5737247, 0.80978125), (-0.9617561, -0.27173597, 0.034422167), (-0.4979612, 0.02862486, -0.86672676), (-0.9684967, -0.21718858, -0.121833265), (-0.9617561, -0.27173597, 0.034422167), (-0.5487372, 0.23832166, -0.8013054), (-0.9617561, -0.27173597, 0.034422167), (-0.122858815, -0.5737247, 0.80978125), (-0.78523684, -0.61267626, -0.08961498), (-0.72048485, -0.6753068, 0.15767811), (-0.5487372, 0.23832166, -0.8013054), (-0.9617561, -0.27173597, 0.034422167), (-0.72048485, -0.6753068, 0.15767811), (-0.6925922, 0.16372307, -0.70250326), (-0.72048485, -0.6753068, 0.15767811), (-0.78523684, -0.61267626, -0.08961498), (-0.7709337, -0.5792676, -0.26478347), (-0.7800775, -0.5763476, -0.24352108), (-0.6925922, 0.16372307, -0.70250326), (-0.72048485, -0.6753068, 0.15767811), (-0.7800775, -0.5763476, -0.24352108), (-0.7903242, -0.5600572, -0.24844234), (-0.7800775, -0.5763476, -0.24352108), (-0.7709337, -0.5792676, -0.26478347), (-0.7421621, -0.65797585, -0.12752703), (-0.7903242, -0.5600572, -0.24844234), (-0.7800775, -0.5763476, -0.24352108), (-0.7421621, -0.65797585, -0.12752703), (-0.7408758, -0.65329784, -0.1559006), (-0.81455165, -0.57878315, 0.038931), (-0.80501914, -0.5925044, 0.029710786), (-0.8405285, -0.5408352, 0.03176628), (-0.8361646, -0.547177, 0.037763253), (-0.7408758, -0.65329784, -0.1559006), (-0.7421621, -0.65797585, -0.12752703), (-0.75658584, -0.6515138, -0.055745974), (-0.7522842, -0.65541726, -0.06705689), (-0.780545, -0.625081, -0.0048311837), (-0.7790133, -0.6269617, -0.0075659864), (-0.80501914, -0.5925044, 0.029710786), (-0.81455165, -0.57878315, 0.038931), (-0.7522842, -0.65541726, -0.06705689), (-0.75658584, -0.6515138, -0.055745974), (-0.7790133, -0.6269617, -0.0075659864), (-0.780545, -0.625081, -0.0048311837), (-0.8361646, -0.547177, 0.037763253), (-0.8405285, -0.5408352, 0.03176628), (-0.84943944, -0.5273384, 0.019152444), (-0.8494395, -0.52733845, 0.019152446), (-0.40166837, -0.8405854, -0.36342618), (-0.76887816, -0.60363466, -0.21083577), (-0.82406706, -0.4891435, -0.28574818), (-0.32329437, -0.73499215, -0.59604305), (-0.76887816, -0.60363466, -0.21083577), (-0.9885385, -0.13178842, 0.07364432), (-0.97753125, -0.010315025, 0.21053797), (-0.82406706, -0.4891435, -0.28574818), (-0.34460956, -0.64493126, -0.68213475), (-0.8197825, -0.4930558, -0.29129487), (-0.89141005, -0.33977273, -0.2999044), (-0.42024782, -0.36572215, -0.83044505), (-0.8197825, -0.4930558, -0.29129487), (-0.89258975, -0.10691404, 0.4380103), (-0.66100055, -0.25675583, 0.705092), (-0.89141005, -0.33977273, -0.2999044), (0.55174, 0.8051842, 0.2173969), (0.7513412, 0.62834597, 0.20166242), (0.7961184, 0.60482574, 0.019529141), (0.45512572, 0.88524526, 0.09592346), (0.7513412, 0.62834597, 0.20166242), (0.98272777, 0.13600826, 0.12549047), (0.9989826, -0.045017075, 0.0026855685), (0.7961184, 0.60482574, 0.019529141), (0.8338208, 0.50218254, -0.22925022), (0.9415967, -0.14821841, -0.30236876), (0.8332556, -0.1722088, -0.5253847), (0.72283924, 0.5155469, -0.4601249), (0.2358414, 0.95935994, -0.15494315), (0.8338208, 0.50218254, -0.22925022), (0.72283924, 0.5155469, -0.4601249), (0.20699178, 0.9534712, -0.21919636), (0.555477, 0.54982615, -0.62380797), (0.76446325, -0.13124248, -0.63116664), (0.83483565, -0.090841785, -0.54295224), (0.37690517, 0.6011887, -0.70463794), (0.042732716, 0.93971986, -0.3392647), (0.555477, 0.54982615, -0.62380797), (0.37690517, 0.6011887, -0.70463794), (-0.236467, 0.90110016, -0.363458), (0.37690517, 0.6011887, -0.70463794), (0.83483565, -0.090841785, -0.54295224), (0.97949076, -0.033792008, -0.19863537), (0.338684, 0.67812324, -0.6522592), (-0.236467, 0.90110016, -0.363458), (0.37690517, 0.6011887, -0.70463794), (0.338684, 0.67812324, -0.6522592), (-0.42558306, 0.82768303, -0.36581394), (0.338684, 0.67812324, -0.6522592), (0.97949076, -0.033792008, -0.19863537), (0.48915666, 0.8711586, -0.042524993), (0.46033275, 0.8727896, -0.16227129), (-0.42558306, 0.82768303, -0.36581394), (0.338684, 0.67812324, -0.6522592), (0.46033275, 0.8727896, -0.16227129), (-0.32127866, 0.8966118, -0.3047414), (0.46033275, 0.8727896, -0.16227129), (0.48915666, 0.8711586, -0.042524993), (0.15767244, 0.98458284, 0.07573742), (0.17153542, 0.98307073, 0.06440182), (-0.32127866, 0.8966118, -0.3047414), (0.46033275, 0.8727896, -0.16227129), (0.17153542, 0.98307073, 0.06440182), (0.16444167, 0.9851917, 0.04854095), (0.17153542, 0.98307073, 0.06440182), (0.15767244, 0.98458284, 0.07573742), (0.28394535, 0.951524, 0.11822501), (0.16444167, 0.9851917, 0.04854095), (0.17153542, 0.98307073, 0.06440182), (0.28394535, 0.951524, 0.11822501), (0.26352453, 0.95618755, 0.12751557), (0.36531246, 0.91519123, -0.17021102), (0.3674651, 0.91787106, -0.14994039), (0.31206372, 0.917184, -0.2477698), (0.3166412, 0.91647625, -0.2445601), (0.26352453, 0.95618755, 0.12751557), (0.28394535, 0.951524, 0.11822501), (0.34330666, 0.9382115, 0.04358492), (0.3374671, 0.9394173, 0.060091667), (0.36529866, 0.92934084, -0.05368958), (0.36537388, 0.92927504, -0.05431382), (0.3674651, 0.91787106, -0.14994039), (0.36531246, 0.91519123, -0.17021102), (0.3374671, 0.9394173, 0.060091667), (0.34330666, 0.9382115, 0.04358492), (0.36537388, 0.92927504, -0.05431382), (0.36529866, 0.92934084, -0.05368958), (0.3166412, 0.91647625, -0.2445601), (0.31206372, 0.917184, -0.2477698), (0.26655665, 0.92258763, -0.27889), (0.26655665, 0.92258763, -0.27889), (0.45512572, 0.88524526, 0.09592346), (0.7961184, 0.60482574, 0.019529141), (0.8338208, 0.50218254, -0.22925022), (0.2358414, 0.95935994, -0.15494315), (0.7961184, 0.60482574, 0.019529141), (0.9989826, -0.045017075, 0.0026855685), (0.9415967, -0.14821841, -0.30236876), (0.8338208, 0.50218254, -0.22925022), (0.20699178, 0.9534712, -0.21919636), (0.72283924, 0.5155469, -0.4601249), (0.555477, 0.54982615, -0.62380797), (0.042732716, 0.93971986, -0.3392647), (0.72283924, 0.5155469, -0.4601249), (0.8332556, -0.1722088, -0.5253847), (0.76446325, -0.13124248, -0.63116664), (0.555477, 0.54982615, -0.62380797), (-0.8317551, -0.43039057, 0.35063863), (-0.8027257, -0.44808593, 0.39351052), (-0.7905052, -0.4542569, 0.4107946), (-0.83122593, -0.42611066, 0.35706183), (-0.8027257, -0.44808593, 0.39351052), (-0.6693733, -0.5132745, 0.5371114), (-0.67501575, -0.5101517, 0.5330093), (-0.7905052, -0.4542569, 0.4107946), (-0.83227503, -0.43502596, 0.34361404), (-0.8007109, -0.45116243, 0.39409956), (-0.8027257, -0.44808593, 0.39351052), (-0.8317551, -0.43039057, 0.35063863), (-0.8007109, -0.45116243, 0.39409956), (-0.6607414, -0.51857173, 0.54268247), (-0.6693733, -0.5132745, 0.5371114), (-0.8027257, -0.44808593, 0.39351052), (-0.6607414, -0.51857173, 0.54268247), (-0.40425006, -0.5554078, 0.72670776), (-0.4305581, -0.5475745, 0.717483), (-0.6693733, -0.5132745, 0.5371114), (-0.40425006, -0.5554078, 0.72670776), (-0.15541427, -0.50748205, 0.8475307), (-0.17285015, -0.46984148, 0.8656627), (-0.4305581, -0.5475745, 0.717483), (-0.15541427, -0.50748205, 0.8475307), (-0.052902337, -0.32903567, 0.94283444), (-0.17285015, -0.46984148, 0.8656627), (-0.052902337, -0.32903567, 0.94283444), (-0.23942533, -0.37340182, 0.89624023), (-0.26009545, -0.37923008, 0.8879949), (-0.0545859, -0.32790965, 0.94313073), (-0.17285015, -0.46984148, 0.8656627), (-0.052902337, -0.32903567, 0.94283444), (-0.0545859, -0.32790965, 0.94313073), (-0.19855702, -0.45191365, 0.86968344), (-0.23942533, -0.37340182, 0.89624023), (-0.517995, -0.46466464, 0.7181699), (-0.53902745, -0.47678706, 0.6943512), (-0.26009545, -0.37923008, 0.8879949), (-0.517995, -0.46466464, 0.7181699), (-0.5755026, -0.5173456, 0.6333643), (-0.5789581, -0.51649207, 0.63090694), (-0.53902745, -0.47678706, 0.6943512), (-0.5755026, -0.5173456, 0.6333643), (-0.52024615, -0.5224028, 0.6756029), (-0.5362199, -0.5226153, 0.6628283), (-0.5789581, -0.51649207, 0.63090694), (-0.52024615, -0.5224028, 0.6756029), (-0.5008595, -0.52186173, 0.6905072), (-0.50085944, -0.5218617, 0.6905072), (-0.5362199, -0.5226153, 0.6628283), (-0.4305581, -0.5475745, 0.717483), (-0.17285015, -0.46984148, 0.8656627), (-0.19855702, -0.45191365, 0.86968344), (-0.45486212, -0.54112476, 0.7073078), (-0.6693733, -0.5132745, 0.5371114), (-0.4305581, -0.5475745, 0.717483), (-0.45486212, -0.54112476, 0.7073078), (-0.67501575, -0.5101517, 0.5330093), (0.9791336, 0.015886322, 0.20259546), (0.9849364, 0.0011663946, 0.17291288), (0.9849083, -0.04694043, 0.16659032), (0.9783094, 0.00503211, 0.20708789), (0.9849364, 0.0011663946, 0.17291288), (0.9797552, 0.063996725, 0.18969506), (0.9810421, 0.023983588, 0.19230495), (0.9849083, -0.04694043, 0.16659032), (0.97971284, 0.024863264, 0.1988581), (0.98534787, 0.023105323, 0.16898435), (0.9849364, 0.0011663946, 0.17291288), (0.9791336, 0.015886322, 0.20259546), (0.98534787, 0.023105323, 0.16898435), (0.978775, 0.0985064, 0.17971066), (0.9797552, 0.063996725, 0.18969506), (0.9849364, 0.0011663946, 0.17291288), (0.978775, 0.0985064, 0.17971066), (0.9044762, 0.26792875, 0.3318688), (0.89530444, 0.25913244, 0.36232635), (0.9797552, 0.063996725, 0.18969506), (0.9044762, 0.26792875, 0.3318688), (0.7404888, 0.40259972, 0.5381355), (0.71922255, 0.38049698, 0.5813269), (0.89530444, 0.25913244, 0.36232635), (0.7404888, 0.40259972, 0.5381355), (0.6924216, 0.33533654, 0.6388284), (0.71922255, 0.38049698, 0.5813269), (0.6924216, 0.33533654, 0.6388284), (0.77520406, 0.37715545, 0.5067667), (0.8675491, 0.39365044, 0.30397022), (0.6930818, 0.3471581, 0.6317585), (0.71922255, 0.38049698, 0.5813269), (0.6924216, 0.33533654, 0.6388284), (0.6930818, 0.3471581, 0.6317585), (0.74583876, 0.3217692, 0.58325726), (0.77520406, 0.37715545, 0.5067667), (0.9217053, 0.3836822, 0.056985255), (0.9257531, 0.377926, 0.012372401), (0.8675491, 0.39365044, 0.30397022), (0.9217053, 0.3836822, 0.056985255), (0.9194281, 0.38837346, 0.06179036), (0.9234436, 0.3828625, 0.025850708), (0.9257531, 0.377926, 0.012372401), (0.9194281, 0.38837346, 0.06179036), (0.6753068, 0.64794815, 0.35231227), (0.7162539, 0.6157203, 0.3284339), (0.9234436, 0.3828625, 0.025850708), (0.6753068, 0.64794815, 0.35231227), (0.40770403, 0.78697896, 0.46307835), (0.40770403, 0.78697896, 0.46307838), (0.7162539, 0.6157203, 0.3284339), (0.89530444, 0.25913244, 0.36232635), (0.71922255, 0.38049698, 0.5813269), (0.74583876, 0.3217692, 0.58325726), (0.89978456, 0.22844723, 0.37175202), (0.9797552, 0.063996725, 0.18969506), (0.89530444, 0.25913244, 0.36232635), (0.89978456, 0.22844723, 0.37175202), (0.9810421, 0.023983588, 0.19230495), (0.91403854, -0.40392882, -0.037081476), (0.94324684, -0.33200946, -0.00742248), (0.9457693, -0.32480773, -0.004500853), (0.91403854, -0.40392882, -0.037081473), (0.94324684, -0.33200946, -0.00742248), (0.9582732, -0.28454715, -0.027303796), (0.96211493, -0.27251473, -0.00840728), (0.9457693, -0.32480773, -0.004500853), (0.9582732, -0.28454715, -0.027303796), (0.9481229, -0.3155366, -0.038725365), (0.94791454, -0.31649193, -0.035929475), (0.96211493, -0.27251473, -0.00840728), (0.9481229, -0.3155366, -0.038725365), (0.9660933, -0.25736487, 0.02066855), (0.9782354, -0.20077018, 0.05241013), (0.94791454, -0.31649193, -0.035929475), (0.9660933, -0.25736487, 0.02066855), (0.9874494, -0.1360157, 0.08026971), (0.98779124, -0.117171235, 0.10266162), (0.9782354, -0.20077018, 0.05241013), (0.9782354, -0.20077018, 0.05241013), (0.98779124, -0.117171235, 0.10266162), (0.9900335, 0.036307316, 0.13607123), (0.98779124, -0.117171235, 0.10266162), (0.95138466, 0.2318706, 0.20273933), (0.9098673, 0.33377153, 0.24645089), (0.9900335, 0.036307316, 0.13607123), (0.95138466, 0.2318706, 0.20273933), (0.7625887, 0.6039178, 0.23182257), (0.65867966, 0.7353705, 0.15928414), (0.9098673, 0.33377153, 0.24645089), (0.7625887, 0.6039178, 0.23182257), (0.5292979, 0.84821624, 0.019311557), (0.5230625, 0.8451677, -0.1099871), (0.65867966, 0.7353705, 0.15928414), (0.5292979, 0.84821624, 0.019311557), (0.5008073, 0.84854937, -0.17075169), (0.4922645, 0.8541037, -0.16787663), (0.5230625, 0.8451677, -0.1099871), (0.5008073, 0.84854937, -0.17075169), (0.48774678, 0.8722505, 0.03580596), (0.48767826, 0.8680908, 0.09267317), (0.4922645, 0.8541037, -0.16787663), (0.48774678, 0.8722505, 0.03580596), (0.47549888, 0.8326784, 0.28380898), (0.47549888, 0.8326784, 0.28380898), (0.48767826, 0.8680908, 0.09267317), (0.22618788, 0.9687141, -0.102137014), (0.5837173, 0.81108034, -0.03772175), (0.5938544, 0.7764598, -0.21082479), (0.15104924, 0.9364638, -0.31657478), (0.5837173, 0.81108034, -0.03772175), (0.87879103, 0.47526976, 0.042952273), (0.9449365, 0.3247037, 0.04077313), (0.5938544, 0.7764598, -0.21082479), (0.6696376, 0.6513277, -0.35687208), (0.9809575, 0.1848129, 0.059719726), (0.9375812, 0.23552267, 0.25587222), (0.66803485, 0.61621124, -0.41714886), (0.06711265, 0.8099762, -0.5826101), (0.6696376, 0.6513277, -0.35687208), (0.66803485, 0.61621124, -0.41714886), (0.1183135, 0.7119183, -0.69222414), (0.7614705, 0.48787057, -0.42678452), (0.7159993, 0.3418333, 0.608683), (0.31807348, 0.40933898, 0.85514385), (0.85738015, 0.4701336, -0.2094604), (0.23337942, 0.45479393, -0.85947454), (0.7614705, 0.48787057, -0.42678452), (0.85738015, 0.4701336, -0.2094604), (0.3738629, 0.1591437, -0.91372854), (0.85738015, 0.4701336, -0.2094604), (0.31807348, 0.40933898, 0.85514385), (0.10496708, 0.49593347, 0.861993), (0.83454955, 0.5503458, -0.025429223), (0.3738629, 0.1591437, -0.91372854), (0.85738015, 0.4701336, -0.2094604), (0.83454955, 0.5503458, -0.025429223), (0.4969845, 0.035015382, -0.8670527), (0.83454955, 0.5503458, -0.025429223), (0.10496708, 0.49593347, 0.861993), (0.5881754, 0.80508715, 0.07670973), (0.56720966, 0.79327416, 0.22133535), (0.4969845, 0.035015382, -0.8670527), (0.83454955, 0.5503458, -0.025429223), (0.56720966, 0.79327416, 0.22133535), (0.6663512, 0.209829, -0.7155054), (0.56720966, 0.79327416, 0.22133535), (0.5881754, 0.80508715, 0.07670973), (0.5934549, 0.794694, -0.1275645), (0.59299964, 0.79912704, -0.098728724), (0.6663512, 0.209829, -0.7155054), (0.56720966, 0.79327416, 0.22133535), (0.59299964, 0.79912704, -0.098728724), (0.5933469, 0.8011724, -0.077860884), (0.59299964, 0.79912704, -0.098728724), (0.5934549, 0.794694, -0.1275645), (0.52965736, 0.8405821, 0.11351119), (0.5933469, 0.8011724, -0.077860884), (0.59299964, 0.79912704, -0.098728724), (0.52965736, 0.8405821, 0.11351119), (0.5302843, 0.84260106, 0.09392573), (0.5811205, 0.7084583, 0.40048185), (0.56707317, 0.728131, 0.38503674), (0.6124456, 0.6878609, 0.38956094), (0.6035679, 0.69016534, 0.3992212), (0.5302843, 0.84260106, 0.09392573), (0.52965736, 0.8405821, 0.11351119), (0.53038603, 0.8122291, 0.24284683), (0.5301331, 0.8131343, 0.24035716), (0.5488647, 0.76214725, 0.34333524), (0.5440707, 0.772908, 0.32649708), (0.56707317, 0.728131, 0.38503674), (0.5811205, 0.7084583, 0.40048185), (0.5301331, 0.8131343, 0.24035716), (0.53038603, 0.8122291, 0.24284683), (0.5440707, 0.772908, 0.32649708), (0.5488647, 0.76214725, 0.34333524), (0.6035679, 0.69016534, 0.3992212), (0.6124456, 0.6878609, 0.38956094), (0.6235303, 0.684768, 0.37723032), (0.6235303, 0.68476796, 0.3772303), (0.15104924, 0.9364638, -0.31657478), (0.5938544, 0.7764598, -0.21082479), (0.6696376, 0.6513277, -0.35687208), (0.06711265, 0.8099762, -0.5826101), (0.5938544, 0.7764598, -0.21082479), (0.9449365, 0.3247037, 0.04077313), (0.9809575, 0.1848129, 0.059719726), (0.6696376, 0.6513277, -0.35687208), (0.1183135, 0.7119183, -0.69222414), (0.66803485, 0.61621124, -0.41714886), (0.7614705, 0.48787057, -0.42678452), (0.23337942, 0.45479393, -0.85947454), (0.66803485, 0.61621124, -0.41714886), (0.9375812, 0.23552267, 0.25587222), (0.7159993, 0.3418333, 0.608683), (0.7614705, 0.48787057, -0.42678452), (-0.45340347, -0.8743336, 0.17310688), (-0.7311189, -0.650972, 0.20420697), (-0.7262582, -0.6864523, 0.03649951), (-0.35283118, -0.9354457, -0.021248112), (-0.7311189, -0.650972, 0.20420697), (-0.9642968, -0.17181043, 0.20152637), (-0.96426105, -0.055816397, 0.2590082), (-0.7262582, -0.6864523, 0.03649951), (-0.7262582, -0.6864523, 0.03649951), (-0.96426105, -0.055816397, 0.2590082), (-0.9172487, -0.06117782, 0.39358887), (-0.66486853, -0.73378426, 0.13967976), (-0.35283118, -0.9354457, -0.021248112), (-0.7262582, -0.6864523, 0.03649951), (-0.66486853, -0.73378426, 0.13967976), (-0.0030479208, -0.9652698, -0.26123747), (-0.66486853, -0.73378426, 0.13967976), (-0.9172487, -0.06117782, 0.39358887), (-0.8832483, -0.24911664, 0.39725706), (-0.3829216, -0.7842973, 0.48810744), (-0.0030479208, -0.9652698, -0.26123747), (-0.66486853, -0.73378426, 0.13967976), (-0.3829216, -0.7842973, 0.48810744), (0.46442193, -0.88482094, 0.037472203), (-0.3829216, -0.7842973, 0.48810744), (-0.8832483, -0.24911664, 0.39725706), (-0.8169528, -0.4218505, 0.39323047), (-0.028019821, -0.78917605, 0.61352754), (0.46442193, -0.88482094, 0.037472203), (-0.3829216, -0.7842973, 0.48810744), (-0.028019821, -0.78917605, 0.61352754), (0.7750844, -0.55157316, 0.30823874), (-0.028019821, -0.78917605, 0.61352754), (-0.8169528, -0.4218505, 0.39323047), (0.16417472, -0.6294462, 0.7595026), (0.17814875, -0.6686663, 0.7219061), (0.7750844, -0.55157316, 0.30823874), (-0.028019821, -0.78917605, 0.61352754), (0.17814875, -0.6686663, 0.7219061), (0.7394943, -0.46979538, 0.4821208), (0.17814875, -0.6686663, 0.7219061), (0.16417472, -0.6294462, 0.7595026), (0.51326925, -0.49181622, 0.7033289), (0.51133883, -0.48999795, 0.7059991), (0.7394943, -0.46979538, 0.4821208), (0.17814875, -0.6686663, 0.7219061), (0.51133883, -0.48999795, 0.7059991), (0.50394326, -0.49185845, 0.71001154), (0.51133883, -0.48999795, 0.7059991), (0.51326925, -0.49181622, 0.7033289), (0.45855692, -0.5133155, 0.72541904), (0.50394326, -0.49185845, 0.71001154), (0.51133883, -0.48999795, 0.7059991), (0.45855692, -0.5133155, 0.72541904), (0.460774, -0.5105354, 0.72597575), (0.34662458, -0.7180381, 0.60355014), (0.35562116, -0.69723773, 0.62240916), (0.25616047, -0.798375, 0.5449578), (0.29757467, -0.7690331, 0.56571853), (0.460774, -0.5105354, 0.72597575), (0.45855692, -0.5133155, 0.72541904), (0.4139838, -0.57857686, 0.70275617), (0.41448346, -0.57753795, 0.7033159), (0.3775762, -0.65158176, 0.65793425), (0.38367254, -0.6396932, 0.6660241), (0.35562116, -0.69723773, 0.62240916), (0.34662458, -0.7180381, 0.60355014), (0.41448346, -0.57753795, 0.7033159), (0.4139838, -0.57857686, 0.70275617), (0.38367254, -0.6396932, 0.6660241), (0.3775762, -0.65158176, 0.65793425), (0.29757467, -0.7690331, 0.56571853), (0.25616047, -0.798375, 0.5449578), (0.21873842, -0.8224188, 0.5251484), (0.2187384, -0.8224188, 0.5251484), (0.9931386, -0.027237209, 0.11372731), (0.9182741, -0.3820098, 0.10412062), (0.936792, -0.33653483, -0.09573422), (0.987315, 0.10491071, -0.11917504), (0.9182741, -0.3820098, 0.10412062), (0.6394264, -0.76556194, 0.07105562), (0.5407405, -0.8383338, 0.06925439), (0.936792, -0.33653483, -0.09573422), (0.936792, -0.33653483, -0.09573422), (0.5407405, -0.8383338, 0.06925439), (0.55933, -0.7565891, 0.3387079), (0.97149533, -0.21657364, -0.096398346), (0.987315, 0.10491071, -0.11917504), (0.936792, -0.33653483, -0.09573422), (0.97149533, -0.21657364, -0.096398346), (0.83056897, 0.4108717, -0.37595168), (0.97149533, -0.21657364, -0.096398346), (0.55933, -0.7565891, 0.3387079), (0.72625464, -0.4621771, 0.5088679), (0.909063, 0.19339682, 0.3690558), (0.83056897, 0.4108717, -0.37595168), (0.97149533, -0.21657364, -0.096398346), (0.909063, 0.19339682, 0.3690558), (0.56893945, 0.79640716, -0.20504515), (0.909063, 0.19339682, 0.3690558), (0.72625464, -0.4621771, 0.5088679), (0.869096, -0.14055952, 0.4742523), (0.7058575, 0.62822294, 0.32726318), (0.56893945, 0.79640716, -0.20504515), (0.909063, 0.19339682, 0.3690558), (0.7058575, 0.62822294, 0.32726318), (0.06281224, 0.9953002, -0.07370266), (0.7058575, 0.62822294, 0.32726318), (0.869096, -0.14055952, 0.4742523), (0.6116069, 0.7736046, 0.16574953), (0.601407, 0.7814148, 0.1664351), (0.06281224, 0.9953002, -0.07370266), (0.7058575, 0.62822294, 0.32726318), (0.601407, 0.7814148, 0.1664351), (0.043224983, 0.9902389, -0.13250849), (0.601407, 0.7814148, 0.1664351), (0.6116069, 0.7736046, 0.16574953), (0.34118834, 0.9381461, 0.05892631), (0.3505422, 0.9339236, 0.07004892), (0.043224983, 0.9902389, -0.13250849), (0.601407, 0.7814148, 0.1664351), (0.3505422, 0.9339236, 0.07004892), (0.36644223, 0.92671853, 0.083142996), (0.3505422, 0.9339236, 0.07004892), (0.34118834, 0.9381461, 0.05892631), (0.42544466, 0.88487625, 0.18971223), (0.36644223, 0.92671853, 0.083142996), (0.3505422, 0.9339236, 0.07004892), (0.42544466, 0.88487625, 0.18971223), (0.42179245, 0.8874375, 0.18586498), (0.60075986, 0.7509104, 0.27426463), (0.5859837, 0.75834024, 0.2855576), (0.6031597, 0.7634036, 0.23111318), (0.60607785, 0.75846434, 0.23958604), (0.42179245, 0.8874375, 0.18586498), (0.42544466, 0.88487625, 0.18971223), (0.49508902, 0.83233446, 0.2492112), (0.4948255, 0.8325497, 0.24901538), (0.5537317, 0.78225595, 0.28540632), (0.54486316, 0.78998476, 0.2811552), (0.5859837, 0.75834024, 0.2855576), (0.60075986, 0.7509104, 0.27426463), (0.4948255, 0.8325497, 0.24901538), (0.49508902, 0.83233446, 0.2492112), (0.54486316, 0.78998476, 0.2811552), (0.5537317, 0.78225595, 0.28540632), (0.60607785, 0.75846434, 0.23958604), (0.6031597, 0.7634036, 0.23111318), (0.594541, 0.7769755, 0.206954), (0.594541, 0.7769755, 0.20695402), (0.96293944, 0.22726566, 0.14525165), (0.993776, -0.091916256, 0.0629344), (0.98693484, -0.06631013, -0.14684203), (0.9249301, 0.3797982, -0.016052715), (0.993776, -0.091916256, 0.0629344), (0.8371907, -0.5423059, -0.070823714), (0.7237312, -0.66061926, -0.19948779), (0.98693484, -0.06631013, -0.14684203), (0.89157903, -0.12331401, -0.43575278), (0.5500433, -0.6997205, -0.4558987), (0.45625103, -0.63110113, -0.62733275), (0.78693783, -0.06420795, -0.61368245), (0.77132636, 0.5704411, -0.28222787), (0.89157903, -0.12331401, -0.43575278), (0.78693783, -0.06420795, -0.61368245), (0.73109484, 0.5828689, -0.35463244), (0.75781953, 0.021619802, -0.65210587), (0.50534093, -0.7114035, -0.4884011), (0.5766972, -0.71131086, -0.40181735), (0.8575434, -0.029348982, -0.51357365), (0.69534713, 0.60159266, -0.39316478), (0.75781953, 0.021619802, -0.65210587), (0.8575434, -0.029348982, -0.51357365), (0.66180444, 0.65925115, -0.35693514), (0.8575434, -0.029348982, -0.51357365), (0.5766972, -0.71131086, -0.40181735), (0.6340586, -0.61470443, -0.46915692), (0.8588283, 0.06495206, -0.5081291), (0.66180444, 0.65925115, -0.35693514), (0.8575434, -0.029348982, -0.51357365), (0.8588283, 0.06495206, -0.5081291), (0.6144444, 0.74254036, -0.26663077), (0.8588283, 0.06495206, -0.5081291), (0.6340586, -0.61470443, -0.46915692), (0.83508116, -0.19783941, -0.5133215), (0.84665364, -0.08823009, -0.52477896), (0.6144444, 0.74254036, -0.26663077), (0.8588283, 0.06495206, -0.5081291), (0.84665364, -0.08823009, -0.52477896), (0.7635258, 0.49940717, -0.40941525), (0.84665364, -0.08823009, -0.52477896), (0.83508116, -0.19783941, -0.5133215), (0.8482627, 0.0016310667, -0.52957314), (0.84183156, 0.00036426203, -0.5397402), (0.7635258, 0.49940717, -0.40941525), (0.84665364, -0.08823009, -0.52477896), (0.84183156, 0.00036426203, -0.5397402), (0.83538264, -0.0073807854, -0.5496194), (0.84183156, 0.00036426203, -0.5397402), (0.8482627, 0.0016310667, -0.52957314), (0.75320894, -0.004566771, -0.65776557), (0.83538264, -0.0073807854, -0.5496194), (0.84183156, 0.00036426203, -0.5397402), (0.75320894, -0.004566771, -0.65776557), (0.7339387, -0.0022060531, -0.67921203), (0.54225945, -0.010749264, -0.8401423), (0.5626246, -0.013539473, -0.8266016), (0.51941234, 0.0036923618, -0.8545158), (0.5161291, 0.008472463, -0.8564689), (0.7339387, -0.0022060531, -0.67921203), (0.75320894, -0.004566771, -0.65776557), (0.65879506, 0.00085397414, -0.75232196), (0.64813936, -0.001663354, -0.7615199), (0.593338, -0.012220898, -0.80486065), (0.606209, -0.010168249, -0.79524034), (0.5626246, -0.013539473, -0.8266016), (0.54225945, -0.010749264, -0.8401423), (0.64813936, -0.001663354, -0.7615199), (0.65879506, 0.00085397414, -0.75232196), (0.606209, -0.010168249, -0.79524034), (0.593338, -0.012220898, -0.80486065), (0.5161291, 0.008472463, -0.8564689), (0.51941234, 0.0036923618, -0.8545158), (0.5067637, 0.021954514, -0.8618055), (0.50676364, 0.021954512, -0.8618054), (0.9249301, 0.3797982, -0.016052715), (0.98693484, -0.06631013, -0.14684203), (0.89157903, -0.12331401, -0.43575278), (0.77132636, 0.5704411, -0.28222787), (0.98693484, -0.06631013, -0.14684203), (0.7237312, -0.66061926, -0.19948779), (0.5500433, -0.6997205, -0.4558987), (0.89157903, -0.12331401, -0.43575278), (0.73109484, 0.5828689, -0.35463244), (0.78693783, -0.06420795, -0.61368245), (0.75781953, 0.021619802, -0.65210587), (0.69534713, 0.60159266, -0.39316478), (0.78693783, -0.06420795, -0.61368245), (0.45625103, -0.63110113, -0.62733275), (0.50534093, -0.7114035, -0.4884011), (0.75781953, 0.021619802, -0.65210587), (-0.7942527, 0.003705781, 0.6075762), (-0.75962675, -0.054674074, 0.64805716), (-0.086135216, -0.78130776, 0.6181738), (-0.030306537, -0.6904259, 0.72276807), (-0.75962675, -0.054674074, 0.64805716), (-0.67536753, 0.041044574, 0.73633826), (-0.10175061, -0.8281381, 0.5512114), (-0.086135216, -0.78130776, 0.6181738), (-0.67536753, 0.041044574, 0.73633826), (-0.53694665, 0.008592443, 0.84357244), (-0.113441974, -0.7868277, 0.6066574), (-0.10175061, -0.8281381, 0.5512114), (-0.53694665, 0.008592443, 0.84357244), (-0.41806492, 0.04257685, 0.9074188), (-0.055341497, -0.741054, 0.6691608), (-0.113441974, -0.7868277, 0.6066574), (-0.4547751, 0.8002446, 0.39088133), (-0.4389354, 0.7652502, 0.47087985), (-0.41806492, 0.04257685, 0.9074188), (-0.53694665, 0.008592443, 0.84357244), (-0.46988153, 0.8726265, 0.13317037), (-0.4547751, 0.8002446, 0.39088133), (-0.53694665, 0.008592443, 0.84357244), (-0.67536753, 0.041044574, 0.73633826), (-0.55338913, 0.82826453, -0.08796802), (-0.46988153, 0.8726265, 0.13317037), (-0.67536753, 0.041044574, 0.73633826), (-0.75962675, -0.054674074, 0.64805716), (-0.70876145, 0.68881595, -0.15228201), (-0.55338913, 0.82826453, -0.08796802), (-0.75962675, -0.054674074, 0.64805716), (-0.7942527, 0.003705781, 0.6075762), (-0.4389354, 0.7652502, 0.47087985), (-0.4651101, 0.7269827, 0.50514233), (-0.2938948, 0.078133374, 0.952639), (-0.41806492, 0.04257685, 0.9074188), (-0.4651101, 0.7269827, 0.50514233), (-0.62895626, 0.53283095, 0.5661318), (-0.26723972, 0.1438355, 0.9528349), (-0.2938948, 0.078133374, 0.952639), (-0.62895626, 0.53283095, 0.5661318), (-0.7710185, 0.23457266, 0.59203553), (-0.34012118, 0.07946587, 0.9370179), (-0.26723972, 0.1438355, 0.9528349), (-0.7710185, 0.23457266, 0.59203553), (-0.7059873, 0.19697244, 0.68028224), (0.15174507, 0.56397206, 0.811732), (-0.34012118, 0.07946587, 0.9370179), (-0.7059873, 0.19697244, 0.68028224), (0.18086466, 0.7991879, 0.57322484), (0.44024798, 0.57785267, 0.68721753), (0.15174507, 0.56397206, 0.811732), (0.18086466, 0.7991879, 0.57322484), (0.23996237, 0.865321, 0.4400428), (0.257829, 0.8626298, 0.43519437), (0.44024798, 0.57785267, 0.68721753), (0.23996237, 0.865321, 0.4400428), (0.14138784, 0.80642843, 0.57417995), (0.14979158, 0.81486034, 0.5599688), (0.257829, 0.8626298, 0.43519437), (0.14138784, 0.80642843, 0.57417995), (0.12280323, 0.6276705, 0.76873213), (0.13750976, 0.5884487, 0.79675543), (0.14979158, 0.81486034, 0.5599688), (0.12280323, 0.6276705, 0.76873213), (0.15763968, 0.47614998, 0.86511904), (0.17860775, 0.43993208, 0.88009036), (0.13750976, 0.5884487, 0.79675543), (0.13750976, 0.5884487, 0.79675543), (0.17860775, 0.43993208, 0.88009036), (0.1906707, 0.39028323, 0.9007351), (0.17860775, 0.43993208, 0.88009036), (0.093390085, 0.40178442, 0.9109597), (0.014054549, 0.43021432, 0.90261734), (0.1906707, 0.39028323, 0.9007351), (0.093390085, 0.40178442, 0.9109597), (-0.22564489, 0.40616015, 0.8855045), (-0.33138332, 0.35049734, 0.87597764), (0.014054549, 0.43021432, 0.90261734), (-0.22564489, 0.40616015, 0.8855045), (-0.5010744, 0.2445613, 0.830129), (-0.5736931, 0.19233784, 0.7961673), (-0.33138332, 0.35049734, 0.87597764), (-0.5010744, 0.2445613, 0.830129), (-0.5626874, 0.17495203, 0.8079448), (-0.5604625, 0.17557421, 0.809355), (-0.5736931, 0.19233784, 0.7961673), (-0.5626874, 0.17495203, 0.8079448), (-0.42057678, 0.30785584, 0.8534283), (-0.43565077, 0.2879179, 0.8528257), (-0.5604625, 0.17557421, 0.809355), (-0.42057678, 0.30785584, 0.8534283), (-0.3433238, 0.402279, 0.84870505), (-0.34332383, 0.402279, 0.8487051), (-0.43565077, 0.2879179, 0.8528257), (0.44024798, 0.57785267, 0.68721753), (0.6489802, -0.34020007, 0.68050617), (0.6489802, -0.34020004, 0.6805061), (0.6482342, 0.29462317, 0.7021322), (0.15174507, 0.56397206, 0.811732), (0.44024798, 0.57785267, 0.68721753), (0.6482342, 0.29462317, 0.7021322), (0.53492224, 0.47263476, 0.7003389), (-0.34012118, 0.07946587, 0.9370179), (0.15174507, 0.56397206, 0.811732), (0.53492224, 0.47263476, 0.7003389), (0.50303197, -0.060002424, 0.86218244), (-0.26723972, 0.1438355, 0.9528349), (-0.34012118, 0.07946587, 0.9370179), (0.50303197, -0.060002424, 0.86218244), (0.312478, -0.5054979, 0.80425704), (-0.2938948, 0.078133374, 0.952639), (-0.26723972, 0.1438355, 0.9528349), (0.312478, -0.5054979, 0.80425704), (0.11916766, -0.6835699, 0.72009116), (-0.41806492, 0.04257685, 0.9074188), (-0.2938948, 0.078133374, 0.952639), (0.11916766, -0.6835699, 0.72009116), (-0.055341497, -0.741054, 0.6691608), (-0.7281576, -0.6778993, 0.1011887), (-0.7280285, -0.6779962, 0.101467416), (-0.72778594, -0.6771837, 0.10839689), (-0.72800213, -0.6772041, 0.10680669), (-0.72800213, -0.6772041, 0.10680669), (-0.72778594, -0.6771837, 0.10839689), (-0.72807074, -0.67685634, 0.10852849), (-0.7281036, -0.6766102, 0.10983605), (-0.7281036, -0.6766102, 0.10983605), (-0.72807074, -0.67685634, 0.10852849), (-0.7286115, -0.67729694, 0.10195147), (-0.7286119, -0.6772965, 0.101951584), (-0.7286119, -0.6772965, 0.101951584), (-0.7286115, -0.67729694, 0.10195147), (-0.72861266, -0.6772957, 0.101951644), (-0.7286127, -0.6772957, 0.10195165), (-0.7286127, -0.6772957, 0.10195165), (-0.72861266, -0.6772957, 0.101951644), (-0.7286124, -0.677296, 0.10195148), (-0.72861236, -0.67729604, 0.10195149), (-0.7286115, -0.67729694, 0.10195147), (-0.72861105, -0.6772975, 0.101951286), (-0.72861266, -0.6772957, 0.101951644), (-0.72861236, -0.67729604, 0.10195149), (-0.7286124, -0.677296, 0.10195148), (-0.728612, -0.6772964, 0.10195158), (-0.728612, -0.6772964, 0.101951584), (-0.728612, -0.6772964, 0.101951584), (-0.728612, -0.6772964, 0.10195158), (-0.72861356, -0.6772948, 0.10195112), (-0.72861373, -0.67729455, 0.10195104), (-0.72861373, -0.67729455, 0.10195104), (-0.72861356, -0.6772948, 0.10195112), (-0.7286151, -0.6772931, 0.10195105), (-0.72861516, -0.6772931, 0.10195096), (-0.72861516, -0.6772931, 0.10195096), (-0.7286151, -0.6772931, 0.10195105), (-0.72861457, -0.6772938, 0.101950854), (-0.7286144, -0.677294, 0.10195051), (-0.7286144, -0.677294, 0.10195051), (-0.72861457, -0.6772938, 0.101950854), (-0.7286141, -0.67729443, 0.10194983), (-0.7286141, -0.67729443, 0.10194983), (-0.72807074, -0.67685634, 0.10852849), (-0.7281002, -0.6770099, 0.107367635), (-0.72861105, -0.6772975, 0.101951286), (-0.7286115, -0.67729694, 0.10195147), (-0.72778594, -0.6771837, 0.10839689), (-0.72755504, -0.6772091, 0.10977934), (-0.7281002, -0.6770099, 0.107367635), (-0.72807074, -0.67685634, 0.10852849), (-0.7280285, -0.6779962, 0.101467416), (-0.7278307, -0.6781446, 0.10189422), (-0.72755504, -0.6772091, 0.10977934), (-0.72778594, -0.6771837, 0.10839689), (-0.011014063, -0.9944728, 0.10441539), (-0.8792477, -0.47598967, 0.018902348), (-0.7980457, -0.6009215, 0.044904646), (-0.09869971, -0.9902883, 0.0979152), (-0.09869971, -0.9902883, 0.0979152), (-0.7980457, -0.6009215, 0.044904646), (-0.7651444, -0.6435432, 0.020157263), (-0.23704186, -0.97027737, 0.048714686), (-0.23704186, -0.97027737, 0.048714686), (-0.7651444, -0.6435432, 0.020157263), (-0.7789294, -0.6230414, 0.07133237), (-0.29627657, -0.9372374, 0.18386467), (-0.28577787, -0.8400285, 0.46117583), (-0.751662, -0.61898446, 0.22773317), (-0.70963746, -0.5669941, 0.41824907), (-0.24147081, -0.7212785, 0.6491911), (-0.24147081, -0.7212785, 0.6491911), (-0.70963746, -0.5669941, 0.41824907), (-0.7195296, -0.46382016, 0.5168636), (-0.2114385, -0.6493154, 0.7305363), (-0.2114385, -0.6493154, 0.7305363), (-0.7195296, -0.46382016, 0.5168636), (-0.78616923, -0.38029486, 0.4871487), (-0.2553372, -0.6613886, 0.70524323), (-0.3446874, -0.69676125, 0.6290582), (-0.2553372, -0.6613886, 0.70524323), (-0.78616923, -0.38029486, 0.4871487), (-0.87244177, -0.32556796, 0.3644872), (-0.3446874, -0.69676125, 0.6290582), (-0.87244177, -0.32556796, 0.3644872), (-0.587763, -0.60086465, 0.54175305), (-0.49669564, -0.6559556, 0.5683446), (-0.49669564, -0.6559556, 0.5683446), (-0.587763, -0.60086465, 0.54175305), (-0.68853843, -0.5273727, 0.49778792), (-0.6864776, -0.52784765, 0.5001254), (-0.6864776, -0.52784765, 0.5001254), (-0.68853843, -0.5273727, 0.49778792), (-0.6929503, -0.5294176, 0.48942506), (-0.6918983, -0.5279603, 0.49247804), (-0.6918983, -0.5279603, 0.49247804), (-0.6929503, -0.5294176, 0.48942506), (-0.6937737, -0.530562, 0.48701343), (-0.6937736, -0.5305619, 0.4870134), (-0.87244177, -0.32556796, 0.3644872), (-0.96963644, 0.22024022, -0.10629827), (-0.8833054, -0.33084387, 0.33213556), (-0.9642944, -0.1771488, 0.19686197), (-0.78616923, -0.38029486, 0.4871487), (-0.9756853, 0.20555437, -0.07606247), (-0.96963644, 0.22024022, -0.10629827), (-0.87244177, -0.32556796, 0.3644872), (-0.9642944, -0.1771488, 0.19686197), (-0.8833054, -0.33084387, 0.33213556), (-0.66594505, -0.5425885, 0.5119716), (-0.65850925, -0.54927427, 0.51445436), (-0.65850925, -0.54927427, 0.51445436), (-0.66594505, -0.5425885, 0.5119716), (-0.6540172, -0.55325514, 0.5159169), (-0.65401727, -0.55325514, 0.5159169), (-0.7195296, -0.46382016, 0.5168636), (-0.9814045, -0.14804874, 0.122175016), (-0.9756853, 0.20555437, -0.07606247), (-0.78616923, -0.38029486, 0.4871487), (-0.70963746, -0.5669941, 0.41824907), (-0.9626347, -0.26432633, 0.05887179), (-0.9814045, -0.14804874, 0.122175016), (-0.7195296, -0.46382016, 0.5168636), (-0.751662, -0.61898446, 0.22773317), (-0.9679454, -0.25114304, 0.0029885785), (-0.9626347, -0.26432633, 0.05887179), (-0.70963746, -0.5669941, 0.41824907), (-0.7651444, -0.6435432, 0.020157263), (-0.99942714, -0.023077523, -0.024756487), (-0.9842657, -0.17542517, -0.021144606), (-0.7789294, -0.6230414, 0.07133237), (-0.7980457, -0.6009215, 0.044904646), (-0.97301126, 0.22639206, -0.044674203), (-0.99942714, -0.023077523, -0.024756487), (-0.7651444, -0.6435432, 0.020157263), (-0.8792477, -0.47598967, 0.018902348), (-0.93152726, 0.3567297, -0.07071635), (-0.97301126, 0.22639206, -0.044674203), (-0.7980457, -0.6009215, 0.044904646), (-0.7789294, -0.6230414, 0.07133237), (-0.9842657, -0.17542517, -0.021144606), (-0.9679454, -0.25114304, 0.0029885785), (-0.751662, -0.61898446, 0.22773317), (-0.29627657, -0.9372374, 0.18386467), (-0.7789294, -0.6230414, 0.07133237), (-0.751662, -0.61898446, 0.22773317), (-0.28577787, -0.8400285, 0.46117583), (-0.39111558, 0.81990176, 0.4180786), (0.61584413, 0.749846, 0.24179944), (0.50106007, 0.8121272, 0.29897884), (-0.3062452, 0.83888465, 0.44998488), (-0.3062452, 0.83888465, 0.44998488), (0.50106007, 0.8121272, 0.29897884), (0.4502464, 0.82561123, 0.34006515), (-0.16443658, 0.8636114, 0.4765878), (-0.16443658, 0.8636114, 0.4765878), (0.4502464, 0.82561123, 0.34006515), (0.45581406, 0.77218217, 0.4426832), (-0.08726024, 0.79429466, 0.6012335), (-0.045827754, 0.61684483, 0.7857495), (0.46511367, 0.6771361, 0.5702245), (0.45175108, 0.58514595, 0.6734427), (-0.029268788, 0.48677376, 0.8730376), (-0.029268788, 0.48677376, 0.8730376), (0.45175108, 0.58514595, 0.6734427), (0.44621813, 0.6744288, 0.5882475), (-0.08558681, 0.55857164, 0.82502884), (-0.08558681, 0.55857164, 0.82502884), (0.44621813, 0.6744288, 0.5882475), (0.48206395, 0.76345307, 0.42982984), (-0.12447181, 0.7404571, 0.66047716), (-0.07011407, 0.8297014, 0.5537866), (-0.12447181, 0.7404571, 0.66047716), (0.48206395, 0.76345307, 0.42982984), (0.56766135, 0.777497, 0.27066398), (-0.07011407, 0.8297014, 0.5537866), (0.56766135, 0.777497, 0.27066398), (0.18551454, 0.8724948, 0.45203674), (0.08063268, 0.8722478, 0.48237145), (0.08063268, 0.8722478, 0.48237145), (0.18551454, 0.8724948, 0.45203674), (0.31103802, 0.8604522, 0.40358058), (0.30914733, 0.85997593, 0.40604106), (0.30914733, 0.85997593, 0.40604106), (0.31103802, 0.8604522, 0.40358058), (0.31339866, 0.8637643, 0.39457902), (0.31340906, 0.86226946, 0.39782682), (0.31340906, 0.86226946, 0.39782682), (0.31339866, 0.8637643, 0.39457902), (0.31338745, 0.86495626, 0.39196792), (0.31338745, 0.8649563, 0.39196795), (0.56766135, 0.777497, 0.27066398), (0.929273, 0.326303, -0.17314166), (0.57711065, 0.7827315, 0.23296925), (0.71993554, 0.68617225, 0.10421327), (0.48206395, 0.76345307, 0.42982984), (0.933054, 0.33375305, -0.13423584), (0.929273, 0.326303, -0.17314166), (0.56766135, 0.777497, 0.27066398), (0.71993554, 0.68617225, 0.10421327), (0.57711065, 0.7827315, 0.23296925), (0.28394094, 0.8625215, 0.41884857), (0.27413568, 0.86439097, 0.42151856), (0.27413568, 0.86439097, 0.42151856), (0.28394094, 0.8625215, 0.41884857), (0.2681367, 0.8654866, 0.4231261), (0.26813668, 0.86548656, 0.42312607), (0.44621813, 0.6744288, 0.5882475), (0.83210945, 0.5157848, 0.20386231), (0.933054, 0.33375305, -0.13423584), (0.48206395, 0.76345307, 0.42982984), (0.45175108, 0.58514595, 0.6734427), (0.79753417, 0.53367305, 0.28130475), (0.83210945, 0.5157848, 0.20386231), (0.44621813, 0.6744288, 0.5882475), (0.46511367, 0.6771361, 0.5702245), (0.80167896, 0.53713304, 0.26229545), (0.79753417, 0.53367305, 0.28130475), (0.45175108, 0.58514595, 0.6734427), (0.4502464, 0.82561123, 0.34006515), (0.9054174, 0.4219086, 0.047036536), (0.8395441, 0.5171085, 0.16662683), (0.45581406, 0.77218217, 0.4426832), (0.50106007, 0.8121272, 0.29897884), (0.97445726, 0.21800795, -0.053904008), (0.9054174, 0.4219086, 0.047036536), (0.4502464, 0.82561123, 0.34006515), (0.61584413, 0.749846, 0.24179944), (0.99041206, 0.093372375, -0.10181146), (0.97445726, 0.21800795, -0.053904008), (0.50106007, 0.8121272, 0.29897884), (0.45581406, 0.77218217, 0.4426832), (0.8395441, 0.5171085, 0.16662683), (0.80167896, 0.53713304, 0.26229545), (0.46511367, 0.6771361, 0.5702245), (-0.08726024, 0.79429466, 0.6012335), (0.45581406, 0.77218217, 0.4426832), (0.46511367, 0.6771361, 0.5702245), (-0.045827754, 0.61684483, 0.7857495)] (
                interpolation = "faceVarying"
            )
            point3f[] points = [(-0.0015038667, 0.001555894, 0.00043007868), (-0.0034847609, -0.000906176, 0.010171323), (-0.0051110545, -0.0029375732, 0.017778715), (-0.0040210946, -0.0045035426, 0.016852876), (-0.007956109, -0.0039245263, 0.026967073), (-0.0070393425, -0.006102189, 0.027826404), (-0.011485016, -0.0039268034, 0.034702845), (-0.01543657, -0.005536355, 0.042109318), (-0.010643139, -0.0074449545, 0.03882345), (-0.0145817865, -0.010841211, 0.050674997), (-0.01534809, -0.008117698, 0.046919856), (-0.02013502, -0.018165598, 0.06298734), (-0.018043444, -0.019675083, 0.06448495), (-0.020560855, -0.030457899, 0.08300158), (-0.019334378, -0.030591456, 0.08369403), (-0.020813085, -0.031481646, 0.09666092), (-0.018621936, -0.031431466, 0.09850655), (-0.020998502, -0.032030948, 0.10299567), (-0.019094754, -0.031753913, 0.10314759), (-0.019101216, -0.032991618, 0.11788416), (-0.017161738, -0.03271405, 0.1180172), (-0.018284988, -0.03505761, 0.1274038), (-0.016341215, -0.034817133, 0.12751009), (-0.0018486588, -0.003447371, 0.009496779), (-0.001474708, 0.00006293875, -0.001084222), (0.000118856384, 0.0010487357, -0.0019301083), (-0.0008706153, 0.0009508736, -0.002103316), (-0.0016213178, 0.0015795958, 0.0035417187), (-0.00024708346, 0.000989921, -0.0022698303), (-0.003154342, 0.0015275123, 0.0031863279), (-0.0024551228, 0.0009904113, 0.0034819583), (-0.0117012, 0.004488491, 0.014992066), (-0.013059132, 0.0044218153, 0.014390707), (-0.012403971, 0.003843794, 0.014757339), (-0.031056594, 0.0071062315, 0.019237004), (-0.031805374, 0.007458184, 0.018141435), (-0.031352744, 0.006641379, 0.01868153), (-0.039091602, 0.009632875, 0.016232101), (-0.039392475, 0.010014401, 0.01527192), (-0.039134808, 0.009118659, 0.015779551), (-0.046061296, 0.012873477, 0.010534207), (-0.046119023, 0.012909928, 0.010235899), (-0.046072327, 0.012888425, 0.010404572), (-0.048159935, 0.013137717, 0.00958481), (-0.048092686, 0.013148383, 0.009370848), (-0.04812974, 0.01313999, 0.009488633), (-0.050259843, 0.013096163, 0.009133584), (-0.05024118, 0.013141123, 0.008910481), (-0.05519929, 0.012952379, 0.009669083), (-0.051886804, 0.013045806, 0.009063352), (-0.051863022, 0.013107176, 0.00885803), (-0.054376714, 0.013044491, 0.009238154), (-0.053393167, 0.013028738, 0.009133265), (-0.053348307, 0.013075302, 0.009002954), (-0.054436546, 0.012993236, 0.009373274), (-0.05510072, 0.012913175, 0.009728833), (-0.055569913, 0.012831574, 0.010094348), (-0.0555103, 0.01280589, 0.0101322085), (-0.007655676, 0.0031827705, 0.008976249), (-0.006967137, 0.002635537, 0.009252574), (-0.0061887237, 0.003259003, 0.009354584), (-0.022186382, 0.004991584, 0.018780844), (-0.021570066, 0.0042982376, 0.019301662), (-0.02104839, 0.0049180076, 0.019704433), (0.0011532778, -0.0012505685, -0.0006877376), (0.0005618958, -0.002094831, -0.0008055404), (0.0051913117, -0.0006743584, 0.003666987), (0.004589709, -0.0015521714, 0.0035767206), (0.0109919775, -0.00063314487, 0.009157937), (0.01044154, -0.001609083, 0.008824789), (0.016035391, -0.001033196, 0.012194131), (0.019858968, -0.0011393238, 0.01461996), (0.015552075, -0.0021115502, 0.01183211), (0.01954254, -0.0023691012, 0.01419526), (0.015194398, -0.0014185553, 0.01273942), (0.018740512, -0.0017482671, 0.014891449), (0.0103008635, -0.0006972752, 0.009293751), (0.004628041, -0.00060699147, 0.0040813587), (0.00049971027, -0.0011279577, -0.00021188657), (0.023200786, -0.0013870802, 0.019345835), (0.02404217, -0.0017828562, 0.018553957), (0.02653902, -0.00039146873, 0.025009558), (0.027109297, -0.0005234323, 0.024079992), (0.031988744, 0.0002510813, 0.029548924), (0.032332595, 0.0007425008, 0.028667945), (0.039195903, 0.0031740472, 0.032674596), (0.03904581, 0.004128479, 0.031873867), (0.043372482, 0.0064715217, 0.034574144), (0.042105947, 0.008317514, 0.034692902), (0.045822848, 0.008454608, 0.03575609), (0.04482914, 0.009488042, 0.036027476), (0.048819277, 0.009660921, 0.036736406), (0.04811445, 0.0110398745, 0.037639745), (0.051754884, 0.010354651, 0.03709436), (0.054625314, 0.012016335, 0.03750766), (0.05136989, 0.012598338, 0.038725544), (0.054770038, 0.015243945, 0.0394723), (0.054913703, 0.013617091, 0.03839241), (0.0587862, 0.019393876, 0.039688654), (0.057723414, 0.020068968, 0.040684994), (0.060512, 0.027198976, 0.04129053), (0.06000418, 0.027300974, 0.04188677), (0.061744116, 0.0328556, 0.038853515), (0.061022177, 0.033377003, 0.039584834), (0.06254266, 0.035021987, 0.036632653), (0.0617011, 0.035026625, 0.03767275), (0.06260342, 0.043265603, 0.039552264), (0.061825436, 0.04301919, 0.040305607), (0.06355195, 0.048539173, 0.041877836), (0.06275848, 0.048287593, 0.04261393), (0.04131882, 0.008406469, 0.034382075), (0.042271346, 0.011878136, 0.036821254), (0.04193625, 0.012276258, 0.036806114), (0.038296226, 0.0048272884, 0.03243554), (0.03205509, 0.001961163, 0.02919743), (0.026972212, 0.00091294333, 0.024669666), (0.024069244, -0.0003209083, 0.019220395), (0.0010562765, 0.000117135714, 0.000093440314), (0.0025855852, -0.00007502691, 0.00062603195), (-0.0008730151, 0.0011270959, 0.009332819), (0.0018483626, -0.00004418774, -0.00009739358), (0.0017441645, 0.0006000206, 0.0101317065), (0.00070916006, 0.001819857, 0.009800864), (0.0032592078, -0.002973791, 0.033546), (0.0058316067, -0.0030447426, 0.03398881), (0.004661858, -0.001919803, 0.033730283), (0.0078121102, 0.0026259096, 0.071676835), (0.008941383, 0.0043208804, 0.0727076), (0.0077348924, 0.004278795, 0.0718696), (0.0014356503, 0.0073382133, 0.10124671), (0.0017546995, 0.00866923, 0.102122664), (0.0006688585, 0.008559074, 0.101097114), (-0.0062113493, 0.011142921, 0.13117406), (-0.0061640795, 0.011607985, 0.13135165), (-0.0061674262, 0.0113516515, 0.1312), (-0.0094458675, 0.011578147, 0.13861829), (-0.009231181, 0.011966951, 0.13838701), (-0.009354991, 0.0117539875, 0.13851565), (-0.012408373, 0.012026208, 0.14455242), (-0.012234923, 0.012363706, 0.14453384), (-0.01675765, 0.013404959, 0.15367603), (-0.014163907, 0.012510311, 0.14822617), (-0.013973472, 0.012786851, 0.14823067), (-0.016030023, 0.013451462, 0.15257813), (-0.015404258, 0.013068044, 0.1510238), (-0.015253315, 0.01321391, 0.1509918), (-0.016192844, 0.013318363, 0.15261663), (-0.016788661, 0.013275597, 0.15349872), (-0.017271962, 0.013115899, 0.15409204), (-0.017293109, 0.013035331, 0.15398408), (0.0021795076, -0.0005284002, 0.00014737972), (0.0015089565, 0.0009451821, 0.0005915009), (0.00033380347, -0.0014954316, 0.0093116), (0.001990653, 0.0001905147, -0.000077929944), (-0.00056252175, 0.0009644101, 0.00994674), (-0.0011335483, -0.00044617202, 0.00952534), (-0.0043692417, 0.0047825086, 0.033586763), (-0.006001241, 0.0068131313, 0.033940393), (-0.006167658, 0.005282049, 0.033591222), (-0.02040015, 0.00004864522, 0.062946245), (-0.022400813, -0.000010677745, 0.06345048), (-0.021766238, -0.0009529341, 0.06278015), (-0.023814043, -0.011839496, 0.076673485), (-0.02512193, -0.012312319, 0.07704852), (-0.024514694, -0.013065304, 0.076266475), (-0.025756797, -0.024499254, 0.089863606), (-0.026203029, -0.02470418, 0.08994898), (-0.025959915, -0.02456751, 0.089876674), (-0.025724147, -0.028111445, 0.09339893), (-0.026120784, -0.028098699, 0.0932859), (-0.025900416, -0.028110674, 0.093346424), (-0.025441429, -0.031631544, 0.0965283), (-0.02581406, -0.031653717, 0.09653277), (-0.02476955, -0.03811008, 0.10330699), (-0.02522876, -0.03404505, 0.09882635), (-0.025563812, -0.034031708, 0.09884415), (-0.025192535, -0.03720502, 0.10227214), (-0.025158888, -0.036035955, 0.10091278), (-0.025363456, -0.03598051, 0.10089144), (-0.024990896, -0.037279375, 0.10230909), (-0.02463963, -0.03801097, 0.10314034), (-0.02423095, -0.03848642, 0.10370734), (-0.024149638, -0.038426947, 0.103605315), (0.0027612785, 0.0007116575, -0.0013944224), (0.003629013, -0.00017625952, -0.0017195438), (0.0027143175, -0.0006334328, 0.0051196925), (0.003159468, 0.0003529926, -0.001851298), (0.0039191595, -0.0020765502, 0.004469516), (0.0039470713, -0.0010184313, 0.0049602203), (0.0053347275, -0.011999064, 0.017584803), (0.006426081, -0.013272952, 0.016648546), (0.0065642907, -0.01223776, 0.017196722), (0.014247271, -0.03354149, 0.02082501), (0.014862661, -0.034670744, 0.019399494), (0.015352323, -0.033570334, 0.020109138), (0.017960992, -0.043614276, 0.01635972), (0.018240927, -0.044305492, 0.015144888), (0.018938102, -0.043359734, 0.015804633), (0.022321682, -0.053339265, 0.008639335), (0.022508316, -0.053455647, 0.00826708), (0.022393292, -0.05337593, 0.00847891), (0.024200456, -0.055619676, 0.0072696093), (0.024273299, -0.055586603, 0.007013426), (0.024236104, -0.055603184, 0.007154503), (0.026160901, -0.057614572, 0.0065177823), (0.026240492, -0.057648093, 0.006245262), (0.029891688, -0.062072553, 0.0067084855), (0.027541418, -0.059107993, 0.0062784944), (0.027588906, -0.059144203, 0.006027977), (0.029413499, -0.061405424, 0.006256827), (0.028711798, -0.060491722, 0.00622179), (0.028710617, -0.06049132, 0.0060655116), (0.029428579, -0.061416447, 0.006417667), (0.029816305, -0.061950557, 0.0067917663), (0.03004348, -0.062301796, 0.0071964925), (0.029999321, -0.062226303, 0.007249012), (0.004702411, -0.0071942257, 0.010784458), (0.0048037805, -0.006172682, 0.011250791), (0.0036301867, -0.0058391653, 0.011481039), (0.011073893, -0.022936305, 0.021024982), (0.011328957, -0.021781968, 0.021737866), (0.010080993, -0.021687904, 0.022295957), (0.0042634318, -0.001368088, -0.0019910869), (0.0035917077, -0.0006396539, -0.0013795869), (0.004123501, -0.0025229868, 0.0033974752), (0.003974233, -0.00097379304, -0.0019615213), (0.0032078433, -0.0013278516, 0.004423881), (0.0031219816, -0.0022011334, 0.003991238), (0.008363896, -0.0008215969, 0.020019481), (0.007935249, 0.00042287278, 0.021010108), (0.0075395685, -0.00047740748, 0.020664256), (0.02514351, 0.005785272, 0.039987404), (0.02466915, 0.0067319046, 0.040825304), (0.024300432, 0.0057763695, 0.040461358), (0.031378698, 0.0121071385, 0.049497902), (0.03081525, 0.012751248, 0.05021592), (0.030578405, 0.011753944, 0.04988839), (0.032034274, 0.017681539, 0.05976742), (0.03172861, 0.017740188, 0.06000686), (0.03189752, 0.017706815, 0.059857033), (0.03169667, 0.017776005, 0.062481422), (0.031445395, 0.017800843, 0.06253918), (0.031582844, 0.017783223, 0.06250814), (0.03164187, 0.017445814, 0.06468925), (0.031417962, 0.01749802, 0.06479553), (0.032435153, 0.017159756, 0.068488784), (0.031776197, 0.017231144, 0.06611734), (0.031583015, 0.017299946, 0.06620898), (0.03206891, 0.017198786, 0.068041705), (0.031951804, 0.017158985, 0.06730309), (0.031832878, 0.01721006, 0.067337334), (0.03218886, 0.017146787, 0.06801758), (0.032489024, 0.017110398, 0.06837487), (0.032802552, 0.01707845, 0.06856885), (0.032836396, 0.017046895, 0.06849893), (0.004007944, -0.0002726614, 0.012706739), (0.0037743447, -0.0011434987, 0.012285678), (0.0046462626, -0.0014660336, 0.011609921), (0.015794056, 0.0019291792, 0.031267874), (0.015242797, 0.0009823919, 0.030895801), (0.016188368, 0.0006628124, 0.030318338), (0.001055796, -0.00007921574, -0.0008068233), (0.0011637179, -0.0004986536, -0.0011014221), (0.0037594654, -0.0019967193, 0.0031536142), (0.007110351, -0.0042822813, 0.006419018), (0.0037163708, -0.0026302713, 0.0023425114), (0.007205456, -0.005047466, 0.0058354978), (0.003821288, -0.0033031392, 0.0017849721), (0.0013081059, -0.0010374098, -0.0014739886), (0.0073479256, -0.0060302755, 0.005078013), (0.013450705, -0.009201019, 0.0077841734), (0.01305113, -0.008042979, 0.0084550055), (0.020454973, -0.009351279, 0.010287272), (0.020102415, -0.008567629, 0.010685687), (0.03137656, -0.0072268588, 0.011994629), (0.039765853, -0.0059912447, 0.012776961), (0.03091188, -0.005760044, 0.01243409), (0.019714931, -0.0077870605, 0.0110092675), (0.039361827, -0.004840222, 0.013153994), (0.04546609, -0.0016518194, 0.018396398), (0.047815964, 0.0006985754, 0.02266954), (0.045831054, -0.0023025065, 0.018240273), (0.048248295, -0.00012569173, 0.022378823), (0.0513221, -0.001644074, 0.023771053), (0.057398573, -0.0077833342, 0.023568355), (0.05120089, -0.000832402, 0.02432613), (0.057359513, -0.006742841, 0.024296828), (0.012753321, -0.0071535604, 0.008962052), (0.00524543, -0.0068032187, 0.0025802338), (0.0052822614, -0.006284394, 0.002346638), (0.003910551, -0.0054774205, 0.008807167), (0.0030471853, -0.0041245697, 0.0152298), (0.0040847794, -0.0045844205, 0.0080093825), (0.0031869055, -0.0031254438, 0.014848167), (0.0041630096, -0.003692401, 0.0075367773), (0.0053240773, -0.0056197043, 0.0020331822), (0.0032158361, -0.0017518245, 0.014147039), (0.0009943965, 0.00010640889, 0.020876432), (0.0012835335, -0.0014570298, 0.02155155), (-0.0017251205, -0.0025423276, 0.027343825), (-0.0014199327, -0.0035198545, 0.027720265), (-0.0050483304, -0.009703409, 0.03481122), (-0.007516692, -0.014695765, 0.040233415), (-0.004597814, -0.011412277, 0.035159796), (-0.0011570714, -0.004469671, 0.027941205), (-0.0070569804, -0.015910883, 0.040537603), (-0.006844006, -0.020258762, 0.050443195), (-0.0059109186, -0.02123676, 0.056975204), (-0.0071157874, -0.019671164, 0.050445788), (-0.0061251437, -0.020577576, 0.05698842), (-0.0075707673, -0.018918868, 0.06009986), (-0.014304002, -0.01615875, 0.061190616), (-0.007370445, -0.019387657, 0.060573526), (-0.013964721, -0.016677106, 0.061919477), (0.0014598803, -0.002649165, 0.021987697), (0.0048948806, -0.0046868906, 0.0013825595), (0.0036504653, -0.0066778925, 0.009281803), (0.003301477, -0.00791828, 0.015423482), (0.0027268361, -0.009698333, 0.014718799), (0.0040950743, -0.0071483194, 0.022884715), (0.0033915811, -0.009331641, 0.023640152), (0.005204979, -0.004272717, 0.0293173), (0.0050107795, -0.000635453, 0.035331745), (0.004384631, -0.0067088804, 0.032743078), (0.004360823, -0.0020209954, 0.042242825), (0.004859151, -0.0009547765, 0.03919375), (0.0016054808, 0.005498804, 0.055000428), (0.0017239157, 0.003334148, 0.05684615), (-0.009205415, 0.0068089035, 0.082546614), (-0.008590479, 0.005720442, 0.083608314), (-0.013259477, 0.0070898356, 0.100176096), (-0.011198755, 0.0061626253, 0.10273261), (-0.012374297, 0.007947742, 0.107783385), (-0.010584458, 0.0071185427, 0.1081616), (-0.008137602, 0.008446955, 0.122410744), (-0.006476092, 0.0074745254, 0.122549616), (-0.009093167, 0.006465337, 0.12989521), (-0.007448891, 0.005461667, 0.13001552), (0.0030553618, -0.009529075, 0.008785362), (0.0037540237, -0.0056140586, 0.00024611613), (0.0054189027, -0.0057067303, -0.0005655817), (0.004628467, -0.005164721, -0.0006364791), (0.005286085, -0.0050430023, 0.003848769), (0.0050794673, -0.005485789, -0.00080838334), (0.0041198167, -0.004115584, 0.0036643466), (0.00430705, -0.0049784984, 0.003879038), (0.0034086008, 0.0018373404, 0.013149986), (0.0023411482, 0.0027064506, 0.012723575), (0.002465864, 0.0018728912, 0.013014554), (-0.0044900477, 0.015693381, 0.017297538), (-0.0052331924, 0.016265512, 0.016461164), (-0.0052926447, 0.01546263, 0.016881732), (-0.009592555, 0.02217213, 0.015469318), (-0.009966, 0.022515731, 0.014730731), (-0.010209188, 0.021727799, 0.015129088), (-0.014987875, 0.028413592, 0.011502847), (-0.0151078915, 0.0284685, 0.011275224), (-0.015029539, 0.028428068, 0.0114029255), (-0.016823212, 0.029852452, 0.010908265), (-0.016824564, 0.029822098, 0.010738133), (-0.016825732, 0.029836657, 0.010831877), (-0.018721696, 0.031031769, 0.0106911985), (-0.018736143, 0.03106441, 0.010516581), (-0.02275682, 0.033492994, 0.011372415), (-0.02012761, 0.0318943, 0.010726786), (-0.020118853, 0.031940933, 0.010565223), (-0.02212472, 0.033177283, 0.010993421), (-0.021358049, 0.032667987, 0.010860823), (-0.021321867, 0.03269045, 0.010756469), (-0.022175917, 0.033157706, 0.011102422), (-0.022688068, 0.03340781, 0.011414427), (-0.02303883, 0.03355684, 0.011723659), (-0.022997685, 0.033504065, 0.011750434), (0.0033183224, -0.0009510983, 0.008359487), (0.0034591774, -0.001793225, 0.008566217), (0.004412301, -0.0018496049, 0.008587807), (-0.0008692879, 0.008649045, 0.016494641), (-0.00077429647, 0.007790407, 0.016911203), (0.00016196589, 0.007885672, 0.017197622), (0.0021042363, -0.0018569542, 0.001030261), (0.0031130025, -0.0029755796, 0.0013472011), (0.0027910494, -0.0010557413, 0.008437451), (0.002528268, -0.0024258257, 0.0008291055), (0.0043168864, -0.0030306529, 0.008871941), (0.004383162, -0.0015284151, 0.008658646), (0.008232016, -0.008968049, 0.02773737), (0.010143, -0.010679161, 0.027993726), (0.01002639, -0.009142922, 0.027783949), (0.020250883, -0.009292795, 0.051305965), (0.022249369, -0.009246771, 0.051736116), (0.021682452, -0.008248731, 0.051252272), (0.022707948, -0.0008087537, 0.064257555), (0.02398274, -0.00024995013, 0.0645691), (0.023417281, 0.00056426966, 0.06400809), (0.023458268, 0.010865844, 0.07713174), (0.023794465, 0.011223872, 0.07716292), (0.023617644, 0.011002466, 0.07712132), (0.022566983, 0.0144882435, 0.08048622), (0.022887617, 0.014625721, 0.080331355), (0.022708222, 0.014554446, 0.08041623), (0.021553688, 0.017754236, 0.08329881), (0.021824425, 0.017922383, 0.08324821), (0.019817894, 0.023023538, 0.08907021), (0.020882534, 0.019854063, 0.08526336), (0.021121921, 0.019975625, 0.085227214), (0.020243095, 0.022486849, 0.08814563), (0.020433335, 0.021526285, 0.087019324), (0.02058348, 0.021560902, 0.08696953), (0.020095496, 0.022467699, 0.08820823), (0.019746622, 0.02289918, 0.088952824), (0.01936414, 0.02313702, 0.08948461), (0.019275881, 0.02309831, 0.08941308), (0.002467331, -0.0030019945, 0.001008934), (0.0030188533, -0.0015751699, 0.0013593999), (0.0018834509, -0.003650352, 0.008406475), (0.002787011, -0.0023431815, 0.0008290789), (0.0029956838, -0.0014196262, 0.00890174), (0.0016164324, -0.0020686362, 0.008663055), (0.009628714, 0.0016201917, 0.027783204), (0.010401789, 0.0041397847, 0.02804492), (0.009037305, 0.0032801202, 0.0278311), (0.0068264115, 0.01807015, 0.054745853), (0.0057151914, 0.02009441, 0.055444833), (0.005349939, 0.018838475, 0.054841638), (-0.006262902, 0.020829147, 0.075750306), (-0.007761073, 0.021665422, 0.07651444), (-0.0076705595, 0.020538166, 0.07577871), (-0.017327515, 0.023562996, 0.09626516), (-0.017789284, 0.02374228, 0.09631959), (-0.01752519, 0.023639794, 0.09625861), (-0.01921173, 0.024230292, 0.10059375), (-0.019518778, 0.024346044, 0.100402124), (-0.01935145, 0.024278495, 0.10050891), (-0.02082817, 0.024263604, 0.10438733), (-0.021131275, 0.024428459, 0.10430515), (-0.023110228, 0.023369497, 0.11148596), (-0.021826511, 0.024099942, 0.10697276), (-0.022081014, 0.024278933, 0.10689811), (-0.023110779, 0.023750903, 0.11040867), (-0.0226351, 0.023890965, 0.10912048), (-0.022770071, 0.024018416, 0.10903853), (-0.02298411, 0.023613598, 0.11050408), (-0.022976879, 0.023298174, 0.11137349), (-0.02282546, 0.02301522, 0.1120008), (-0.022742923, 0.02296947, 0.11193256), (0.0031355685, -0.0045845457, -0.0007874396), (0.0032045182, -0.0037282936, -0.00028715687), (0.0029968251, -0.006054339, 0.0035349643), (0.0031889784, -0.004123418, -0.0007600896), (0.003243701, -0.0047054966, 0.0043438138), (0.0025690289, -0.005275745, 0.0040498837), (0.009143089, -0.007941276, 0.016068164), (0.009855831, -0.0069579678, 0.016888002), (0.008963855, -0.007341855, 0.016683264), (0.02408752, -0.012383231, 0.03535159), (0.024850901, -0.011452165, 0.03606705), (0.024006324, -0.012032766, 0.035780456), (0.029405529, -0.013494332, 0.0452495), (0.02993077, -0.012659085, 0.04590295), (0.029151388, -0.013238303, 0.04578295), (0.034926325, -0.014379811, 0.053983845), (0.035064727, -0.014050066, 0.054231778), (0.034981143, -0.014223316, 0.05408066), (0.036104023, -0.015419899, 0.056129012), (0.03616497, -0.0150644, 0.05623446), (0.036129143, -0.015262283, 0.056178793), (0.037162654, -0.016889734, 0.057588432), (0.03727744, -0.016567454, 0.05771332), (0.039736334, -0.020253273, 0.059684314), (0.03801476, -0.01804554, 0.05838742), (0.038134545, -0.01774581, 0.058486495), (0.03944709, -0.019448776, 0.059497543), (0.038857073, -0.018950459, 0.059074108), (0.038921546, -0.018747305, 0.059117265), (0.039387755, -0.019659562, 0.059461467), (0.03961387, -0.020317303, 0.05961022), (0.039707195, -0.02091958, 0.059649754), (0.039630875, -0.020960186, 0.0596043), (0.0056507005, -0.0051775277, 0.010769375), (0.004887253, -0.0056425226, 0.010487687), (0.00517813, -0.006341183, 0.009910034), (0.017471502, -0.010639209, 0.025218869), (0.016479319, -0.011006578, 0.024883332), (0.016580788, -0.011461399, 0.024393225), (0.00083102647, -0.0043456354, -0.00111109), (0.001194213, -0.0047205416, -0.0014154281), (0.0025180588, -0.0022281732, 0.0010209237), (0.0028785095, -0.0025348822, 0.00070449023), (0.006027941, -0.00036895607, 0.0047874223), (0.006249298, -0.0006468452, 0.0043310076), (0.009435255, 0.0010401963, 0.007327676), (0.012936849, 0.0020682898, 0.009232058), (0.00964037, 0.0006845244, 0.0069172876), (0.013148306, 0.0016508981, 0.008810217), (0.00993197, 0.00045291203, 0.0076776836), (0.013211923, 0.0013260331, 0.009405797), (0.0060769673, -0.000719039, 0.004837145), (0.0026800386, -0.002589633, 0.0013078637), (0.0010065038, -0.0047822613, -0.00074824435), (0.018987928, 0.0033080261, 0.011423122), (0.01879996, 0.0036249415, 0.010815702), (0.023926878, 0.0060780016, 0.012288797), (0.023626635, 0.006270477, 0.011731346), (0.026568472, 0.010173928, 0.012707406), (0.026216563, 0.01035056, 0.012227476), (0.026157495, 0.014594956, 0.011981384), (0.025881553, 0.014718853, 0.011558564), (0.025634399, 0.016633548, 0.009578031), (0.024644334, 0.01679921, 0.009844412), (0.02515133, 0.017600667, 0.007895424), (0.024551423, 0.017584188, 0.008394638), (0.024753401, 0.018514806, 0.0064922986), (0.02391336, 0.018418482, 0.0068911025), (0.024610799, 0.019598663, 0.005459844), (0.023615489, 0.020897686, 0.004850039), (0.023071151, 0.019294478, 0.0058316113), (0.021677794, 0.020895503, 0.005313495), (0.0227991, 0.021094335, 0.0049667684), (0.018806158, 0.023552813, 0.0048566055), (0.018110648, 0.022586225, 0.0053525646), (0.0115007805, 0.022225706, 0.00482062), (0.011368319, 0.021608116, 0.005070173), (0.0064907884, 0.019192213, 0.0032187258), (0.0063183145, 0.01796849, 0.0034002676), (0.004444146, 0.016996104, 0.0021056687), (0.0048639276, 0.016495787, 0.0024774983), (0.0013851181, 0.012496652, 0.0013036472), (0.0018747785, 0.012130646, 0.0016713382), (-0.0026269157, 0.009333469, 0.0011761212), (-0.001978478, 0.009238981, 0.0014870913), (0.024445605, 0.016676953, 0.01023786), (0.024475766, 0.019388478, 0.011564659), (0.024228372, 0.019470016, 0.011576313), (0.02519514, 0.014830615, 0.011969609), (0.025561446, 0.010695942, 0.012621741), (0.023120098, 0.0066590416, 0.012190429), (0.018543184, 0.00408604, 0.011318555), (-0.0025151288, 0.0019086364, -0.0027347417), (-0.0017167156, 0.0010834913, -0.0024538818), (-0.000054638524, 0.002327081, 0.017837739), (0.0010882566, 0.0011622742, 0.018195203), (0.0036554958, 0.0018701218, 0.03853871), (0.0045156386, 0.0009811816, 0.038780306), (0.0054334775, 0.002499435, 0.055426043), (0.006193263, 0.0016879593, 0.055465076), (0.007390751, 0.0027375692, 0.070995964), (0.009970156, 0.0027718267, 0.08965769), (0.008990674, 0.00096712244, 0.07066845), (0.007164801, 0.0006503283, 0.055514988), (0.011168705, 0.001445536, 0.08941234), (0.012818371, 0.00092396437, 0.097736984), (0.015572492, -0.0015750654, 0.10081784), (0.011924956, 0.0020313459, 0.09870873), (0.015302532, -0.0010977001, 0.10205984), (0.023358854, -0.009241903, 0.105530985), (0.023469934, -0.009438329, 0.10501993), (0.027537325, -0.013560047, 0.106706284), (0.027279818, -0.013424916, 0.10576368), (0.030848794, -0.017232118, 0.10597743), (0.030947335, -0.017457867, 0.10518193), (0.005615498, -0.0001555049, 0.039089236), (0.0025764387, -0.00035086807, 0.018665928), (-0.000695791, 0.00002838058, -0.002094744), (-0.0025164245, 0.0029988182, -0.0022133072), (-0.0016017574, 0.0030061505, -0.002302453), (-0.0029516446, 0.0039368826, 0.006419632), (-0.0019513612, 0.0038880324, 0.006315348), (-0.0036462632, 0.0052109724, 0.017297799), (-0.002241244, 0.004819574, 0.017130312), (-0.004613516, 0.0058449567, 0.03756863), (-0.0031319594, 0.0053610383, 0.03752188), (-0.007950634, 0.01846241, 0.05821373), (-0.0067328243, 0.018155534, 0.058366917), (-0.008487718, 0.026444398, 0.06557923), (-0.0074293492, 0.026345523, 0.06572811), (-0.008145243, 0.0356274, 0.0733749), (-0.0069263927, 0.035040073, 0.07328355), (-0.0077888044, 0.04074086, 0.07864251), (-0.005962974, 0.039975863, 0.07865695), (-0.0074099004, 0.044256095, 0.082835756), (-0.007009213, 0.044224016, 0.08333622), (-0.007851399, 0.04772084, 0.085864596), (-0.007356529, 0.047718823, 0.08654588), (-0.008660664, 0.051798224, 0.089066945), (-0.008402053, 0.051931873, 0.089577846), (-0.010158986, 0.056573495, 0.09213173), (-0.009570756, 0.055826247, 0.092158705), (-0.006391692, 0.039388455, 0.07907417), (-0.006264321, 0.042346638, 0.082352735), (-0.005916404, 0.042165823, 0.082623444), (-0.005216409, 0.044906363, 0.086433046), (-0.0050538266, 0.044288184, 0.085992336), (-0.0041122804, 0.044621654, 0.08754352), (-0.004038635, 0.04435887, 0.08733897), (-0.0069988966, 0.034801193, 0.07395382), (-0.007225889, 0.025495982, 0.06617217), (-0.0063718474, 0.017066184, 0.058776602), (-0.0028786107, 0.004000706, 0.037564788), (-0.0021335897, 0.0035195102, 0.017041424), (-0.0022127053, 0.0031132784, 0.0062858085), (-0.0018963366, 0.002323537, -0.0023015975), (-0.0054563144, 0.009412365, 0.046764355), (-0.003684575, 0.007644821, 0.047068473), (-0.0040564304, 0.008954438, 0.046823964), (-0.00042724377, 0.00010269872, -0.002649761), (-0.0011936241, -0.00018917293, -0.0028383331), (0.0006969234, -0.0029991674, 0.004441022), (-0.00013306245, -0.003285914, 0.004270921), (0.0029530767, -0.007488171, 0.01338909), (0.0016711917, -0.007616007, 0.013235445), (0.006417244, -0.016736856, 0.03095023), (0.0050038486, -0.016837128, 0.030896742), (0.013495415, -0.034046236, 0.044655453), (0.012382287, -0.034300096, 0.044784114), (0.017003514, -0.042832505, 0.049259584), (0.01612578, -0.043255854, 0.04940643), (0.02136976, -0.049927406, 0.05647326), (0.02014165, -0.050081827, 0.056434438), (0.023783669, -0.053513065, 0.06152629), (0.022005368, -0.053817794, 0.06161108), (0.025358597, -0.055988397, 0.0655276), (0.02505112, -0.056111477, 0.066004544), (0.027501348, -0.05813613, 0.068419926), (0.02714215, -0.05831088, 0.069068156), (0.03023387, -0.060556892, 0.07147753), (0.030117469, -0.060736537, 0.071963474), (0.03383491, -0.06318892, 0.07440287), (0.033015955, -0.062901214, 0.074426316), (0.022058427, -0.05311801, 0.061936293), (0.02352281, -0.055131555, 0.06506488), (0.023175232, -0.055136994, 0.06532276), (0.024109667, -0.057212513, 0.0689573), (0.023666194, -0.056860678, 0.06853681), (0.023157118, -0.057427093, 0.07001802), (0.022964554, -0.057281405, 0.069823906), (0.020101018, -0.04979883, 0.057027504), (0.015597198, -0.042666707, 0.04985144), (0.0117027955, -0.033572413, 0.045393176), (0.0043165293, -0.015851203, 0.031268917), (0.0011408495, -0.0066872374, 0.013548714), (-0.00021005569, -0.0025956412, 0.004522727), (-0.0011903379, 0.00044935854, -0.0025884937), (0.008356467, -0.022967275, 0.03763087), (0.0062410394, -0.02228367, 0.038164485), (0.0070181307, -0.023103608, 0.037662547)]
            texCoord2f[] primvars:UVMap = [(0.48574302, 0.6188381), (0.47809032, 0.65528965), (0.46245086, 0.65368414), (0.47916612, 0.6174343), (0.47809032, 0.65528965), (0.47590724, 0.6795522), (0.46624494, 0.6785603), (0.46245086, 0.65368414), (0.47590724, 0.6795522), (0.48418435, 0.7031869), (0.47407907, 0.7088977), (0.46624494, 0.6785603), (0.48418435, 0.7031869), (0.4990871, 0.719298), (0.48777342, 0.73467547), (0.47407907, 0.7088977), (0.4990871, 0.719298), (0.51398975, 0.7354091), (0.5119581, 0.74632), (0.48777342, 0.73467547), (0.48777342, 0.73467547), (0.5119581, 0.74632), (0.50670403, 0.7580367), (0.5119581, 0.74632), (0.5352804, 0.7783652), (0.5252708, 0.7864082), (0.50670403, 0.7580367), (0.5352804, 0.7783652), (0.55291915, 0.82129556), (0.5475069, 0.8256445), (0.5252708, 0.7864082), (0.55291915, 0.82129556), (0.57665855, 0.8491413), (0.5700871, 0.85740983), (0.5475069, 0.8256445), (0.57665855, 0.8491413), (0.5889784, 0.8655754), (0.5807253, 0.8683649), (0.5700871, 0.85740983), (0.5889784, 0.8655754), (0.6030757, 0.908874), (0.5948226, 0.9116631), (0.5807253, 0.8683649), (0.6030757, 0.908874), (0.6141522, 0.94311005), (0.605899, 0.94589925), (0.5948226, 0.9116631), (0.77280253, 0.033626754), (0.776206, 0.041702222), (0.69309896, 0.04885598), (0.69309896, 0.035517454), (0.776206, 0.041702222), (0.7721218, 0.05181967), (0.69309896, 0.062194385), (0.69309896, 0.04885598), (0.6315873, 0.053809892), (0.63212365, 0.06595403), (0.57114834, 0.06971368), (0.5700757, 0.058763806), (0.6310509, 0.041665696), (0.6315873, 0.053809892), (0.5700757, 0.058763806), (0.5690028, 0.047813933), (0.51021516, 0.06302151), (0.51117396, 0.07280788), (0.45119962, 0.07590207), (0.4503547, 0.06727922), (0.50925636, 0.053235218), (0.51021516, 0.06302151), (0.4503547, 0.06727922), (0.44950992, 0.0586565), (0.4503547, 0.06727922), (0.45119962, 0.07590207), (0.38764328, 0.07948909), (0.3870209, 0.07313557), (0.44950992, 0.0586565), (0.4503547, 0.06727922), (0.3870209, 0.07313557), (0.3863984, 0.06678193), (0.3870209, 0.07313557), (0.38764328, 0.07948909), (0.34292874, 0.07798199), (0.3434246, 0.07465373), (0.3863984, 0.06678193), (0.3870209, 0.07313557), (0.3434246, 0.07465373), (0.3434867, 0.07197633), (0.3434246, 0.07465373), (0.34292874, 0.07798199), (0.33014765, 0.07740688), (0.3306211, 0.07422982), (0.3434867, 0.07197633), (0.3434246, 0.07465373), (0.3306211, 0.07422982), (0.3306804, 0.07167391), (0.3306211, 0.07422982), (0.33014765, 0.07740688), (0.31456885, 0.07704534), (0.3306804, 0.07167391), (0.3306211, 0.07422982), (0.31456885, 0.07704534), (0.31617028, 0.07255713), (0.28848138, 0.05611924), (0.2875152, 0.058085673), (0.28347358, 0.0498303), (0.28528646, 0.049464114), (0.31617028, 0.07255713), (0.31456885, 0.07704534), (0.3035898, 0.0720043), (0.30525455, 0.068616435), (0.29452989, 0.06266824), (0.2935637, 0.064634554), (0.2875152, 0.058085673), (0.28848138, 0.05611924), (0.30525455, 0.068616435), (0.3035898, 0.0720043), (0.2935637, 0.064634554), (0.29452989, 0.06266824), (0.28528646, 0.049464114), (0.28347358, 0.0498303), (0.28230175, 0.042257875), (0.28342006, 0.04203219), (0.69309896, 0.035517454), (0.69309896, 0.04885598), (0.6315873, 0.053809892), (0.6310509, 0.041665696), (0.69309896, 0.04885598), (0.69309896, 0.062194385), (0.63212365, 0.06595403), (0.6315873, 0.053809892), (0.5690028, 0.047813933), (0.5700757, 0.058763806), (0.51021516, 0.06302151), (0.50925636, 0.053235218), (0.5700757, 0.058763806), (0.57114834, 0.06971368), (0.51117396, 0.07280788), (0.51021516, 0.06302151), (0.4677156, 0.23755102), (0.46445534, 0.28164974), (0.46148804, 0.28217906), (0.46442905, 0.23890968), (0.46445534, 0.28164974), (0.4732658, 0.3350017), (0.47126657, 0.33618864), (0.46148804, 0.28217906), (0.4732658, 0.3350017), (0.47876713, 0.37285072), (0.47528088, 0.37376726), (0.47126657, 0.33618864), (0.47876713, 0.37285072), (0.48350674, 0.40545893), (0.47873935, 0.40614283), (0.47528088, 0.37376726), (0.48478156, 0.3747419), (0.48848116, 0.40421724), (0.48350674, 0.40545893), (0.47876713, 0.37285072), (0.4758705, 0.33465344), (0.48478156, 0.3747419), (0.47876713, 0.37285072), (0.4732658, 0.3350017), (0.46777532, 0.28241432), (0.4758705, 0.33465344), (0.4732658, 0.3350017), (0.46445534, 0.28164974), (0.47191802, 0.23904721), (0.46777532, 0.28241432), (0.46445534, 0.28164974), (0.4677156, 0.23755102), (0.48848116, 0.40421724), (0.49365327, 0.45667124), (0.48854765, 0.45794582), (0.48350674, 0.40545893), (0.49365327, 0.45667124), (0.4971877, 0.5121441), (0.49192557, 0.5120955), (0.48854765, 0.45794582), (0.4971877, 0.5121441), (0.49492732, 0.56534255), (0.48888758, 0.5652869), (0.49192557, 0.5120955), (0.49492732, 0.56534255), (0.48574302, 0.6188381), (0.47916612, 0.6174343), (0.48888758, 0.5652869), (0.48574302, 0.6188381), (0.47809032, 0.65528965), (0.46245086, 0.65368414), (0.47916612, 0.6174343), (0.47809032, 0.65528965), (0.47590724, 0.6795522), (0.46624494, 0.6785603), (0.46245086, 0.65368414), (0.47590724, 0.6795522), (0.48418435, 0.7031869), (0.47407907, 0.7088977), (0.46624494, 0.6785603), (0.48418435, 0.7031869), (0.4990871, 0.719298), (0.48777342, 0.73467547), (0.47407907, 0.7088977), (0.4990871, 0.719298), (0.51398975, 0.7354091), (0.5119581, 0.74632), (0.48777342, 0.73467547), (0.48777342, 0.73467547), (0.5119581, 0.74632), (0.50670403, 0.7580367), (0.5119581, 0.74632), (0.5352804, 0.7783652), (0.5252708, 0.7864082), (0.50670403, 0.7580367), (0.5352804, 0.7783652), (0.55291915, 0.82129556), (0.5475069, 0.8256445), (0.5252708, 0.7864082), (0.55291915, 0.82129556), (0.57665855, 0.8491413), (0.5700871, 0.85740983), (0.5475069, 0.8256445), (0.57665855, 0.8491413), (0.5889784, 0.8655754), (0.5807253, 0.8683649), (0.5700871, 0.85740983), (0.5889784, 0.8655754), (0.6030757, 0.908874), (0.5948226, 0.9116631), (0.5807253, 0.8683649), (0.6030757, 0.908874), (0.6141522, 0.94311005), (0.605899, 0.94589925), (0.5948226, 0.9116631), (0.46245086, 0.65368414), (0.45399252, 0.66898984), (0.45019647, 0.66805476), (0.4592588, 0.6479159), (0.47916612, 0.6174343), (0.46245086, 0.65368414), (0.4592588, 0.6479159), (0.47315475, 0.61549217), (0.48888758, 0.5652869), (0.47916612, 0.6174343), (0.47315475, 0.61549217), (0.48324883, 0.564656), (0.49192557, 0.5120955), (0.48888758, 0.5652869), (0.48324883, 0.564656), (0.48701307, 0.511546), (0.48854765, 0.45794582), (0.49192557, 0.5120955), (0.48701307, 0.511546), (0.4836546, 0.4586477), (0.48350674, 0.40545893), (0.48854765, 0.45794582), (0.4836546, 0.4586477), (0.47873935, 0.40614283), (0.77280253, 0.033626754), (0.776206, 0.041702222), (0.69309896, 0.04885598), (0.69309896, 0.035517454), (0.776206, 0.041702222), (0.7721218, 0.05181967), (0.69309896, 0.062194385), (0.69309896, 0.04885598), (0.69309896, 0.04885598), (0.69309896, 0.062194385), (0.57114834, 0.06971368), (0.5700757, 0.058763806), (0.69309896, 0.035517454), (0.69309896, 0.04885598), (0.5700757, 0.058763806), (0.5690028, 0.047813933), (0.5700757, 0.058763806), (0.57114834, 0.06971368), (0.45119962, 0.07590207), (0.4503547, 0.06727922), (0.5690028, 0.047813933), (0.5700757, 0.058763806), (0.4503547, 0.06727922), (0.44950992, 0.0586565), (0.4503547, 0.06727922), (0.45119962, 0.07590207), (0.38764328, 0.07948909), (0.3870209, 0.07313557), (0.44950992, 0.0586565), (0.4503547, 0.06727922), (0.3870209, 0.07313557), (0.3863984, 0.06678193), (0.3870209, 0.07313557), (0.38764328, 0.07948909), (0.34292874, 0.07798199), (0.3434246, 0.07465373), (0.3863984, 0.06678193), (0.3870209, 0.07313557), (0.3434246, 0.07465373), (0.3434867, 0.07197633), (0.3434246, 0.07465373), (0.34292874, 0.07798199), (0.33014765, 0.07740688), (0.3306211, 0.07422982), (0.3434867, 0.07197633), (0.3434246, 0.07465373), (0.3306211, 0.07422982), (0.3306804, 0.07167391), (0.3306211, 0.07422982), (0.33014765, 0.07740688), (0.31456885, 0.07704534), (0.3306804, 0.07167391), (0.3306211, 0.07422982), (0.31456885, 0.07704534), (0.31617028, 0.07255713), (0.28848138, 0.05611924), (0.2875152, 0.058085673), (0.28347358, 0.0498303), (0.28528646, 0.049464114), (0.31617028, 0.07255713), (0.31456885, 0.07704534), (0.3035898, 0.0720043), (0.30525455, 0.068616435), (0.29452989, 0.06266824), (0.2935637, 0.064634554), (0.2875152, 0.058085673), (0.28848138, 0.05611924), (0.30525455, 0.068616435), (0.3035898, 0.0720043), (0.2935637, 0.064634554), (0.29452989, 0.06266824), (0.28528646, 0.049464114), (0.28347358, 0.0498303), (0.28230175, 0.042257875), (0.28342006, 0.04203219), (0.77280253, 0.033626754), (0.776206, 0.041702222), (0.69309896, 0.04885598), (0.69309896, 0.035517454), (0.776206, 0.041702222), (0.7721218, 0.05181967), (0.69309896, 0.062194385), (0.69309896, 0.04885598), (0.69309896, 0.04885598), (0.69309896, 0.062194385), (0.57114834, 0.06971368), (0.5700757, 0.058763806), (0.69309896, 0.035517454), (0.69309896, 0.04885598), (0.5700757, 0.058763806), (0.5690028, 0.047813933), (0.5700757, 0.058763806), (0.57114834, 0.06971368), (0.45119962, 0.07590207), (0.4503547, 0.06727922), (0.5690028, 0.047813933), (0.5700757, 0.058763806), (0.4503547, 0.06727922), (0.44950992, 0.0586565), (0.4503547, 0.06727922), (0.45119962, 0.07590207), (0.38764328, 0.07948909), (0.3870209, 0.07313557), (0.44950992, 0.0586565), (0.4503547, 0.06727922), (0.3870209, 0.07313557), (0.3863984, 0.06678193), (0.3870209, 0.07313557), (0.38764328, 0.07948909), (0.34292874, 0.07798199), (0.3434246, 0.07465373), (0.3863984, 0.06678193), (0.3870209, 0.07313557), (0.3434246, 0.07465373), (0.3434867, 0.07197633), (0.3434246, 0.07465373), (0.34292874, 0.07798199), (0.33014765, 0.07740688), (0.3306211, 0.07422982), (0.3434867, 0.07197633), (0.3434246, 0.07465373), (0.3306211, 0.07422982), (0.3306804, 0.07167391), (0.3306211, 0.07422982), (0.33014765, 0.07740688), (0.31456885, 0.07704534), (0.3306804, 0.07167391), (0.3306211, 0.07422982), (0.31456885, 0.07704534), (0.31617028, 0.07255713), (0.28848138, 0.05611924), (0.2875152, 0.058085673), (0.28347358, 0.0498303), (0.28528646, 0.049464114), (0.31617028, 0.07255713), (0.31456885, 0.07704534), (0.3035898, 0.0720043), (0.30525455, 0.068616435), (0.29452989, 0.06266824), (0.2935637, 0.064634554), (0.2875152, 0.058085673), (0.28848138, 0.05611924), (0.30525455, 0.068616435), (0.3035898, 0.0720043), (0.2935637, 0.064634554), (0.29452989, 0.06266824), (0.28528646, 0.049464114), (0.28347358, 0.0498303), (0.28230175, 0.042257875), (0.28342006, 0.04203219), (0.77280253, 0.033626754), (0.776206, 0.041702222), (0.69309896, 0.04885598), (0.69309896, 0.035517454), (0.776206, 0.041702222), (0.7721218, 0.05181967), (0.69309896, 0.062194385), (0.69309896, 0.04885598), (0.6315873, 0.053809892), (0.63212365, 0.06595403), (0.57114834, 0.06971368), (0.5700757, 0.058763806), (0.6310509, 0.041665696), (0.6315873, 0.053809892), (0.5700757, 0.058763806), (0.5690028, 0.047813933), (0.51021516, 0.06302151), (0.51117396, 0.07280788), (0.45119962, 0.07590207), (0.4503547, 0.06727922), (0.50925636, 0.053235218), (0.51021516, 0.06302151), (0.4503547, 0.06727922), (0.44950992, 0.0586565), (0.4503547, 0.06727922), (0.45119962, 0.07590207), (0.38764328, 0.07948909), (0.3870209, 0.07313557), (0.44950992, 0.0586565), (0.4503547, 0.06727922), (0.3870209, 0.07313557), (0.3863984, 0.06678193), (0.3870209, 0.07313557), (0.38764328, 0.07948909), (0.34292874, 0.07798199), (0.3434246, 0.07465373), (0.3863984, 0.06678193), (0.3870209, 0.07313557), (0.3434246, 0.07465373), (0.3434867, 0.07197633), (0.3434246, 0.07465373), (0.34292874, 0.07798199), (0.33014765, 0.07740688), (0.3306211, 0.07422982), (0.3434867, 0.07197633), (0.3434246, 0.07465373), (0.3306211, 0.07422982), (0.3306804, 0.07167391), (0.3306211, 0.07422982), (0.33014765, 0.07740688), (0.31456885, 0.07704534), (0.3306804, 0.07167391), (0.3306211, 0.07422982), (0.31456885, 0.07704534), (0.31617028, 0.07255713), (0.28848138, 0.05611924), (0.2875152, 0.058085673), (0.28347358, 0.0498303), (0.28528646, 0.049464114), (0.31617028, 0.07255713), (0.31456885, 0.07704534), (0.3035898, 0.0720043), (0.30525455, 0.068616435), (0.29452989, 0.06266824), (0.2935637, 0.064634554), (0.2875152, 0.058085673), (0.28848138, 0.05611924), (0.30525455, 0.068616435), (0.3035898, 0.0720043), (0.2935637, 0.064634554), (0.29452989, 0.06266824), (0.28528646, 0.049464114), (0.28347358, 0.0498303), (0.28230175, 0.042257875), (0.28342006, 0.04203219), (0.69309896, 0.035517454), (0.69309896, 0.04885598), (0.6315873, 0.053809892), (0.6310509, 0.041665696), (0.69309896, 0.04885598), (0.69309896, 0.062194385), (0.63212365, 0.06595403), (0.6315873, 0.053809892), (0.5690028, 0.047813933), (0.5700757, 0.058763806), (0.51021516, 0.06302151), (0.50925636, 0.053235218), (0.5700757, 0.058763806), (0.57114834, 0.06971368), (0.51117396, 0.07280788), (0.51021516, 0.06302151), (0.77280253, 0.033626754), (0.776206, 0.041702222), (0.69309896, 0.04885598), (0.69309896, 0.035517454), (0.776206, 0.041702222), (0.7721218, 0.05181967), (0.69309896, 0.062194385), (0.69309896, 0.04885598), (0.6315873, 0.053809892), (0.63212365, 0.06595403), (0.57114834, 0.06971368), (0.5700757, 0.058763806), (0.6310509, 0.041665696), (0.6315873, 0.053809892), (0.5700757, 0.058763806), (0.5690028, 0.047813933), (0.51021516, 0.06302151), (0.51117396, 0.07280788), (0.45119962, 0.07590207), (0.4503547, 0.06727922), (0.50925636, 0.053235218), (0.51021516, 0.06302151), (0.4503547, 0.06727922), (0.44950992, 0.0586565), (0.4503547, 0.06727922), (0.45119962, 0.07590207), (0.38764328, 0.07948909), (0.3870209, 0.07313557), (0.44950992, 0.0586565), (0.4503547, 0.06727922), (0.3870209, 0.07313557), (0.3863984, 0.06678193), (0.3870209, 0.07313557), (0.38764328, 0.07948909), (0.34292874, 0.07798199), (0.3434246, 0.07465373), (0.3863984, 0.06678193), (0.3870209, 0.07313557), (0.3434246, 0.07465373), (0.3434867, 0.07197633), (0.3434246, 0.07465373), (0.34292874, 0.07798199), (0.33014765, 0.07740688), (0.3306211, 0.07422982), (0.3434867, 0.07197633), (0.3434246, 0.07465373), (0.3306211, 0.07422982), (0.3306804, 0.07167391), (0.3306211, 0.07422982), (0.33014765, 0.07740688), (0.31456885, 0.07704534), (0.3306804, 0.07167391), (0.3306211, 0.07422982), (0.31456885, 0.07704534), (0.31617028, 0.07255713), (0.28848138, 0.05611924), (0.2875152, 0.058085673), (0.28347358, 0.0498303), (0.28528646, 0.049464114), (0.31617028, 0.07255713), (0.31456885, 0.07704534), (0.3035898, 0.0720043), (0.30525455, 0.068616435), (0.29452989, 0.06266824), (0.2935637, 0.064634554), (0.2875152, 0.058085673), (0.28848138, 0.05611924), (0.30525455, 0.068616435), (0.3035898, 0.0720043), (0.2935637, 0.064634554), (0.29452989, 0.06266824), (0.28528646, 0.049464114), (0.28347358, 0.0498303), (0.28230175, 0.042257875), (0.28342006, 0.04203219), (0.69309896, 0.035517454), (0.69309896, 0.04885598), (0.6315873, 0.053809892), (0.6310509, 0.041665696), (0.69309896, 0.04885598), (0.69309896, 0.062194385), (0.63212365, 0.06595403), (0.6315873, 0.053809892), (0.5690028, 0.047813933), (0.5700757, 0.058763806), (0.51021516, 0.06302151), (0.50925636, 0.053235218), (0.5700757, 0.058763806), (0.57114834, 0.06971368), (0.51117396, 0.07280788), (0.51021516, 0.06302151), (0.60578734, 0.19762644), (0.61328566, 0.22670785), (0.60755014, 0.22863415), (0.6025011, 0.19760379), (0.61328566, 0.22670785), (0.62050426, 0.2602647), (0.6145571, 0.2602239), (0.60755014, 0.22863415), (0.6099897, 0.19765526), (0.61876965, 0.22646874), (0.61328566, 0.22670785), (0.60578734, 0.19762644), (0.61876965, 0.22646874), (0.628109, 0.26031694), (0.62050426, 0.2602647), (0.61328566, 0.22670785), (0.628109, 0.26031694), (0.63382673, 0.30046356), (0.62642306, 0.29872608), (0.62050426, 0.2602647), (0.63382673, 0.30046356), (0.6233654, 0.336461), (0.6189522, 0.334815), (0.62642306, 0.29872608), (0.6233654, 0.336461), (0.5958238, 0.38355142), (0.6189522, 0.334815), (0.5958238, 0.38355142), (0.5795241, 0.42262086), (0.57333547, 0.4203972), (0.58766025, 0.3806181), (0.6189522, 0.334815), (0.5958238, 0.38355142), (0.58766025, 0.3806181), (0.61453056, 0.33285636), (0.5795241, 0.42262086), (0.5669271, 0.46707702), (0.56299037, 0.4656625), (0.57333547, 0.4203972), (0.5669271, 0.46707702), (0.55890536, 0.49357226), (0.5544291, 0.49196374), (0.56299037, 0.4656625), (0.55890536, 0.49357226), (0.5552678, 0.51434946), (0.55113584, 0.5147026), (0.5544291, 0.49196374), (0.5552678, 0.51434946), (0.5572633, 0.55213755), (0.5531315, 0.5524907), (0.55113584, 0.5147026), (0.62642306, 0.29872608), (0.6189522, 0.334815), (0.61453056, 0.33285636), (0.6206329, 0.2973675), (0.62050426, 0.2602647), (0.62642306, 0.29872608), (0.6206329, 0.2973675), (0.6145571, 0.2602239), (0.60578734, 0.19762644), (0.61328566, 0.22670785), (0.60755014, 0.22863415), (0.6025011, 0.19760379), (0.61328566, 0.22670785), (0.62050426, 0.2602647), (0.6145571, 0.2602239), (0.60755014, 0.22863415), (0.6099897, 0.19765526), (0.61876965, 0.22646874), (0.61328566, 0.22670785), (0.60578734, 0.19762644), (0.61876965, 0.22646874), (0.628109, 0.26031694), (0.62050426, 0.2602647), (0.61328566, 0.22670785), (0.628109, 0.26031694), (0.63382673, 0.30046356), (0.62642306, 0.29872608), (0.62050426, 0.2602647), (0.63382673, 0.30046356), (0.6233654, 0.336461), (0.6189522, 0.334815), (0.62642306, 0.29872608), (0.6233654, 0.336461), (0.5958238, 0.38355142), (0.6189522, 0.334815), (0.5958238, 0.38355142), (0.5795241, 0.42262086), (0.57333547, 0.4203972), (0.58766025, 0.3806181), (0.6189522, 0.334815), (0.5958238, 0.38355142), (0.58766025, 0.3806181), (0.61453056, 0.33285636), (0.5795241, 0.42262086), (0.5669271, 0.46707702), (0.56299037, 0.4656625), (0.57333547, 0.4203972), (0.5669271, 0.46707702), (0.55890536, 0.49357226), (0.5544291, 0.49196374), (0.56299037, 0.4656625), (0.55890536, 0.49357226), (0.5552678, 0.51434946), (0.55113584, 0.5147026), (0.5544291, 0.49196374), (0.5552678, 0.51434946), (0.5572633, 0.55213755), (0.5531315, 0.5524907), (0.55113584, 0.5147026), (0.62642306, 0.29872608), (0.6189522, 0.334815), (0.61453056, 0.33285636), (0.6206329, 0.2973675), (0.62050426, 0.2602647), (0.62642306, 0.29872608), (0.6206329, 0.2973675), (0.6145571, 0.2602239), (0.48574302, 0.6188381), (0.47809032, 0.65528965), (0.46245086, 0.65368414), (0.47916612, 0.6174343), (0.47809032, 0.65528965), (0.47590724, 0.6795522), (0.46624494, 0.6785603), (0.46245086, 0.65368414), (0.47590724, 0.6795522), (0.48418435, 0.7031869), (0.47407907, 0.7088977), (0.46624494, 0.6785603), (0.48418435, 0.7031869), (0.4990871, 0.719298), (0.48777342, 0.73467547), (0.47407907, 0.7088977), (0.4990871, 0.719298), (0.51398975, 0.7354091), (0.5119581, 0.74632), (0.48777342, 0.73467547), (0.48777342, 0.73467547), (0.5119581, 0.74632), (0.50670403, 0.7580367), (0.5119581, 0.74632), (0.5352804, 0.7783652), (0.5252708, 0.7864082), (0.50670403, 0.7580367), (0.5352804, 0.7783652), (0.55291915, 0.82129556), (0.5475069, 0.8256445), (0.5252708, 0.7864082), (0.55291915, 0.82129556), (0.57665855, 0.8491413), (0.5700871, 0.85740983), (0.5475069, 0.8256445), (0.57665855, 0.8491413), (0.5889784, 0.8655754), (0.5807253, 0.8683649), (0.5700871, 0.85740983), (0.5889784, 0.8655754), (0.6030757, 0.908874), (0.5948226, 0.9116631), (0.5807253, 0.8683649), (0.6030757, 0.908874), (0.6141522, 0.94311005), (0.605899, 0.94589925), (0.5948226, 0.9116631), (0.77280253, 0.033626754), (0.776206, 0.041702222), (0.69309896, 0.04885598), (0.69309896, 0.035517454), (0.776206, 0.041702222), (0.7721218, 0.05181967), (0.69309896, 0.062194385), (0.69309896, 0.04885598), (0.6315873, 0.053809892), (0.63212365, 0.06595403), (0.57114834, 0.06971368), (0.5700757, 0.058763806), (0.6310509, 0.041665696), (0.6315873, 0.053809892), (0.5700757, 0.058763806), (0.5690028, 0.047813933), (0.51021516, 0.06302151), (0.51117396, 0.07280788), (0.45119962, 0.07590207), (0.4503547, 0.06727922), (0.50925636, 0.053235218), (0.51021516, 0.06302151), (0.4503547, 0.06727922), (0.44950992, 0.0586565), (0.4503547, 0.06727922), (0.45119962, 0.07590207), (0.38764328, 0.07948909), (0.3870209, 0.07313557), (0.44950992, 0.0586565), (0.4503547, 0.06727922), (0.3870209, 0.07313557), (0.3863984, 0.06678193), (0.3870209, 0.07313557), (0.38764328, 0.07948909), (0.34292874, 0.07798199), (0.3434246, 0.07465373), (0.3863984, 0.06678193), (0.3870209, 0.07313557), (0.3434246, 0.07465373), (0.3434867, 0.07197633), (0.3434246, 0.07465373), (0.34292874, 0.07798199), (0.33014765, 0.07740688), (0.3306211, 0.07422982), (0.3434867, 0.07197633), (0.3434246, 0.07465373), (0.3306211, 0.07422982), (0.3306804, 0.07167391), (0.3306211, 0.07422982), (0.33014765, 0.07740688), (0.31456885, 0.07704534), (0.3306804, 0.07167391), (0.3306211, 0.07422982), (0.31456885, 0.07704534), (0.31617028, 0.07255713), (0.28848138, 0.05611924), (0.2875152, 0.058085673), (0.28347358, 0.0498303), (0.28528646, 0.049464114), (0.31617028, 0.07255713), (0.31456885, 0.07704534), (0.3035898, 0.0720043), (0.30525455, 0.068616435), (0.29452989, 0.06266824), (0.2935637, 0.064634554), (0.2875152, 0.058085673), (0.28848138, 0.05611924), (0.30525455, 0.068616435), (0.3035898, 0.0720043), (0.2935637, 0.064634554), (0.29452989, 0.06266824), (0.28528646, 0.049464114), (0.28347358, 0.0498303), (0.28230175, 0.042257875), (0.28342006, 0.04203219), (0.69309896, 0.035517454), (0.69309896, 0.04885598), (0.6315873, 0.053809892), (0.6310509, 0.041665696), (0.69309896, 0.04885598), (0.69309896, 0.062194385), (0.63212365, 0.06595403), (0.6315873, 0.053809892), (0.5690028, 0.047813933), (0.5700757, 0.058763806), (0.51021516, 0.06302151), (0.50925636, 0.053235218), (0.5700757, 0.058763806), (0.57114834, 0.06971368), (0.51117396, 0.07280788), (0.51021516, 0.06302151), (0.77280253, 0.033626754), (0.776206, 0.041702222), (0.69309896, 0.04885598), (0.69309896, 0.035517454), (0.776206, 0.041702222), (0.7721218, 0.05181967), (0.69309896, 0.062194385), (0.69309896, 0.04885598), (0.69309896, 0.04885598), (0.69309896, 0.062194385), (0.57114834, 0.06971368), (0.5700757, 0.058763806), (0.69309896, 0.035517454), (0.69309896, 0.04885598), (0.5700757, 0.058763806), (0.5690028, 0.047813933), (0.5700757, 0.058763806), (0.57114834, 0.06971368), (0.45119962, 0.07590207), (0.4503547, 0.06727922), (0.5690028, 0.047813933), (0.5700757, 0.058763806), (0.4503547, 0.06727922), (0.44950992, 0.0586565), (0.4503547, 0.06727922), (0.45119962, 0.07590207), (0.38764328, 0.07948909), (0.3870209, 0.07313557), (0.44950992, 0.0586565), (0.4503547, 0.06727922), (0.3870209, 0.07313557), (0.3863984, 0.06678193), (0.3870209, 0.07313557), (0.38764328, 0.07948909), (0.34292874, 0.07798199), (0.3434246, 0.07465373), (0.3863984, 0.06678193), (0.3870209, 0.07313557), (0.3434246, 0.07465373), (0.3434867, 0.07197633), (0.3434246, 0.07465373), (0.34292874, 0.07798199), (0.33014765, 0.07740688), (0.3306211, 0.07422982), (0.3434867, 0.07197633), (0.3434246, 0.07465373), (0.3306211, 0.07422982), (0.3306804, 0.07167391), (0.3306211, 0.07422982), (0.33014765, 0.07740688), (0.31456885, 0.07704534), (0.3306804, 0.07167391), (0.3306211, 0.07422982), (0.31456885, 0.07704534), (0.31617028, 0.07255713), (0.28848138, 0.05611924), (0.2875152, 0.058085673), (0.28347358, 0.0498303), (0.28528646, 0.049464114), (0.31617028, 0.07255713), (0.31456885, 0.07704534), (0.3035898, 0.0720043), (0.30525455, 0.068616435), (0.29452989, 0.06266824), (0.2935637, 0.064634554), (0.2875152, 0.058085673), (0.28848138, 0.05611924), (0.30525455, 0.068616435), (0.3035898, 0.0720043), (0.2935637, 0.064634554), (0.29452989, 0.06266824), (0.28528646, 0.049464114), (0.28347358, 0.0498303), (0.28230175, 0.042257875), (0.28342006, 0.04203219), (0.77280253, 0.033626754), (0.776206, 0.041702222), (0.69309896, 0.04885598), (0.69309896, 0.035517454), (0.776206, 0.041702222), (0.7721218, 0.05181967), (0.69309896, 0.062194385), (0.69309896, 0.04885598), (0.69309896, 0.04885598), (0.69309896, 0.062194385), (0.57114834, 0.06971368), (0.5700757, 0.058763806), (0.69309896, 0.035517454), (0.69309896, 0.04885598), (0.5700757, 0.058763806), (0.5690028, 0.047813933), (0.5700757, 0.058763806), (0.57114834, 0.06971368), (0.45119962, 0.07590207), (0.4503547, 0.06727922), (0.5690028, 0.047813933), (0.5700757, 0.058763806), (0.4503547, 0.06727922), (0.44950992, 0.0586565), (0.4503547, 0.06727922), (0.45119962, 0.07590207), (0.38764328, 0.07948909), (0.3870209, 0.07313557), (0.44950992, 0.0586565), (0.4503547, 0.06727922), (0.3870209, 0.07313557), (0.3863984, 0.06678193), (0.3870209, 0.07313557), (0.38764328, 0.07948909), (0.34292874, 0.07798199), (0.3434246, 0.07465373), (0.3863984, 0.06678193), (0.3870209, 0.07313557), (0.3434246, 0.07465373), (0.3434867, 0.07197633), (0.3434246, 0.07465373), (0.34292874, 0.07798199), (0.33014765, 0.07740688), (0.3306211, 0.07422982), (0.3434867, 0.07197633), (0.3434246, 0.07465373), (0.3306211, 0.07422982), (0.3306804, 0.07167391), (0.3306211, 0.07422982), (0.33014765, 0.07740688), (0.31456885, 0.07704534), (0.3306804, 0.07167391), (0.3306211, 0.07422982), (0.31456885, 0.07704534), (0.31617028, 0.07255713), (0.28848138, 0.05611924), (0.2875152, 0.058085673), (0.28347358, 0.0498303), (0.28528646, 0.049464114), (0.31617028, 0.07255713), (0.31456885, 0.07704534), (0.3035898, 0.0720043), (0.30525455, 0.068616435), (0.29452989, 0.06266824), (0.2935637, 0.064634554), (0.2875152, 0.058085673), (0.28848138, 0.05611924), (0.30525455, 0.068616435), (0.3035898, 0.0720043), (0.2935637, 0.064634554), (0.29452989, 0.06266824), (0.28528646, 0.049464114), (0.28347358, 0.0498303), (0.28230175, 0.042257875), (0.28342006, 0.04203219), (0.77280253, 0.033626754), (0.776206, 0.041702222), (0.69309896, 0.04885598), (0.69309896, 0.035517454), (0.776206, 0.041702222), (0.7721218, 0.05181967), (0.69309896, 0.062194385), (0.69309896, 0.04885598), (0.6315873, 0.053809892), (0.63212365, 0.06595403), (0.57114834, 0.06971368), (0.5700757, 0.058763806), (0.6310509, 0.041665696), (0.6315873, 0.053809892), (0.5700757, 0.058763806), (0.5690028, 0.047813933), (0.51021516, 0.06302151), (0.51117396, 0.07280788), (0.45119962, 0.07590207), (0.4503547, 0.06727922), (0.50925636, 0.053235218), (0.51021516, 0.06302151), (0.4503547, 0.06727922), (0.44950992, 0.0586565), (0.4503547, 0.06727922), (0.45119962, 0.07590207), (0.38764328, 0.07948909), (0.3870209, 0.07313557), (0.44950992, 0.0586565), (0.4503547, 0.06727922), (0.3870209, 0.07313557), (0.3863984, 0.06678193), (0.3870209, 0.07313557), (0.38764328, 0.07948909), (0.34292874, 0.07798199), (0.3434246, 0.07465373), (0.3863984, 0.06678193), (0.3870209, 0.07313557), (0.3434246, 0.07465373), (0.3434867, 0.07197633), (0.3434246, 0.07465373), (0.34292874, 0.07798199), (0.33014765, 0.07740688), (0.3306211, 0.07422982), (0.3434867, 0.07197633), (0.3434246, 0.07465373), (0.3306211, 0.07422982), (0.3306804, 0.07167391), (0.3306211, 0.07422982), (0.33014765, 0.07740688), (0.31456885, 0.07704534), (0.3306804, 0.07167391), (0.3306211, 0.07422982), (0.31456885, 0.07704534), (0.31617028, 0.07255713), (0.28848138, 0.05611924), (0.2875152, 0.058085673), (0.28347358, 0.0498303), (0.28528646, 0.049464114), (0.31617028, 0.07255713), (0.31456885, 0.07704534), (0.3035898, 0.0720043), (0.30525455, 0.068616435), (0.29452989, 0.06266824), (0.2935637, 0.064634554), (0.2875152, 0.058085673), (0.28848138, 0.05611924), (0.30525455, 0.068616435), (0.3035898, 0.0720043), (0.2935637, 0.064634554), (0.29452989, 0.06266824), (0.28528646, 0.049464114), (0.28347358, 0.0498303), (0.28230175, 0.042257875), (0.28342006, 0.04203219), (0.69309896, 0.035517454), (0.69309896, 0.04885598), (0.6315873, 0.053809892), (0.6310509, 0.041665696), (0.69309896, 0.04885598), (0.69309896, 0.062194385), (0.63212365, 0.06595403), (0.6315873, 0.053809892), (0.5690028, 0.047813933), (0.5700757, 0.058763806), (0.51021516, 0.06302151), (0.50925636, 0.053235218), (0.5700757, 0.058763806), (0.57114834, 0.06971368), (0.51117396, 0.07280788), (0.51021516, 0.06302151), (0.4677156, 0.23755102), (0.46445534, 0.28164974), (0.46148804, 0.28217906), (0.46442905, 0.23890968), (0.46445534, 0.28164974), (0.4732658, 0.3350017), (0.47126657, 0.33618864), (0.46148804, 0.28217906), (0.4732658, 0.3350017), (0.47876713, 0.37285072), (0.47528088, 0.37376726), (0.47126657, 0.33618864), (0.47876713, 0.37285072), (0.48350674, 0.40545893), (0.47873935, 0.40614283), (0.47528088, 0.37376726), (0.48478156, 0.3747419), (0.48848116, 0.40421724), (0.48350674, 0.40545893), (0.47876713, 0.37285072), (0.4758705, 0.33465344), (0.48478156, 0.3747419), (0.47876713, 0.37285072), (0.4732658, 0.3350017), (0.46777532, 0.28241432), (0.4758705, 0.33465344), (0.4732658, 0.3350017), (0.46445534, 0.28164974), (0.47191802, 0.23904721), (0.46777532, 0.28241432), (0.46445534, 0.28164974), (0.4677156, 0.23755102), (0.48848116, 0.40421724), (0.49365327, 0.45667124), (0.48854765, 0.45794582), (0.48350674, 0.40545893), (0.49365327, 0.45667124), (0.4971877, 0.5121441), (0.49192557, 0.5120955), (0.48854765, 0.45794582), (0.4971877, 0.5121441), (0.49492732, 0.56534255), (0.48888758, 0.5652869), (0.49192557, 0.5120955), (0.49492732, 0.56534255), (0.48574302, 0.6188381), (0.47916612, 0.6174343), (0.48888758, 0.5652869), (0.48574302, 0.6188381), (0.47809032, 0.65528965), (0.46245086, 0.65368414), (0.47916612, 0.6174343), (0.47809032, 0.65528965), (0.47590724, 0.6795522), (0.46624494, 0.6785603), (0.46245086, 0.65368414), (0.47590724, 0.6795522), (0.48418435, 0.7031869), (0.47407907, 0.7088977), (0.46624494, 0.6785603), (0.48418435, 0.7031869), (0.4990871, 0.719298), (0.48777342, 0.73467547), (0.47407907, 0.7088977), (0.4990871, 0.719298), (0.51398975, 0.7354091), (0.5119581, 0.74632), (0.48777342, 0.73467547), (0.48777342, 0.73467547), (0.5119581, 0.74632), (0.50670403, 0.7580367), (0.5119581, 0.74632), (0.5352804, 0.7783652), (0.5252708, 0.7864082), (0.50670403, 0.7580367), (0.5352804, 0.7783652), (0.55291915, 0.82129556), (0.5475069, 0.8256445), (0.5252708, 0.7864082), (0.55291915, 0.82129556), (0.57665855, 0.8491413), (0.5700871, 0.85740983), (0.5475069, 0.8256445), (0.57665855, 0.8491413), (0.5889784, 0.8655754), (0.5807253, 0.8683649), (0.5700871, 0.85740983), (0.5889784, 0.8655754), (0.6030757, 0.908874), (0.5948226, 0.9116631), (0.5807253, 0.8683649), (0.6030757, 0.908874), (0.6141522, 0.94311005), (0.605899, 0.94589925), (0.5948226, 0.9116631), (0.46245086, 0.65368414), (0.45399252, 0.66898984), (0.45019647, 0.66805476), (0.4592588, 0.6479159), (0.47916612, 0.6174343), (0.46245086, 0.65368414), (0.4592588, 0.6479159), (0.47315475, 0.61549217), (0.48888758, 0.5652869), (0.47916612, 0.6174343), (0.47315475, 0.61549217), (0.48324883, 0.564656), (0.49192557, 0.5120955), (0.48888758, 0.5652869), (0.48324883, 0.564656), (0.48701307, 0.511546), (0.48854765, 0.45794582), (0.49192557, 0.5120955), (0.48701307, 0.511546), (0.4836546, 0.4586477), (0.48350674, 0.40545893), (0.48854765, 0.45794582), (0.4836546, 0.4586477), (0.47873935, 0.40614283), (0.6809435, 0.10644885), (0.68901867, 0.10890677), (0.6849513, 0.24120161), (0.67522883, 0.23824239), (0.67522883, 0.23824239), (0.6849513, 0.24120161), (0.6835387, 0.37324187), (0.67659223, 0.37112746), (0.67659223, 0.37112746), (0.6835387, 0.37324187), (0.67900234, 0.48361748), (0.6726719, 0.48289254), (0.6726719, 0.48289254), (0.67900234, 0.48361748), (0.6855124, 0.58497614), (0.671725, 0.5861349), (0.671725, 0.5861349), (0.6855124, 0.58497614), (0.6828771, 0.70915484), (0.6725488, 0.71002257), (0.67900234, 0.48361748), (0.687097, 0.48454428), (0.6855124, 0.58497614), (0.6725488, 0.71002257), (0.6828771, 0.70915484), (0.6874312, 0.7647269), (0.6788524, 0.7705436), (0.6788524, 0.7705436), (0.6874312, 0.7647269), (0.70709956, 0.7866168), (0.70344955, 0.7945895), (0.70344955, 0.7945895), (0.70709956, 0.7866168), (0.7684064, 0.8179074), (0.76690453, 0.82118803), (0.76690453, 0.82118803), (0.7684064, 0.8179074), (0.79979783, 0.8258245), (0.8009069, 0.8321606), (0.8009069, 0.8321606), (0.79979783, 0.8258245), (0.83052325, 0.8233266), (0.8288094, 0.8284786), (0.6835387, 0.37324187), (0.692421, 0.3759454), (0.687097, 0.48454428), (0.67900234, 0.48361748), (0.6849513, 0.24120161), (0.6973832, 0.24498555), (0.692421, 0.3759454), (0.6835387, 0.37324187), (0.68901867, 0.10890677), (0.6993444, 0.11204969), (0.6973832, 0.24498555), (0.6849513, 0.24120161), (0.93799156, 0.0050409446), (0.94455355, 0.0049811015), (0.9334576, 0.07830423), (0.92572427, 0.07837483), (0.92572427, 0.07837483), (0.9334576, 0.07830423), (0.9274545, 0.167552), (0.91302764, 0.16768375), (0.91302764, 0.16768375), (0.9274545, 0.167552), (0.92794645, 0.34899816), (0.911609, 0.34914726), (0.90916634, 0.4429016), (0.92743254, 0.442735), (0.927498, 0.5865063), (0.9090872, 0.5866742), (0.9090872, 0.5866742), (0.927498, 0.5865063), (0.9284818, 0.67149115), (0.9131017, 0.67163146), (0.9131017, 0.67163146), (0.9284818, 0.67149115), (0.9435854, 0.75568724), (0.9244006, 0.7619871), (0.93215, 0.8184924), (0.9244006, 0.7619871), (0.9435854, 0.75568724), (0.95221335, 0.8133895), (0.93215, 0.8184924), (0.95221335, 0.8133895), (0.9364933, 0.86483246), (0.9297883, 0.8619778), (0.9297883, 0.8619778), (0.9364933, 0.86483246), (0.9222863, 0.9022872), (0.9136441, 0.898141), (0.9136441, 0.898141), (0.9222863, 0.9022872), (0.8947607, 0.9423824), (0.8903161, 0.9385592), (0.8903161, 0.9385592), (0.8947607, 0.9423824), (0.86688805, 0.97819626), (0.85481375, 0.9818474), (0.95221335, 0.8133895), (0.9583461, 0.814082), (0.95942235, 0.8498684), (0.9532896, 0.84917593), (0.9435854, 0.75568724), (0.9556732, 0.7609266), (0.9583461, 0.814082), (0.95221335, 0.8133895), (0.9532896, 0.84917593), (0.95942235, 0.8498684), (0.9683299, 0.8811617), (0.96429324, 0.88703454), (0.96429324, 0.88703454), (0.9683299, 0.8811617), (0.983398, 0.8895027), (0.982052, 0.8921467), (0.9284818, 0.67149115), (0.9481481, 0.6713118), (0.9556732, 0.7609266), (0.9435854, 0.75568724), (0.927498, 0.5865063), (0.9510392, 0.5862917), (0.9481481, 0.6713118), (0.9284818, 0.67149115), (0.92743254, 0.442735), (0.95078933, 0.4425221), (0.9510392, 0.5862917), (0.927498, 0.5865063), (0.9274545, 0.167552), (0.94590163, 0.16738382), (0.94883716, 0.34880763), (0.92794645, 0.34899816), (0.9334576, 0.07830423), (0.9433465, 0.078214064), (0.94590163, 0.16738382), (0.9274545, 0.167552), (0.94455355, 0.0049811015), (0.95294434, 0.004904629), (0.9433465, 0.078214064), (0.9334576, 0.07830423), (0.92794645, 0.34899816), (0.94883716, 0.34880763), (0.95078933, 0.4425221), (0.92743254, 0.442735), (0.911609, 0.34914726), (0.92794645, 0.34899816), (0.92743254, 0.442735), (0.90916634, 0.4429016), (0.93799156, 0.0050409446), (0.94455355, 0.0049811015), (0.9334576, 0.07830423), (0.92572427, 0.07837483), (0.92572427, 0.07837483), (0.9334576, 0.07830423), (0.9274545, 0.167552), (0.91302764, 0.16768375), (0.91302764, 0.16768375), (0.9274545, 0.167552), (0.92794645, 0.34899816), (0.911609, 0.34914726), (0.90916634, 0.4429016), (0.92743254, 0.442735), (0.927498, 0.5865063), (0.9090872, 0.5866742), (0.9090872, 0.5866742), (0.927498, 0.5865063), (0.9284818, 0.67149115), (0.9131017, 0.67163146), (0.9131017, 0.67163146), (0.9284818, 0.67149115), (0.9435854, 0.75568724), (0.9244006, 0.7619871), (0.93215, 0.8184924), (0.9244006, 0.7619871), (0.9435854, 0.75568724), (0.95221335, 0.8133895), (0.93215, 0.8184924), (0.95221335, 0.8133895), (0.9364933, 0.86483246), (0.9297883, 0.8619778), (0.9297883, 0.8619778), (0.9364933, 0.86483246), (0.9222863, 0.9022872), (0.9136441, 0.898141), (0.9136441, 0.898141), (0.9222863, 0.9022872), (0.8947607, 0.9423824), (0.8903161, 0.9385592), (0.8903161, 0.9385592), (0.8947607, 0.9423824), (0.86688805, 0.97819626), (0.85481375, 0.9818474), (0.95221335, 0.8133895), (0.9583461, 0.814082), (0.95942235, 0.8498684), (0.9532896, 0.84917593), (0.9435854, 0.75568724), (0.9556732, 0.7609266), (0.9583461, 0.814082), (0.95221335, 0.8133895), (0.9532896, 0.84917593), (0.95942235, 0.8498684), (0.9683299, 0.8811617), (0.96429324, 0.88703454), (0.96429324, 0.88703454), (0.9683299, 0.8811617), (0.983398, 0.8895027), (0.982052, 0.8921467), (0.9284818, 0.67149115), (0.9481481, 0.6713118), (0.9556732, 0.7609266), (0.9435854, 0.75568724), (0.927498, 0.5865063), (0.9510392, 0.5862917), (0.9481481, 0.6713118), (0.9284818, 0.67149115), (0.92743254, 0.442735), (0.95078933, 0.4425221), (0.9510392, 0.5862917), (0.927498, 0.5865063), (0.9274545, 0.167552), (0.94590163, 0.16738382), (0.94883716, 0.34880763), (0.92794645, 0.34899816), (0.9334576, 0.07830423), (0.9433465, 0.078214064), (0.94590163, 0.16738382), (0.9274545, 0.167552), (0.94455355, 0.0049811015), (0.95294434, 0.004904629), (0.9433465, 0.078214064), (0.9334576, 0.07830423), (0.92794645, 0.34899816), (0.94883716, 0.34880763), (0.95078933, 0.4425221), (0.92743254, 0.442735), (0.911609, 0.34914726), (0.92794645, 0.34899816), (0.92743254, 0.442735), (0.90916634, 0.4429016)] (
                interpolation = "faceVarying"
            )
            uniform token subdivisionScheme = "none"
            custom string userProperties:blender:data_name = "Plane.001"
        }
    }

    def Scope "_materials"
    {
        def Material "grass_medium_02"
        {
            token outputs:surface.connect = </root/_materials/grass_medium_02/PBRShader.outputs:surface>
            custom string userProperties:blender:data_name = "grass_medium_02"

            def Shader "PBRShader"
            {
                uniform token info:id = "UsdPreviewSurface"
                color3f inputs:diffuseColor.connect = </root/_materials/grass_medium_02/diffuseTex.outputs:rgb>
                float inputs:metallic = 0
                normal3f inputs:normal.connect = </root/_materials/grass_medium_02/normalTex.outputs:rgb>
                float inputs:opacity.connect = </root/_materials/grass_medium_02/opacityTex.outputs:r>
                float inputs:opacityThreshold = 0.35
                float inputs:roughness = 0.8
                float inputs:roughness.connect = </root/_materials/grass_medium_02/roughTex.outputs:r>
                token outputs:surface
            }

            def Shader "stReader"
            {
                uniform token info:id = "UsdPrimvarReader_float2"
                token inputs:varname = "UVMap"
                float2 outputs:result
            }

            def Shader "diffuseTex"
            {
                uniform token info:id = "UsdUVTexture"
                asset inputs:file = @textures/grass_medium_02_diff_4k.jpg@
                token inputs:sourceColorSpace = "sRGB"
                float2 inputs:st.connect = </root/_materials/grass_medium_02/stReader.outputs:result>
                token inputs:wrapS = "repeat"
                token inputs:wrapT = "repeat"
                float3 outputs:rgb
            }

            def Shader "opacityTex"
            {
                uniform token info:id = "UsdUVTexture"
                asset inputs:file = @textures/grass_medium_02_alpha_4k.png@
                token inputs:sourceColorSpace = "raw"
                float2 inputs:st.connect = </root/_materials/grass_medium_02/stReader.outputs:result>
                token inputs:wrapS = "repeat"
                token inputs:wrapT = "repeat"
                float outputs:r
            }

            def Shader "roughTex"
            {
                uniform token info:id = "UsdUVTexture"
                asset inputs:file = @textures/grass_medium_02_rough_4k.exr@
                token inputs:sourceColorSpace = "raw"
                float2 inputs:st.connect = </root/_materials/grass_medium_02/stReader.outputs:result>
                token inputs:wrapS = "repeat"
                token inputs:wrapT = "repeat"
                float outputs:r
            }

            def Shader "normalTex"
            {
                uniform token info:id = "UsdUVTexture"
                float4 inputs:bias = (-1, -1, -1, 0)
                asset inputs:file = @textures/grass_medium_02_nor_gl_4k.exr@
                float4 inputs:scale = (2, 2, 2, 1)
                token inputs:sourceColorSpace = "raw"
                float2 inputs:st.connect = </root/_materials/grass_medium_02/stReader.outputs:result>
                token inputs:wrapS = "repeat"
                token inputs:wrapT = "repeat"
                normal3f outputs:rgb
            }
        }
    }
}

